ISO-10303-21;
HEADER;
FILE_DESCRIPTION(('Open CASCADE Model'),'2;1');
FILE_NAME('Open CASCADE Shape Model','2026-10-03T20:11:45',('Author'),(
    'Open CASCADE'),'Open CASCADE STEP processor 8.0','build123d',
  'Unknown');
FILE_SCHEMA(('AUTOMOTIVE_DESIGN { 1 0 10303 214 1 1 1 1 }'));
ENDSEC;
DATA;
#1 = APPLICATION_PROTOCOL_DEFINITION('international standard',
  'automotive_design',2000,#2);
#2 = APPLICATION_CONTEXT(
  'core data for automotive mechanical design processes');
#3 = SHAPE_DEFINITION_REPRESENTATION(#4,#10);
#4 = PRODUCT_DEFINITION_SHAPE('','',#5);
#5 = PRODUCT_DEFINITION('design','',#6,#9);
#6 = PRODUCT_DEFINITION_FORMATION('','',#7);
#7 = PRODUCT('COMPOUND','COMPOUND','',(#8));
#8 = PRODUCT_CONTEXT('',#2,'mechanical');
#9 = PRODUCT_DEFINITION_CONTEXT('part definition',#2,'design');
#10 = SHAPE_REPRESENTATION('',(#11,#15,#4923,#5201,#5795,#6919,#7179,
    #7472),#9427);
#11 = AXIS2_PLACEMENT_3D('',#12,#13,#14);
#12 = CARTESIAN_POINT('',(0.,0.,0.));
#13 = DIRECTION('',(0.,0.,1.));
#14 = DIRECTION('',(1.,0.,-0.));
#15 = MANIFOLD_SOLID_BREP('',#16);
#16 = CLOSED_SHELL('',(#17,#104,#2229,#2233,#2237,#2498,#2754,#3010,
    #3266,#3522,#3778,#4034,#4290,#4546,#4802,#4915,#4919));
#17 = ADVANCED_FACE('',(#18),#31,.T.);
#18 = FACE_BOUND('',#19,.T.);
#19 = EDGE_LOOP('',(#20,#53,#76,#103));
#20 = ORIENTED_EDGE('',*,*,#21,.F.);
#21 = EDGE_CURVE('',#22,#22,#24,.T.);
#22 = VERTEX_POINT('',#23);
#23 = CARTESIAN_POINT('',(3.003805E+04,-9.319562141511E-15,-4.85E+03));
#24 = SURFACE_CURVE('',#25,(#30,#41),.PCURVE_S1.);
#25 = CIRCLE('',#26,38.05);
#26 = AXIS2_PLACEMENT_3D('',#27,#28,#29);
#27 = CARTESIAN_POINT('',(3.E+04,0.,-4.85E+03));
#28 = DIRECTION('',(0.,0.,1.));
#29 = DIRECTION('',(1.,0.,-0.));
#30 = PCURVE('',#31,#36);
#31 = CONICAL_SURFACE('',#32,1.,0.242153146747);
#32 = AXIS2_PLACEMENT_3D('',#33,#34,#35);
#33 = CARTESIAN_POINT('',(3.E+04,0.,-5.E+03));
#34 = DIRECTION('',(0.,0.,1.));
#35 = DIRECTION('',(1.,0.,-0.));
#36 = DEFINITIONAL_REPRESENTATION('',(#37),#40);
#37 = B_SPLINE_CURVE_WITH_KNOTS('',1,(#38,#39),.UNSPECIFIED.,.F.,.F.,(2,
    2),(0.,6.28318530718),.PIECEWISE_BEZIER_KNOTS.);
#38 = CARTESIAN_POINT('',(0.,150.));
#39 = CARTESIAN_POINT('',(6.28318530718,150.));
#40 = ( GEOMETRIC_REPRESENTATION_CONTEXT(2) 
PARAMETRIC_REPRESENTATION_CONTEXT() REPRESENTATION_CONTEXT('2D SPACE',''
  ) );
#41 = PCURVE('',#42,#47);
#42 = CYLINDRICAL_SURFACE('',#43,38.05);
#43 = AXIS2_PLACEMENT_3D('',#44,#45,#46);
#44 = CARTESIAN_POINT('',(3.E+04,0.,-4.85E+03));
#45 = DIRECTION('',(0.,0.,1.));
#46 = DIRECTION('',(1.,0.,-0.));
#47 = DEFINITIONAL_REPRESENTATION('',(#48),#52);
#48 = LINE('',#49,#50);
#49 = CARTESIAN_POINT('',(0.,0.));
#50 = VECTOR('',#51,1.);
#51 = DIRECTION('',(1.,0.));
#52 = ( GEOMETRIC_REPRESENTATION_CONTEXT(2) 
PARAMETRIC_REPRESENTATION_CONTEXT() REPRESENTATION_CONTEXT('2D SPACE',''
  ) );
#53 = ORIENTED_EDGE('',*,*,#54,.F.);
#54 = EDGE_CURVE('',#55,#22,#57,.T.);
#55 = VERTEX_POINT('',#56);
#56 = CARTESIAN_POINT('',(3.0001E+04,-2.449293598295E-16,-5.E+03));
#57 = SEAM_CURVE('',#58,(#62,#69),.PCURVE_S1.);
#58 = LINE('',#59,#60);
#59 = CARTESIAN_POINT('',(3.0001E+04,-2.449293598295E-16,-5.E+03));
#60 = VECTOR('',#61,1.);
#61 = DIRECTION('',(0.239793507012,-5.873247016383E-17,0.97082391503));
#62 = PCURVE('',#31,#63);
#63 = DEFINITIONAL_REPRESENTATION('',(#64),#68);
#64 = LINE('',#65,#66);
#65 = CARTESIAN_POINT('',(6.28318530718,-0.));
#66 = VECTOR('',#67,1.);
#67 = DIRECTION('',(0.,1.));
#68 = ( GEOMETRIC_REPRESENTATION_CONTEXT(2) 
PARAMETRIC_REPRESENTATION_CONTEXT() REPRESENTATION_CONTEXT('2D SPACE',''
  ) );
#69 = PCURVE('',#31,#70);
#70 = DEFINITIONAL_REPRESENTATION('',(#71),#75);
#71 = LINE('',#72,#73);
#72 = CARTESIAN_POINT('',(0.,-0.));
#73 = VECTOR('',#74,1.);
#74 = DIRECTION('',(0.,1.));
#75 = ( GEOMETRIC_REPRESENTATION_CONTEXT(2) 
PARAMETRIC_REPRESENTATION_CONTEXT() REPRESENTATION_CONTEXT('2D SPACE',''
  ) );
#76 = ORIENTED_EDGE('',*,*,#77,.T.);
#77 = EDGE_CURVE('',#55,#55,#78,.T.);
#78 = SURFACE_CURVE('',#79,(#84,#91),.PCURVE_S1.);
#79 = CIRCLE('',#80,1.);
#80 = AXIS2_PLACEMENT_3D('',#81,#82,#83);
#81 = CARTESIAN_POINT('',(3.E+04,0.,-5.E+03));
#82 = DIRECTION('',(0.,0.,1.));
#83 = DIRECTION('',(1.,0.,-0.));
#84 = PCURVE('',#31,#85);
#85 = DEFINITIONAL_REPRESENTATION('',(#86),#90);
#86 = LINE('',#87,#88);
#87 = CARTESIAN_POINT('',(0.,0.));
#88 = VECTOR('',#89,1.);
#89 = DIRECTION('',(1.,0.));
#90 = ( GEOMETRIC_REPRESENTATION_CONTEXT(2) 
PARAMETRIC_REPRESENTATION_CONTEXT() REPRESENTATION_CONTEXT('2D SPACE',''
  ) );
#91 = PCURVE('',#92,#97);
#92 = PLANE('',#93);
#93 = AXIS2_PLACEMENT_3D('',#94,#95,#96);
#94 = CARTESIAN_POINT('',(3.E+04,0.,-5.E+03));
#95 = DIRECTION('',(0.,0.,1.));
#96 = DIRECTION('',(1.,0.,-0.));
#97 = DEFINITIONAL_REPRESENTATION('',(#98),#102);
#98 = CIRCLE('',#99,1.);
#99 = AXIS2_PLACEMENT_2D('',#100,#101);
#100 = CARTESIAN_POINT('',(0.,0.));
#101 = DIRECTION('',(1.,0.));
#102 = ( GEOMETRIC_REPRESENTATION_CONTEXT(2) 
PARAMETRIC_REPRESENTATION_CONTEXT() REPRESENTATION_CONTEXT('2D SPACE',''
  ) );
#103 = ORIENTED_EDGE('',*,*,#54,.T.);
#104 = ADVANCED_FACE('',(#105,#159,#366,#573,#780,#987,#1194,#1401,#1608
    ,#1815,#2022),#42,.T.);
#105 = FACE_BOUND('',#106,.T.);
#106 = EDGE_LOOP('',(#107,#130,#131,#132));
#107 = ORIENTED_EDGE('',*,*,#108,.F.);
#108 = EDGE_CURVE('',#22,#109,#111,.T.);
#109 = VERTEX_POINT('',#110);
#110 = CARTESIAN_POINT('',(3.003805E+04,-9.319562141511E-15,6.));
#111 = SEAM_CURVE('',#112,(#116,#123),.PCURVE_S1.);
#112 = LINE('',#113,#114);
#113 = CARTESIAN_POINT('',(3.003805E+04,-9.319562141511E-15,-4.85E+03));
#114 = VECTOR('',#115,1.);
#115 = DIRECTION('',(0.,0.,1.));
#116 = PCURVE('',#42,#117);
#117 = DEFINITIONAL_REPRESENTATION('',(#118),#122);
#118 = LINE('',#119,#120);
#119 = CARTESIAN_POINT('',(0.,-0.));
#120 = VECTOR('',#121,1.);
#121 = DIRECTION('',(0.,1.));
#122 = ( GEOMETRIC_REPRESENTATION_CONTEXT(2) 
PARAMETRIC_REPRESENTATION_CONTEXT() REPRESENTATION_CONTEXT('2D SPACE',''
  ) );
#123 = PCURVE('',#42,#124);
#124 = DEFINITIONAL_REPRESENTATION('',(#125),#129);
#125 = LINE('',#126,#127);
#126 = CARTESIAN_POINT('',(6.28318530718,-0.));
#127 = VECTOR('',#128,1.);
#128 = DIRECTION('',(0.,1.));
#129 = ( GEOMETRIC_REPRESENTATION_CONTEXT(2) 
PARAMETRIC_REPRESENTATION_CONTEXT() REPRESENTATION_CONTEXT('2D SPACE',''
  ) );
#130 = ORIENTED_EDGE('',*,*,#21,.T.);
#131 = ORIENTED_EDGE('',*,*,#108,.T.);
#132 = ORIENTED_EDGE('',*,*,#133,.F.);
#133 = EDGE_CURVE('',#109,#109,#134,.T.);
#134 = SURFACE_CURVE('',#135,(#140,#147),.PCURVE_S1.);
#135 = CIRCLE('',#136,38.05);
#136 = AXIS2_PLACEMENT_3D('',#137,#138,#139);
#137 = CARTESIAN_POINT('',(3.E+04,0.,6.));
#138 = DIRECTION('',(0.,0.,1.));
#139 = DIRECTION('',(1.,0.,-0.));
#140 = PCURVE('',#42,#141);
#141 = DEFINITIONAL_REPRESENTATION('',(#142),#146);
#142 = LINE('',#143,#144);
#143 = CARTESIAN_POINT('',(0.,4.856E+03));
#144 = VECTOR('',#145,1.);
#145 = DIRECTION('',(1.,0.));
#146 = ( GEOMETRIC_REPRESENTATION_CONTEXT(2) 
PARAMETRIC_REPRESENTATION_CONTEXT() REPRESENTATION_CONTEXT('2D SPACE',''
  ) );
#147 = PCURVE('',#148,#153);
#148 = PLANE('',#149);
#149 = AXIS2_PLACEMENT_3D('',#150,#151,#152);
#150 = CARTESIAN_POINT('',(3.E+04,0.,6.));
#151 = DIRECTION('',(0.,0.,1.));
#152 = DIRECTION('',(1.,0.,-0.));
#153 = DEFINITIONAL_REPRESENTATION('',(#154),#158);
#154 = CIRCLE('',#155,38.05);
#155 = AXIS2_PLACEMENT_2D('',#156,#157);
#156 = CARTESIAN_POINT('',(0.,0.));
#157 = DIRECTION('',(1.,0.));
#158 = ( GEOMETRIC_REPRESENTATION_CONTEXT(2) 
PARAMETRIC_REPRESENTATION_CONTEXT() REPRESENTATION_CONTEXT('2D SPACE',''
  ) );
#159 = FACE_BOUND('',#160,.T.);
#160 = EDGE_LOOP('',(#161));
#161 = ORIENTED_EDGE('',*,*,#162,.T.);
#162 = EDGE_CURVE('',#163,#163,#165,.T.);
#163 = VERTEX_POINT('',#164);
#164 = CARTESIAN_POINT('',(3.00065E+04,37.490698846514,-1.006E+03));
#165 = SURFACE_CURVE('',#166,(#229,#295),.PCURVE_S1.);
#166 = B_SPLINE_CURVE_WITH_KNOTS('',7,(#167,#168,#169,#170,#171,#172,
    #173,#174,#175,#176,#177,#178,#179,#180,#181,#182,#183,#184,#185,
    #186,#187,#188,#189,#190,#191,#192,#193,#194,#195,#196,#197,#198,
    #199,#200,#201,#202,#203,#204,#205,#206,#207,#208,#209,#210,#211,
    #212,#213,#214,#215,#216,#217,#218,#219,#220,#221,#222,#223,#224,
    #225,#226,#227,#228),.UNSPECIFIED.,.T.,.F.,(8,6,6,6,6,6,6,6,6,6,8),(
    0.,0.132680908245,0.221466644367,0.294879620244,0.399802748267,
    0.500172661128,0.600542575053,0.705465705313,0.795231867588,
    0.867625377506,1.),.UNSPECIFIED.);
#167 = CARTESIAN_POINT('',(3.00065E+04,37.490698846514,-1.006E+03));
#168 = CARTESIAN_POINT('',(3.00065E+04,37.490698846514,
    -1.005332342199E+03));
#169 = CARTESIAN_POINT('',(3.000641999025E+04,37.504570439446,
    -1.004665758776E+03));
#170 = CARTESIAN_POINT('',(3.000626043681E+04,37.532234228259,
    -1.00400531624E+03));
#171 = CARTESIAN_POINT('',(3.000601922915E+04,37.572943621803,
    -1.003356485243E+03));
#172 = CARTESIAN_POINT('',(3.000569239626E+04,37.625214785005,
    -1.002726792846E+03));
#173 = CARTESIAN_POINT('',(3.000527446257E+04,37.686226780603,
    -1.002126850363E+03));
#174 = CARTESIAN_POINT('',(3.000441531501E+04,37.794550032082,
    -1.001203043924E+03));
#175 = CARTESIAN_POINT('',(3.000402464277E+04,37.840082803208,
    -1.000850385902E+03));
#176 = CARTESIAN_POINT('',(3.00035871501E+04,37.886010082245,
    -1.000523698024E+03));
#177 = CARTESIAN_POINT('',(3.000310351874E+04,37.930088777489,
    -1.000231549102E+03));
#178 = CARTESIAN_POINT('',(3.000257567722E+04,37.969645162043,
    -999.9827963191));
#179 = CARTESIAN_POINT('',(3.000200698246E+04,38.001846006182,
    -999.7866963672));
#180 = CARTESIAN_POINT('',(3.000090285806E+04,38.042573866977,
    -999.54269537));
#181 = CARTESIAN_POINT('',(3.000038316294E+04,38.054070647236,
    -999.475995751));
#182 = CARTESIAN_POINT('',(2.999985332992E+04,38.057182466018,
    -999.458609531));
#183 = CARTESIAN_POINT('',(2.999932402423E+04,38.051256259593,
    -999.4924903138));
#184 = CARTESIAN_POINT('',(2.99988059859E+04,38.036790535847,
    -999.5760696451));
#185 = CARTESIAN_POINT('',(2.999830927037E+04,38.015291895619,
    -999.7042730995));
#186 = CARTESIAN_POINT('',(2.999717562389E+04,37.950911583754,
    -1.000103150931E+03));
#187 = CARTESIAN_POINT('',(2.999656943903E+04,37.902779883683,
    -1.000411561075E+03));
#188 = CARTESIAN_POINT('',(2.999602707841E+04,37.849008089362,
    -1.000776728244E+03));
#189 = CARTESIAN_POINT('',(2.999554862122E+04,37.793808848251,
    -1.001185176003E+03));
#190 = CARTESIAN_POINT('',(2.999513261037E+04,37.740369066176,
    -1.001625936041E+03));
#191 = CARTESIAN_POINT('',(2.999477678497E+04,37.690999428112,
    -1.00209005125E+03));
#192 = CARTESIAN_POINT('',(2.999419307797E+04,37.605389911922,
    -1.003029783167E+03));
#193 = CARTESIAN_POINT('',(2.99939590624E+04,37.56848965923,
    -1.003506043377E+03));
#194 = CARTESIAN_POINT('',(2.999377424065E+04,37.537885564853,
    -1.003994129252E+03));
#195 = CARTESIAN_POINT('',(2.999363684899E+04,37.514424753813,
    -1.00449032208E+03));
#196 = CARTESIAN_POINT('',(2.999354564357E+04,37.498612545334,
    -1.004991691896E+03));
#197 = CARTESIAN_POINT('',(2.99935E+04,37.490698846514,
    -1.005495716239E+03));
#198 = CARTESIAN_POINT('',(2.99935E+04,37.490698846514,
    -1.006504283767E+03));
#199 = CARTESIAN_POINT('',(2.999354564357E+04,37.498612544995,
    -1.007008308092E+03));
#200 = CARTESIAN_POINT('',(2.999363684899E+04,37.514424754306,
    -1.007509677927E+03));
#201 = CARTESIAN_POINT('',(2.999377424065E+04,37.537885565016,
    -1.008005870756E+03));
#202 = CARTESIAN_POINT('',(2.999395906239E+04,37.56848965849,
    -1.008493956611E+03));
#203 = CARTESIAN_POINT('',(2.999419307797E+04,37.605389912371,
    -1.008970216838E+03));
#204 = CARTESIAN_POINT('',(2.999477678497E+04,37.690999428112,
    -1.00990994875E+03));
#205 = CARTESIAN_POINT('',(2.999513261037E+04,37.740369066177,
    -1.010374063959E+03));
#206 = CARTESIAN_POINT('',(2.999554862122E+04,37.793808848251,
    -1.010814823997E+03));
#207 = CARTESIAN_POINT('',(2.999602707841E+04,37.849008089362,
    -1.011223271756E+03));
#208 = CARTESIAN_POINT('',(2.999656943903E+04,37.902779883683,
    -1.011588438925E+03));
#209 = CARTESIAN_POINT('',(2.999717562389E+04,37.950911583754,
    -1.011896849069E+03));
#210 = CARTESIAN_POINT('',(2.999841322425E+04,38.021195484932,
    -1.012332303469E+03));
#211 = CARTESIAN_POINT('',(2.999902864038E+04,38.046111757562,
    -1.012479214602E+03));
#212 = CARTESIAN_POINT('',(2.999967287604E+04,38.059842639146,
    -1.012556538363E+03));
#213 = CARTESIAN_POINT('',(3.000032712396E+04,38.059842639146,
    -1.012556538363E+03));
#214 = CARTESIAN_POINT('',(3.000097135962E+04,38.046111757562,
    -1.012479214602E+03));
#215 = CARTESIAN_POINT('',(3.000158677575E+04,38.021195484932,
    -1.012332303469E+03));
#216 = CARTESIAN_POINT('',(3.000261759191E+04,37.962654954906,
    -1.011969606878E+03));
#217 = CARTESIAN_POINT('',(3.000304980944E+04,37.931584081752,
    -1.011772245746E+03));
#218 = CARTESIAN_POINT('',(3.000345254041E+04,37.8970731525,
    -1.011544861821E+03));
#219 = CARTESIAN_POINT('',(3.000382497607E+04,37.860575248887,
    -1.011292332471E+03));
#220 = CARTESIAN_POINT('',(3.000416683585E+04,37.823391432683,
    -1.011019107277E+03));
#221 = CARTESIAN_POINT('',(3.000447825646E+04,37.786614232926,
    -1.010729277694E+03));
#222 = CARTESIAN_POINT('',(3.000527446257E+04,37.686226780602,
    -1.009873149637E+03));
#223 = CARTESIAN_POINT('',(3.000569239626E+04,37.625214785005,
    -1.009273207154E+03));
#224 = CARTESIAN_POINT('',(3.000601922915E+04,37.572943621803,
    -1.008643514757E+03));
#225 = CARTESIAN_POINT('',(3.000626043681E+04,37.532234228259,
    -1.00799468376E+03));
#226 = CARTESIAN_POINT('',(3.000641999025E+04,37.504570439446,
    -1.007334241224E+03));
#227 = CARTESIAN_POINT('',(3.00065E+04,37.490698846514,
    -1.006667657801E+03));
#228 = CARTESIAN_POINT('',(3.00065E+04,37.490698846514,-1.006E+03));
#229 = PCURVE('',#42,#230);
#230 = DEFINITIONAL_REPRESENTATION('',(#231),#294);
#231 = B_SPLINE_CURVE_WITH_KNOTS('',7,(#232,#233,#234,#235,#236,#237,
    #238,#239,#240,#241,#242,#243,#244,#245,#246,#247,#248,#249,#250,
    #251,#252,#253,#254,#255,#256,#257,#258,#259,#260,#261,#262,#263,
    #264,#265,#266,#267,#268,#269,#270,#271,#272,#273,#274,#275,#276,
    #277,#278,#279,#280,#281,#282,#283,#284,#285,#286,#287,#288,#289,
    #290,#291,#292,#293),.UNSPECIFIED.,.T.,.F.,(8,6,6,6,6,6,6,6,6,6,8),(
    0.,0.132680908245,0.221466644367,0.294879620244,0.399802748267,
    0.500172661128,0.600542575053,0.705465705313,0.795231867588,
    0.867625377506,1.),.UNSPECIFIED.);
#232 = CARTESIAN_POINT('',(1.399126510358,3.844E+03));
#233 = CARTESIAN_POINT('',(1.399126510358,3.844667657801E+03));
#234 = CARTESIAN_POINT('',(1.401260630228,3.845334241224E+03));
#235 = CARTESIAN_POINT('',(1.405516459755,3.84599468376E+03));
#236 = CARTESIAN_POINT('',(1.41194524031,3.846643514757E+03));
#237 = CARTESIAN_POINT('',(1.420643310116,3.847273207154E+03));
#238 = CARTESIAN_POINT('',(1.431741419332,3.847873149637E+03));
#239 = CARTESIAN_POINT('',(1.454499617753,3.848796956076E+03));
#240 = CARTESIAN_POINT('',(1.464835985318,3.849149614098E+03));
#241 = CARTESIAN_POINT('',(1.476395788278,3.849476301976E+03));
#242 = CARTESIAN_POINT('',(1.489156417713,3.849768450898E+03));
#243 = CARTESIAN_POINT('',(1.503064237002,3.850017203681E+03));
#244 = CARTESIAN_POINT('',(1.51803124573,3.850213303633E+03));
#245 = CARTESIAN_POINT('',(1.547068704596,3.85045730463E+03));
#246 = CARTESIAN_POINT('',(1.560728776666,3.850524004249E+03));
#247 = CARTESIAN_POINT('',(1.574650683882,3.850541390469E+03));
#248 = CARTESIAN_POINT('',(1.588558727095,3.850507509686E+03));
#249 = CARTESIAN_POINT('',(1.60217608781,3.850423930355E+03));
#250 = CARTESIAN_POINT('',(1.615241406915,3.8502957269E+03));
#251 = CARTESIAN_POINT('',(1.645083012863,3.849896849069E+03));
#252 = CARTESIAN_POINT('',(1.661060373084,3.849588438925E+03));
#253 = CARTESIAN_POINT('',(1.675380325602,3.849223271756E+03));
#254 = CARTESIAN_POINT('',(1.688036072168,3.848814823997E+03));
#255 = CARTESIAN_POINT('',(1.699058209051,3.848374063959E+03));
#256 = CARTESIAN_POINT('',(1.708499033175,3.84790994875E+03));
#257 = CARTESIAN_POINT('',(1.724003673496,3.846970216833E+03));
#258 = CARTESIAN_POINT('',(1.730229517731,3.846493956623E+03));
#259 = CARTESIAN_POINT('',(1.735152857529,3.846005870748E+03));
#260 = CARTESIAN_POINT('',(1.738815939923,3.84550967792E+03));
#261 = CARTESIAN_POINT('',(1.741248675899,3.845008308104E+03));
#262 = CARTESIAN_POINT('',(1.742466143232,3.844504283761E+03));
#263 = CARTESIAN_POINT('',(1.742466143232,3.843495716233E+03));
#264 = CARTESIAN_POINT('',(1.741248675959,3.842991691908E+03));
#265 = CARTESIAN_POINT('',(1.738815939836,3.842490322073E+03));
#266 = CARTESIAN_POINT('',(1.735152857502,3.841994129244E+03));
#267 = CARTESIAN_POINT('',(1.730229517863,3.841506043389E+03));
#268 = CARTESIAN_POINT('',(1.724003673415,3.841029783162E+03));
#269 = CARTESIAN_POINT('',(1.708499033175,3.84009005125E+03));
#270 = CARTESIAN_POINT('',(1.699058209051,3.839625936041E+03));
#271 = CARTESIAN_POINT('',(1.688036072168,3.839185176003E+03));
#272 = CARTESIAN_POINT('',(1.675380325601,3.838776728244E+03));
#273 = CARTESIAN_POINT('',(1.661060373084,3.838411561075E+03));
#274 = CARTESIAN_POINT('',(1.645083012863,3.838103150931E+03));
#275 = CARTESIAN_POINT('',(1.612504971181,3.837667696531E+03));
#276 = CARTESIAN_POINT('',(1.596319981587,3.837520785398E+03));
#277 = CARTESIAN_POINT('',(1.579389926899,3.837443461637E+03));
#278 = CARTESIAN_POINT('',(1.56220272669,3.837443461637E+03));
#279 = CARTESIAN_POINT('',(1.545272672003,3.837520785398E+03));
#280 = CARTESIAN_POINT('',(1.529087682408,3.837667696531E+03));
#281 = CARTESIAN_POINT('',(1.501952936111,3.838030393122E+03));
#282 = CARTESIAN_POINT('',(1.490565713898,3.838227754254E+03));
#283 = CARTESIAN_POINT('',(1.479944144103,3.838455138179E+03));
#284 = CARTESIAN_POINT('',(1.470110319099,3.838707667529E+03));
#285 = CARTESIAN_POINT('',(1.461073470876,3.838980892723E+03));
#286 = CARTESIAN_POINT('',(1.452832344205,3.839270722306E+03));
#287 = CARTESIAN_POINT('',(1.431741419332,3.840126850363E+03));
#288 = CARTESIAN_POINT('',(1.420643310116,3.840726792846E+03));
#289 = CARTESIAN_POINT('',(1.41194524031,3.841356485243E+03));
#290 = CARTESIAN_POINT('',(1.405516459755,3.84200531624E+03));
#291 = CARTESIAN_POINT('',(1.401260630228,3.842665758776E+03));
#292 = CARTESIAN_POINT('',(1.399126510358,3.843332342199E+03));
#293 = CARTESIAN_POINT('',(1.399126510358,3.844E+03));
#294 = ( GEOMETRIC_REPRESENTATION_CONTEXT(2) 
PARAMETRIC_REPRESENTATION_CONTEXT() REPRESENTATION_CONTEXT('2D SPACE',''
  ) );
#295 = PCURVE('',#296,#301);
#296 = CYLINDRICAL_SURFACE('',#297,6.5);
#297 = AXIS2_PLACEMENT_3D('',#298,#299,#300);
#298 = CARTESIAN_POINT('',(3.E+04,39.05,-1.006E+03));
#299 = DIRECTION('',(0.,-1.,2.22044604925E-16));
#300 = DIRECTION('',(1.,0.,0.));
#301 = DEFINITIONAL_REPRESENTATION('',(#302),#365);
#302 = B_SPLINE_CURVE_WITH_KNOTS('',7,(#303,#304,#305,#306,#307,#308,
    #309,#310,#311,#312,#313,#314,#315,#316,#317,#318,#319,#320,#321,
    #322,#323,#324,#325,#326,#327,#328,#329,#330,#331,#332,#333,#334,
    #335,#336,#337,#338,#339,#340,#341,#342,#343,#344,#345,#346,#347,
    #348,#349,#350,#351,#352,#353,#354,#355,#356,#357,#358,#359,#360,
    #361,#362,#363,#364),.UNSPECIFIED.,.F.,.F.,(8,6,6,6,6,6,6,6,6,6,8),(
    0.,0.132680908245,0.221466644367,0.294879620244,0.399802748267,
    0.500172661128,0.600542575053,0.705465705313,0.795231867588,
    0.867625377506,1.),.UNSPECIFIED.);
#303 = CARTESIAN_POINT('',(0.,1.559301153486));
#304 = CARTESIAN_POINT('',(0.102716584804,1.559301153486));
#305 = CARTESIAN_POINT('',(0.20526767344,1.545429560554));
#306 = CARTESIAN_POINT('',(0.308645322795,1.517765771741));
#307 = CARTESIAN_POINT('',(0.413747789716,1.477056378197));
#308 = CARTESIAN_POINT('',(0.521495602118,1.424785214995));
#309 = CARTESIAN_POINT('',(0.632871088576,1.363773219397));
#310 = CARTESIAN_POINT('',(0.826958414703,1.255449967918));
#311 = CARTESIAN_POINT('',(0.907619528533,1.209917196792));
#312 = CARTESIAN_POINT('',(0.991027951344,1.163989917755));
#313 = CARTESIAN_POINT('',(1.077175180594,1.119911222511));
#314 = CARTESIAN_POINT('',(1.166134842056,1.080354837957));
#315 = CARTESIAN_POINT('',(1.258075699502,1.048153993818));
#316 = CARTESIAN_POINT('',(1.432039388722,1.007426133023));
#317 = CARTESIAN_POINT('',(1.512323118167,0.995929352764));
#318 = CARTESIAN_POINT('',(1.593290115243,0.992817533982));
#319 = CARTESIAN_POINT('',(1.674211286616,0.998743740407));
#320 = CARTESIAN_POINT('',(1.754379311682,1.013209464153));
#321 = CARTESIAN_POINT('',(1.833011540839,1.034708104381));
#322 = CARTESIAN_POINT('',(2.017899664709,1.099088416246));
#323 = CARTESIAN_POINT('',(2.121620645577,1.147220116317));
#324 = CARTESIAN_POINT('',(2.221078202877,1.200991910638));
#325 = CARTESIAN_POINT('',(2.316802374678,1.256191151749));
#326 = CARTESIAN_POINT('',(2.40925012018,1.309630933824));
#327 = CARTESIAN_POINT('',(2.498788163075,1.359000571888));
#328 = CARTESIAN_POINT('',(2.668981922049,1.444610088078));
#329 = CARTESIAN_POINT('',(2.750219844905,1.48151034077));
#330 = CARTESIAN_POINT('',(2.82994898841,1.512114435147));
#331 = CARTESIAN_POINT('',(2.908572710454,1.535575246187));
#332 = CARTESIAN_POINT('',(2.986467956028,1.551387454666));
#333 = CARTESIAN_POINT('',(3.064010536446,1.559301153486));
#334 = CARTESIAN_POINT('',(3.219174771556,1.559301153486));
#335 = CARTESIAN_POINT('',(3.29671734917,1.551387455005));
#336 = CARTESIAN_POINT('',(3.374612597963,1.535575245694));
#337 = CARTESIAN_POINT('',(3.453236319954,1.512114434984));
#338 = CARTESIAN_POINT('',(3.53296546023,1.481510341509));
#339 = CARTESIAN_POINT('',(3.614203386023,1.444610087629));
#340 = CARTESIAN_POINT('',(3.784397144104,1.359000571888));
#341 = CARTESIAN_POINT('',(3.873935186999,1.309630933823));
#342 = CARTESIAN_POINT('',(3.966382932501,1.256191151749));
#343 = CARTESIAN_POINT('',(4.062107104302,1.200991910638));
#344 = CARTESIAN_POINT('',(4.161564661602,1.147220116317));
#345 = CARTESIAN_POINT('',(4.265285642471,1.099088416246));
#346 = CARTESIAN_POINT('',(4.467127762377,1.028804515068));
#347 = CARTESIAN_POINT('',(4.563941693943,1.003888242438));
#348 = CARTESIAN_POINT('',(4.662700830052,0.990157360854));
#349 = CARTESIAN_POINT('',(4.762077130718,0.990157360854));
#350 = CARTESIAN_POINT('',(4.860836266825,1.003888242438));
#351 = CARTESIAN_POINT('',(4.957650198393,1.028804515068));
#352 = CARTESIAN_POINT('',(5.125767569268,1.087345045094));
#353 = CARTESIAN_POINT('',(5.198571040836,1.118415918248));
#354 = CARTESIAN_POINT('',(5.269318158945,1.1529268475));
#355 = CARTESIAN_POINT('',(5.338148905698,1.189424751113));
#356 = CARTESIAN_POINT('',(5.405166364084,1.226608567317));
#357 = CARTESIAN_POINT('',(5.470445797631,1.263385767074));
#358 = CARTESIAN_POINT('',(5.650314218603,1.363773219398));
#359 = CARTESIAN_POINT('',(5.761689705061,1.424785214995));
#360 = CARTESIAN_POINT('',(5.869437517463,1.477056378197));
#361 = CARTESIAN_POINT('',(5.974539984386,1.517765771741));
#362 = CARTESIAN_POINT('',(6.077917633739,1.545429560554));
#363 = CARTESIAN_POINT('',(6.180468722376,1.559301153486));
#364 = CARTESIAN_POINT('',(6.28318530718,1.559301153486));
#365 = ( GEOMETRIC_REPRESENTATION_CONTEXT(2) 
PARAMETRIC_REPRESENTATION_CONTEXT() REPRESENTATION_CONTEXT('2D SPACE',''
  ) );
#366 = FACE_BOUND('',#367,.T.);
#367 = EDGE_LOOP('',(#368));
#368 = ORIENTED_EDGE('',*,*,#369,.T.);
#369 = EDGE_CURVE('',#370,#370,#372,.T.);
#370 = VERTEX_POINT('',#371);
#371 = CARTESIAN_POINT('',(3.00065E+04,37.490698846514,-806.));
#372 = SURFACE_CURVE('',#373,(#436,#502),.PCURVE_S1.);
#373 = B_SPLINE_CURVE_WITH_KNOTS('',7,(#374,#375,#376,#377,#378,#379,
    #380,#381,#382,#383,#384,#385,#386,#387,#388,#389,#390,#391,#392,
    #393,#394,#395,#396,#397,#398,#399,#400,#401,#402,#403,#404,#405,
    #406,#407,#408,#409,#410,#411,#412,#413,#414,#415,#416,#417,#418,
    #419,#420,#421,#422,#423,#424,#425,#426,#427,#428,#429,#430,#431,
    #432,#433,#434,#435),.UNSPECIFIED.,.T.,.F.,(8,6,6,6,6,6,6,6,6,6,8),(
    0.,0.132680910912,0.221466647148,0.294879622493,0.399802749755,
    0.500172661889,0.600542575086,0.705465704528,0.795231866563,
    0.867625376472,1.),.UNSPECIFIED.);
#374 = CARTESIAN_POINT('',(3.00065E+04,37.490698846514,-806.));
#375 = CARTESIAN_POINT('',(3.00065E+04,37.490698846514,-805.3323421918)
  );
#376 = CARTESIAN_POINT('',(3.000641999025E+04,37.504570438771,
    -804.6657588025));
#377 = CARTESIAN_POINT('',(3.00062604368E+04,37.532234230429,
    -804.0053161929));
#378 = CARTESIAN_POINT('',(3.000601922917E+04,37.572943618783,
    -803.3564852888));
#379 = CARTESIAN_POINT('',(3.000569239624E+04,37.625214787151,
    -802.7267928217));
#380 = CARTESIAN_POINT('',(3.000527446258E+04,37.686226779915,
    -802.126850369));
#381 = CARTESIAN_POINT('',(3.000441531502E+04,37.794550031725,
    -801.2030439274));
#382 = CARTESIAN_POINT('',(3.000402464276E+04,37.840082803965,
    -800.8503858963));
#383 = CARTESIAN_POINT('',(3.000358715011E+04,37.886010081883,
    -800.5236980261));
#384 = CARTESIAN_POINT('',(3.000310351874E+04,37.930088777006,
    -800.2315491053));
#385 = CARTESIAN_POINT('',(3.000257567721E+04,37.969645162654,
    -799.9827963148));
#386 = CARTESIAN_POINT('',(3.000200698246E+04,38.001846005992,
    -799.7866963683));
#387 = CARTESIAN_POINT('',(3.000090285806E+04,38.042573866977,
    -799.54269537));
#388 = CARTESIAN_POINT('',(3.000038316294E+04,38.054070647236,
    -799.475995751));
#389 = CARTESIAN_POINT('',(2.999985332992E+04,38.057182466018,
    -799.458609531));
#390 = CARTESIAN_POINT('',(2.999932402423E+04,38.051256259593,
    -799.4924903138));
#391 = CARTESIAN_POINT('',(2.99988059859E+04,38.036790535847,
    -799.5760696451));
#392 = CARTESIAN_POINT('',(2.999830927037E+04,38.015291895619,
    -799.7042730995));
#393 = CARTESIAN_POINT('',(2.999717562389E+04,37.950911583754,
    -800.1031509312));
#394 = CARTESIAN_POINT('',(2.999656943903E+04,37.902779883683,
    -800.4115610752));
#395 = CARTESIAN_POINT('',(2.999602707841E+04,37.849008089362,
    -800.7767282443));
#396 = CARTESIAN_POINT('',(2.999554862122E+04,37.793808848251,
    -801.1851760027));
#397 = CARTESIAN_POINT('',(2.999513261037E+04,37.740369066176,
    -801.6259360411));
#398 = CARTESIAN_POINT('',(2.999477678497E+04,37.690999428112,
    -802.0900512503));
#399 = CARTESIAN_POINT('',(2.999419307797E+04,37.605389911922,
    -803.0297831668));
#400 = CARTESIAN_POINT('',(2.99939590624E+04,37.56848965923,
    -803.5060433765));
#401 = CARTESIAN_POINT('',(2.999377424065E+04,37.537885564853,
    -803.9941292516));
#402 = CARTESIAN_POINT('',(2.999363684899E+04,37.514424753813,
    -804.4903220797));
#403 = CARTESIAN_POINT('',(2.999354564357E+04,37.498612545334,
    -804.9916918956));
#404 = CARTESIAN_POINT('',(2.99935E+04,37.490698846514,-805.4957162385)
  );
#405 = CARTESIAN_POINT('',(2.99935E+04,37.490698846514,-806.5042837667)
  );
#406 = CARTESIAN_POINT('',(2.999354564357E+04,37.498612544995,
    -807.008308092));
#407 = CARTESIAN_POINT('',(2.999363684899E+04,37.514424754306,
    -807.5096779274));
#408 = CARTESIAN_POINT('',(2.999377424065E+04,37.537885565016,
    -808.0058707558));
#409 = CARTESIAN_POINT('',(2.999395906239E+04,37.568489658491,
    -808.4939566114));
#410 = CARTESIAN_POINT('',(2.999419307797E+04,37.605389912371,
    -808.970216838));
#411 = CARTESIAN_POINT('',(2.999477678497E+04,37.690999428088,
    -809.9099487494));
#412 = CARTESIAN_POINT('',(2.999513261037E+04,37.740369066172,
    -810.3740639589));
#413 = CARTESIAN_POINT('',(2.999554862122E+04,37.793808848278,
    -810.8148239975));
#414 = CARTESIAN_POINT('',(2.999602707841E+04,37.849008089382,
    -811.2232717557));
#415 = CARTESIAN_POINT('',(2.999656943903E+04,37.902779883669,
    -811.5884389246));
#416 = CARTESIAN_POINT('',(2.999717562389E+04,37.950911583737,
    -811.8968490686));
#417 = CARTESIAN_POINT('',(2.999841322425E+04,38.021195485113,
    -812.3323034703));
#418 = CARTESIAN_POINT('',(2.999902864037E+04,38.046111757173,
    -812.4792145992));
#419 = CARTESIAN_POINT('',(2.999967287607E+04,38.059842639371,
    -812.5565383639));
#420 = CARTESIAN_POINT('',(3.000032712393E+04,38.059842639371,
    -812.5565383639));
#421 = CARTESIAN_POINT('',(3.000097135963E+04,38.046111757173,
    -812.4792145992));
#422 = CARTESIAN_POINT('',(3.000158677575E+04,38.021195485113,
    -812.3323034703));
#423 = CARTESIAN_POINT('',(3.000261759192E+04,37.962654954694,
    -811.9696068762));
#424 = CARTESIAN_POINT('',(3.000304980943E+04,37.93158408232,
    -811.7722457499));
#425 = CARTESIAN_POINT('',(3.000345254041E+04,37.89707315211,
    -811.544861818));
#426 = CARTESIAN_POINT('',(3.000382497607E+04,37.860575248548,
    -811.2923324685));
#427 = CARTESIAN_POINT('',(3.000416683584E+04,37.823391433311,
    -811.0191072822));
#428 = CARTESIAN_POINT('',(3.000447825647E+04,37.786614232645,
    -810.7292776915));
#429 = CARTESIAN_POINT('',(3.000527446257E+04,37.686226780603,
    -809.8731496368));
#430 = CARTESIAN_POINT('',(3.000569239626E+04,37.625214785005,
    -809.2732071539));
#431 = CARTESIAN_POINT('',(3.000601922915E+04,37.572943621803,
    -808.6435147566));
#432 = CARTESIAN_POINT('',(3.000626043681E+04,37.532234228259,
    -807.9946837602));
#433 = CARTESIAN_POINT('',(3.000641999025E+04,37.504570439446,
    -807.3342412239));
#434 = CARTESIAN_POINT('',(3.00065E+04,37.490698846514,-806.6676578012)
  );
#435 = CARTESIAN_POINT('',(3.00065E+04,37.490698846514,-806.));
#436 = PCURVE('',#42,#437);
#437 = DEFINITIONAL_REPRESENTATION('',(#438),#501);
#438 = B_SPLINE_CURVE_WITH_KNOTS('',7,(#439,#440,#441,#442,#443,#444,
    #445,#446,#447,#448,#449,#450,#451,#452,#453,#454,#455,#456,#457,
    #458,#459,#460,#461,#462,#463,#464,#465,#466,#467,#468,#469,#470,
    #471,#472,#473,#474,#475,#476,#477,#478,#479,#480,#481,#482,#483,
    #484,#485,#486,#487,#488,#489,#490,#491,#492,#493,#494,#495,#496,
    #497,#498,#499,#500),.UNSPECIFIED.,.T.,.F.,(8,6,6,6,6,6,6,6,6,6,8),(
    0.,0.132680910912,0.221466647148,0.294879622493,0.399802749755,
    0.500172661889,0.600542575086,0.705465704528,0.795231866563,
    0.867625376472,1.),.UNSPECIFIED.);
#439 = CARTESIAN_POINT('',(1.399126510358,4.044E+03));
#440 = CARTESIAN_POINT('',(1.399126510358,4.044667657808E+03));
#441 = CARTESIAN_POINT('',(1.401260630097,4.045334241197E+03));
#442 = CARTESIAN_POINT('',(1.405516460183,4.045994683807E+03));
#443 = CARTESIAN_POINT('',(1.411945239706,4.046643514711E+03));
#444 = CARTESIAN_POINT('',(1.420643310555,4.047273207178E+03));
#445 = CARTESIAN_POINT('',(1.431741419187,4.047873149631E+03));
#446 = CARTESIAN_POINT('',(1.454499617678,4.048796956073E+03));
#447 = CARTESIAN_POINT('',(1.464835985544,4.049149614104E+03));
#448 = CARTESIAN_POINT('',(1.476395788102,4.049476301974E+03));
#449 = CARTESIAN_POINT('',(1.489156417581,4.049768450895E+03));
#450 = CARTESIAN_POINT('',(1.503064237283,4.050017203685E+03));
#451 = CARTESIAN_POINT('',(1.518031245594,4.050213303632E+03));
#452 = CARTESIAN_POINT('',(1.547068704596,4.05045730463E+03));
#453 = CARTESIAN_POINT('',(1.560728776666,4.050524004249E+03));
#454 = CARTESIAN_POINT('',(1.574650683882,4.050541390469E+03));
#455 = CARTESIAN_POINT('',(1.588558727095,4.050507509686E+03));
#456 = CARTESIAN_POINT('',(1.60217608781,4.050423930355E+03));
#457 = CARTESIAN_POINT('',(1.615241406915,4.0502957269E+03));
#458 = CARTESIAN_POINT('',(1.645083012863,4.049896849069E+03));
#459 = CARTESIAN_POINT('',(1.661060373084,4.049588438925E+03));
#460 = CARTESIAN_POINT('',(1.675380325602,4.049223271756E+03));
#461 = CARTESIAN_POINT('',(1.688036072168,4.048814823997E+03));
#462 = CARTESIAN_POINT('',(1.699058209051,4.048374063959E+03));
#463 = CARTESIAN_POINT('',(1.708499033175,4.04790994875E+03));
#464 = CARTESIAN_POINT('',(1.724003673496,4.046970216833E+03));
#465 = CARTESIAN_POINT('',(1.730229517731,4.046493956623E+03));
#466 = CARTESIAN_POINT('',(1.735152857529,4.046005870748E+03));
#467 = CARTESIAN_POINT('',(1.738815939923,4.04550967792E+03));
#468 = CARTESIAN_POINT('',(1.741248675899,4.045008308104E+03));
#469 = CARTESIAN_POINT('',(1.742466143232,4.044504283761E+03));
#470 = CARTESIAN_POINT('',(1.742466143232,4.043495716233E+03));
#471 = CARTESIAN_POINT('',(1.741248675959,4.042991691908E+03));
#472 = CARTESIAN_POINT('',(1.738815939836,4.042490322073E+03));
#473 = CARTESIAN_POINT('',(1.735152857502,4.041994129244E+03));
#474 = CARTESIAN_POINT('',(1.730229517863,4.041506043389E+03));
#475 = CARTESIAN_POINT('',(1.724003673415,4.041029783162E+03));
#476 = CARTESIAN_POINT('',(1.708499033179,4.040090051251E+03));
#477 = CARTESIAN_POINT('',(1.699058209052,4.039625936041E+03));
#478 = CARTESIAN_POINT('',(1.688036072163,4.039185176002E+03));
#479 = CARTESIAN_POINT('',(1.675380325596,4.038776728244E+03));
#480 = CARTESIAN_POINT('',(1.661060373085,4.038411561075E+03));
#481 = CARTESIAN_POINT('',(1.645083012871,4.038103150931E+03));
#482 = CARTESIAN_POINT('',(1.612504971098,4.03766769653E+03));
#483 = CARTESIAN_POINT('',(1.596319981931,4.037520785401E+03));
#484 = CARTESIAN_POINT('',(1.579389926264,4.037443461636E+03));
#485 = CARTESIAN_POINT('',(1.562202727325,4.037443461636E+03));
#486 = CARTESIAN_POINT('',(1.545272671658,4.037520785401E+03));
#487 = CARTESIAN_POINT('',(1.529087682492,4.03766769653E+03));
#488 = CARTESIAN_POINT('',(1.501952936013,4.038030393124E+03));
#489 = CARTESIAN_POINT('',(1.490565714102,4.03822775425E+03));
#490 = CARTESIAN_POINT('',(1.479944144005,4.038455138182E+03));
#491 = CARTESIAN_POINT('',(1.470110318972,4.038707667531E+03));
#492 = CARTESIAN_POINT('',(1.461073471045,4.038980892718E+03));
#493 = CARTESIAN_POINT('',(1.452832344146,4.039270722308E+03));
#494 = CARTESIAN_POINT('',(1.431741419332,4.040126850363E+03));
#495 = CARTESIAN_POINT('',(1.420643310116,4.040726792846E+03));
#496 = CARTESIAN_POINT('',(1.41194524031,4.041356485243E+03));
#497 = CARTESIAN_POINT('',(1.405516459755,4.04200531624E+03));
#498 = CARTESIAN_POINT('',(1.401260630228,4.042665758776E+03));
#499 = CARTESIAN_POINT('',(1.399126510358,4.043332342199E+03));
#500 = CARTESIAN_POINT('',(1.399126510358,4.044E+03));
#501 = ( GEOMETRIC_REPRESENTATION_CONTEXT(2) 
PARAMETRIC_REPRESENTATION_CONTEXT() REPRESENTATION_CONTEXT('2D SPACE',''
  ) );
#502 = PCURVE('',#503,#508);
#503 = CYLINDRICAL_SURFACE('',#504,6.5);
#504 = AXIS2_PLACEMENT_3D('',#505,#506,#507);
#505 = CARTESIAN_POINT('',(3.E+04,39.05,-806.));
#506 = DIRECTION('',(0.,-1.,2.22044604925E-16));
#507 = DIRECTION('',(1.,0.,0.));
#508 = DEFINITIONAL_REPRESENTATION('',(#509),#572);
#509 = B_SPLINE_CURVE_WITH_KNOTS('',7,(#510,#511,#512,#513,#514,#515,
    #516,#517,#518,#519,#520,#521,#522,#523,#524,#525,#526,#527,#528,
    #529,#530,#531,#532,#533,#534,#535,#536,#537,#538,#539,#540,#541,
    #542,#543,#544,#545,#546,#547,#548,#549,#550,#551,#552,#553,#554,
    #555,#556,#557,#558,#559,#560,#561,#562,#563,#564,#565,#566,#567,
    #568,#569,#570,#571),.UNSPECIFIED.,.F.,.F.,(8,6,6,6,6,6,6,6,6,6,8),(
    0.,0.132680910912,0.221466647148,0.294879622493,0.399802749755,
    0.500172661889,0.600542575086,0.705465704528,0.795231866563,
    0.867625376472,1.),.UNSPECIFIED.);
#510 = CARTESIAN_POINT('',(0.,1.559301153486));
#511 = CARTESIAN_POINT('',(0.102716585867,1.559301153486));
#512 = CARTESIAN_POINT('',(0.205267669112,1.545429561229));
#513 = CARTESIAN_POINT('',(0.308645330838,1.517765769571));
#514 = CARTESIAN_POINT('',(0.413747781461,1.477056381217));
#515 = CARTESIAN_POINT('',(0.52149560681,1.424785212849));
#516 = CARTESIAN_POINT('',(0.632871087344,1.363773220085));
#517 = CARTESIAN_POINT('',(0.826958414063,1.255449968275));
#518 = CARTESIAN_POINT('',(0.907619530192,1.209917196035));
#519 = CARTESIAN_POINT('',(0.991027950227,1.163989918117));
#520 = CARTESIAN_POINT('',(1.077175179606,1.119911222994));
#521 = CARTESIAN_POINT('',(1.166134843872,1.080354837346));
#522 = CARTESIAN_POINT('',(1.258075698689,1.048153994008));
#523 = CARTESIAN_POINT('',(1.432039388722,1.007426133023));
#524 = CARTESIAN_POINT('',(1.512323118167,0.995929352764));
#525 = CARTESIAN_POINT('',(1.593290115243,0.992817533982));
#526 = CARTESIAN_POINT('',(1.674211286616,0.998743740407));
#527 = CARTESIAN_POINT('',(1.754379311682,1.013209464153));
#528 = CARTESIAN_POINT('',(1.833011540839,1.034708104381));
#529 = CARTESIAN_POINT('',(2.017899664709,1.099088416246));
#530 = CARTESIAN_POINT('',(2.121620645577,1.147220116317));
#531 = CARTESIAN_POINT('',(2.221078202877,1.200991910638));
#532 = CARTESIAN_POINT('',(2.316802374678,1.256191151749));
#533 = CARTESIAN_POINT('',(2.40925012018,1.309630933824));
#534 = CARTESIAN_POINT('',(2.498788163075,1.359000571888));
#535 = CARTESIAN_POINT('',(2.668981922049,1.444610088078));
#536 = CARTESIAN_POINT('',(2.750219844905,1.48151034077));
#537 = CARTESIAN_POINT('',(2.82994898841,1.512114435147));
#538 = CARTESIAN_POINT('',(2.908572710454,1.535575246187));
#539 = CARTESIAN_POINT('',(2.986467956028,1.551387454666));
#540 = CARTESIAN_POINT('',(3.064010536446,1.559301153486));
#541 = CARTESIAN_POINT('',(3.219174771556,1.559301153486));
#542 = CARTESIAN_POINT('',(3.29671734917,1.551387455005));
#543 = CARTESIAN_POINT('',(3.374612597962,1.535575245694));
#544 = CARTESIAN_POINT('',(3.453236319954,1.512114434984));
#545 = CARTESIAN_POINT('',(3.53296546023,1.481510341509));
#546 = CARTESIAN_POINT('',(3.614203386023,1.444610087629));
#547 = CARTESIAN_POINT('',(3.784397144056,1.359000571912));
#548 = CARTESIAN_POINT('',(3.873935186999,1.309630933828));
#549 = CARTESIAN_POINT('',(3.966382932542,1.256191151722));
#550 = CARTESIAN_POINT('',(4.062107104337,1.200991910618));
#551 = CARTESIAN_POINT('',(4.161564661594,1.147220116331));
#552 = CARTESIAN_POINT('',(4.265285642423,1.099088416263));
#553 = CARTESIAN_POINT('',(4.467127762895,1.028804514887));
#554 = CARTESIAN_POINT('',(4.56394169183,1.003888242827));
#555 = CARTESIAN_POINT('',(4.662700833929,0.990157360629));
#556 = CARTESIAN_POINT('',(4.76207712684,0.990157360629));
#557 = CARTESIAN_POINT('',(4.860836268939,1.003888242827));
#558 = CARTESIAN_POINT('',(4.957650197874,1.028804514887));
#559 = CARTESIAN_POINT('',(5.125767569877,1.087345045306));
#560 = CARTESIAN_POINT('',(5.198571039471,1.11841591768));
#561 = CARTESIAN_POINT('',(5.2693181597,1.15292684789));
#562 = CARTESIAN_POINT('',(5.338148906531,1.189424751452));
#563 = CARTESIAN_POINT('',(5.405166362814,1.226608566689));
#564 = CARTESIAN_POINT('',(5.470445798136,1.263385767355));
#565 = CARTESIAN_POINT('',(5.650314218603,1.363773219397));
#566 = CARTESIAN_POINT('',(5.761689705062,1.424785214995));
#567 = CARTESIAN_POINT('',(5.869437517463,1.477056378197));
#568 = CARTESIAN_POINT('',(5.974539984384,1.517765771741));
#569 = CARTESIAN_POINT('',(6.07791763374,1.545429560554));
#570 = CARTESIAN_POINT('',(6.180468722376,1.559301153486));
#571 = CARTESIAN_POINT('',(6.28318530718,1.559301153486));
#572 = ( GEOMETRIC_REPRESENTATION_CONTEXT(2) 
PARAMETRIC_REPRESENTATION_CONTEXT() REPRESENTATION_CONTEXT('2D SPACE',''
  ) );
#573 = FACE_BOUND('',#574,.T.);
#574 = EDGE_LOOP('',(#575));
#575 = ORIENTED_EDGE('',*,*,#576,.F.);
#576 = EDGE_CURVE('',#577,#577,#579,.T.);
#577 = VERTEX_POINT('',#578);
#578 = CARTESIAN_POINT('',(3.00065E+04,-37.49069884651,-1.006E+03));
#579 = SURFACE_CURVE('',#580,(#643,#709),.PCURVE_S1.);
#580 = B_SPLINE_CURVE_WITH_KNOTS('',7,(#581,#582,#583,#584,#585,#586,
    #587,#588,#589,#590,#591,#592,#593,#594,#595,#596,#597,#598,#599,
    #600,#601,#602,#603,#604,#605,#606,#607,#608,#609,#610,#611,#612,
    #613,#614,#615,#616,#617,#618,#619,#620,#621,#622,#623,#624,#625,
    #626,#627,#628,#629,#630,#631,#632,#633,#634,#635,#636,#637,#638,
    #639,#640,#641,#642),.UNSPECIFIED.,.T.,.F.,(8,6,6,6,6,6,6,6,6,6,8),(
    0.,0.132680915933,0.221466654799,0.294879631691,0.399802761166,
    0.50017267434,0.60054258645,0.705465713623,0.795231873713,
    0.867625381465,1.),.UNSPECIFIED.);
#581 = CARTESIAN_POINT('',(3.00065E+04,-37.49069884651,-1.006E+03));
#582 = CARTESIAN_POINT('',(3.00065E+04,-37.49069884651,
    -1.005332342192E+03));
#583 = CARTESIAN_POINT('',(3.000641999025E+04,-37.50457043877,
    -1.004665758803E+03));
#584 = CARTESIAN_POINT('',(3.00062604368E+04,-37.53223423042,
    -1.004005316193E+03));
#585 = CARTESIAN_POINT('',(3.000601922917E+04,-37.57294361878,
    -1.003356485289E+03));
#586 = CARTESIAN_POINT('',(3.000569239624E+04,-37.62521478715,
    -1.002726792822E+03));
#587 = CARTESIAN_POINT('',(3.000527446258E+04,-37.68622677991,
    -1.002126850369E+03));
#588 = CARTESIAN_POINT('',(3.000441531502E+04,-37.79455003136,
    -1.00120304393E+03));
#589 = CARTESIAN_POINT('',(3.000402464275E+04,-37.84008280472,
    -1.00085038589E+03));
#590 = CARTESIAN_POINT('',(3.000358715011E+04,-37.88601008152,
    -1.000523698029E+03));
#591 = CARTESIAN_POINT('',(3.000310351875E+04,-37.93008877652,
    -1.000231549109E+03));
#592 = CARTESIAN_POINT('',(3.00025756772E+04,-37.96964516326,
    -999.9827963106));
#593 = CARTESIAN_POINT('',(3.000200698247E+04,-38.0018460058,
    -999.7866963695));
#594 = CARTESIAN_POINT('',(3.000090285806E+04,-38.04257386697,
    -999.54269537));
#595 = CARTESIAN_POINT('',(3.000038316294E+04,-38.05407064723,
    -999.475995751));
#596 = CARTESIAN_POINT('',(2.999985332992E+04,-38.05718246601,
    -999.458609531));
#597 = CARTESIAN_POINT('',(2.999932402423E+04,-38.05125625959,
    -999.4924903138));
#598 = CARTESIAN_POINT('',(2.99988059859E+04,-38.03679053584,
    -999.5760696451));
#599 = CARTESIAN_POINT('',(2.999830927037E+04,-38.01529189561,
    -999.7042730995));
#600 = CARTESIAN_POINT('',(2.999717562389E+04,-37.95091158375,
    -1.000103150931E+03));
#601 = CARTESIAN_POINT('',(2.999656943903E+04,-37.90277988368,
    -1.000411561075E+03));
#602 = CARTESIAN_POINT('',(2.999602707841E+04,-37.84900808936,
    -1.000776728244E+03));
#603 = CARTESIAN_POINT('',(2.999554862122E+04,-37.79380884825,
    -1.001185176003E+03));
#604 = CARTESIAN_POINT('',(2.999513261037E+04,-37.74036906617,
    -1.001625936041E+03));
#605 = CARTESIAN_POINT('',(2.999477678497E+04,-37.69099942811,
    -1.00209005125E+03));
#606 = CARTESIAN_POINT('',(2.999419307797E+04,-37.60538991237,
    -1.003029783162E+03));
#607 = CARTESIAN_POINT('',(2.999395906239E+04,-37.56848965849,
    -1.003506043389E+03));
#608 = CARTESIAN_POINT('',(2.999377424065E+04,-37.53788556501,
    -1.003994129244E+03));
#609 = CARTESIAN_POINT('',(2.999363684899E+04,-37.5144247543,
    -1.004490322073E+03));
#610 = CARTESIAN_POINT('',(2.999354564357E+04,-37.49861254499,
    -1.004991691908E+03));
#611 = CARTESIAN_POINT('',(2.99935E+04,-37.49069884651,
    -1.005495716233E+03));
#612 = CARTESIAN_POINT('',(2.99935E+04,-37.49069884651,
    -1.006504283761E+03));
#613 = CARTESIAN_POINT('',(2.999354564357E+04,-37.49861254533,
    -1.007008308104E+03));
#614 = CARTESIAN_POINT('',(2.999363684899E+04,-37.51442475381,
    -1.00750967792E+03));
#615 = CARTESIAN_POINT('',(2.999377424065E+04,-37.53788556485,
    -1.008005870748E+03));
#616 = CARTESIAN_POINT('',(2.99939590624E+04,-37.56848965923,
    -1.008493956623E+03));
#617 = CARTESIAN_POINT('',(2.999419307797E+04,-37.60538991192,
    -1.008970216833E+03));
#618 = CARTESIAN_POINT('',(2.999477678497E+04,-37.69099942808,
    -1.009909948749E+03));
#619 = CARTESIAN_POINT('',(2.999513261037E+04,-37.74036906617,
    -1.010374063959E+03));
#620 = CARTESIAN_POINT('',(2.999554862122E+04,-37.79380884828,
    -1.010814823998E+03));
#621 = CARTESIAN_POINT('',(2.999602707841E+04,-37.84900808938,
    -1.011223271756E+03));
#622 = CARTESIAN_POINT('',(2.999656943903E+04,-37.90277988366,
    -1.011588438925E+03));
#623 = CARTESIAN_POINT('',(2.999717562389E+04,-37.95091158373,
    -1.011896849069E+03));
#624 = CARTESIAN_POINT('',(2.999841322425E+04,-38.02119548511,
    -1.01233230347E+03));
#625 = CARTESIAN_POINT('',(2.999902864037E+04,-38.04611175717,
    -1.012479214599E+03));
#626 = CARTESIAN_POINT('',(2.999967287607E+04,-38.05984263937,
    -1.012556538364E+03));
#627 = CARTESIAN_POINT('',(3.000032712393E+04,-38.05984263937,
    -1.012556538364E+03));
#628 = CARTESIAN_POINT('',(3.000097135963E+04,-38.04611175717,
    -1.012479214599E+03));
#629 = CARTESIAN_POINT('',(3.000158677575E+04,-38.02119548511,
    -1.01233230347E+03));
#630 = CARTESIAN_POINT('',(3.000261759191E+04,-37.9626549549,
    -1.011969606878E+03));
#631 = CARTESIAN_POINT('',(3.000304980944E+04,-37.93158408175,
    -1.011772245746E+03));
#632 = CARTESIAN_POINT('',(3.000345254041E+04,-37.8970731525,
    -1.011544861821E+03));
#633 = CARTESIAN_POINT('',(3.000382497607E+04,-37.86057524888,
    -1.011292332471E+03));
#634 = CARTESIAN_POINT('',(3.000416683585E+04,-37.82339143268,
    -1.011019107277E+03));
#635 = CARTESIAN_POINT('',(3.000447825646E+04,-37.78661423292,
    -1.010729277694E+03));
#636 = CARTESIAN_POINT('',(3.000527446257E+04,-37.6862267806,
    -1.009873149637E+03));
#637 = CARTESIAN_POINT('',(3.000569239626E+04,-37.625214785,
    -1.009273207154E+03));
#638 = CARTESIAN_POINT('',(3.000601922915E+04,-37.5729436218,
    -1.008643514757E+03));
#639 = CARTESIAN_POINT('',(3.000626043681E+04,-37.53223422825,
    -1.00799468376E+03));
#640 = CARTESIAN_POINT('',(3.000641999025E+04,-37.50457043944,
    -1.007334241224E+03));
#641 = CARTESIAN_POINT('',(3.00065E+04,-37.49069884651,
    -1.006667657801E+03));
#642 = CARTESIAN_POINT('',(3.00065E+04,-37.49069884651,-1.006E+03));
#643 = PCURVE('',#42,#644);
#644 = DEFINITIONAL_REPRESENTATION('',(#645),#708);
#645 = B_SPLINE_CURVE_WITH_KNOTS('',7,(#646,#647,#648,#649,#650,#651,
    #652,#653,#654,#655,#656,#657,#658,#659,#660,#661,#662,#663,#664,
    #665,#666,#667,#668,#669,#670,#671,#672,#673,#674,#675,#676,#677,
    #678,#679,#680,#681,#682,#683,#684,#685,#686,#687,#688,#689,#690,
    #691,#692,#693,#694,#695,#696,#697,#698,#699,#700,#701,#702,#703,
    #704,#705,#706,#707),.UNSPECIFIED.,.T.,.F.,(8,6,6,6,6,6,6,6,6,6,8),(
    0.,0.132680915933,0.221466654799,0.294879631691,0.399802761166,
    0.50017267434,0.60054258645,0.705465713623,0.795231873713,
    0.867625381465,1.),.UNSPECIFIED.);
#646 = CARTESIAN_POINT('',(4.884058796822,3.844E+03));
#647 = CARTESIAN_POINT('',(4.884058796822,3.844667657808E+03));
#648 = CARTESIAN_POINT('',(4.881924677083,3.845334241197E+03));
#649 = CARTESIAN_POINT('',(4.877668846997,3.845994683807E+03));
#650 = CARTESIAN_POINT('',(4.871240067474,3.846643514711E+03));
#651 = CARTESIAN_POINT('',(4.862541996625,3.847273207178E+03));
#652 = CARTESIAN_POINT('',(4.851443887992,3.847873149631E+03));
#653 = CARTESIAN_POINT('',(4.828685689576,3.84879695607E+03));
#654 = CARTESIAN_POINT('',(4.818349321409,3.84914961411E+03));
#655 = CARTESIAN_POINT('',(4.806789519254,3.849476301971E+03));
#656 = CARTESIAN_POINT('',(4.79402888973,3.849768450891E+03));
#657 = CARTESIAN_POINT('',(4.780121069616,3.850017203689E+03));
#658 = CARTESIAN_POINT('',(4.765154061721,3.85021330363E+03));
#659 = CARTESIAN_POINT('',(4.736116602583,3.85045730463E+03));
#660 = CARTESIAN_POINT('',(4.722456530513,3.850524004249E+03));
#661 = CARTESIAN_POINT('',(4.708534623298,3.850541390469E+03));
#662 = CARTESIAN_POINT('',(4.694626580085,3.850507509686E+03));
#663 = CARTESIAN_POINT('',(4.681009219369,3.850423930355E+03));
#664 = CARTESIAN_POINT('',(4.667943900264,3.8502957269E+03));
#665 = CARTESIAN_POINT('',(4.638102294317,3.849896849069E+03));
#666 = CARTESIAN_POINT('',(4.622124934095,3.849588438925E+03));
#667 = CARTESIAN_POINT('',(4.607804981578,3.849223271756E+03));
#668 = CARTESIAN_POINT('',(4.595149235011,3.848814823997E+03));
#669 = CARTESIAN_POINT('',(4.584127098129,3.848374063959E+03));
#670 = CARTESIAN_POINT('',(4.574686274005,3.84790994875E+03));
#671 = CARTESIAN_POINT('',(4.559181633765,3.846970216838E+03));
#672 = CARTESIAN_POINT('',(4.552955789317,3.846493956611E+03));
#673 = CARTESIAN_POINT('',(4.548032449678,3.846005870756E+03));
#674 = CARTESIAN_POINT('',(4.544369367344,3.845509677927E+03));
#675 = CARTESIAN_POINT('',(4.541936631221,3.845008308092E+03));
#676 = CARTESIAN_POINT('',(4.540719163948,3.844504283767E+03));
#677 = CARTESIAN_POINT('',(4.540719163948,3.843495716239E+03));
#678 = CARTESIAN_POINT('',(4.541936631281,3.842991691896E+03));
#679 = CARTESIAN_POINT('',(4.544369367257,3.84249032208E+03));
#680 = CARTESIAN_POINT('',(4.54803244965,3.841994129252E+03));
#681 = CARTESIAN_POINT('',(4.552955789448,3.841506043377E+03));
#682 = CARTESIAN_POINT('',(4.559181633683,3.841029783167E+03));
#683 = CARTESIAN_POINT('',(4.574686274,3.840090051251E+03));
#684 = CARTESIAN_POINT('',(4.584127098127,3.839625936041E+03));
#685 = CARTESIAN_POINT('',(4.595149235017,3.839185176002E+03));
#686 = CARTESIAN_POINT('',(4.607804981584,3.838776728244E+03));
#687 = CARTESIAN_POINT('',(4.622124934095,3.838411561075E+03));
#688 = CARTESIAN_POINT('',(4.638102294308,3.838103150931E+03));
#689 = CARTESIAN_POINT('',(4.670680336082,3.83766769653E+03));
#690 = CARTESIAN_POINT('',(4.686865325248,3.837520785401E+03));
#691 = CARTESIAN_POINT('',(4.703795380915,3.837443461636E+03));
#692 = CARTESIAN_POINT('',(4.720982579854,3.837443461636E+03));
#693 = CARTESIAN_POINT('',(4.737912635521,3.837520785401E+03));
#694 = CARTESIAN_POINT('',(4.754097624687,3.83766769653E+03));
#695 = CARTESIAN_POINT('',(4.781232371068,3.838030393122E+03));
#696 = CARTESIAN_POINT('',(4.792619593282,3.838227754254E+03));
#697 = CARTESIAN_POINT('',(4.803241163076,3.838455138179E+03));
#698 = CARTESIAN_POINT('',(4.813074988081,3.838707667529E+03));
#699 = CARTESIAN_POINT('',(4.822111836304,3.838980892723E+03));
#700 = CARTESIAN_POINT('',(4.830352962974,3.839270722306E+03));
#701 = CARTESIAN_POINT('',(4.851443887848,3.840126850363E+03));
#702 = CARTESIAN_POINT('',(4.862541997064,3.840726792846E+03));
#703 = CARTESIAN_POINT('',(4.871240066869,3.841356485243E+03));
#704 = CARTESIAN_POINT('',(4.877668847424,3.84200531624E+03));
#705 = CARTESIAN_POINT('',(4.881924676952,3.842665758776E+03));
#706 = CARTESIAN_POINT('',(4.884058796822,3.843332342199E+03));
#707 = CARTESIAN_POINT('',(4.884058796822,3.844E+03));
#708 = ( GEOMETRIC_REPRESENTATION_CONTEXT(2) 
PARAMETRIC_REPRESENTATION_CONTEXT() REPRESENTATION_CONTEXT('2D SPACE',''
  ) );
#709 = PCURVE('',#710,#715);
#710 = CYLINDRICAL_SURFACE('',#711,6.5);
#711 = AXIS2_PLACEMENT_3D('',#712,#713,#714);
#712 = CARTESIAN_POINT('',(3.E+04,39.05,-1.006E+03));
#713 = DIRECTION('',(0.,-1.,2.22044604925E-16));
#714 = DIRECTION('',(1.,0.,0.));
#715 = DEFINITIONAL_REPRESENTATION('',(#716),#779);
#716 = B_SPLINE_CURVE_WITH_KNOTS('',7,(#717,#718,#719,#720,#721,#722,
    #723,#724,#725,#726,#727,#728,#729,#730,#731,#732,#733,#734,#735,
    #736,#737,#738,#739,#740,#741,#742,#743,#744,#745,#746,#747,#748,
    #749,#750,#751,#752,#753,#754,#755,#756,#757,#758,#759,#760,#761,
    #762,#763,#764,#765,#766,#767,#768,#769,#770,#771,#772,#773,#774,
    #775,#776,#777,#778),.UNSPECIFIED.,.F.,.F.,(8,6,6,6,6,6,6,6,6,6,8),(
    0.,0.132680915933,0.221466654799,0.294879631691,0.399802761166,
    0.50017267434,0.60054258645,0.705465713623,0.795231873713,
    0.867625381465,1.),.UNSPECIFIED.);
#717 = CARTESIAN_POINT('',(0.,76.540698846514));
#718 = CARTESIAN_POINT('',(0.102716585867,76.540698846514));
#719 = CARTESIAN_POINT('',(0.205267669112,76.554570438771));
#720 = CARTESIAN_POINT('',(0.308645330839,76.582234230429));
#721 = CARTESIAN_POINT('',(0.413747781461,76.622943618782));
#722 = CARTESIAN_POINT('',(0.52149560681,76.675214787151));
#723 = CARTESIAN_POINT('',(0.632871087344,76.736226779915));
#724 = CARTESIAN_POINT('',(0.826958413423,76.844550031368));
#725 = CARTESIAN_POINT('',(0.907619531851,76.890082804723));
#726 = CARTESIAN_POINT('',(0.99102794911,76.93601008152));
#727 = CARTESIAN_POINT('',(1.077175178618,76.980088776522));
#728 = CARTESIAN_POINT('',(1.166134845688,77.019645163265));
#729 = CARTESIAN_POINT('',(1.258075697877,77.051846005802));
#730 = CARTESIAN_POINT('',(1.432039388722,77.092573866977));
#731 = CARTESIAN_POINT('',(1.512323118166,77.104070647236));
#732 = CARTESIAN_POINT('',(1.593290115243,77.107182466018));
#733 = CARTESIAN_POINT('',(1.674211286616,77.101256259593));
#734 = CARTESIAN_POINT('',(1.754379311682,77.086790535847));
#735 = CARTESIAN_POINT('',(1.833011540839,77.065291895619));
#736 = CARTESIAN_POINT('',(2.017899664709,77.000911583754));
#737 = CARTESIAN_POINT('',(2.121620645578,76.952779883682));
#738 = CARTESIAN_POINT('',(2.221078202877,76.899008089362));
#739 = CARTESIAN_POINT('',(2.316802374678,76.843808848251));
#740 = CARTESIAN_POINT('',(2.40925012018,76.790369066177));
#741 = CARTESIAN_POINT('',(2.498788163076,76.740999428112));
#742 = CARTESIAN_POINT('',(2.668981921157,76.655389912371));
#743 = CARTESIAN_POINT('',(2.750219846949,76.618489658491));
#744 = CARTESIAN_POINT('',(2.829948987225,76.587885565016));
#745 = CARTESIAN_POINT('',(2.908572709217,76.564424754306));
#746 = CARTESIAN_POINT('',(2.98646795801,76.548612544995));
#747 = CARTESIAN_POINT('',(3.064010535623,76.540698846514));
#748 = CARTESIAN_POINT('',(3.219174770734,76.540698846514));
#749 = CARTESIAN_POINT('',(3.296717351151,76.548612545334));
#750 = CARTESIAN_POINT('',(3.374612596726,76.564424753813));
#751 = CARTESIAN_POINT('',(3.45323631877,76.587885564853));
#752 = CARTESIAN_POINT('',(3.532965462275,76.61848965923));
#753 = CARTESIAN_POINT('',(3.61420338513,76.655389911922));
#754 = CARTESIAN_POINT('',(3.784397144051,76.740999428085));
#755 = CARTESIAN_POINT('',(3.873935186999,76.790369066171));
#756 = CARTESIAN_POINT('',(3.966382932547,76.843808848281));
#757 = CARTESIAN_POINT('',(4.06210710434,76.899008089384));
#758 = CARTESIAN_POINT('',(4.161564661593,76.952779883668));
#759 = CARTESIAN_POINT('',(4.265285642418,77.000911583735));
#760 = CARTESIAN_POINT('',(4.467127762895,77.071195485113));
#761 = CARTESIAN_POINT('',(4.56394169183,77.096111757173));
#762 = CARTESIAN_POINT('',(4.662700833929,77.109842639371));
#763 = CARTESIAN_POINT('',(4.76207712684,77.109842639371));
#764 = CARTESIAN_POINT('',(4.860836268939,77.096111757173));
#765 = CARTESIAN_POINT('',(4.957650197874,77.071195485113));
#766 = CARTESIAN_POINT('',(5.125767569268,77.012654954906));
#767 = CARTESIAN_POINT('',(5.198571040836,76.981584081752));
#768 = CARTESIAN_POINT('',(5.269318158945,76.9470731525));
#769 = CARTESIAN_POINT('',(5.338148905698,76.910575248887));
#770 = CARTESIAN_POINT('',(5.405166364084,76.873391432683));
#771 = CARTESIAN_POINT('',(5.470445797631,76.836614232926));
#772 = CARTESIAN_POINT('',(5.650314218603,76.736226780603));
#773 = CARTESIAN_POINT('',(5.761689705061,76.675214785005));
#774 = CARTESIAN_POINT('',(5.869437517465,76.622943621802));
#775 = CARTESIAN_POINT('',(5.974539984384,76.582234228259));
#776 = CARTESIAN_POINT('',(6.07791763374,76.554570439446));
#777 = CARTESIAN_POINT('',(6.180468722376,76.540698846514));
#778 = CARTESIAN_POINT('',(6.28318530718,76.540698846514));
#779 = ( GEOMETRIC_REPRESENTATION_CONTEXT(2) 
PARAMETRIC_REPRESENTATION_CONTEXT() REPRESENTATION_CONTEXT('2D SPACE',''
  ) );
#780 = FACE_BOUND('',#781,.T.);
#781 = EDGE_LOOP('',(#782));
#782 = ORIENTED_EDGE('',*,*,#783,.F.);
#783 = EDGE_CURVE('',#784,#784,#786,.T.);
#784 = VERTEX_POINT('',#785);
#785 = CARTESIAN_POINT('',(3.00065E+04,-37.49069884651,-806.));
#786 = SURFACE_CURVE('',#787,(#850,#916),.PCURVE_S1.);
#787 = B_SPLINE_CURVE_WITH_KNOTS('',7,(#788,#789,#790,#791,#792,#793,
    #794,#795,#796,#797,#798,#799,#800,#801,#802,#803,#804,#805,#806,
    #807,#808,#809,#810,#811,#812,#813,#814,#815,#816,#817,#818,#819,
    #820,#821,#822,#823,#824,#825,#826,#827,#828,#829,#830,#831,#832,
    #833,#834,#835,#836,#837,#838,#839,#840,#841,#842,#843,#844,#845,
    #846,#847,#848,#849),.UNSPECIFIED.,.T.,.F.,(8,6,6,6,6,6,6,6,6,6,8),(
    0.,0.13268091457,0.221466653464,0.29487963038,0.399802759938,
    0.500172673253,0.600542585503,0.705465712887,0.795231873202,
    0.867625381135,1.),.UNSPECIFIED.);
#788 = CARTESIAN_POINT('',(3.00065E+04,-37.49069884651,-806.));
#789 = CARTESIAN_POINT('',(3.00065E+04,-37.49069884651,-805.3323421987)
  );
#790 = CARTESIAN_POINT('',(3.000641999025E+04,-37.50457043944,
    -804.665758776));
#791 = CARTESIAN_POINT('',(3.000626043681E+04,-37.53223422825,
    -804.0053162397));
#792 = CARTESIAN_POINT('',(3.000601922915E+04,-37.5729436218,
    -803.3564852433));
#793 = CARTESIAN_POINT('',(3.000569239626E+04,-37.625214785,
    -802.726792846));
#794 = CARTESIAN_POINT('',(3.000527446257E+04,-37.6862267806,
    -802.1268503631));
#795 = CARTESIAN_POINT('',(3.000441531502E+04,-37.79455003136,
    -801.2030439304));
#796 = CARTESIAN_POINT('',(3.000402464275E+04,-37.84008280472,
    -800.8503858903));
#797 = CARTESIAN_POINT('',(3.000358715011E+04,-37.88601008152,
    -800.5236980285));
#798 = CARTESIAN_POINT('',(3.000310351875E+04,-37.93008877652,
    -800.2315491091));
#799 = CARTESIAN_POINT('',(3.00025756772E+04,-37.96964516326,
    -799.9827963106));
#800 = CARTESIAN_POINT('',(3.000200698247E+04,-38.0018460058,
    -799.7866963695));
#801 = CARTESIAN_POINT('',(3.000090285806E+04,-38.04257386697,
    -799.54269537));
#802 = CARTESIAN_POINT('',(3.000038316294E+04,-38.05407064723,
    -799.475995751));
#803 = CARTESIAN_POINT('',(2.999985332992E+04,-38.05718246601,
    -799.458609531));
#804 = CARTESIAN_POINT('',(2.999932402423E+04,-38.05125625959,
    -799.4924903138));
#805 = CARTESIAN_POINT('',(2.99988059859E+04,-38.03679053584,
    -799.5760696451));
#806 = CARTESIAN_POINT('',(2.999830927037E+04,-38.01529189561,
    -799.7042730995));
#807 = CARTESIAN_POINT('',(2.999717562389E+04,-37.95091158373,
    -800.1031509313));
#808 = CARTESIAN_POINT('',(2.999656943903E+04,-37.90277988366,
    -800.4115610753));
#809 = CARTESIAN_POINT('',(2.999602707841E+04,-37.84900808938,
    -800.7767282442));
#810 = CARTESIAN_POINT('',(2.999554862122E+04,-37.79380884828,
    -801.1851760024));
#811 = CARTESIAN_POINT('',(2.999513261037E+04,-37.74036906617,
    -801.625936041));
#812 = CARTESIAN_POINT('',(2.999477678497E+04,-37.69099942808,
    -802.0900512506));
#813 = CARTESIAN_POINT('',(2.999419307797E+04,-37.60538991237,
    -803.0297831619));
#814 = CARTESIAN_POINT('',(2.999395906239E+04,-37.56848965849,
    -803.5060433885));
#815 = CARTESIAN_POINT('',(2.999377424065E+04,-37.53788556501,
    -803.9941292441));
#816 = CARTESIAN_POINT('',(2.999363684899E+04,-37.5144247543,
    -804.4903220725));
#817 = CARTESIAN_POINT('',(2.999354564357E+04,-37.49861254499,
    -804.9916919079));
#818 = CARTESIAN_POINT('',(2.99935E+04,-37.49069884651,-805.4957162332)
  );
#819 = CARTESIAN_POINT('',(2.99935E+04,-37.49069884651,-806.5042837614)
  );
#820 = CARTESIAN_POINT('',(2.999354564357E+04,-37.49861254533,
    -807.0083081043));
#821 = CARTESIAN_POINT('',(2.999363684899E+04,-37.51442475381,
    -807.5096779202));
#822 = CARTESIAN_POINT('',(2.999377424065E+04,-37.53788556485,
    -808.0058707483));
#823 = CARTESIAN_POINT('',(2.99939590624E+04,-37.56848965923,
    -808.4939566234));
#824 = CARTESIAN_POINT('',(2.999419307797E+04,-37.60538991192,
    -808.9702168331));
#825 = CARTESIAN_POINT('',(2.999477678497E+04,-37.69099942811,
    -809.9099487496));
#826 = CARTESIAN_POINT('',(2.999513261037E+04,-37.74036906617,
    -810.3740639588));
#827 = CARTESIAN_POINT('',(2.999554862122E+04,-37.79380884825,
    -810.8148239972));
#828 = CARTESIAN_POINT('',(2.999602707841E+04,-37.84900808936,
    -811.2232717556));
#829 = CARTESIAN_POINT('',(2.999656943903E+04,-37.90277988368,
    -811.5884389247));
#830 = CARTESIAN_POINT('',(2.999717562389E+04,-37.95091158375,
    -811.8968490687));
#831 = CARTESIAN_POINT('',(2.999841322425E+04,-38.02119548511,
    -812.3323034703));
#832 = CARTESIAN_POINT('',(2.999902864037E+04,-38.04611175717,
    -812.4792145992));
#833 = CARTESIAN_POINT('',(2.999967287607E+04,-38.05984263937,
    -812.5565383639));
#834 = CARTESIAN_POINT('',(3.000032712393E+04,-38.05984263937,
    -812.5565383639));
#835 = CARTESIAN_POINT('',(3.000097135963E+04,-38.04611175717,
    -812.4792145992));
#836 = CARTESIAN_POINT('',(3.000158677575E+04,-38.02119548511,
    -812.3323034703));
#837 = CARTESIAN_POINT('',(3.000261759191E+04,-37.9626549549,
    -811.9696068775));
#838 = CARTESIAN_POINT('',(3.000304980944E+04,-37.93158408175,
    -811.772245746));
#839 = CARTESIAN_POINT('',(3.000345254041E+04,-37.8970731525,
    -811.5448618211));
#840 = CARTESIAN_POINT('',(3.000382497607E+04,-37.86057524888,
    -811.2923324708));
#841 = CARTESIAN_POINT('',(3.000416683585E+04,-37.82339143268,
    -811.0191072773));
#842 = CARTESIAN_POINT('',(3.000447825646E+04,-37.78661423292,
    -810.7292776939));
#843 = CARTESIAN_POINT('',(3.000527446257E+04,-37.6862267806,
    -809.8731496368));
#844 = CARTESIAN_POINT('',(3.000569239626E+04,-37.625214785,
    -809.2732071539));
#845 = CARTESIAN_POINT('',(3.000601922915E+04,-37.5729436218,
    -808.6435147566));
#846 = CARTESIAN_POINT('',(3.000626043681E+04,-37.53223422825,
    -807.9946837602));
#847 = CARTESIAN_POINT('',(3.000641999025E+04,-37.50457043944,
    -807.3342412239));
#848 = CARTESIAN_POINT('',(3.00065E+04,-37.49069884651,-806.6676578012)
  );
#849 = CARTESIAN_POINT('',(3.00065E+04,-37.49069884651,-806.));
#850 = PCURVE('',#42,#851);
#851 = DEFINITIONAL_REPRESENTATION('',(#852),#915);
#852 = B_SPLINE_CURVE_WITH_KNOTS('',7,(#853,#854,#855,#856,#857,#858,
    #859,#860,#861,#862,#863,#864,#865,#866,#867,#868,#869,#870,#871,
    #872,#873,#874,#875,#876,#877,#878,#879,#880,#881,#882,#883,#884,
    #885,#886,#887,#888,#889,#890,#891,#892,#893,#894,#895,#896,#897,
    #898,#899,#900,#901,#902,#903,#904,#905,#906,#907,#908,#909,#910,
    #911,#912,#913,#914),.UNSPECIFIED.,.T.,.F.,(8,6,6,6,6,6,6,6,6,6,8),(
    0.,0.13268091457,0.221466653464,0.29487963038,0.399802759938,
    0.500172673253,0.600542585503,0.705465712887,0.795231873202,
    0.867625381135,1.),.UNSPECIFIED.);
#853 = CARTESIAN_POINT('',(4.884058796822,4.044E+03));
#854 = CARTESIAN_POINT('',(4.884058796822,4.044667657801E+03));
#855 = CARTESIAN_POINT('',(4.881924676952,4.045334241224E+03));
#856 = CARTESIAN_POINT('',(4.877668847424,4.04599468376E+03));
#857 = CARTESIAN_POINT('',(4.871240066869,4.046643514757E+03));
#858 = CARTESIAN_POINT('',(4.862541997064,4.047273207154E+03));
#859 = CARTESIAN_POINT('',(4.851443887848,4.047873149637E+03));
#860 = CARTESIAN_POINT('',(4.828685689576,4.04879695607E+03));
#861 = CARTESIAN_POINT('',(4.818349321409,4.04914961411E+03));
#862 = CARTESIAN_POINT('',(4.806789519254,4.049476301971E+03));
#863 = CARTESIAN_POINT('',(4.79402888973,4.049768450891E+03));
#864 = CARTESIAN_POINT('',(4.780121069616,4.050017203689E+03));
#865 = CARTESIAN_POINT('',(4.765154061721,4.05021330363E+03));
#866 = CARTESIAN_POINT('',(4.736116602583,4.05045730463E+03));
#867 = CARTESIAN_POINT('',(4.722456530513,4.050524004249E+03));
#868 = CARTESIAN_POINT('',(4.708534623298,4.050541390469E+03));
#869 = CARTESIAN_POINT('',(4.694626580085,4.050507509686E+03));
#870 = CARTESIAN_POINT('',(4.681009219369,4.050423930355E+03));
#871 = CARTESIAN_POINT('',(4.667943900264,4.0502957269E+03));
#872 = CARTESIAN_POINT('',(4.638102294308,4.049896849069E+03));
#873 = CARTESIAN_POINT('',(4.622124934095,4.049588438925E+03));
#874 = CARTESIAN_POINT('',(4.607804981584,4.049223271756E+03));
#875 = CARTESIAN_POINT('',(4.595149235017,4.048814823998E+03));
#876 = CARTESIAN_POINT('',(4.584127098127,4.048374063959E+03));
#877 = CARTESIAN_POINT('',(4.574686274,4.047909948749E+03));
#878 = CARTESIAN_POINT('',(4.559181633765,4.046970216838E+03));
#879 = CARTESIAN_POINT('',(4.552955789317,4.046493956611E+03));
#880 = CARTESIAN_POINT('',(4.548032449678,4.046005870756E+03));
#881 = CARTESIAN_POINT('',(4.544369367344,4.045509677927E+03));
#882 = CARTESIAN_POINT('',(4.541936631221,4.045008308092E+03));
#883 = CARTESIAN_POINT('',(4.540719163948,4.044504283767E+03));
#884 = CARTESIAN_POINT('',(4.540719163948,4.043495716239E+03));
#885 = CARTESIAN_POINT('',(4.541936631281,4.042991691896E+03));
#886 = CARTESIAN_POINT('',(4.544369367257,4.04249032208E+03));
#887 = CARTESIAN_POINT('',(4.54803244965,4.041994129252E+03));
#888 = CARTESIAN_POINT('',(4.552955789448,4.041506043377E+03));
#889 = CARTESIAN_POINT('',(4.559181633683,4.041029783167E+03));
#890 = CARTESIAN_POINT('',(4.574686274005,4.04009005125E+03));
#891 = CARTESIAN_POINT('',(4.584127098129,4.039625936041E+03));
#892 = CARTESIAN_POINT('',(4.595149235012,4.039185176003E+03));
#893 = CARTESIAN_POINT('',(4.607804981578,4.038776728244E+03));
#894 = CARTESIAN_POINT('',(4.622124934095,4.038411561075E+03));
#895 = CARTESIAN_POINT('',(4.638102294317,4.038103150931E+03));
#896 = CARTESIAN_POINT('',(4.670680336082,4.03766769653E+03));
#897 = CARTESIAN_POINT('',(4.686865325248,4.037520785401E+03));
#898 = CARTESIAN_POINT('',(4.703795380915,4.037443461636E+03));
#899 = CARTESIAN_POINT('',(4.720982579854,4.037443461636E+03));
#900 = CARTESIAN_POINT('',(4.737912635521,4.037520785401E+03));
#901 = CARTESIAN_POINT('',(4.754097624687,4.03766769653E+03));
#902 = CARTESIAN_POINT('',(4.781232371068,4.038030393122E+03));
#903 = CARTESIAN_POINT('',(4.792619593282,4.038227754254E+03));
#904 = CARTESIAN_POINT('',(4.803241163076,4.038455138179E+03));
#905 = CARTESIAN_POINT('',(4.813074988081,4.038707667529E+03));
#906 = CARTESIAN_POINT('',(4.822111836304,4.038980892723E+03));
#907 = CARTESIAN_POINT('',(4.830352962974,4.039270722306E+03));
#908 = CARTESIAN_POINT('',(4.851443887848,4.040126850363E+03));
#909 = CARTESIAN_POINT('',(4.862541997064,4.040726792846E+03));
#910 = CARTESIAN_POINT('',(4.871240066869,4.041356485243E+03));
#911 = CARTESIAN_POINT('',(4.877668847424,4.04200531624E+03));
#912 = CARTESIAN_POINT('',(4.881924676952,4.042665758776E+03));
#913 = CARTESIAN_POINT('',(4.884058796822,4.043332342199E+03));
#914 = CARTESIAN_POINT('',(4.884058796822,4.044E+03));
#915 = ( GEOMETRIC_REPRESENTATION_CONTEXT(2) 
PARAMETRIC_REPRESENTATION_CONTEXT() REPRESENTATION_CONTEXT('2D SPACE',''
  ) );
#916 = PCURVE('',#917,#922);
#917 = CYLINDRICAL_SURFACE('',#918,6.5);
#918 = AXIS2_PLACEMENT_3D('',#919,#920,#921);
#919 = CARTESIAN_POINT('',(3.E+04,39.05,-806.));
#920 = DIRECTION('',(0.,-1.,2.22044604925E-16));
#921 = DIRECTION('',(1.,0.,0.));
#922 = DEFINITIONAL_REPRESENTATION('',(#923),#986);
#923 = B_SPLINE_CURVE_WITH_KNOTS('',7,(#924,#925,#926,#927,#928,#929,
    #930,#931,#932,#933,#934,#935,#936,#937,#938,#939,#940,#941,#942,
    #943,#944,#945,#946,#947,#948,#949,#950,#951,#952,#953,#954,#955,
    #956,#957,#958,#959,#960,#961,#962,#963,#964,#965,#966,#967,#968,
    #969,#970,#971,#972,#973,#974,#975,#976,#977,#978,#979,#980,#981,
    #982,#983,#984,#985),.UNSPECIFIED.,.F.,.F.,(8,6,6,6,6,6,6,6,6,6,8),(
    0.,0.13268091457,0.221466653464,0.29487963038,0.399802759938,
    0.500172673253,0.600542585503,0.705465712887,0.795231873202,
    0.867625381135,1.),.UNSPECIFIED.);
#924 = CARTESIAN_POINT('',(0.,76.540698846514));
#925 = CARTESIAN_POINT('',(0.102716584804,76.540698846514));
#926 = CARTESIAN_POINT('',(0.205267673439,76.554570439446));
#927 = CARTESIAN_POINT('',(0.308645322795,76.582234228259));
#928 = CARTESIAN_POINT('',(0.413747789716,76.622943621803));
#929 = CARTESIAN_POINT('',(0.521495602118,76.675214785005));
#930 = CARTESIAN_POINT('',(0.632871088576,76.736226780603));
#931 = CARTESIAN_POINT('',(0.826958413423,76.844550031368));
#932 = CARTESIAN_POINT('',(0.907619531851,76.890082804723));
#933 = CARTESIAN_POINT('',(0.991027949109,76.93601008152));
#934 = CARTESIAN_POINT('',(1.077175178618,76.980088776522));
#935 = CARTESIAN_POINT('',(1.166134845688,77.019645163265));
#936 = CARTESIAN_POINT('',(1.258075697877,77.051846005802));
#937 = CARTESIAN_POINT('',(1.432039388722,77.092573866977));
#938 = CARTESIAN_POINT('',(1.512323118166,77.104070647236));
#939 = CARTESIAN_POINT('',(1.593290115243,77.107182466018));
#940 = CARTESIAN_POINT('',(1.674211286616,77.101256259593));
#941 = CARTESIAN_POINT('',(1.754379311682,77.086790535847));
#942 = CARTESIAN_POINT('',(1.833011540839,77.065291895619));
#943 = CARTESIAN_POINT('',(2.017899664761,77.000911583736));
#944 = CARTESIAN_POINT('',(2.121620645586,76.952779883668));
#945 = CARTESIAN_POINT('',(2.22107820284,76.899008089383));
#946 = CARTESIAN_POINT('',(2.316802374634,76.84380884828));
#947 = CARTESIAN_POINT('',(2.409250120181,76.790369066171));
#948 = CARTESIAN_POINT('',(2.498788163128,76.740999428086));
#949 = CARTESIAN_POINT('',(2.668981921157,76.655389912371));
#950 = CARTESIAN_POINT('',(2.750219846949,76.618489658491));
#951 = CARTESIAN_POINT('',(2.829948987225,76.587885565016));
#952 = CARTESIAN_POINT('',(2.908572709217,76.564424754306));
#953 = CARTESIAN_POINT('',(2.98646795801,76.548612544995));
#954 = CARTESIAN_POINT('',(3.064010535623,76.540698846514));
#955 = CARTESIAN_POINT('',(3.219174770734,76.540698846514));
#956 = CARTESIAN_POINT('',(3.296717351151,76.548612545334));
#957 = CARTESIAN_POINT('',(3.374612596726,76.564424753813));
#958 = CARTESIAN_POINT('',(3.45323631877,76.587885564853));
#959 = CARTESIAN_POINT('',(3.532965462275,76.61848965923));
#960 = CARTESIAN_POINT('',(3.61420338513,76.655389911922));
#961 = CARTESIAN_POINT('',(3.784397144104,76.740999428112));
#962 = CARTESIAN_POINT('',(3.873935186999,76.790369066177));
#963 = CARTESIAN_POINT('',(3.966382932501,76.843808848251));
#964 = CARTESIAN_POINT('',(4.062107104303,76.899008089362));
#965 = CARTESIAN_POINT('',(4.161564661602,76.952779883682));
#966 = CARTESIAN_POINT('',(4.265285642471,77.000911583754));
#967 = CARTESIAN_POINT('',(4.467127762896,77.071195485113));
#968 = CARTESIAN_POINT('',(4.56394169183,77.096111757173));
#969 = CARTESIAN_POINT('',(4.662700833928,77.109842639371));
#970 = CARTESIAN_POINT('',(4.762077126841,77.109842639371));
#971 = CARTESIAN_POINT('',(4.860836268939,77.096111757173));
#972 = CARTESIAN_POINT('',(4.957650197874,77.071195485113));
#973 = CARTESIAN_POINT('',(5.125767569268,77.012654954906));
#974 = CARTESIAN_POINT('',(5.198571040836,76.981584081752));
#975 = CARTESIAN_POINT('',(5.269318158945,76.9470731525));
#976 = CARTESIAN_POINT('',(5.338148905698,76.910575248887));
#977 = CARTESIAN_POINT('',(5.405166364084,76.873391432683));
#978 = CARTESIAN_POINT('',(5.470445797631,76.836614232926));
#979 = CARTESIAN_POINT('',(5.650314218603,76.736226780603));
#980 = CARTESIAN_POINT('',(5.761689705061,76.675214785005));
#981 = CARTESIAN_POINT('',(5.869437517465,76.622943621802));
#982 = CARTESIAN_POINT('',(5.974539984384,76.582234228259));
#983 = CARTESIAN_POINT('',(6.07791763374,76.554570439446));
#984 = CARTESIAN_POINT('',(6.180468722376,76.540698846514));
#985 = CARTESIAN_POINT('',(6.28318530718,76.540698846514));
#986 = ( GEOMETRIC_REPRESENTATION_CONTEXT(2) 
PARAMETRIC_REPRESENTATION_CONTEXT() REPRESENTATION_CONTEXT('2D SPACE',''
  ) );
#987 = FACE_BOUND('',#988,.T.);
#988 = EDGE_LOOP('',(#989));
#989 = ORIENTED_EDGE('',*,*,#990,.F.);
#990 = EDGE_CURVE('',#991,#991,#993,.T.);
#991 = VERTEX_POINT('',#992);
#992 = CARTESIAN_POINT('',(3.00065E+04,-37.49069884651,-606.));
#993 = SURFACE_CURVE('',#994,(#1057,#1123),.PCURVE_S1.);
#994 = B_SPLINE_CURVE_WITH_KNOTS('',7,(#995,#996,#997,#998,#999,#1000,
    #1001,#1002,#1003,#1004,#1005,#1006,#1007,#1008,#1009,#1010,#1011,
    #1012,#1013,#1014,#1015,#1016,#1017,#1018,#1019,#1020,#1021,#1022,
    #1023,#1024,#1025,#1026,#1027,#1028,#1029,#1030,#1031,#1032,#1033,
    #1034,#1035,#1036,#1037,#1038,#1039,#1040,#1041,#1042,#1043,#1044,
    #1045,#1046,#1047,#1048,#1049,#1050,#1051,#1052,#1053,#1054,#1055,
    #1056),.UNSPECIFIED.,.T.,.F.,(8,6,6,6,6,6,6,6,6,6,8),(0.,
    0.132680915218,0.221466653606,0.294879629635,0.399802757206,
    0.500172669635,0.600542582064,0.705465709636,0.79523187011,
    0.867625378763,1.),.UNSPECIFIED.);
#995 = CARTESIAN_POINT('',(3.00065E+04,-37.49069884651,-606.));
#996 = CARTESIAN_POINT('',(3.00065E+04,-37.49069884651,-605.3323421918)
  );
#997 = CARTESIAN_POINT('',(3.000641999025E+04,-37.50457043877,
    -604.6657588025));
#998 = CARTESIAN_POINT('',(3.00062604368E+04,-37.53223423042,
    -604.0053161929));
#999 = CARTESIAN_POINT('',(3.000601922917E+04,-37.57294361878,
    -603.3564852888));
#1000 = CARTESIAN_POINT('',(3.000569239624E+04,-37.62521478715,
    -602.7267928217));
#1001 = CARTESIAN_POINT('',(3.000527446258E+04,-37.68622677991,
    -602.126850369));
#1002 = CARTESIAN_POINT('',(3.000441531502E+04,-37.79455003136,
    -601.2030439304));
#1003 = CARTESIAN_POINT('',(3.000402464275E+04,-37.84008280472,
    -600.8503858903));
#1004 = CARTESIAN_POINT('',(3.000358715011E+04,-37.88601008152,
    -600.5236980285));
#1005 = CARTESIAN_POINT('',(3.000310351875E+04,-37.93008877652,
    -600.2315491091));
#1006 = CARTESIAN_POINT('',(3.00025756772E+04,-37.96964516326,
    -599.9827963106));
#1007 = CARTESIAN_POINT('',(3.000200698247E+04,-38.0018460058,
    -599.7866963695));
#1008 = CARTESIAN_POINT('',(3.000090285806E+04,-38.04257386685,
    -599.5426953707));
#1009 = CARTESIAN_POINT('',(3.000038316293E+04,-38.0540706476,
    -599.4759957488));
#1010 = CARTESIAN_POINT('',(2.999985332993E+04,-38.05718246539,
    -599.4586095348));
#1011 = CARTESIAN_POINT('',(2.999932402423E+04,-38.05125626029,
    -599.4924903095));
#1012 = CARTESIAN_POINT('',(2.99988059859E+04,-38.03679053535,
    -599.5760696482));
#1013 = CARTESIAN_POINT('',(2.999830927037E+04,-38.01529189578,
    -599.7042730985));
#1014 = CARTESIAN_POINT('',(2.999717562389E+04,-37.95091158375,
    -600.1031509312));
#1015 = CARTESIAN_POINT('',(2.999656943903E+04,-37.90277988368,
    -600.4115610752));
#1016 = CARTESIAN_POINT('',(2.999602707841E+04,-37.84900808936,
    -600.7767282443));
#1017 = CARTESIAN_POINT('',(2.999554862122E+04,-37.79380884825,
    -601.1851760027));
#1018 = CARTESIAN_POINT('',(2.999513261037E+04,-37.74036906617,
    -601.6259360411));
#1019 = CARTESIAN_POINT('',(2.999477678497E+04,-37.69099942811,
    -602.0900512503));
#1020 = CARTESIAN_POINT('',(2.999419307797E+04,-37.60538991192,
    -603.0297831668));
#1021 = CARTESIAN_POINT('',(2.99939590624E+04,-37.56848965923,
    -603.5060433765));
#1022 = CARTESIAN_POINT('',(2.999377424065E+04,-37.53788556485,
    -603.9941292516));
#1023 = CARTESIAN_POINT('',(2.999363684899E+04,-37.51442475381,
    -604.4903220797));
#1024 = CARTESIAN_POINT('',(2.999354564357E+04,-37.49861254533,
    -604.9916918956));
#1025 = CARTESIAN_POINT('',(2.99935E+04,-37.49069884651,-605.4957162385)
  );
#1026 = CARTESIAN_POINT('',(2.99935E+04,-37.49069884651,-606.5042837614)
  );
#1027 = CARTESIAN_POINT('',(2.999354564357E+04,-37.49861254533,
    -607.0083081043));
#1028 = CARTESIAN_POINT('',(2.999363684899E+04,-37.51442475381,
    -607.5096779202));
#1029 = CARTESIAN_POINT('',(2.999377424065E+04,-37.53788556485,
    -608.0058707483));
#1030 = CARTESIAN_POINT('',(2.99939590624E+04,-37.56848965923,
    -608.4939566234));
#1031 = CARTESIAN_POINT('',(2.999419307797E+04,-37.60538991192,
    -608.9702168331));
#1032 = CARTESIAN_POINT('',(2.999477678497E+04,-37.69099942811,
    -609.9099487496));
#1033 = CARTESIAN_POINT('',(2.999513261037E+04,-37.74036906617,
    -610.3740639588));
#1034 = CARTESIAN_POINT('',(2.999554862122E+04,-37.79380884825,
    -610.8148239972));
#1035 = CARTESIAN_POINT('',(2.999602707841E+04,-37.84900808936,
    -611.2232717556));
#1036 = CARTESIAN_POINT('',(2.999656943903E+04,-37.90277988368,
    -611.5884389247));
#1037 = CARTESIAN_POINT('',(2.999717562389E+04,-37.95091158375,
    -611.8968490687));
#1038 = CARTESIAN_POINT('',(2.999841322425E+04,-38.02119548511,
    -612.3323034703));
#1039 = CARTESIAN_POINT('',(2.999902864037E+04,-38.04611175717,
    -612.4792145992));
#1040 = CARTESIAN_POINT('',(2.999967287607E+04,-38.05984263937,
    -612.5565383639));
#1041 = CARTESIAN_POINT('',(3.000032712393E+04,-38.05984263937,
    -612.5565383639));
#1042 = CARTESIAN_POINT('',(3.000097135963E+04,-38.04611175717,
    -612.4792145992));
#1043 = CARTESIAN_POINT('',(3.000158677575E+04,-38.02119548511,
    -612.3323034703));
#1044 = CARTESIAN_POINT('',(3.000261759192E+04,-37.96265495469,
    -611.9696068762));
#1045 = CARTESIAN_POINT('',(3.000304980943E+04,-37.93158408232,
    -611.7722457499));
#1046 = CARTESIAN_POINT('',(3.000345254041E+04,-37.89707315211,
    -611.544861818));
#1047 = CARTESIAN_POINT('',(3.000382497607E+04,-37.86057524854,
    -611.2923324685));
#1048 = CARTESIAN_POINT('',(3.000416683584E+04,-37.82339143331,
    -611.0191072822));
#1049 = CARTESIAN_POINT('',(3.000447825647E+04,-37.78661423264,
    -610.7292776915));
#1050 = CARTESIAN_POINT('',(3.000527446257E+04,-37.6862267806,
    -609.8731496368));
#1051 = CARTESIAN_POINT('',(3.000569239626E+04,-37.625214785,
    -609.2732071538));
#1052 = CARTESIAN_POINT('',(3.000601922915E+04,-37.5729436218,
    -608.6435147566));
#1053 = CARTESIAN_POINT('',(3.000626043681E+04,-37.53223422825,
    -607.9946837602));
#1054 = CARTESIAN_POINT('',(3.000641999025E+04,-37.50457043944,
    -607.3342412239));
#1055 = CARTESIAN_POINT('',(3.00065E+04,-37.49069884651,-606.6676578012)
  );
#1056 = CARTESIAN_POINT('',(3.00065E+04,-37.49069884651,-606.));
#1057 = PCURVE('',#42,#1058);
#1058 = DEFINITIONAL_REPRESENTATION('',(#1059),#1122);
#1059 = B_SPLINE_CURVE_WITH_KNOTS('',7,(#1060,#1061,#1062,#1063,#1064,
    #1065,#1066,#1067,#1068,#1069,#1070,#1071,#1072,#1073,#1074,#1075,
    #1076,#1077,#1078,#1079,#1080,#1081,#1082,#1083,#1084,#1085,#1086,
    #1087,#1088,#1089,#1090,#1091,#1092,#1093,#1094,#1095,#1096,#1097,
    #1098,#1099,#1100,#1101,#1102,#1103,#1104,#1105,#1106,#1107,#1108,
    #1109,#1110,#1111,#1112,#1113,#1114,#1115,#1116,#1117,#1118,#1119,
    #1120,#1121),.UNSPECIFIED.,.T.,.F.,(8,6,6,6,6,6,6,6,6,6,8),(0.,
    0.132680915218,0.221466653606,0.294879629635,0.399802757206,
    0.500172669635,0.600542582064,0.705465709636,0.79523187011,
    0.867625378763,1.),.UNSPECIFIED.);
#1060 = CARTESIAN_POINT('',(4.884058796822,4.244E+03));
#1061 = CARTESIAN_POINT('',(4.884058796822,4.244667657808E+03));
#1062 = CARTESIAN_POINT('',(4.881924677083,4.245334241197E+03));
#1063 = CARTESIAN_POINT('',(4.877668846997,4.245994683807E+03));
#1064 = CARTESIAN_POINT('',(4.871240067474,4.246643514711E+03));
#1065 = CARTESIAN_POINT('',(4.862541996625,4.247273207178E+03));
#1066 = CARTESIAN_POINT('',(4.851443887992,4.247873149631E+03));
#1067 = CARTESIAN_POINT('',(4.828685689576,4.24879695607E+03));
#1068 = CARTESIAN_POINT('',(4.818349321409,4.24914961411E+03));
#1069 = CARTESIAN_POINT('',(4.806789519254,4.249476301971E+03));
#1070 = CARTESIAN_POINT('',(4.79402888973,4.249768450891E+03));
#1071 = CARTESIAN_POINT('',(4.780121069616,4.250017203689E+03));
#1072 = CARTESIAN_POINT('',(4.765154061721,4.25021330363E+03));
#1073 = CARTESIAN_POINT('',(4.736116602667,4.250457304629E+03));
#1074 = CARTESIAN_POINT('',(4.722456530315,4.250524004251E+03));
#1075 = CARTESIAN_POINT('',(4.708534623424,4.250541390465E+03));
#1076 = CARTESIAN_POINT('',(4.694626580188,4.25050750969E+03));
#1077 = CARTESIAN_POINT('',(4.681009219186,4.250423930352E+03));
#1078 = CARTESIAN_POINT('',(4.667943900343,4.250295726901E+03));
#1079 = CARTESIAN_POINT('',(4.638102294317,4.249896849069E+03));
#1080 = CARTESIAN_POINT('',(4.622124934095,4.249588438925E+03));
#1081 = CARTESIAN_POINT('',(4.607804981578,4.249223271756E+03));
#1082 = CARTESIAN_POINT('',(4.595149235011,4.248814823997E+03));
#1083 = CARTESIAN_POINT('',(4.584127098129,4.248374063959E+03));
#1084 = CARTESIAN_POINT('',(4.574686274004,4.24790994875E+03));
#1085 = CARTESIAN_POINT('',(4.559181633683,4.246970216833E+03));
#1086 = CARTESIAN_POINT('',(4.552955789448,4.246493956623E+03));
#1087 = CARTESIAN_POINT('',(4.54803244965,4.246005870748E+03));
#1088 = CARTESIAN_POINT('',(4.544369367257,4.24550967792E+03));
#1089 = CARTESIAN_POINT('',(4.541936631281,4.245008308104E+03));
#1090 = CARTESIAN_POINT('',(4.540719163948,4.244504283761E+03));
#1091 = CARTESIAN_POINT('',(4.540719163948,4.243495716239E+03));
#1092 = CARTESIAN_POINT('',(4.541936631281,4.242991691896E+03));
#1093 = CARTESIAN_POINT('',(4.544369367257,4.24249032208E+03));
#1094 = CARTESIAN_POINT('',(4.54803244965,4.241994129252E+03));
#1095 = CARTESIAN_POINT('',(4.552955789448,4.241506043377E+03));
#1096 = CARTESIAN_POINT('',(4.559181633683,4.241029783167E+03));
#1097 = CARTESIAN_POINT('',(4.574686274005,4.24009005125E+03));
#1098 = CARTESIAN_POINT('',(4.584127098129,4.239625936041E+03));
#1099 = CARTESIAN_POINT('',(4.595149235012,4.239185176003E+03));
#1100 = CARTESIAN_POINT('',(4.607804981578,4.238776728244E+03));
#1101 = CARTESIAN_POINT('',(4.622124934095,4.238411561075E+03));
#1102 = CARTESIAN_POINT('',(4.638102294317,4.238103150931E+03));
#1103 = CARTESIAN_POINT('',(4.670680336082,4.23766769653E+03));
#1104 = CARTESIAN_POINT('',(4.686865325249,4.237520785401E+03));
#1105 = CARTESIAN_POINT('',(4.703795380914,4.237443461636E+03));
#1106 = CARTESIAN_POINT('',(4.720982579855,4.237443461636E+03));
#1107 = CARTESIAN_POINT('',(4.737912635521,4.237520785401E+03));
#1108 = CARTESIAN_POINT('',(4.754097624688,4.23766769653E+03));
#1109 = CARTESIAN_POINT('',(4.781232371167,4.238030393124E+03));
#1110 = CARTESIAN_POINT('',(4.792619593077,4.23822775425E+03));
#1111 = CARTESIAN_POINT('',(4.803241163175,4.238455138182E+03));
#1112 = CARTESIAN_POINT('',(4.813074988208,4.238707667531E+03));
#1113 = CARTESIAN_POINT('',(4.822111836134,4.238980892718E+03));
#1114 = CARTESIAN_POINT('',(4.830352963034,4.239270722308E+03));
#1115 = CARTESIAN_POINT('',(4.851443887848,4.240126850363E+03));
#1116 = CARTESIAN_POINT('',(4.862541997064,4.240726792846E+03));
#1117 = CARTESIAN_POINT('',(4.871240066869,4.241356485243E+03));
#1118 = CARTESIAN_POINT('',(4.877668847424,4.24200531624E+03));
#1119 = CARTESIAN_POINT('',(4.881924676952,4.242665758776E+03));
#1120 = CARTESIAN_POINT('',(4.884058796822,4.243332342199E+03));
#1121 = CARTESIAN_POINT('',(4.884058796822,4.244E+03));
#1122 = ( GEOMETRIC_REPRESENTATION_CONTEXT(2) 
PARAMETRIC_REPRESENTATION_CONTEXT() REPRESENTATION_CONTEXT('2D SPACE',''
  ) );
#1123 = PCURVE('',#1124,#1129);
#1124 = CYLINDRICAL_SURFACE('',#1125,6.5);
#1125 = AXIS2_PLACEMENT_3D('',#1126,#1127,#1128);
#1126 = CARTESIAN_POINT('',(3.E+04,39.05,-606.));
#1127 = DIRECTION('',(0.,-1.,2.22044604925E-16));
#1128 = DIRECTION('',(1.,0.,0.));
#1129 = DEFINITIONAL_REPRESENTATION('',(#1130),#1193);
#1130 = B_SPLINE_CURVE_WITH_KNOTS('',7,(#1131,#1132,#1133,#1134,#1135,
    #1136,#1137,#1138,#1139,#1140,#1141,#1142,#1143,#1144,#1145,#1146,
    #1147,#1148,#1149,#1150,#1151,#1152,#1153,#1154,#1155,#1156,#1157,
    #1158,#1159,#1160,#1161,#1162,#1163,#1164,#1165,#1166,#1167,#1168,
    #1169,#1170,#1171,#1172,#1173,#1174,#1175,#1176,#1177,#1178,#1179,
    #1180,#1181,#1182,#1183,#1184,#1185,#1186,#1187,#1188,#1189,#1190,
    #1191,#1192),.UNSPECIFIED.,.F.,.F.,(8,6,6,6,6,6,6,6,6,6,8),(0.,
    0.132680915218,0.221466653606,0.294879629635,0.399802757206,
    0.500172669635,0.600542582064,0.705465709636,0.79523187011,
    0.867625378763,1.),.UNSPECIFIED.);
#1131 = CARTESIAN_POINT('',(0.,76.540698846514));
#1132 = CARTESIAN_POINT('',(0.102716585867,76.540698846514));
#1133 = CARTESIAN_POINT('',(0.205267669112,76.554570438771));
#1134 = CARTESIAN_POINT('',(0.308645330838,76.582234230429));
#1135 = CARTESIAN_POINT('',(0.413747781461,76.622943618783));
#1136 = CARTESIAN_POINT('',(0.521495606809,76.67521478715));
#1137 = CARTESIAN_POINT('',(0.632871087345,76.736226779915));
#1138 = CARTESIAN_POINT('',(0.826958413423,76.844550031368));
#1139 = CARTESIAN_POINT('',(0.907619531851,76.890082804723));
#1140 = CARTESIAN_POINT('',(0.99102794911,76.936010081521));
#1141 = CARTESIAN_POINT('',(1.077175178617,76.980088776522));
#1142 = CARTESIAN_POINT('',(1.166134845687,77.019645163265));
#1143 = CARTESIAN_POINT('',(1.258075697877,77.051846005802));
#1144 = CARTESIAN_POINT('',(1.43203938822,77.092573866859));
#1145 = CARTESIAN_POINT('',(1.512323119343,77.104070647605));
#1146 = CARTESIAN_POINT('',(1.593290114516,77.107182465393));
#1147 = CARTESIAN_POINT('',(1.674211285956,77.101256260297));
#1148 = CARTESIAN_POINT('',(1.754379312814,77.08679053535));
#1149 = CARTESIAN_POINT('',(1.833011540353,77.065291895789));
#1150 = CARTESIAN_POINT('',(2.017899664709,77.000911583754));
#1151 = CARTESIAN_POINT('',(2.121620645577,76.952779883683));
#1152 = CARTESIAN_POINT('',(2.221078202877,76.899008089362));
#1153 = CARTESIAN_POINT('',(2.316802374679,76.84380884825));
#1154 = CARTESIAN_POINT('',(2.40925012018,76.790369066177));
#1155 = CARTESIAN_POINT('',(2.498788163076,76.740999428112));
#1156 = CARTESIAN_POINT('',(2.668981922049,76.655389911922));
#1157 = CARTESIAN_POINT('',(2.750219844905,76.61848965923));
#1158 = CARTESIAN_POINT('',(2.82994898841,76.587885564853));
#1159 = CARTESIAN_POINT('',(2.908572710454,76.564424753813));
#1160 = CARTESIAN_POINT('',(2.986467956028,76.548612545334));
#1161 = CARTESIAN_POINT('',(3.064010536446,76.540698846514));
#1162 = CARTESIAN_POINT('',(3.219174770734,76.540698846514));
#1163 = CARTESIAN_POINT('',(3.296717351151,76.548612545334));
#1164 = CARTESIAN_POINT('',(3.374612596726,76.564424753813));
#1165 = CARTESIAN_POINT('',(3.45323631877,76.587885564853));
#1166 = CARTESIAN_POINT('',(3.532965462275,76.61848965923));
#1167 = CARTESIAN_POINT('',(3.61420338513,76.655389911922));
#1168 = CARTESIAN_POINT('',(3.784397144104,76.740999428112));
#1169 = CARTESIAN_POINT('',(3.873935187,76.790369066177));
#1170 = CARTESIAN_POINT('',(3.966382932501,76.843808848251));
#1171 = CARTESIAN_POINT('',(4.062107104302,76.899008089362));
#1172 = CARTESIAN_POINT('',(4.161564661603,76.952779883683));
#1173 = CARTESIAN_POINT('',(4.26528564247,77.000911583754));
#1174 = CARTESIAN_POINT('',(4.467127762895,77.071195485113));
#1175 = CARTESIAN_POINT('',(4.563941691832,77.096111757174));
#1176 = CARTESIAN_POINT('',(4.662700833925,77.109842639371));
#1177 = CARTESIAN_POINT('',(4.762077126845,77.109842639371));
#1178 = CARTESIAN_POINT('',(4.860836268937,77.096111757174));
#1179 = CARTESIAN_POINT('',(4.957650197875,77.071195485113));
#1180 = CARTESIAN_POINT('',(5.12576756988,77.012654954693));
#1181 = CARTESIAN_POINT('',(5.19857103947,76.98158408232));
#1182 = CARTESIAN_POINT('',(5.2693181597,76.94707315211));
#1183 = CARTESIAN_POINT('',(5.33814890653,76.910575248548));
#1184 = CARTESIAN_POINT('',(5.405166362812,76.873391433312));
#1185 = CARTESIAN_POINT('',(5.470445798139,76.836614232643));
#1186 = CARTESIAN_POINT('',(5.650314218602,76.736226780603));
#1187 = CARTESIAN_POINT('',(5.761689705063,76.675214785004));
#1188 = CARTESIAN_POINT('',(5.869437517462,76.622943621803));
#1189 = CARTESIAN_POINT('',(5.974539984385,76.582234228259));
#1190 = CARTESIAN_POINT('',(6.07791763374,76.554570439446));
#1191 = CARTESIAN_POINT('',(6.180468722376,76.540698846514));
#1192 = CARTESIAN_POINT('',(6.28318530718,76.540698846514));
#1193 = ( GEOMETRIC_REPRESENTATION_CONTEXT(2) 
PARAMETRIC_REPRESENTATION_CONTEXT() REPRESENTATION_CONTEXT('2D SPACE',''
  ) );
#1194 = FACE_BOUND('',#1195,.T.);
#1195 = EDGE_LOOP('',(#1196));
#1196 = ORIENTED_EDGE('',*,*,#1197,.T.);
#1197 = EDGE_CURVE('',#1198,#1198,#1200,.T.);
#1198 = VERTEX_POINT('',#1199);
#1199 = CARTESIAN_POINT('',(3.00065E+04,37.490698846514,-606.));
#1200 = SURFACE_CURVE('',#1201,(#1264,#1330),.PCURVE_S1.);
#1201 = B_SPLINE_CURVE_WITH_KNOTS('',7,(#1202,#1203,#1204,#1205,#1206,
    #1207,#1208,#1209,#1210,#1211,#1212,#1213,#1214,#1215,#1216,#1217,
    #1218,#1219,#1220,#1221,#1222,#1223,#1224,#1225,#1226,#1227,#1228,
    #1229,#1230,#1231,#1232,#1233,#1234,#1235,#1236,#1237,#1238,#1239,
    #1240,#1241,#1242,#1243,#1244,#1245,#1246,#1247,#1248,#1249,#1250,
    #1251,#1252,#1253,#1254,#1255,#1256,#1257,#1258,#1259,#1260,#1261,
    #1262,#1263),.UNSPECIFIED.,.T.,.F.,(8,6,6,6,6,6,6,6,6,6,8),(0.,
    0.132680910864,0.221466647755,0.294879624238,0.39980275313,
    0.500172665745,0.600542578361,0.705465707253,0.795231868855,
    0.867625377829,1.),.UNSPECIFIED.);
#1202 = CARTESIAN_POINT('',(3.00065E+04,37.490698846514,-606.));
#1203 = CARTESIAN_POINT('',(3.00065E+04,37.490698846514,-605.3323421918)
  );
#1204 = CARTESIAN_POINT('',(3.000641999025E+04,37.504570438771,
    -604.6657588025));
#1205 = CARTESIAN_POINT('',(3.00062604368E+04,37.532234230429,
    -604.0053161929));
#1206 = CARTESIAN_POINT('',(3.000601922917E+04,37.572943618783,
    -603.3564852888));
#1207 = CARTESIAN_POINT('',(3.000569239624E+04,37.62521478715,
    -602.7267928217));
#1208 = CARTESIAN_POINT('',(3.000527446258E+04,37.686226779915,
    -602.126850369));
#1209 = CARTESIAN_POINT('',(3.000441531502E+04,37.794550032061,
    -601.2030439245));
#1210 = CARTESIAN_POINT('',(3.000402464277E+04,37.840082803207,
    -600.8503859022));
#1211 = CARTESIAN_POINT('',(3.00035871501E+04,37.886010082265,
    -600.5236980236));
#1212 = CARTESIAN_POINT('',(3.000310351874E+04,37.930088777501,
    -600.2315491015));
#1213 = CARTESIAN_POINT('',(3.000257567722E+04,37.969645162033,
    -599.9827963192));
#1214 = CARTESIAN_POINT('',(3.000200698246E+04,38.001846006173,
    -599.7866963672));
#1215 = CARTESIAN_POINT('',(3.000090285806E+04,38.042573866977,
    -599.54269537));
#1216 = CARTESIAN_POINT('',(3.000038316294E+04,38.054070647236,
    -599.475995751));
#1217 = CARTESIAN_POINT('',(2.999985332992E+04,38.057182466018,
    -599.458609531));
#1218 = CARTESIAN_POINT('',(2.999932402423E+04,38.051256259593,
    -599.4924903138));
#1219 = CARTESIAN_POINT('',(2.99988059859E+04,38.036790535847,
    -599.5760696451));
#1220 = CARTESIAN_POINT('',(2.999830927037E+04,38.015291895619,
    -599.7042730995));
#1221 = CARTESIAN_POINT('',(2.999717562389E+04,37.950911583754,
    -600.1031509312));
#1222 = CARTESIAN_POINT('',(2.999656943903E+04,37.902779883683,
    -600.4115610752));
#1223 = CARTESIAN_POINT('',(2.999602707841E+04,37.849008089362,
    -600.7767282443));
#1224 = CARTESIAN_POINT('',(2.999554862122E+04,37.79380884825,
    -601.1851760027));
#1225 = CARTESIAN_POINT('',(2.999513261037E+04,37.740369066177,
    -601.6259360411));
#1226 = CARTESIAN_POINT('',(2.999477678497E+04,37.690999428112,
    -602.0900512503));
#1227 = CARTESIAN_POINT('',(2.999419307797E+04,37.605389912371,
    -603.0297831619));
#1228 = CARTESIAN_POINT('',(2.999395906239E+04,37.568489658491,
    -603.5060433885));
#1229 = CARTESIAN_POINT('',(2.999377424065E+04,37.537885565016,
    -603.9941292441));
#1230 = CARTESIAN_POINT('',(2.999363684899E+04,37.514424754306,
    -604.4903220725));
#1231 = CARTESIAN_POINT('',(2.999354564357E+04,37.498612544995,
    -604.9916919079));
#1232 = CARTESIAN_POINT('',(2.99935E+04,37.490698846514,-605.4957162332)
  );
#1233 = CARTESIAN_POINT('',(2.99935E+04,37.490698846514,-606.5042837667)
  );
#1234 = CARTESIAN_POINT('',(2.999354564357E+04,37.498612544995,
    -607.008308092));
#1235 = CARTESIAN_POINT('',(2.999363684899E+04,37.514424754306,
    -607.5096779274));
#1236 = CARTESIAN_POINT('',(2.999377424065E+04,37.537885565016,
    -608.0058707558));
#1237 = CARTESIAN_POINT('',(2.999395906239E+04,37.56848965849,
    -608.4939566114));
#1238 = CARTESIAN_POINT('',(2.999419307797E+04,37.605389912371,
    -608.970216838));
#1239 = CARTESIAN_POINT('',(2.999477678497E+04,37.690999428112,
    -609.9099487496));
#1240 = CARTESIAN_POINT('',(2.999513261037E+04,37.740369066177,
    -610.3740639588));
#1241 = CARTESIAN_POINT('',(2.999554862122E+04,37.793808848251,
    -610.8148239972));
#1242 = CARTESIAN_POINT('',(2.999602707841E+04,37.849008089362,
    -611.2232717556));
#1243 = CARTESIAN_POINT('',(2.999656943903E+04,37.902779883683,
    -611.5884389247));
#1244 = CARTESIAN_POINT('',(2.999717562389E+04,37.950911583754,
    -611.8968490687));
#1245 = CARTESIAN_POINT('',(2.999841322425E+04,38.021195485113,
    -612.3323034703));
#1246 = CARTESIAN_POINT('',(2.999902864037E+04,38.046111757174,
    -612.4792145992));
#1247 = CARTESIAN_POINT('',(2.999967287607E+04,38.059842639371,
    -612.5565383639));
#1248 = CARTESIAN_POINT('',(3.000032712393E+04,38.059842639371,
    -612.5565383639));
#1249 = CARTESIAN_POINT('',(3.000097135963E+04,38.046111757174,
    -612.4792145992));
#1250 = CARTESIAN_POINT('',(3.000158677575E+04,38.021195485113,
    -612.3323034703));
#1251 = CARTESIAN_POINT('',(3.000261759191E+04,37.962654954905,
    -611.9696068775));
#1252 = CARTESIAN_POINT('',(3.000304980944E+04,37.931584081753,
    -611.772245746));
#1253 = CARTESIAN_POINT('',(3.000345254041E+04,37.897073152499,
    -611.5448618211));
#1254 = CARTESIAN_POINT('',(3.000382497607E+04,37.860575248886,
    -611.2923324708));
#1255 = CARTESIAN_POINT('',(3.000416683585E+04,37.823391432684,
    -611.0191072773));
#1256 = CARTESIAN_POINT('',(3.000447825646E+04,37.786614232926,
    -610.7292776939));
#1257 = CARTESIAN_POINT('',(3.000527446258E+04,37.686226779915,
    -609.8731496309));
#1258 = CARTESIAN_POINT('',(3.000569239624E+04,37.62521478715,
    -609.2732071782));
#1259 = CARTESIAN_POINT('',(3.000601922917E+04,37.572943618783,
    -608.6435147111));
#1260 = CARTESIAN_POINT('',(3.00062604368E+04,37.532234230429,
    -607.994683807));
#1261 = CARTESIAN_POINT('',(3.000641999025E+04,37.504570438771,
    -607.3342411974));
#1262 = CARTESIAN_POINT('',(3.00065E+04,37.490698846514,-606.6676578081)
  );
#1263 = CARTESIAN_POINT('',(3.00065E+04,37.490698846514,-606.));
#1264 = PCURVE('',#42,#1265);
#1265 = DEFINITIONAL_REPRESENTATION('',(#1266),#1329);
#1266 = B_SPLINE_CURVE_WITH_KNOTS('',7,(#1267,#1268,#1269,#1270,#1271,
    #1272,#1273,#1274,#1275,#1276,#1277,#1278,#1279,#1280,#1281,#1282,
    #1283,#1284,#1285,#1286,#1287,#1288,#1289,#1290,#1291,#1292,#1293,
    #1294,#1295,#1296,#1297,#1298,#1299,#1300,#1301,#1302,#1303,#1304,
    #1305,#1306,#1307,#1308,#1309,#1310,#1311,#1312,#1313,#1314,#1315,
    #1316,#1317,#1318,#1319,#1320,#1321,#1322,#1323,#1324,#1325,#1326,
    #1327,#1328),.UNSPECIFIED.,.T.,.F.,(8,6,6,6,6,6,6,6,6,6,8),(0.,
    0.132680910864,0.221466647755,0.294879624238,0.39980275313,
    0.500172665745,0.600542578361,0.705465707253,0.795231868855,
    0.867625377829,1.),.UNSPECIFIED.);
#1267 = CARTESIAN_POINT('',(1.399126510358,4.244E+03));
#1268 = CARTESIAN_POINT('',(1.399126510358,4.244667657808E+03));
#1269 = CARTESIAN_POINT('',(1.401260630097,4.245334241197E+03));
#1270 = CARTESIAN_POINT('',(1.405516460183,4.245994683807E+03));
#1271 = CARTESIAN_POINT('',(1.411945239706,4.246643514711E+03));
#1272 = CARTESIAN_POINT('',(1.420643310554,4.247273207178E+03));
#1273 = CARTESIAN_POINT('',(1.431741419187,4.247873149631E+03));
#1274 = CARTESIAN_POINT('',(1.454499617749,4.248796956075E+03));
#1275 = CARTESIAN_POINT('',(1.464835985317,4.249149614098E+03));
#1276 = CARTESIAN_POINT('',(1.476395788282,4.249476301976E+03));
#1277 = CARTESIAN_POINT('',(1.489156417718,4.249768450898E+03));
#1278 = CARTESIAN_POINT('',(1.503064237002,4.250017203681E+03));
#1279 = CARTESIAN_POINT('',(1.518031245724,4.250213303633E+03));
#1280 = CARTESIAN_POINT('',(1.547068704596,4.25045730463E+03));
#1281 = CARTESIAN_POINT('',(1.560728776666,4.250524004249E+03));
#1282 = CARTESIAN_POINT('',(1.574650683882,4.250541390469E+03));
#1283 = CARTESIAN_POINT('',(1.588558727095,4.250507509686E+03));
#1284 = CARTESIAN_POINT('',(1.60217608781,4.250423930355E+03));
#1285 = CARTESIAN_POINT('',(1.615241406915,4.2502957269E+03));
#1286 = CARTESIAN_POINT('',(1.645083012863,4.249896849069E+03));
#1287 = CARTESIAN_POINT('',(1.661060373084,4.249588438925E+03));
#1288 = CARTESIAN_POINT('',(1.675380325601,4.249223271756E+03));
#1289 = CARTESIAN_POINT('',(1.688036072168,4.248814823997E+03));
#1290 = CARTESIAN_POINT('',(1.699058209051,4.248374063959E+03));
#1291 = CARTESIAN_POINT('',(1.708499033175,4.24790994875E+03));
#1292 = CARTESIAN_POINT('',(1.724003673415,4.246970216838E+03));
#1293 = CARTESIAN_POINT('',(1.730229517863,4.246493956611E+03));
#1294 = CARTESIAN_POINT('',(1.735152857502,4.246005870756E+03));
#1295 = CARTESIAN_POINT('',(1.738815939836,4.245509677927E+03));
#1296 = CARTESIAN_POINT('',(1.741248675959,4.245008308092E+03));
#1297 = CARTESIAN_POINT('',(1.742466143232,4.244504283767E+03));
#1298 = CARTESIAN_POINT('',(1.742466143232,4.243495716233E+03));
#1299 = CARTESIAN_POINT('',(1.741248675959,4.242991691908E+03));
#1300 = CARTESIAN_POINT('',(1.738815939836,4.242490322073E+03));
#1301 = CARTESIAN_POINT('',(1.735152857502,4.241994129244E+03));
#1302 = CARTESIAN_POINT('',(1.730229517863,4.241506043389E+03));
#1303 = CARTESIAN_POINT('',(1.724003673415,4.241029783162E+03));
#1304 = CARTESIAN_POINT('',(1.708499033175,4.24009005125E+03));
#1305 = CARTESIAN_POINT('',(1.699058209051,4.239625936041E+03));
#1306 = CARTESIAN_POINT('',(1.688036072168,4.239185176003E+03));
#1307 = CARTESIAN_POINT('',(1.675380325602,4.238776728244E+03));
#1308 = CARTESIAN_POINT('',(1.661060373084,4.238411561075E+03));
#1309 = CARTESIAN_POINT('',(1.645083012863,4.238103150931E+03));
#1310 = CARTESIAN_POINT('',(1.612504971098,4.23766769653E+03));
#1311 = CARTESIAN_POINT('',(1.596319981931,4.237520785401E+03));
#1312 = CARTESIAN_POINT('',(1.579389926265,4.237443461636E+03));
#1313 = CARTESIAN_POINT('',(1.562202727325,4.237443461636E+03));
#1314 = CARTESIAN_POINT('',(1.545272671659,4.237520785401E+03));
#1315 = CARTESIAN_POINT('',(1.529087682492,4.23766769653E+03));
#1316 = CARTESIAN_POINT('',(1.501952936111,4.238030393122E+03));
#1317 = CARTESIAN_POINT('',(1.490565713898,4.238227754254E+03));
#1318 = CARTESIAN_POINT('',(1.479944144103,4.238455138179E+03));
#1319 = CARTESIAN_POINT('',(1.470110319099,4.238707667529E+03));
#1320 = CARTESIAN_POINT('',(1.461073470876,4.238980892723E+03));
#1321 = CARTESIAN_POINT('',(1.452832344205,4.239270722306E+03));
#1322 = CARTESIAN_POINT('',(1.431741419187,4.240126850369E+03));
#1323 = CARTESIAN_POINT('',(1.420643310554,4.240726792822E+03));
#1324 = CARTESIAN_POINT('',(1.411945239706,4.241356485289E+03));
#1325 = CARTESIAN_POINT('',(1.405516460183,4.242005316193E+03));
#1326 = CARTESIAN_POINT('',(1.401260630097,4.242665758803E+03));
#1327 = CARTESIAN_POINT('',(1.399126510358,4.243332342192E+03));
#1328 = CARTESIAN_POINT('',(1.399126510358,4.244E+03));
#1329 = ( GEOMETRIC_REPRESENTATION_CONTEXT(2) 
PARAMETRIC_REPRESENTATION_CONTEXT() REPRESENTATION_CONTEXT('2D SPACE',''
  ) );
#1330 = PCURVE('',#1331,#1336);
#1331 = CYLINDRICAL_SURFACE('',#1332,6.5);
#1332 = AXIS2_PLACEMENT_3D('',#1333,#1334,#1335);
#1333 = CARTESIAN_POINT('',(3.E+04,39.05,-606.));
#1334 = DIRECTION('',(0.,-1.,2.22044604925E-16));
#1335 = DIRECTION('',(1.,0.,0.));
#1336 = DEFINITIONAL_REPRESENTATION('',(#1337),#1400);
#1337 = B_SPLINE_CURVE_WITH_KNOTS('',7,(#1338,#1339,#1340,#1341,#1342,
    #1343,#1344,#1345,#1346,#1347,#1348,#1349,#1350,#1351,#1352,#1353,
    #1354,#1355,#1356,#1357,#1358,#1359,#1360,#1361,#1362,#1363,#1364,
    #1365,#1366,#1367,#1368,#1369,#1370,#1371,#1372,#1373,#1374,#1375,
    #1376,#1377,#1378,#1379,#1380,#1381,#1382,#1383,#1384,#1385,#1386,
    #1387,#1388,#1389,#1390,#1391,#1392,#1393,#1394,#1395,#1396,#1397,
    #1398,#1399),.UNSPECIFIED.,.F.,.F.,(8,6,6,6,6,6,6,6,6,6,8),(0.,
    0.132680910864,0.221466647755,0.294879624238,0.39980275313,
    0.500172665745,0.600542578361,0.705465707253,0.795231868855,
    0.867625377829,1.),.UNSPECIFIED.);
#1338 = CARTESIAN_POINT('',(0.,1.559301153486));
#1339 = CARTESIAN_POINT('',(0.102716585867,1.559301153486));
#1340 = CARTESIAN_POINT('',(0.205267669112,1.545429561229));
#1341 = CARTESIAN_POINT('',(0.308645330839,1.517765769571));
#1342 = CARTESIAN_POINT('',(0.413747781462,1.477056381217));
#1343 = CARTESIAN_POINT('',(0.521495606809,1.42478521285));
#1344 = CARTESIAN_POINT('',(0.632871087345,1.363773220085));
#1345 = CARTESIAN_POINT('',(0.826958414665,1.255449967939));
#1346 = CARTESIAN_POINT('',(0.907619528533,1.209917196793));
#1347 = CARTESIAN_POINT('',(0.991027951375,1.163989917735));
#1348 = CARTESIAN_POINT('',(1.077175180622,1.119911222499));
#1349 = CARTESIAN_POINT('',(1.16613484205,1.080354837967));
#1350 = CARTESIAN_POINT('',(1.258075699464,1.048153993827));
#1351 = CARTESIAN_POINT('',(1.432039388722,1.007426133023));
#1352 = CARTESIAN_POINT('',(1.512323118166,0.995929352764));
#1353 = CARTESIAN_POINT('',(1.593290115242,0.992817533982));
#1354 = CARTESIAN_POINT('',(1.674211286617,0.998743740407));
#1355 = CARTESIAN_POINT('',(1.754379311681,1.013209464153));
#1356 = CARTESIAN_POINT('',(1.833011540839,1.034708104381));
#1357 = CARTESIAN_POINT('',(2.017899664709,1.099088416246));
#1358 = CARTESIAN_POINT('',(2.121620645578,1.147220116317));
#1359 = CARTESIAN_POINT('',(2.221078202877,1.200991910638));
#1360 = CARTESIAN_POINT('',(2.316802374679,1.25619115175));
#1361 = CARTESIAN_POINT('',(2.409250120179,1.309630933823));
#1362 = CARTESIAN_POINT('',(2.498788163076,1.359000571888));
#1363 = CARTESIAN_POINT('',(2.668981921157,1.444610087629));
#1364 = CARTESIAN_POINT('',(2.750219846949,1.481510341509));
#1365 = CARTESIAN_POINT('',(2.829948987225,1.512114434984));
#1366 = CARTESIAN_POINT('',(2.908572709217,1.535575245694));
#1367 = CARTESIAN_POINT('',(2.98646795801,1.551387455005));
#1368 = CARTESIAN_POINT('',(3.064010535623,1.559301153486));
#1369 = CARTESIAN_POINT('',(3.219174771556,1.559301153486));
#1370 = CARTESIAN_POINT('',(3.29671734917,1.551387455005));
#1371 = CARTESIAN_POINT('',(3.374612597963,1.535575245694));
#1372 = CARTESIAN_POINT('',(3.453236319954,1.512114434984));
#1373 = CARTESIAN_POINT('',(3.53296546023,1.481510341509));
#1374 = CARTESIAN_POINT('',(3.614203386023,1.444610087629));
#1375 = CARTESIAN_POINT('',(3.784397144104,1.359000571888));
#1376 = CARTESIAN_POINT('',(3.873935187,1.309630933823));
#1377 = CARTESIAN_POINT('',(3.966382932502,1.256191151749));
#1378 = CARTESIAN_POINT('',(4.062107104302,1.200991910638));
#1379 = CARTESIAN_POINT('',(4.161564661603,1.147220116317));
#1380 = CARTESIAN_POINT('',(4.26528564247,1.099088416246));
#1381 = CARTESIAN_POINT('',(4.467127762895,1.028804514887));
#1382 = CARTESIAN_POINT('',(4.563941691832,1.003888242826));
#1383 = CARTESIAN_POINT('',(4.662700833925,0.990157360629));
#1384 = CARTESIAN_POINT('',(4.762077126844,0.990157360629));
#1385 = CARTESIAN_POINT('',(4.860836268937,1.003888242826));
#1386 = CARTESIAN_POINT('',(4.957650197875,1.028804514887));
#1387 = CARTESIAN_POINT('',(5.125767569269,1.087345045095));
#1388 = CARTESIAN_POINT('',(5.198571040834,1.118415918247));
#1389 = CARTESIAN_POINT('',(5.269318158946,1.152926847501));
#1390 = CARTESIAN_POINT('',(5.338148905699,1.189424751114));
#1391 = CARTESIAN_POINT('',(5.405166364082,1.226608567316));
#1392 = CARTESIAN_POINT('',(5.470445797632,1.263385767074));
#1393 = CARTESIAN_POINT('',(5.650314219835,1.363773220085));
#1394 = CARTESIAN_POINT('',(5.76168970037,1.42478521285));
#1395 = CARTESIAN_POINT('',(5.869437525718,1.477056381217));
#1396 = CARTESIAN_POINT('',(5.974539976341,1.517765769571));
#1397 = CARTESIAN_POINT('',(6.077917638068,1.545429561229));
#1398 = CARTESIAN_POINT('',(6.180468721313,1.559301153486));
#1399 = CARTESIAN_POINT('',(6.28318530718,1.559301153486));
#1400 = ( GEOMETRIC_REPRESENTATION_CONTEXT(2) 
PARAMETRIC_REPRESENTATION_CONTEXT() REPRESENTATION_CONTEXT('2D SPACE',''
  ) );
#1401 = FACE_BOUND('',#1402,.T.);
#1402 = EDGE_LOOP('',(#1403));
#1403 = ORIENTED_EDGE('',*,*,#1404,.T.);
#1404 = EDGE_CURVE('',#1405,#1405,#1407,.T.);
#1405 = VERTEX_POINT('',#1406);
#1406 = CARTESIAN_POINT('',(3.00065E+04,37.490698846514,-406.));
#1407 = SURFACE_CURVE('',#1408,(#1471,#1537),.PCURVE_S1.);
#1408 = B_SPLINE_CURVE_WITH_KNOTS('',7,(#1409,#1410,#1411,#1412,#1413,
    #1414,#1415,#1416,#1417,#1418,#1419,#1420,#1421,#1422,#1423,#1424,
    #1425,#1426,#1427,#1428,#1429,#1430,#1431,#1432,#1433,#1434,#1435,
    #1436,#1437,#1438,#1439,#1440,#1441,#1442,#1443,#1444,#1445,#1446,
    #1447,#1448,#1449,#1450,#1451,#1452,#1453,#1454,#1455,#1456,#1457,
    #1458,#1459,#1460,#1461,#1462,#1463,#1464,#1465,#1466,#1467,#1468,
    #1469,#1470),.UNSPECIFIED.,.T.,.F.,(8,6,6,6,6,6,6,6,6,6,8),(0.,
    0.13268091067,0.221466648416,0.294879625635,0.399802755578,
    0.500172668635,0.600542580576,0.705465708173,0.795231868668,
    0.867625377336,1.),.UNSPECIFIED.);
#1409 = CARTESIAN_POINT('',(3.00065E+04,37.490698846514,-406.));
#1410 = CARTESIAN_POINT('',(3.00065E+04,37.490698846514,-405.3323421987)
  );
#1411 = CARTESIAN_POINT('',(3.000641999025E+04,37.504570439446,
    -404.665758776));
#1412 = CARTESIAN_POINT('',(3.000626043681E+04,37.532234228259,
    -404.0053162397));
#1413 = CARTESIAN_POINT('',(3.000601922915E+04,37.572943621804,
    -403.3564852433));
#1414 = CARTESIAN_POINT('',(3.000569239626E+04,37.625214785004,
    -402.7267928461));
#1415 = CARTESIAN_POINT('',(3.000527446257E+04,37.686226780603,
    -402.1268503631));
#1416 = CARTESIAN_POINT('',(3.000441531501E+04,37.794550032082,
    -401.2030439243));
#1417 = CARTESIAN_POINT('',(3.000402464277E+04,37.840082803208,
    -400.8503859022));
#1418 = CARTESIAN_POINT('',(3.00035871501E+04,37.886010082245,
    -400.5236980237));
#1419 = CARTESIAN_POINT('',(3.000310351874E+04,37.930088777489,
    -400.2315491015));
#1420 = CARTESIAN_POINT('',(3.000257567722E+04,37.969645162043,
    -399.9827963191));
#1421 = CARTESIAN_POINT('',(3.000200698246E+04,38.001846006182,
    -399.7866963672));
#1422 = CARTESIAN_POINT('',(3.000090285806E+04,38.042573866977,
    -399.54269537));
#1423 = CARTESIAN_POINT('',(3.000038316294E+04,38.054070647236,
    -399.475995751));
#1424 = CARTESIAN_POINT('',(2.999985332992E+04,38.057182466018,
    -399.458609531));
#1425 = CARTESIAN_POINT('',(2.999932402423E+04,38.051256259593,
    -399.4924903138));
#1426 = CARTESIAN_POINT('',(2.99988059859E+04,38.036790535847,
    -399.5760696451));
#1427 = CARTESIAN_POINT('',(2.999830927037E+04,38.015291895619,
    -399.7042730995));
#1428 = CARTESIAN_POINT('',(2.999717562389E+04,37.950911583754,
    -400.1031509312));
#1429 = CARTESIAN_POINT('',(2.999656943903E+04,37.902779883683,
    -400.4115610752));
#1430 = CARTESIAN_POINT('',(2.999602707841E+04,37.849008089362,
    -400.7767282443));
#1431 = CARTESIAN_POINT('',(2.999554862122E+04,37.79380884825,
    -401.1851760027));
#1432 = CARTESIAN_POINT('',(2.999513261037E+04,37.740369066177,
    -401.6259360411));
#1433 = CARTESIAN_POINT('',(2.999477678497E+04,37.690999428112,
    -402.0900512503));
#1434 = CARTESIAN_POINT('',(2.999419307798E+04,37.605389912606,
    -403.0297831593));
#1435 = CARTESIAN_POINT('',(2.999395906239E+04,37.568489658103,
    -403.5060433948));
#1436 = CARTESIAN_POINT('',(2.999377424065E+04,37.537885565101,
    -403.9941292402));
#1437 = CARTESIAN_POINT('',(2.999363684899E+04,37.514424754564,
    -404.4903220688));
#1438 = CARTESIAN_POINT('',(2.999354564356E+04,37.498612544817,
    -404.9916919144));
#1439 = CARTESIAN_POINT('',(2.99935E+04,37.490698846514,-405.4957162304)
  );
#1440 = CARTESIAN_POINT('',(2.99935E+04,37.490698846514,-406.5042837639)
  );
#1441 = CARTESIAN_POINT('',(2.999354564357E+04,37.498612545173,
    -407.0083080985));
#1442 = CARTESIAN_POINT('',(2.999363684899E+04,37.514424754048,
    -407.5096779236));
#1443 = CARTESIAN_POINT('',(2.999377424065E+04,37.537885564931,
    -408.0058707519));
#1444 = CARTESIAN_POINT('',(2.99939590624E+04,37.568489658878,
    -408.4939566177));
#1445 = CARTESIAN_POINT('',(2.999419307797E+04,37.605389912136,
    -408.9702168354));
#1446 = CARTESIAN_POINT('',(2.999477678497E+04,37.690999428112,
    -409.9099487496));
#1447 = CARTESIAN_POINT('',(2.999513261037E+04,37.740369066177,
    -410.3740639588));
#1448 = CARTESIAN_POINT('',(2.999554862122E+04,37.793808848251,
    -410.8148239972));
#1449 = CARTESIAN_POINT('',(2.999602707841E+04,37.849008089362,
    -411.2232717556));
#1450 = CARTESIAN_POINT('',(2.999656943903E+04,37.902779883683,
    -411.5884389247));
#1451 = CARTESIAN_POINT('',(2.999717562389E+04,37.950911583754,
    -411.8968490687));
#1452 = CARTESIAN_POINT('',(2.999841322425E+04,38.021195485113,
    -412.3323034703));
#1453 = CARTESIAN_POINT('',(2.999902864037E+04,38.046111757174,
    -412.4792145992));
#1454 = CARTESIAN_POINT('',(2.999967287607E+04,38.059842639371,
    -412.5565383639));
#1455 = CARTESIAN_POINT('',(3.000032712393E+04,38.059842639371,
    -412.5565383639));
#1456 = CARTESIAN_POINT('',(3.000097135963E+04,38.046111757174,
    -412.4792145992));
#1457 = CARTESIAN_POINT('',(3.000158677575E+04,38.021195485113,
    -412.3323034703));
#1458 = CARTESIAN_POINT('',(3.000261759192E+04,37.962654954693,
    -411.9696068762));
#1459 = CARTESIAN_POINT('',(3.000304980943E+04,37.931584082321,
    -411.7722457499));
#1460 = CARTESIAN_POINT('',(3.000345254041E+04,37.89707315211,
    -411.544861818));
#1461 = CARTESIAN_POINT('',(3.000382497607E+04,37.860575248547,
    -411.2923324685));
#1462 = CARTESIAN_POINT('',(3.000416683584E+04,37.823391433312,
    -411.0191072822));
#1463 = CARTESIAN_POINT('',(3.000447825647E+04,37.786614232644,
    -410.7292776915));
#1464 = CARTESIAN_POINT('',(3.000527446258E+04,37.686226779915,
    -409.8731496309));
#1465 = CARTESIAN_POINT('',(3.000569239624E+04,37.62521478715,
    -409.2732071782));
#1466 = CARTESIAN_POINT('',(3.000601922917E+04,37.572943618783,
    -408.6435147111));
#1467 = CARTESIAN_POINT('',(3.00062604368E+04,37.532234230429,
    -407.994683807));
#1468 = CARTESIAN_POINT('',(3.000641999025E+04,37.504570438771,
    -407.3342411974));
#1469 = CARTESIAN_POINT('',(3.00065E+04,37.490698846514,-406.6676578081)
  );
#1470 = CARTESIAN_POINT('',(3.00065E+04,37.490698846514,-406.));
#1471 = PCURVE('',#42,#1472);
#1472 = DEFINITIONAL_REPRESENTATION('',(#1473),#1536);
#1473 = B_SPLINE_CURVE_WITH_KNOTS('',7,(#1474,#1475,#1476,#1477,#1478,
    #1479,#1480,#1481,#1482,#1483,#1484,#1485,#1486,#1487,#1488,#1489,
    #1490,#1491,#1492,#1493,#1494,#1495,#1496,#1497,#1498,#1499,#1500,
    #1501,#1502,#1503,#1504,#1505,#1506,#1507,#1508,#1509,#1510,#1511,
    #1512,#1513,#1514,#1515,#1516,#1517,#1518,#1519,#1520,#1521,#1522,
    #1523,#1524,#1525,#1526,#1527,#1528,#1529,#1530,#1531,#1532,#1533,
    #1534,#1535),.UNSPECIFIED.,.T.,.F.,(8,6,6,6,6,6,6,6,6,6,8),(0.,
    0.13268091067,0.221466648416,0.294879625635,0.399802755578,
    0.500172668635,0.600542580576,0.705465708173,0.795231868668,
    0.867625377336,1.),.UNSPECIFIED.);
#1474 = CARTESIAN_POINT('',(1.399126510358,4.444E+03));
#1475 = CARTESIAN_POINT('',(1.399126510358,4.444667657801E+03));
#1476 = CARTESIAN_POINT('',(1.401260630228,4.445334241224E+03));
#1477 = CARTESIAN_POINT('',(1.405516459755,4.44599468376E+03));
#1478 = CARTESIAN_POINT('',(1.411945240311,4.446643514757E+03));
#1479 = CARTESIAN_POINT('',(1.420643310116,4.447273207154E+03));
#1480 = CARTESIAN_POINT('',(1.431741419332,4.447873149637E+03));
#1481 = CARTESIAN_POINT('',(1.454499617753,4.448796956076E+03));
#1482 = CARTESIAN_POINT('',(1.464835985318,4.449149614098E+03));
#1483 = CARTESIAN_POINT('',(1.476395788278,4.449476301976E+03));
#1484 = CARTESIAN_POINT('',(1.489156417713,4.449768450898E+03));
#1485 = CARTESIAN_POINT('',(1.503064237002,4.450017203681E+03));
#1486 = CARTESIAN_POINT('',(1.51803124573,4.450213303633E+03));
#1487 = CARTESIAN_POINT('',(1.547068704596,4.45045730463E+03));
#1488 = CARTESIAN_POINT('',(1.560728776666,4.450524004249E+03));
#1489 = CARTESIAN_POINT('',(1.574650683882,4.450541390469E+03));
#1490 = CARTESIAN_POINT('',(1.588558727095,4.450507509686E+03));
#1491 = CARTESIAN_POINT('',(1.60217608781,4.450423930355E+03));
#1492 = CARTESIAN_POINT('',(1.615241406915,4.4502957269E+03));
#1493 = CARTESIAN_POINT('',(1.645083012863,4.449896849069E+03));
#1494 = CARTESIAN_POINT('',(1.661060373084,4.449588438925E+03));
#1495 = CARTESIAN_POINT('',(1.675380325601,4.449223271756E+03));
#1496 = CARTESIAN_POINT('',(1.688036072168,4.448814823997E+03));
#1497 = CARTESIAN_POINT('',(1.699058209051,4.448374063959E+03));
#1498 = CARTESIAN_POINT('',(1.708499033175,4.44790994875E+03));
#1499 = CARTESIAN_POINT('',(1.724003673372,4.446970216841E+03));
#1500 = CARTESIAN_POINT('',(1.730229517932,4.446493956605E+03));
#1501 = CARTESIAN_POINT('',(1.735152857487,4.44600587076E+03));
#1502 = CARTESIAN_POINT('',(1.73881593979,4.445509677931E+03));
#1503 = CARTESIAN_POINT('',(1.74124867599,4.445008308086E+03));
#1504 = CARTESIAN_POINT('',(1.742466143232,4.44450428377E+03));
#1505 = CARTESIAN_POINT('',(1.742466143232,4.443495716236E+03));
#1506 = CARTESIAN_POINT('',(1.741248675927,4.442991691901E+03));
#1507 = CARTESIAN_POINT('',(1.738815939881,4.442490322076E+03));
#1508 = CARTESIAN_POINT('',(1.735152857516,4.441994129248E+03));
#1509 = CARTESIAN_POINT('',(1.730229517794,4.441506043382E+03));
#1510 = CARTESIAN_POINT('',(1.724003673458,4.441029783165E+03));
#1511 = CARTESIAN_POINT('',(1.708499033175,4.44009005125E+03));
#1512 = CARTESIAN_POINT('',(1.699058209051,4.439625936041E+03));
#1513 = CARTESIAN_POINT('',(1.688036072168,4.439185176003E+03));
#1514 = CARTESIAN_POINT('',(1.675380325602,4.438776728244E+03));
#1515 = CARTESIAN_POINT('',(1.661060373084,4.438411561075E+03));
#1516 = CARTESIAN_POINT('',(1.645083012863,4.438103150931E+03));
#1517 = CARTESIAN_POINT('',(1.612504971098,4.43766769653E+03));
#1518 = CARTESIAN_POINT('',(1.596319981931,4.437520785401E+03));
#1519 = CARTESIAN_POINT('',(1.579389926265,4.437443461636E+03));
#1520 = CARTESIAN_POINT('',(1.562202727325,4.437443461636E+03));
#1521 = CARTESIAN_POINT('',(1.545272671659,4.437520785401E+03));
#1522 = CARTESIAN_POINT('',(1.529087682492,4.43766769653E+03));
#1523 = CARTESIAN_POINT('',(1.501952936013,4.438030393124E+03));
#1524 = CARTESIAN_POINT('',(1.490565714102,4.43822775425E+03));
#1525 = CARTESIAN_POINT('',(1.479944144005,4.438455138182E+03));
#1526 = CARTESIAN_POINT('',(1.470110318972,4.438707667531E+03));
#1527 = CARTESIAN_POINT('',(1.461073471045,4.438980892718E+03));
#1528 = CARTESIAN_POINT('',(1.452832344146,4.439270722308E+03));
#1529 = CARTESIAN_POINT('',(1.431741419187,4.440126850369E+03));
#1530 = CARTESIAN_POINT('',(1.420643310554,4.440726792822E+03));
#1531 = CARTESIAN_POINT('',(1.411945239706,4.441356485289E+03));
#1532 = CARTESIAN_POINT('',(1.405516460183,4.442005316193E+03));
#1533 = CARTESIAN_POINT('',(1.401260630097,4.442665758803E+03));
#1534 = CARTESIAN_POINT('',(1.399126510358,4.443332342192E+03));
#1535 = CARTESIAN_POINT('',(1.399126510358,4.444E+03));
#1536 = ( GEOMETRIC_REPRESENTATION_CONTEXT(2) 
PARAMETRIC_REPRESENTATION_CONTEXT() REPRESENTATION_CONTEXT('2D SPACE',''
  ) );
#1537 = PCURVE('',#1538,#1543);
#1538 = CYLINDRICAL_SURFACE('',#1539,6.5);
#1539 = AXIS2_PLACEMENT_3D('',#1540,#1541,#1542);
#1540 = CARTESIAN_POINT('',(3.E+04,39.05,-406.));
#1541 = DIRECTION('',(0.,-1.,2.22044604925E-16));
#1542 = DIRECTION('',(1.,0.,0.));
#1543 = DEFINITIONAL_REPRESENTATION('',(#1544),#1607);
#1544 = B_SPLINE_CURVE_WITH_KNOTS('',7,(#1545,#1546,#1547,#1548,#1549,
    #1550,#1551,#1552,#1553,#1554,#1555,#1556,#1557,#1558,#1559,#1560,
    #1561,#1562,#1563,#1564,#1565,#1566,#1567,#1568,#1569,#1570,#1571,
    #1572,#1573,#1574,#1575,#1576,#1577,#1578,#1579,#1580,#1581,#1582,
    #1583,#1584,#1585,#1586,#1587,#1588,#1589,#1590,#1591,#1592,#1593,
    #1594,#1595,#1596,#1597,#1598,#1599,#1600,#1601,#1602,#1603,#1604,
    #1605,#1606),.UNSPECIFIED.,.F.,.F.,(8,6,6,6,6,6,6,6,6,6,8),(0.,
    0.13268091067,0.221466648416,0.294879625635,0.399802755578,
    0.500172668635,0.600542580576,0.705465708173,0.795231868668,
    0.867625377336,1.),.UNSPECIFIED.);
#1545 = CARTESIAN_POINT('',(0.,1.559301153486));
#1546 = CARTESIAN_POINT('',(0.102716584804,1.559301153486));
#1547 = CARTESIAN_POINT('',(0.205267673439,1.545429560554));
#1548 = CARTESIAN_POINT('',(0.308645322795,1.517765771741));
#1549 = CARTESIAN_POINT('',(0.413747789717,1.477056378196));
#1550 = CARTESIAN_POINT('',(0.521495602117,1.424785214996));
#1551 = CARTESIAN_POINT('',(0.632871088577,1.363773219397));
#1552 = CARTESIAN_POINT('',(0.826958414703,1.255449967918));
#1553 = CARTESIAN_POINT('',(0.907619528534,1.209917196792));
#1554 = CARTESIAN_POINT('',(0.991027951344,1.163989917755));
#1555 = CARTESIAN_POINT('',(1.077175180594,1.119911222511));
#1556 = CARTESIAN_POINT('',(1.166134842056,1.080354837957));
#1557 = CARTESIAN_POINT('',(1.258075699502,1.048153993818));
#1558 = CARTESIAN_POINT('',(1.432039388722,1.007426133023));
#1559 = CARTESIAN_POINT('',(1.512323118166,0.995929352764));
#1560 = CARTESIAN_POINT('',(1.593290115243,0.992817533982));
#1561 = CARTESIAN_POINT('',(1.674211286617,0.998743740407));
#1562 = CARTESIAN_POINT('',(1.754379311681,1.013209464153));
#1563 = CARTESIAN_POINT('',(1.833011540839,1.034708104381));
#1564 = CARTESIAN_POINT('',(2.017899664709,1.099088416246));
#1565 = CARTESIAN_POINT('',(2.121620645577,1.147220116317));
#1566 = CARTESIAN_POINT('',(2.221078202877,1.200991910638));
#1567 = CARTESIAN_POINT('',(2.316802374679,1.25619115175));
#1568 = CARTESIAN_POINT('',(2.409250120179,1.309630933823));
#1569 = CARTESIAN_POINT('',(2.498788163076,1.359000571888));
#1570 = CARTESIAN_POINT('',(2.668981920689,1.444610087394));
#1571 = CARTESIAN_POINT('',(2.750219848022,1.481510341897));
#1572 = CARTESIAN_POINT('',(2.829948986604,1.512114434899));
#1573 = CARTESIAN_POINT('',(2.908572708569,1.535575245436));
#1574 = CARTESIAN_POINT('',(2.986467959049,1.551387455183));
#1575 = CARTESIAN_POINT('',(3.064010535192,1.559301153486));
#1576 = CARTESIAN_POINT('',(3.219174771125,1.559301153486));
#1577 = CARTESIAN_POINT('',(3.296717350208,1.551387454827));
#1578 = CARTESIAN_POINT('',(3.374612597314,1.535575245952));
#1579 = CARTESIAN_POINT('',(3.453236319333,1.512114435069));
#1580 = CARTESIAN_POINT('',(3.532965461302,1.481510341122));
#1581 = CARTESIAN_POINT('',(3.614203385555,1.444610087864));
#1582 = CARTESIAN_POINT('',(3.784397144104,1.359000571888));
#1583 = CARTESIAN_POINT('',(3.873935187,1.309630933823));
#1584 = CARTESIAN_POINT('',(3.966382932501,1.256191151749));
#1585 = CARTESIAN_POINT('',(4.062107104302,1.200991910638));
#1586 = CARTESIAN_POINT('',(4.161564661603,1.147220116317));
#1587 = CARTESIAN_POINT('',(4.26528564247,1.099088416246));
#1588 = CARTESIAN_POINT('',(4.467127762895,1.028804514887));
#1589 = CARTESIAN_POINT('',(4.563941691832,1.003888242826));
#1590 = CARTESIAN_POINT('',(4.662700833925,0.990157360629));
#1591 = CARTESIAN_POINT('',(4.762077126844,0.990157360629));
#1592 = CARTESIAN_POINT('',(4.860836268937,1.003888242826));
#1593 = CARTESIAN_POINT('',(4.957650197875,1.028804514887));
#1594 = CARTESIAN_POINT('',(5.125767569878,1.087345045307));
#1595 = CARTESIAN_POINT('',(5.198571039469,1.118415917679));
#1596 = CARTESIAN_POINT('',(5.269318159701,1.15292684789));
#1597 = CARTESIAN_POINT('',(5.338148906532,1.189424751453));
#1598 = CARTESIAN_POINT('',(5.405166362812,1.226608566688));
#1599 = CARTESIAN_POINT('',(5.470445798137,1.263385767356));
#1600 = CARTESIAN_POINT('',(5.650314219835,1.363773220085));
#1601 = CARTESIAN_POINT('',(5.761689700371,1.42478521285));
#1602 = CARTESIAN_POINT('',(5.869437525718,1.477056381217));
#1603 = CARTESIAN_POINT('',(5.974539976341,1.517765769571));
#1604 = CARTESIAN_POINT('',(6.077917638067,1.545429561229));
#1605 = CARTESIAN_POINT('',(6.180468721313,1.559301153486));
#1606 = CARTESIAN_POINT('',(6.28318530718,1.559301153486));
#1607 = ( GEOMETRIC_REPRESENTATION_CONTEXT(2) 
PARAMETRIC_REPRESENTATION_CONTEXT() REPRESENTATION_CONTEXT('2D SPACE',''
  ) );
#1608 = FACE_BOUND('',#1609,.T.);
#1609 = EDGE_LOOP('',(#1610));
#1610 = ORIENTED_EDGE('',*,*,#1611,.T.);
#1611 = EDGE_CURVE('',#1612,#1612,#1614,.T.);
#1612 = VERTEX_POINT('',#1613);
#1613 = CARTESIAN_POINT('',(3.00065E+04,37.490698846514,-206.));
#1614 = SURFACE_CURVE('',#1615,(#1678,#1744),.PCURVE_S1.);
#1615 = B_SPLINE_CURVE_WITH_KNOTS('',7,(#1616,#1617,#1618,#1619,#1620,
    #1621,#1622,#1623,#1624,#1625,#1626,#1627,#1628,#1629,#1630,#1631,
    #1632,#1633,#1634,#1635,#1636,#1637,#1638,#1639,#1640,#1641,#1642,
    #1643,#1644,#1645,#1646,#1647,#1648,#1649,#1650,#1651,#1652,#1653,
    #1654,#1655,#1656,#1657,#1658,#1659,#1660,#1661,#1662,#1663,#1664,
    #1665,#1666,#1667,#1668,#1669,#1670,#1671,#1672,#1673,#1674,#1675,
    #1676,#1677),.UNSPECIFIED.,.T.,.F.,(8,6,6,6,6,6,6,6,6,6,8),(0.,
    0.132680912685,0.221466649379,0.294879624475,0.399802751383,
    0.500172663178,0.600542576037,0.705465705183,0.795231867004,
    0.86762537675,1.),.UNSPECIFIED.);
#1616 = CARTESIAN_POINT('',(3.00065E+04,37.490698846514,-206.));
#1617 = CARTESIAN_POINT('',(3.00065E+04,37.490698846514,-205.3323421918)
  );
#1618 = CARTESIAN_POINT('',(3.000641999025E+04,37.504570438771,
    -204.6657588025));
#1619 = CARTESIAN_POINT('',(3.00062604368E+04,37.532234230429,
    -204.0053161929));
#1620 = CARTESIAN_POINT('',(3.000601922917E+04,37.572943618783,
    -203.3564852888));
#1621 = CARTESIAN_POINT('',(3.000569239624E+04,37.62521478715,
    -202.7267928217));
#1622 = CARTESIAN_POINT('',(3.000527446258E+04,37.686226779915,
    -202.126850369));
#1623 = CARTESIAN_POINT('',(3.000441531502E+04,37.794550031368,
    -201.2030439304));
#1624 = CARTESIAN_POINT('',(3.000402464275E+04,37.840082804723,
    -200.8503858903));
#1625 = CARTESIAN_POINT('',(3.000358715011E+04,37.886010081521,
    -200.5236980285));
#1626 = CARTESIAN_POINT('',(3.000310351875E+04,37.930088776522,
    -200.2315491091));
#1627 = CARTESIAN_POINT('',(3.00025756772E+04,37.969645163265,
    -199.9827963106));
#1628 = CARTESIAN_POINT('',(3.000200698247E+04,38.001846005802,
    -199.7866963695));
#1629 = CARTESIAN_POINT('',(3.000090285806E+04,38.042573866977,
    -199.54269537));
#1630 = CARTESIAN_POINT('',(3.000038316294E+04,38.054070647236,
    -199.475995751));
#1631 = CARTESIAN_POINT('',(2.999985332992E+04,38.057182466018,
    -199.458609531));
#1632 = CARTESIAN_POINT('',(2.999932402423E+04,38.051256259593,
    -199.4924903138));
#1633 = CARTESIAN_POINT('',(2.99988059859E+04,38.036790535847,
    -199.5760696451));
#1634 = CARTESIAN_POINT('',(2.999830927037E+04,38.015291895619,
    -199.7042730995));
#1635 = CARTESIAN_POINT('',(2.999717562389E+04,37.950911583754,
    -200.1031509312));
#1636 = CARTESIAN_POINT('',(2.999656943903E+04,37.902779883683,
    -200.4115610752));
#1637 = CARTESIAN_POINT('',(2.999602707841E+04,37.849008089362,
    -200.7767282443));
#1638 = CARTESIAN_POINT('',(2.999554862122E+04,37.793808848251,
    -201.1851760027));
#1639 = CARTESIAN_POINT('',(2.999513261037E+04,37.740369066177,
    -201.6259360411));
#1640 = CARTESIAN_POINT('',(2.999477678497E+04,37.690999428112,
    -202.0900512503));
#1641 = CARTESIAN_POINT('',(2.999419307797E+04,37.605389911922,
    -203.0297831668));
#1642 = CARTESIAN_POINT('',(2.99939590624E+04,37.56848965923,
    -203.5060433765));
#1643 = CARTESIAN_POINT('',(2.999377424065E+04,37.537885564853,
    -203.9941292516));
#1644 = CARTESIAN_POINT('',(2.999363684899E+04,37.514424753813,
    -204.4903220797));
#1645 = CARTESIAN_POINT('',(2.999354564357E+04,37.498612545334,
    -204.9916918956));
#1646 = CARTESIAN_POINT('',(2.99935E+04,37.490698846514,-205.4957162385)
  );
#1647 = CARTESIAN_POINT('',(2.99935E+04,37.490698846514,-206.5042837667)
  );
#1648 = CARTESIAN_POINT('',(2.999354564357E+04,37.498612544995,
    -207.008308092));
#1649 = CARTESIAN_POINT('',(2.999363684899E+04,37.514424754306,
    -207.5096779274));
#1650 = CARTESIAN_POINT('',(2.999377424065E+04,37.537885565016,
    -208.0058707558));
#1651 = CARTESIAN_POINT('',(2.999395906239E+04,37.56848965849,
    -208.4939566114));
#1652 = CARTESIAN_POINT('',(2.999419307797E+04,37.605389912371,
    -208.970216838));
#1653 = CARTESIAN_POINT('',(2.999477678497E+04,37.690999428112,
    -209.9099487496));
#1654 = CARTESIAN_POINT('',(2.999513261037E+04,37.740369066177,
    -210.3740639588));
#1655 = CARTESIAN_POINT('',(2.999554862122E+04,37.793808848251,
    -210.8148239972));
#1656 = CARTESIAN_POINT('',(2.999602707841E+04,37.849008089362,
    -211.2232717556));
#1657 = CARTESIAN_POINT('',(2.999656943903E+04,37.902779883683,
    -211.5884389247));
#1658 = CARTESIAN_POINT('',(2.999717562389E+04,37.950911583754,
    -211.8968490687));
#1659 = CARTESIAN_POINT('',(2.999841322425E+04,38.021195485113,
    -212.3323034703));
#1660 = CARTESIAN_POINT('',(2.999902864037E+04,38.046111757173,
    -212.4792145992));
#1661 = CARTESIAN_POINT('',(2.999967287607E+04,38.059842639371,
    -212.5565383639));
#1662 = CARTESIAN_POINT('',(3.000032712393E+04,38.059842639371,
    -212.5565383639));
#1663 = CARTESIAN_POINT('',(3.000097135963E+04,38.046111757173,
    -212.4792145992));
#1664 = CARTESIAN_POINT('',(3.000158677575E+04,38.021195485113,
    -212.3323034703));
#1665 = CARTESIAN_POINT('',(3.000261759192E+04,37.96265495469,
    -211.9696068762));
#1666 = CARTESIAN_POINT('',(3.000304980943E+04,37.931584082319,
    -211.7722457499));
#1667 = CARTESIAN_POINT('',(3.000345254041E+04,37.897073152113,
    -211.5448618181));
#1668 = CARTESIAN_POINT('',(3.000382497607E+04,37.860575248552,
    -211.2923324686));
#1669 = CARTESIAN_POINT('',(3.000416683584E+04,37.823391433312,
    -211.0191072822));
#1670 = CARTESIAN_POINT('',(3.000447825647E+04,37.786614232639,
    -210.7292776915));
#1671 = CARTESIAN_POINT('',(3.000527446257E+04,37.686226780603,
    -209.8731496368));
#1672 = CARTESIAN_POINT('',(3.000569239626E+04,37.625214785004,
    -209.2732071538));
#1673 = CARTESIAN_POINT('',(3.000601922915E+04,37.572943621803,
    -208.6435147566));
#1674 = CARTESIAN_POINT('',(3.000626043681E+04,37.532234228259,
    -207.9946837602));
#1675 = CARTESIAN_POINT('',(3.000641999025E+04,37.504570439446,
    -207.3342412239));
#1676 = CARTESIAN_POINT('',(3.00065E+04,37.490698846514,-206.6676578012)
  );
#1677 = CARTESIAN_POINT('',(3.00065E+04,37.490698846514,-206.));
#1678 = PCURVE('',#42,#1679);
#1679 = DEFINITIONAL_REPRESENTATION('',(#1680),#1743);
#1680 = B_SPLINE_CURVE_WITH_KNOTS('',7,(#1681,#1682,#1683,#1684,#1685,
    #1686,#1687,#1688,#1689,#1690,#1691,#1692,#1693,#1694,#1695,#1696,
    #1697,#1698,#1699,#1700,#1701,#1702,#1703,#1704,#1705,#1706,#1707,
    #1708,#1709,#1710,#1711,#1712,#1713,#1714,#1715,#1716,#1717,#1718,
    #1719,#1720,#1721,#1722,#1723,#1724,#1725,#1726,#1727,#1728,#1729,
    #1730,#1731,#1732,#1733,#1734,#1735,#1736,#1737,#1738,#1739,#1740,
    #1741,#1742),.UNSPECIFIED.,.T.,.F.,(8,6,6,6,6,6,6,6,6,6,8),(0.,
    0.132680912685,0.221466649379,0.294879624475,0.399802751383,
    0.500172663178,0.600542576037,0.705465705183,0.795231867004,
    0.86762537675,1.),.UNSPECIFIED.);
#1681 = CARTESIAN_POINT('',(1.399126510358,4.644E+03));
#1682 = CARTESIAN_POINT('',(1.399126510358,4.644667657808E+03));
#1683 = CARTESIAN_POINT('',(1.401260630097,4.645334241197E+03));
#1684 = CARTESIAN_POINT('',(1.405516460183,4.645994683807E+03));
#1685 = CARTESIAN_POINT('',(1.411945239706,4.646643514711E+03));
#1686 = CARTESIAN_POINT('',(1.420643310554,4.647273207178E+03));
#1687 = CARTESIAN_POINT('',(1.431741419187,4.647873149631E+03));
#1688 = CARTESIAN_POINT('',(1.454499617603,4.64879695607E+03));
#1689 = CARTESIAN_POINT('',(1.46483598577,4.64914961411E+03));
#1690 = CARTESIAN_POINT('',(1.476395787925,4.649476301971E+03));
#1691 = CARTESIAN_POINT('',(1.48915641745,4.649768450891E+03));
#1692 = CARTESIAN_POINT('',(1.503064237564,4.650017203689E+03));
#1693 = CARTESIAN_POINT('',(1.518031245459,4.65021330363E+03));
#1694 = CARTESIAN_POINT('',(1.547068704596,4.65045730463E+03));
#1695 = CARTESIAN_POINT('',(1.560728776666,4.650524004249E+03));
#1696 = CARTESIAN_POINT('',(1.574650683882,4.650541390469E+03));
#1697 = CARTESIAN_POINT('',(1.588558727095,4.650507509686E+03));
#1698 = CARTESIAN_POINT('',(1.60217608781,4.650423930355E+03));
#1699 = CARTESIAN_POINT('',(1.615241406915,4.6502957269E+03));
#1700 = CARTESIAN_POINT('',(1.645083012863,4.649896849069E+03));
#1701 = CARTESIAN_POINT('',(1.661060373084,4.649588438925E+03));
#1702 = CARTESIAN_POINT('',(1.675380325602,4.649223271756E+03));
#1703 = CARTESIAN_POINT('',(1.688036072168,4.648814823997E+03));
#1704 = CARTESIAN_POINT('',(1.699058209051,4.648374063959E+03));
#1705 = CARTESIAN_POINT('',(1.708499033175,4.64790994875E+03));
#1706 = CARTESIAN_POINT('',(1.724003673496,4.646970216833E+03));
#1707 = CARTESIAN_POINT('',(1.730229517731,4.646493956623E+03));
#1708 = CARTESIAN_POINT('',(1.735152857529,4.646005870748E+03));
#1709 = CARTESIAN_POINT('',(1.738815939923,4.64550967792E+03));
#1710 = CARTESIAN_POINT('',(1.741248675899,4.645008308104E+03));
#1711 = CARTESIAN_POINT('',(1.742466143232,4.644504283761E+03));
#1712 = CARTESIAN_POINT('',(1.742466143232,4.643495716233E+03));
#1713 = CARTESIAN_POINT('',(1.741248675959,4.642991691908E+03));
#1714 = CARTESIAN_POINT('',(1.738815939836,4.642490322073E+03));
#1715 = CARTESIAN_POINT('',(1.735152857502,4.641994129244E+03));
#1716 = CARTESIAN_POINT('',(1.730229517863,4.641506043389E+03));
#1717 = CARTESIAN_POINT('',(1.724003673415,4.641029783162E+03));
#1718 = CARTESIAN_POINT('',(1.708499033175,4.64009005125E+03));
#1719 = CARTESIAN_POINT('',(1.699058209051,4.639625936041E+03));
#1720 = CARTESIAN_POINT('',(1.688036072168,4.639185176003E+03));
#1721 = CARTESIAN_POINT('',(1.675380325602,4.638776728244E+03));
#1722 = CARTESIAN_POINT('',(1.661060373084,4.638411561075E+03));
#1723 = CARTESIAN_POINT('',(1.645083012863,4.638103150931E+03));
#1724 = CARTESIAN_POINT('',(1.612504971098,4.63766769653E+03));
#1725 = CARTESIAN_POINT('',(1.596319981931,4.637520785401E+03));
#1726 = CARTESIAN_POINT('',(1.579389926265,4.637443461636E+03));
#1727 = CARTESIAN_POINT('',(1.562202727325,4.637443461636E+03));
#1728 = CARTESIAN_POINT('',(1.545272671659,4.637520785401E+03));
#1729 = CARTESIAN_POINT('',(1.529087682492,4.63766769653E+03));
#1730 = CARTESIAN_POINT('',(1.501952936011,4.638030393124E+03));
#1731 = CARTESIAN_POINT('',(1.490565714102,4.63822775425E+03));
#1732 = CARTESIAN_POINT('',(1.479944144006,4.638455138182E+03));
#1733 = CARTESIAN_POINT('',(1.470110318973,4.638707667531E+03));
#1734 = CARTESIAN_POINT('',(1.461073471045,4.638980892718E+03));
#1735 = CARTESIAN_POINT('',(1.452832344145,4.639270722308E+03));
#1736 = CARTESIAN_POINT('',(1.431741419332,4.640126850363E+03));
#1737 = CARTESIAN_POINT('',(1.420643310116,4.640726792846E+03));
#1738 = CARTESIAN_POINT('',(1.411945240311,4.641356485243E+03));
#1739 = CARTESIAN_POINT('',(1.405516459755,4.64200531624E+03));
#1740 = CARTESIAN_POINT('',(1.401260630228,4.642665758776E+03));
#1741 = CARTESIAN_POINT('',(1.399126510358,4.643332342199E+03));
#1742 = CARTESIAN_POINT('',(1.399126510358,4.644E+03));
#1743 = ( GEOMETRIC_REPRESENTATION_CONTEXT(2) 
PARAMETRIC_REPRESENTATION_CONTEXT() REPRESENTATION_CONTEXT('2D SPACE',''
  ) );
#1744 = PCURVE('',#1745,#1750);
#1745 = CYLINDRICAL_SURFACE('',#1746,6.5);
#1746 = AXIS2_PLACEMENT_3D('',#1747,#1748,#1749);
#1747 = CARTESIAN_POINT('',(3.E+04,39.05,-206.));
#1748 = DIRECTION('',(0.,-1.,2.22044604925E-16));
#1749 = DIRECTION('',(1.,0.,0.));
#1750 = DEFINITIONAL_REPRESENTATION('',(#1751),#1814);
#1751 = B_SPLINE_CURVE_WITH_KNOTS('',7,(#1752,#1753,#1754,#1755,#1756,
    #1757,#1758,#1759,#1760,#1761,#1762,#1763,#1764,#1765,#1766,#1767,
    #1768,#1769,#1770,#1771,#1772,#1773,#1774,#1775,#1776,#1777,#1778,
    #1779,#1780,#1781,#1782,#1783,#1784,#1785,#1786,#1787,#1788,#1789,
    #1790,#1791,#1792,#1793,#1794,#1795,#1796,#1797,#1798,#1799,#1800,
    #1801,#1802,#1803,#1804,#1805,#1806,#1807,#1808,#1809,#1810,#1811,
    #1812,#1813),.UNSPECIFIED.,.F.,.F.,(8,6,6,6,6,6,6,6,6,6,8),(0.,
    0.132680912685,0.221466649379,0.294879624475,0.399802751383,
    0.500172663178,0.600542576037,0.705465705183,0.795231867004,
    0.86762537675,1.),.UNSPECIFIED.);
#1752 = CARTESIAN_POINT('',(0.,1.559301153486));
#1753 = CARTESIAN_POINT('',(0.102716585867,1.559301153486));
#1754 = CARTESIAN_POINT('',(0.205267669112,1.545429561229));
#1755 = CARTESIAN_POINT('',(0.308645330839,1.517765769571));
#1756 = CARTESIAN_POINT('',(0.413747781461,1.477056381217));
#1757 = CARTESIAN_POINT('',(0.521495606809,1.42478521285));
#1758 = CARTESIAN_POINT('',(0.632871087345,1.363773220085));
#1759 = CARTESIAN_POINT('',(0.826958413423,1.255449968632));
#1760 = CARTESIAN_POINT('',(0.907619531851,1.209917195277));
#1761 = CARTESIAN_POINT('',(0.99102794911,1.163989918479));
#1762 = CARTESIAN_POINT('',(1.077175178617,1.119911223478));
#1763 = CARTESIAN_POINT('',(1.166134845687,1.080354836735));
#1764 = CARTESIAN_POINT('',(1.258075697877,1.048153994198));
#1765 = CARTESIAN_POINT('',(1.432039388722,1.007426133023));
#1766 = CARTESIAN_POINT('',(1.512323118166,0.995929352764));
#1767 = CARTESIAN_POINT('',(1.593290115243,0.992817533982));
#1768 = CARTESIAN_POINT('',(1.674211286617,0.998743740407));
#1769 = CARTESIAN_POINT('',(1.754379311681,1.013209464153));
#1770 = CARTESIAN_POINT('',(1.833011540839,1.034708104381));
#1771 = CARTESIAN_POINT('',(2.017899664709,1.099088416246));
#1772 = CARTESIAN_POINT('',(2.121620645577,1.147220116317));
#1773 = CARTESIAN_POINT('',(2.221078202877,1.200991910638));
#1774 = CARTESIAN_POINT('',(2.316802374679,1.256191151749));
#1775 = CARTESIAN_POINT('',(2.40925012018,1.309630933823));
#1776 = CARTESIAN_POINT('',(2.498788163076,1.359000571888));
#1777 = CARTESIAN_POINT('',(2.668981922049,1.444610088078));
#1778 = CARTESIAN_POINT('',(2.750219844905,1.48151034077));
#1779 = CARTESIAN_POINT('',(2.82994898841,1.512114435147));
#1780 = CARTESIAN_POINT('',(2.908572710454,1.535575246187));
#1781 = CARTESIAN_POINT('',(2.986467956028,1.551387454666));
#1782 = CARTESIAN_POINT('',(3.064010536446,1.559301153486));
#1783 = CARTESIAN_POINT('',(3.219174771556,1.559301153486));
#1784 = CARTESIAN_POINT('',(3.29671734917,1.551387455005));
#1785 = CARTESIAN_POINT('',(3.374612597963,1.535575245694));
#1786 = CARTESIAN_POINT('',(3.453236319955,1.512114434984));
#1787 = CARTESIAN_POINT('',(3.53296546023,1.481510341509));
#1788 = CARTESIAN_POINT('',(3.614203386023,1.444610087629));
#1789 = CARTESIAN_POINT('',(3.784397144104,1.359000571888));
#1790 = CARTESIAN_POINT('',(3.873935187,1.309630933823));
#1791 = CARTESIAN_POINT('',(3.966382932501,1.256191151749));
#1792 = CARTESIAN_POINT('',(4.062107104303,1.200991910638));
#1793 = CARTESIAN_POINT('',(4.161564661602,1.147220116317));
#1794 = CARTESIAN_POINT('',(4.26528564247,1.099088416246));
#1795 = CARTESIAN_POINT('',(4.467127762895,1.028804514887));
#1796 = CARTESIAN_POINT('',(4.563941691832,1.003888242827));
#1797 = CARTESIAN_POINT('',(4.662700833924,0.990157360629));
#1798 = CARTESIAN_POINT('',(4.762077126845,0.990157360629));
#1799 = CARTESIAN_POINT('',(4.860836268937,1.003888242827));
#1800 = CARTESIAN_POINT('',(4.957650197874,1.028804514887));
#1801 = CARTESIAN_POINT('',(5.125767569887,1.08734504531));
#1802 = CARTESIAN_POINT('',(5.198571039471,1.118415917681));
#1803 = CARTESIAN_POINT('',(5.269318159695,1.152926847887));
#1804 = CARTESIAN_POINT('',(5.338148906525,1.189424751448));
#1805 = CARTESIAN_POINT('',(5.405166362812,1.226608566688));
#1806 = CARTESIAN_POINT('',(5.470445798146,1.263385767361));
#1807 = CARTESIAN_POINT('',(5.650314218602,1.363773219397));
#1808 = CARTESIAN_POINT('',(5.761689705063,1.424785214996));
#1809 = CARTESIAN_POINT('',(5.869437517462,1.477056378197));
#1810 = CARTESIAN_POINT('',(5.974539984385,1.517765771741));
#1811 = CARTESIAN_POINT('',(6.07791763374,1.545429560554));
#1812 = CARTESIAN_POINT('',(6.180468722376,1.559301153486));
#1813 = CARTESIAN_POINT('',(6.28318530718,1.559301153486));
#1814 = ( GEOMETRIC_REPRESENTATION_CONTEXT(2) 
PARAMETRIC_REPRESENTATION_CONTEXT() REPRESENTATION_CONTEXT('2D SPACE',''
  ) );
#1815 = FACE_BOUND('',#1816,.T.);
#1816 = EDGE_LOOP('',(#1817));
#1817 = ORIENTED_EDGE('',*,*,#1818,.F.);
#1818 = EDGE_CURVE('',#1819,#1819,#1821,.T.);
#1819 = VERTEX_POINT('',#1820);
#1820 = CARTESIAN_POINT('',(3.00065E+04,-37.49069884651,-406.));
#1821 = SURFACE_CURVE('',#1822,(#1885,#1951),.PCURVE_S1.);
#1822 = B_SPLINE_CURVE_WITH_KNOTS('',7,(#1823,#1824,#1825,#1826,#1827,
    #1828,#1829,#1830,#1831,#1832,#1833,#1834,#1835,#1836,#1837,#1838,
    #1839,#1840,#1841,#1842,#1843,#1844,#1845,#1846,#1847,#1848,#1849,
    #1850,#1851,#1852,#1853,#1854,#1855,#1856,#1857,#1858,#1859,#1860,
    #1861,#1862,#1863,#1864,#1865,#1866,#1867,#1868,#1869,#1870,#1871,
    #1872,#1873,#1874,#1875,#1876,#1877,#1878,#1879,#1880,#1881,#1882,
    #1883,#1884),.UNSPECIFIED.,.T.,.F.,(8,6,6,6,6,6,6,6,6,6,8),(0.,
    0.132680911198,0.221466648566,0.294879624848,0.399802753492,
    0.500172666997,0.600542580503,0.705465709201,0.795231870637,
    0.867625379477,1.),.UNSPECIFIED.);
#1823 = CARTESIAN_POINT('',(3.00065E+04,-37.49069884651,-406.));
#1824 = CARTESIAN_POINT('',(3.00065E+04,-37.49069884651,-405.3323421987)
  );
#1825 = CARTESIAN_POINT('',(3.000641999025E+04,-37.50457043944,
    -404.665758776));
#1826 = CARTESIAN_POINT('',(3.000626043681E+04,-37.53223422825,
    -404.0053162397));
#1827 = CARTESIAN_POINT('',(3.000601922915E+04,-37.5729436218,
    -403.3564852433));
#1828 = CARTESIAN_POINT('',(3.000569239626E+04,-37.625214785,
    -402.7267928461));
#1829 = CARTESIAN_POINT('',(3.000527446257E+04,-37.6862267806,
    -402.1268503631));
#1830 = CARTESIAN_POINT('',(3.000441531502E+04,-37.79455003172,
    -401.2030439274));
#1831 = CARTESIAN_POINT('',(3.000402464276E+04,-37.84008280396,
    -400.8503858963));
#1832 = CARTESIAN_POINT('',(3.000358715011E+04,-37.88601008188,
    -400.5236980261));
#1833 = CARTESIAN_POINT('',(3.000310351874E+04,-37.930088777,
    -400.2315491053));
#1834 = CARTESIAN_POINT('',(3.000257567721E+04,-37.96964516265,
    -399.9827963148));
#1835 = CARTESIAN_POINT('',(3.000200698246E+04,-38.00184600599,
    -399.7866963683));
#1836 = CARTESIAN_POINT('',(3.000090285806E+04,-38.04257386697,
    -399.54269537));
#1837 = CARTESIAN_POINT('',(3.000038316294E+04,-38.05407064723,
    -399.475995751));
#1838 = CARTESIAN_POINT('',(2.999985332992E+04,-38.05718246601,
    -399.458609531));
#1839 = CARTESIAN_POINT('',(2.999932402423E+04,-38.05125625959,
    -399.4924903138));
#1840 = CARTESIAN_POINT('',(2.99988059859E+04,-38.03679053584,
    -399.5760696451));
#1841 = CARTESIAN_POINT('',(2.999830927037E+04,-38.01529189561,
    -399.7042730995));
#1842 = CARTESIAN_POINT('',(2.999717562389E+04,-37.95091158373,
    -400.1031509313));
#1843 = CARTESIAN_POINT('',(2.999656943903E+04,-37.90277988367,
    -400.4115610753));
#1844 = CARTESIAN_POINT('',(2.999602707841E+04,-37.84900808938,
    -400.7767282442));
#1845 = CARTESIAN_POINT('',(2.999554862122E+04,-37.79380884827,
    -401.1851760025));
#1846 = CARTESIAN_POINT('',(2.999513261037E+04,-37.74036906617,
    -401.625936041));
#1847 = CARTESIAN_POINT('',(2.999477678497E+04,-37.69099942809,
    -402.0900512505));
#1848 = CARTESIAN_POINT('',(2.999419307797E+04,-37.60538991192,
    -403.0297831668));
#1849 = CARTESIAN_POINT('',(2.99939590624E+04,-37.56848965923,
    -403.5060433765));
#1850 = CARTESIAN_POINT('',(2.999377424065E+04,-37.53788556485,
    -403.9941292516));
#1851 = CARTESIAN_POINT('',(2.999363684899E+04,-37.51442475381,
    -404.4903220797));
#1852 = CARTESIAN_POINT('',(2.999354564357E+04,-37.49861254533,
    -404.9916918956));
#1853 = CARTESIAN_POINT('',(2.99935E+04,-37.49069884651,-405.4957162385)
  );
#1854 = CARTESIAN_POINT('',(2.99935E+04,-37.49069884651,-406.5042837614)
  );
#1855 = CARTESIAN_POINT('',(2.999354564357E+04,-37.49861254533,
    -407.0083081043));
#1856 = CARTESIAN_POINT('',(2.999363684899E+04,-37.51442475381,
    -407.5096779202));
#1857 = CARTESIAN_POINT('',(2.999377424065E+04,-37.53788556485,
    -408.0058707483));
#1858 = CARTESIAN_POINT('',(2.99939590624E+04,-37.56848965923,
    -408.4939566234));
#1859 = CARTESIAN_POINT('',(2.999419307797E+04,-37.60538991192,
    -408.9702168331));
#1860 = CARTESIAN_POINT('',(2.999477678497E+04,-37.69099942811,
    -409.9099487496));
#1861 = CARTESIAN_POINT('',(2.999513261037E+04,-37.74036906617,
    -410.3740639588));
#1862 = CARTESIAN_POINT('',(2.999554862122E+04,-37.79380884825,
    -410.8148239972));
#1863 = CARTESIAN_POINT('',(2.999602707841E+04,-37.84900808936,
    -411.2232717556));
#1864 = CARTESIAN_POINT('',(2.999656943903E+04,-37.90277988368,
    -411.5884389247));
#1865 = CARTESIAN_POINT('',(2.999717562389E+04,-37.95091158375,
    -411.8968490687));
#1866 = CARTESIAN_POINT('',(2.999841322425E+04,-38.02119548511,
    -412.3323034703));
#1867 = CARTESIAN_POINT('',(2.999902864037E+04,-38.04611175717,
    -412.4792145992));
#1868 = CARTESIAN_POINT('',(2.999967287607E+04,-38.05984263937,
    -412.5565383639));
#1869 = CARTESIAN_POINT('',(3.000032712393E+04,-38.05984263937,
    -412.5565383639));
#1870 = CARTESIAN_POINT('',(3.000097135963E+04,-38.04611175717,
    -412.4792145992));
#1871 = CARTESIAN_POINT('',(3.000158677575E+04,-38.02119548511,
    -412.3323034703));
#1872 = CARTESIAN_POINT('',(3.000261759191E+04,-37.9626549549,
    -411.9696068775));
#1873 = CARTESIAN_POINT('',(3.000304980944E+04,-37.93158408175,
    -411.772245746));
#1874 = CARTESIAN_POINT('',(3.000345254041E+04,-37.89707315249,
    -411.5448618211));
#1875 = CARTESIAN_POINT('',(3.000382497607E+04,-37.86057524888,
    -411.2923324708));
#1876 = CARTESIAN_POINT('',(3.000416683585E+04,-37.82339143268,
    -411.0191072773));
#1877 = CARTESIAN_POINT('',(3.000447825646E+04,-37.78661423292,
    -410.7292776939));
#1878 = CARTESIAN_POINT('',(3.000527446257E+04,-37.6862267806,
    -409.8731496368));
#1879 = CARTESIAN_POINT('',(3.000569239626E+04,-37.625214785,
    -409.2732071538));
#1880 = CARTESIAN_POINT('',(3.000601922915E+04,-37.5729436218,
    -408.6435147566));
#1881 = CARTESIAN_POINT('',(3.000626043681E+04,-37.53223422825,
    -407.9946837602));
#1882 = CARTESIAN_POINT('',(3.000641999025E+04,-37.50457043944,
    -407.3342412239));
#1883 = CARTESIAN_POINT('',(3.00065E+04,-37.49069884651,-406.6676578012)
  );
#1884 = CARTESIAN_POINT('',(3.00065E+04,-37.49069884651,-406.));
#1885 = PCURVE('',#42,#1886);
#1886 = DEFINITIONAL_REPRESENTATION('',(#1887),#1950);
#1887 = B_SPLINE_CURVE_WITH_KNOTS('',7,(#1888,#1889,#1890,#1891,#1892,
    #1893,#1894,#1895,#1896,#1897,#1898,#1899,#1900,#1901,#1902,#1903,
    #1904,#1905,#1906,#1907,#1908,#1909,#1910,#1911,#1912,#1913,#1914,
    #1915,#1916,#1917,#1918,#1919,#1920,#1921,#1922,#1923,#1924,#1925,
    #1926,#1927,#1928,#1929,#1930,#1931,#1932,#1933,#1934,#1935,#1936,
    #1937,#1938,#1939,#1940,#1941,#1942,#1943,#1944,#1945,#1946,#1947,
    #1948,#1949),.UNSPECIFIED.,.T.,.F.,(8,6,6,6,6,6,6,6,6,6,8),(0.,
    0.132680911198,0.221466648566,0.294879624848,0.399802753492,
    0.500172666997,0.600542580503,0.705465709201,0.795231870637,
    0.867625379477,1.),.UNSPECIFIED.);
#1888 = CARTESIAN_POINT('',(4.884058796822,4.444E+03));
#1889 = CARTESIAN_POINT('',(4.884058796822,4.444667657801E+03));
#1890 = CARTESIAN_POINT('',(4.881924676952,4.445334241224E+03));
#1891 = CARTESIAN_POINT('',(4.877668847424,4.44599468376E+03));
#1892 = CARTESIAN_POINT('',(4.871240066869,4.446643514757E+03));
#1893 = CARTESIAN_POINT('',(4.862541997064,4.447273207154E+03));
#1894 = CARTESIAN_POINT('',(4.851443887848,4.447873149637E+03));
#1895 = CARTESIAN_POINT('',(4.828685689501,4.448796956073E+03));
#1896 = CARTESIAN_POINT('',(4.818349321635,4.449149614104E+03));
#1897 = CARTESIAN_POINT('',(4.806789519078,4.449476301974E+03));
#1898 = CARTESIAN_POINT('',(4.794028889598,4.449768450895E+03));
#1899 = CARTESIAN_POINT('',(4.780121069897,4.450017203685E+03));
#1900 = CARTESIAN_POINT('',(4.765154061585,4.450213303632E+03));
#1901 = CARTESIAN_POINT('',(4.736116602583,4.45045730463E+03));
#1902 = CARTESIAN_POINT('',(4.722456530513,4.450524004249E+03));
#1903 = CARTESIAN_POINT('',(4.708534623298,4.450541390469E+03));
#1904 = CARTESIAN_POINT('',(4.694626580085,4.450507509686E+03));
#1905 = CARTESIAN_POINT('',(4.681009219369,4.450423930355E+03));
#1906 = CARTESIAN_POINT('',(4.667943900264,4.4502957269E+03));
#1907 = CARTESIAN_POINT('',(4.63810229431,4.449896849069E+03));
#1908 = CARTESIAN_POINT('',(4.622124934095,4.449588438925E+03));
#1909 = CARTESIAN_POINT('',(4.607804981583,4.449223271756E+03));
#1910 = CARTESIAN_POINT('',(4.595149235016,4.448814823997E+03));
#1911 = CARTESIAN_POINT('',(4.584127098127,4.448374063959E+03));
#1912 = CARTESIAN_POINT('',(4.574686274,4.447909948749E+03));
#1913 = CARTESIAN_POINT('',(4.559181633683,4.446970216833E+03));
#1914 = CARTESIAN_POINT('',(4.552955789448,4.446493956623E+03));
#1915 = CARTESIAN_POINT('',(4.54803244965,4.446005870748E+03));
#1916 = CARTESIAN_POINT('',(4.544369367257,4.44550967792E+03));
#1917 = CARTESIAN_POINT('',(4.541936631281,4.445008308104E+03));
#1918 = CARTESIAN_POINT('',(4.540719163948,4.444504283761E+03));
#1919 = CARTESIAN_POINT('',(4.540719163948,4.443495716239E+03));
#1920 = CARTESIAN_POINT('',(4.541936631281,4.442991691896E+03));
#1921 = CARTESIAN_POINT('',(4.544369367257,4.44249032208E+03));
#1922 = CARTESIAN_POINT('',(4.54803244965,4.441994129252E+03));
#1923 = CARTESIAN_POINT('',(4.552955789448,4.441506043377E+03));
#1924 = CARTESIAN_POINT('',(4.559181633683,4.441029783167E+03));
#1925 = CARTESIAN_POINT('',(4.574686274004,4.44009005125E+03));
#1926 = CARTESIAN_POINT('',(4.584127098129,4.439625936041E+03));
#1927 = CARTESIAN_POINT('',(4.595149235012,4.439185176003E+03));
#1928 = CARTESIAN_POINT('',(4.607804981578,4.438776728244E+03));
#1929 = CARTESIAN_POINT('',(4.622124934095,4.438411561075E+03));
#1930 = CARTESIAN_POINT('',(4.638102294317,4.438103150931E+03));
#1931 = CARTESIAN_POINT('',(4.670680336082,4.43766769653E+03));
#1932 = CARTESIAN_POINT('',(4.686865325249,4.437520785401E+03));
#1933 = CARTESIAN_POINT('',(4.703795380914,4.437443461636E+03));
#1934 = CARTESIAN_POINT('',(4.720982579855,4.437443461636E+03));
#1935 = CARTESIAN_POINT('',(4.737912635521,4.437520785401E+03));
#1936 = CARTESIAN_POINT('',(4.754097624688,4.43766769653E+03));
#1937 = CARTESIAN_POINT('',(4.781232371069,4.438030393122E+03));
#1938 = CARTESIAN_POINT('',(4.792619593282,4.438227754254E+03));
#1939 = CARTESIAN_POINT('',(4.803241163077,4.438455138179E+03));
#1940 = CARTESIAN_POINT('',(4.813074988081,4.438707667529E+03));
#1941 = CARTESIAN_POINT('',(4.822111836304,4.438980892723E+03));
#1942 = CARTESIAN_POINT('',(4.830352962974,4.439270722306E+03));
#1943 = CARTESIAN_POINT('',(4.851443887848,4.440126850363E+03));
#1944 = CARTESIAN_POINT('',(4.862541997064,4.440726792846E+03));
#1945 = CARTESIAN_POINT('',(4.871240066869,4.441356485243E+03));
#1946 = CARTESIAN_POINT('',(4.877668847424,4.44200531624E+03));
#1947 = CARTESIAN_POINT('',(4.881924676952,4.442665758776E+03));
#1948 = CARTESIAN_POINT('',(4.884058796822,4.443332342199E+03));
#1949 = CARTESIAN_POINT('',(4.884058796822,4.444E+03));
#1950 = ( GEOMETRIC_REPRESENTATION_CONTEXT(2) 
PARAMETRIC_REPRESENTATION_CONTEXT() REPRESENTATION_CONTEXT('2D SPACE',''
  ) );
#1951 = PCURVE('',#1952,#1957);
#1952 = CYLINDRICAL_SURFACE('',#1953,6.5);
#1953 = AXIS2_PLACEMENT_3D('',#1954,#1955,#1956);
#1954 = CARTESIAN_POINT('',(3.E+04,39.05,-406.));
#1955 = DIRECTION('',(0.,-1.,2.22044604925E-16));
#1956 = DIRECTION('',(1.,0.,0.));
#1957 = DEFINITIONAL_REPRESENTATION('',(#1958),#2021);
#1958 = B_SPLINE_CURVE_WITH_KNOTS('',7,(#1959,#1960,#1961,#1962,#1963,
    #1964,#1965,#1966,#1967,#1968,#1969,#1970,#1971,#1972,#1973,#1974,
    #1975,#1976,#1977,#1978,#1979,#1980,#1981,#1982,#1983,#1984,#1985,
    #1986,#1987,#1988,#1989,#1990,#1991,#1992,#1993,#1994,#1995,#1996,
    #1997,#1998,#1999,#2000,#2001,#2002,#2003,#2004,#2005,#2006,#2007,
    #2008,#2009,#2010,#2011,#2012,#2013,#2014,#2015,#2016,#2017,#2018,
    #2019,#2020),.UNSPECIFIED.,.F.,.F.,(8,6,6,6,6,6,6,6,6,6,8),(0.,
    0.132680911198,0.221466648566,0.294879624848,0.399802753492,
    0.500172666997,0.600542580503,0.705465709201,0.795231870637,
    0.867625379477,1.),.UNSPECIFIED.);
#1959 = CARTESIAN_POINT('',(0.,76.540698846514));
#1960 = CARTESIAN_POINT('',(0.102716584804,76.540698846514));
#1961 = CARTESIAN_POINT('',(0.205267673439,76.554570439446));
#1962 = CARTESIAN_POINT('',(0.308645322795,76.582234228259));
#1963 = CARTESIAN_POINT('',(0.413747789717,76.622943621804));
#1964 = CARTESIAN_POINT('',(0.521495602117,76.675214785004));
#1965 = CARTESIAN_POINT('',(0.632871088577,76.736226780603));
#1966 = CARTESIAN_POINT('',(0.826958414063,76.844550031725));
#1967 = CARTESIAN_POINT('',(0.907619530192,76.890082803965));
#1968 = CARTESIAN_POINT('',(0.991027950227,76.936010081883));
#1969 = CARTESIAN_POINT('',(1.077175179606,76.980088777006));
#1970 = CARTESIAN_POINT('',(1.166134843871,77.019645162654));
#1971 = CARTESIAN_POINT('',(1.25807569869,77.051846005992));
#1972 = CARTESIAN_POINT('',(1.432039388722,77.092573866977));
#1973 = CARTESIAN_POINT('',(1.512323118166,77.104070647236));
#1974 = CARTESIAN_POINT('',(1.593290115243,77.107182466018));
#1975 = CARTESIAN_POINT('',(1.674211286617,77.101256259593));
#1976 = CARTESIAN_POINT('',(1.754379311681,77.086790535847));
#1977 = CARTESIAN_POINT('',(1.833011540839,77.065291895619));
#1978 = CARTESIAN_POINT('',(2.017899664752,77.000911583739));
#1979 = CARTESIAN_POINT('',(2.121620645585,76.95277988367));
#1980 = CARTESIAN_POINT('',(2.221078202846,76.89900808938));
#1981 = CARTESIAN_POINT('',(2.316802374642,76.843808848275));
#1982 = CARTESIAN_POINT('',(2.40925012018,76.790369066172));
#1983 = CARTESIAN_POINT('',(2.49878816312,76.74099942809));
#1984 = CARTESIAN_POINT('',(2.668981922049,76.655389911922));
#1985 = CARTESIAN_POINT('',(2.750219844905,76.61848965923));
#1986 = CARTESIAN_POINT('',(2.82994898841,76.587885564853));
#1987 = CARTESIAN_POINT('',(2.908572710454,76.564424753813));
#1988 = CARTESIAN_POINT('',(2.986467956028,76.548612545334));
#1989 = CARTESIAN_POINT('',(3.064010536446,76.540698846514));
#1990 = CARTESIAN_POINT('',(3.219174770734,76.540698846514));
#1991 = CARTESIAN_POINT('',(3.296717351151,76.548612545334));
#1992 = CARTESIAN_POINT('',(3.374612596726,76.564424753813));
#1993 = CARTESIAN_POINT('',(3.45323631877,76.587885564853));
#1994 = CARTESIAN_POINT('',(3.532965462275,76.61848965923));
#1995 = CARTESIAN_POINT('',(3.614203385131,76.655389911922));
#1996 = CARTESIAN_POINT('',(3.784397144104,76.740999428112));
#1997 = CARTESIAN_POINT('',(3.873935187,76.790369066177));
#1998 = CARTESIAN_POINT('',(3.966382932501,76.84380884825));
#1999 = CARTESIAN_POINT('',(4.062107104303,76.899008089362));
#2000 = CARTESIAN_POINT('',(4.161564661602,76.952779883683));
#2001 = CARTESIAN_POINT('',(4.26528564247,77.000911583754));
#2002 = CARTESIAN_POINT('',(4.467127762895,77.071195485113));
#2003 = CARTESIAN_POINT('',(4.563941691832,77.096111757174));
#2004 = CARTESIAN_POINT('',(4.662700833925,77.109842639371));
#2005 = CARTESIAN_POINT('',(4.762077126845,77.109842639371));
#2006 = CARTESIAN_POINT('',(4.860836268937,77.096111757174));
#2007 = CARTESIAN_POINT('',(4.957650197875,77.071195485113));
#2008 = CARTESIAN_POINT('',(5.125767569269,77.012654954905));
#2009 = CARTESIAN_POINT('',(5.198571040834,76.981584081753));
#2010 = CARTESIAN_POINT('',(5.269318158946,76.947073152499));
#2011 = CARTESIAN_POINT('',(5.338148905699,76.910575248886));
#2012 = CARTESIAN_POINT('',(5.405166364082,76.873391432684));
#2013 = CARTESIAN_POINT('',(5.470445797632,76.836614232926));
#2014 = CARTESIAN_POINT('',(5.650314218602,76.736226780603));
#2015 = CARTESIAN_POINT('',(5.761689705063,76.675214785004));
#2016 = CARTESIAN_POINT('',(5.869437517462,76.622943621803));
#2017 = CARTESIAN_POINT('',(5.974539984385,76.582234228259));
#2018 = CARTESIAN_POINT('',(6.07791763374,76.554570439446));
#2019 = CARTESIAN_POINT('',(6.180468722375,76.540698846514));
#2020 = CARTESIAN_POINT('',(6.28318530718,76.540698846514));
#2021 = ( GEOMETRIC_REPRESENTATION_CONTEXT(2) 
PARAMETRIC_REPRESENTATION_CONTEXT() REPRESENTATION_CONTEXT('2D SPACE',''
  ) );
#2022 = FACE_BOUND('',#2023,.T.);
#2023 = EDGE_LOOP('',(#2024));
#2024 = ORIENTED_EDGE('',*,*,#2025,.F.);
#2025 = EDGE_CURVE('',#2026,#2026,#2028,.T.);
#2026 = VERTEX_POINT('',#2027);
#2027 = CARTESIAN_POINT('',(3.00065E+04,-37.49069884651,-206.));
#2028 = SURFACE_CURVE('',#2029,(#2092,#2158),.PCURVE_S1.);
#2029 = B_SPLINE_CURVE_WITH_KNOTS('',7,(#2030,#2031,#2032,#2033,#2034,
    #2035,#2036,#2037,#2038,#2039,#2040,#2041,#2042,#2043,#2044,#2045,
    #2046,#2047,#2048,#2049,#2050,#2051,#2052,#2053,#2054,#2055,#2056,
    #2057,#2058,#2059,#2060,#2061,#2062,#2063,#2064,#2065,#2066,#2067,
    #2068,#2069,#2070,#2071,#2072,#2073,#2074,#2075,#2076,#2077,#2078,
    #2079,#2080,#2081,#2082,#2083,#2084,#2085,#2086,#2087,#2088,#2089,
    #2090,#2091),.UNSPECIFIED.,.T.,.F.,(8,6,6,6,6,6,6,6,6,6,8),(0.,
    0.132680911969,0.221466650584,0.294879628054,0.399802757741,
    0.500172671188,0.600542583571,0.705465711093,0.795231871526,
    0.867625379555,1.),.UNSPECIFIED.);
#2030 = CARTESIAN_POINT('',(3.00065E+04,-37.49069884651,-206.));
#2031 = CARTESIAN_POINT('',(3.00065E+04,-37.49069884651,-205.3323421987)
  );
#2032 = CARTESIAN_POINT('',(3.000641999025E+04,-37.50457043944,
    -204.665758776));
#2033 = CARTESIAN_POINT('',(3.000626043681E+04,-37.53223422825,
    -204.0053162397));
#2034 = CARTESIAN_POINT('',(3.000601922915E+04,-37.5729436218,
    -203.3564852433));
#2035 = CARTESIAN_POINT('',(3.000569239626E+04,-37.625214785,
    -202.7267928461));
#2036 = CARTESIAN_POINT('',(3.000527446257E+04,-37.6862267806,
    -202.1268503631));
#2037 = CARTESIAN_POINT('',(3.000441531501E+04,-37.79455003208,
    -201.2030439243));
#2038 = CARTESIAN_POINT('',(3.000402464277E+04,-37.8400828032,
    -200.8503859022));
#2039 = CARTESIAN_POINT('',(3.00035871501E+04,-37.88601008224,
    -200.5236980237));
#2040 = CARTESIAN_POINT('',(3.000310351874E+04,-37.93008877748,
    -200.2315491015));
#2041 = CARTESIAN_POINT('',(3.000257567722E+04,-37.96964516204,
    -199.9827963191));
#2042 = CARTESIAN_POINT('',(3.000200698246E+04,-38.00184600618,
    -199.7866963672));
#2043 = CARTESIAN_POINT('',(3.000090285806E+04,-38.04257386685,
    -199.5426953707));
#2044 = CARTESIAN_POINT('',(3.000038316293E+04,-38.0540706476,
    -199.4759957488));
#2045 = CARTESIAN_POINT('',(2.999985332993E+04,-38.05718246539,
    -199.4586095348));
#2046 = CARTESIAN_POINT('',(2.999932402423E+04,-38.05125626029,
    -199.4924903095));
#2047 = CARTESIAN_POINT('',(2.99988059859E+04,-38.03679053535,
    -199.5760696482));
#2048 = CARTESIAN_POINT('',(2.999830927037E+04,-38.01529189578,
    -199.7042730985));
#2049 = CARTESIAN_POINT('',(2.999717562389E+04,-37.95091158373,
    -200.1031509314));
#2050 = CARTESIAN_POINT('',(2.999656943903E+04,-37.90277988366,
    -200.4115610753));
#2051 = CARTESIAN_POINT('',(2.999602707841E+04,-37.84900808938,
    -200.7767282442));
#2052 = CARTESIAN_POINT('',(2.999554862122E+04,-37.79380884828,
    -201.1851760024));
#2053 = CARTESIAN_POINT('',(2.999513261037E+04,-37.74036906617,
    -201.625936041));
#2054 = CARTESIAN_POINT('',(2.999477678497E+04,-37.69099942808,
    -202.0900512506));
#2055 = CARTESIAN_POINT('',(2.999419307797E+04,-37.60538991237,
    -203.0297831619));
#2056 = CARTESIAN_POINT('',(2.999395906239E+04,-37.56848965849,
    -203.5060433885));
#2057 = CARTESIAN_POINT('',(2.999377424065E+04,-37.53788556501,
    -203.9941292441));
#2058 = CARTESIAN_POINT('',(2.999363684899E+04,-37.5144247543,
    -204.4903220725));
#2059 = CARTESIAN_POINT('',(2.999354564357E+04,-37.49861254499,
    -204.9916919079));
#2060 = CARTESIAN_POINT('',(2.99935E+04,-37.49069884651,-205.4957162332)
  );
#2061 = CARTESIAN_POINT('',(2.99935E+04,-37.49069884651,-206.5042837614)
  );
#2062 = CARTESIAN_POINT('',(2.999354564357E+04,-37.49861254533,
    -207.0083081043));
#2063 = CARTESIAN_POINT('',(2.999363684899E+04,-37.51442475381,
    -207.5096779202));
#2064 = CARTESIAN_POINT('',(2.999377424065E+04,-37.53788556485,
    -208.0058707483));
#2065 = CARTESIAN_POINT('',(2.99939590624E+04,-37.56848965923,
    -208.4939566234));
#2066 = CARTESIAN_POINT('',(2.999419307797E+04,-37.60538991192,
    -208.9702168331));
#2067 = CARTESIAN_POINT('',(2.999477678497E+04,-37.69099942811,
    -209.9099487496));
#2068 = CARTESIAN_POINT('',(2.999513261037E+04,-37.74036906617,
    -210.3740639588));
#2069 = CARTESIAN_POINT('',(2.999554862122E+04,-37.79380884825,
    -210.8148239972));
#2070 = CARTESIAN_POINT('',(2.999602707841E+04,-37.84900808936,
    -211.2232717556));
#2071 = CARTESIAN_POINT('',(2.999656943903E+04,-37.90277988368,
    -211.5884389247));
#2072 = CARTESIAN_POINT('',(2.999717562389E+04,-37.95091158375,
    -211.8968490687));
#2073 = CARTESIAN_POINT('',(2.999841322425E+04,-38.02119548511,
    -212.3323034703));
#2074 = CARTESIAN_POINT('',(2.999902864037E+04,-38.04611175717,
    -212.4792145992));
#2075 = CARTESIAN_POINT('',(2.999967287607E+04,-38.05984263937,
    -212.5565383639));
#2076 = CARTESIAN_POINT('',(3.000032712393E+04,-38.05984263937,
    -212.5565383639));
#2077 = CARTESIAN_POINT('',(3.000097135963E+04,-38.04611175717,
    -212.4792145992));
#2078 = CARTESIAN_POINT('',(3.000158677575E+04,-38.02119548511,
    -212.3323034703));
#2079 = CARTESIAN_POINT('',(3.000261759191E+04,-37.9626549549,
    -211.9696068775));
#2080 = CARTESIAN_POINT('',(3.000304980944E+04,-37.93158408175,
    -211.772245746));
#2081 = CARTESIAN_POINT('',(3.000345254041E+04,-37.89707315249,
    -211.5448618211));
#2082 = CARTESIAN_POINT('',(3.000382497607E+04,-37.86057524888,
    -211.2923324708));
#2083 = CARTESIAN_POINT('',(3.000416683585E+04,-37.82339143268,
    -211.0191072773));
#2084 = CARTESIAN_POINT('',(3.000447825646E+04,-37.78661423292,
    -210.7292776939));
#2085 = CARTESIAN_POINT('',(3.000527446258E+04,-37.68622677991,
    -209.8731496309));
#2086 = CARTESIAN_POINT('',(3.000569239624E+04,-37.62521478715,
    -209.2732071782));
#2087 = CARTESIAN_POINT('',(3.000601922917E+04,-37.57294361878,
    -208.6435147111));
#2088 = CARTESIAN_POINT('',(3.00062604368E+04,-37.53223423042,
    -207.994683807));
#2089 = CARTESIAN_POINT('',(3.000641999025E+04,-37.50457043877,
    -207.3342411974));
#2090 = CARTESIAN_POINT('',(3.00065E+04,-37.49069884651,-206.6676578081)
  );
#2091 = CARTESIAN_POINT('',(3.00065E+04,-37.49069884651,-206.));
#2092 = PCURVE('',#42,#2093);
#2093 = DEFINITIONAL_REPRESENTATION('',(#2094),#2157);
#2094 = B_SPLINE_CURVE_WITH_KNOTS('',7,(#2095,#2096,#2097,#2098,#2099,
    #2100,#2101,#2102,#2103,#2104,#2105,#2106,#2107,#2108,#2109,#2110,
    #2111,#2112,#2113,#2114,#2115,#2116,#2117,#2118,#2119,#2120,#2121,
    #2122,#2123,#2124,#2125,#2126,#2127,#2128,#2129,#2130,#2131,#2132,
    #2133,#2134,#2135,#2136,#2137,#2138,#2139,#2140,#2141,#2142,#2143,
    #2144,#2145,#2146,#2147,#2148,#2149,#2150,#2151,#2152,#2153,#2154,
    #2155,#2156),.UNSPECIFIED.,.T.,.F.,(8,6,6,6,6,6,6,6,6,6,8),(0.,
    0.132680911969,0.221466650584,0.294879628054,0.399802757741,
    0.500172671188,0.600542583571,0.705465711093,0.795231871526,
    0.867625379555,1.),.UNSPECIFIED.);
#2095 = CARTESIAN_POINT('',(4.884058796822,4.644E+03));
#2096 = CARTESIAN_POINT('',(4.884058796822,4.644667657801E+03));
#2097 = CARTESIAN_POINT('',(4.881924676952,4.645334241224E+03));
#2098 = CARTESIAN_POINT('',(4.877668847424,4.64599468376E+03));
#2099 = CARTESIAN_POINT('',(4.871240066869,4.646643514757E+03));
#2100 = CARTESIAN_POINT('',(4.862541997064,4.647273207154E+03));
#2101 = CARTESIAN_POINT('',(4.851443887848,4.647873149637E+03));
#2102 = CARTESIAN_POINT('',(4.828685689426,4.648796956076E+03));
#2103 = CARTESIAN_POINT('',(4.818349321861,4.649149614098E+03));
#2104 = CARTESIAN_POINT('',(4.806789518901,4.649476301976E+03));
#2105 = CARTESIAN_POINT('',(4.794028889467,4.649768450898E+03));
#2106 = CARTESIAN_POINT('',(4.780121070177,4.650017203681E+03));
#2107 = CARTESIAN_POINT('',(4.76515406145,4.650213303633E+03));
#2108 = CARTESIAN_POINT('',(4.736116602667,4.650457304629E+03));
#2109 = CARTESIAN_POINT('',(4.722456530315,4.650524004251E+03));
#2110 = CARTESIAN_POINT('',(4.708534623424,4.650541390465E+03));
#2111 = CARTESIAN_POINT('',(4.694626580188,4.65050750969E+03));
#2112 = CARTESIAN_POINT('',(4.681009219186,4.650423930352E+03));
#2113 = CARTESIAN_POINT('',(4.667943900343,4.650295726901E+03));
#2114 = CARTESIAN_POINT('',(4.638102294307,4.649896849069E+03));
#2115 = CARTESIAN_POINT('',(4.622124934095,4.649588438925E+03));
#2116 = CARTESIAN_POINT('',(4.607804981585,4.649223271756E+03));
#2117 = CARTESIAN_POINT('',(4.595149235017,4.648814823998E+03));
#2118 = CARTESIAN_POINT('',(4.584127098127,4.648374063959E+03));
#2119 = CARTESIAN_POINT('',(4.574686273999,4.647909948749E+03));
#2120 = CARTESIAN_POINT('',(4.559181633765,4.646970216838E+03));
#2121 = CARTESIAN_POINT('',(4.552955789316,4.646493956611E+03));
#2122 = CARTESIAN_POINT('',(4.548032449678,4.646005870756E+03));
#2123 = CARTESIAN_POINT('',(4.544369367344,4.645509677927E+03));
#2124 = CARTESIAN_POINT('',(4.541936631221,4.645008308092E+03));
#2125 = CARTESIAN_POINT('',(4.540719163948,4.644504283767E+03));
#2126 = CARTESIAN_POINT('',(4.540719163948,4.643495716239E+03));
#2127 = CARTESIAN_POINT('',(4.541936631281,4.642991691896E+03));
#2128 = CARTESIAN_POINT('',(4.544369367257,4.64249032208E+03));
#2129 = CARTESIAN_POINT('',(4.54803244965,4.641994129252E+03));
#2130 = CARTESIAN_POINT('',(4.552955789448,4.641506043377E+03));
#2131 = CARTESIAN_POINT('',(4.559181633683,4.641029783167E+03));
#2132 = CARTESIAN_POINT('',(4.574686274004,4.64009005125E+03));
#2133 = CARTESIAN_POINT('',(4.584127098129,4.639625936041E+03));
#2134 = CARTESIAN_POINT('',(4.595149235012,4.639185176003E+03));
#2135 = CARTESIAN_POINT('',(4.607804981578,4.638776728244E+03));
#2136 = CARTESIAN_POINT('',(4.622124934095,4.638411561075E+03));
#2137 = CARTESIAN_POINT('',(4.638102294317,4.638103150931E+03));
#2138 = CARTESIAN_POINT('',(4.670680336082,4.63766769653E+03));
#2139 = CARTESIAN_POINT('',(4.686865325249,4.637520785401E+03));
#2140 = CARTESIAN_POINT('',(4.703795380914,4.637443461636E+03));
#2141 = CARTESIAN_POINT('',(4.720982579855,4.637443461636E+03));
#2142 = CARTESIAN_POINT('',(4.737912635521,4.637520785401E+03));
#2143 = CARTESIAN_POINT('',(4.754097624687,4.63766769653E+03));
#2144 = CARTESIAN_POINT('',(4.781232371069,4.638030393122E+03));
#2145 = CARTESIAN_POINT('',(4.792619593282,4.638227754254E+03));
#2146 = CARTESIAN_POINT('',(4.803241163077,4.638455138179E+03));
#2147 = CARTESIAN_POINT('',(4.813074988081,4.638707667529E+03));
#2148 = CARTESIAN_POINT('',(4.822111836304,4.638980892723E+03));
#2149 = CARTESIAN_POINT('',(4.830352962974,4.639270722306E+03));
#2150 = CARTESIAN_POINT('',(4.851443887992,4.640126850369E+03));
#2151 = CARTESIAN_POINT('',(4.862541996625,4.640726792822E+03));
#2152 = CARTESIAN_POINT('',(4.871240067474,4.641356485289E+03));
#2153 = CARTESIAN_POINT('',(4.877668846997,4.642005316193E+03));
#2154 = CARTESIAN_POINT('',(4.881924677083,4.642665758803E+03));
#2155 = CARTESIAN_POINT('',(4.884058796822,4.643332342192E+03));
#2156 = CARTESIAN_POINT('',(4.884058796822,4.644E+03));
#2157 = ( GEOMETRIC_REPRESENTATION_CONTEXT(2) 
PARAMETRIC_REPRESENTATION_CONTEXT() REPRESENTATION_CONTEXT('2D SPACE',''
  ) );
#2158 = PCURVE('',#2159,#2164);
#2159 = CYLINDRICAL_SURFACE('',#2160,6.5);
#2160 = AXIS2_PLACEMENT_3D('',#2161,#2162,#2163);
#2161 = CARTESIAN_POINT('',(3.E+04,39.05,-206.));
#2162 = DIRECTION('',(0.,-1.,2.22044604925E-16));
#2163 = DIRECTION('',(1.,0.,0.));
#2164 = DEFINITIONAL_REPRESENTATION('',(#2165),#2228);
#2165 = B_SPLINE_CURVE_WITH_KNOTS('',7,(#2166,#2167,#2168,#2169,#2170,
    #2171,#2172,#2173,#2174,#2175,#2176,#2177,#2178,#2179,#2180,#2181,
    #2182,#2183,#2184,#2185,#2186,#2187,#2188,#2189,#2190,#2191,#2192,
    #2193,#2194,#2195,#2196,#2197,#2198,#2199,#2200,#2201,#2202,#2203,
    #2204,#2205,#2206,#2207,#2208,#2209,#2210,#2211,#2212,#2213,#2214,
    #2215,#2216,#2217,#2218,#2219,#2220,#2221,#2222,#2223,#2224,#2225,
    #2226,#2227),.UNSPECIFIED.,.F.,.F.,(8,6,6,6,6,6,6,6,6,6,8),(0.,
    0.132680911969,0.221466650584,0.294879628054,0.399802757741,
    0.500172671188,0.600542583571,0.705465711093,0.795231871526,
    0.867625379555,1.),.UNSPECIFIED.);
#2166 = CARTESIAN_POINT('',(0.,76.540698846514));
#2167 = CARTESIAN_POINT('',(0.102716584804,76.540698846514));
#2168 = CARTESIAN_POINT('',(0.205267673439,76.554570439446));
#2169 = CARTESIAN_POINT('',(0.308645322795,76.582234228259));
#2170 = CARTESIAN_POINT('',(0.413747789717,76.622943621803));
#2171 = CARTESIAN_POINT('',(0.521495602117,76.675214785004));
#2172 = CARTESIAN_POINT('',(0.632871088577,76.736226780603));
#2173 = CARTESIAN_POINT('',(0.826958414703,76.844550032082));
#2174 = CARTESIAN_POINT('',(0.907619528534,76.890082803208));
#2175 = CARTESIAN_POINT('',(0.991027951344,76.936010082245));
#2176 = CARTESIAN_POINT('',(1.077175180594,76.980088777489));
#2177 = CARTESIAN_POINT('',(1.166134842056,77.019645162043));
#2178 = CARTESIAN_POINT('',(1.258075699502,77.051846006182));
#2179 = CARTESIAN_POINT('',(1.43203938822,77.092573866859));
#2180 = CARTESIAN_POINT('',(1.512323119343,77.104070647605));
#2181 = CARTESIAN_POINT('',(1.593290114516,77.107182465393));
#2182 = CARTESIAN_POINT('',(1.674211285956,77.101256260297));
#2183 = CARTESIAN_POINT('',(1.754379312814,77.08679053535));
#2184 = CARTESIAN_POINT('',(1.833011540353,77.065291895789));
#2185 = CARTESIAN_POINT('',(2.017899664768,77.000911583733));
#2186 = CARTESIAN_POINT('',(2.121620645588,76.952779883666));
#2187 = CARTESIAN_POINT('',(2.221078202834,76.899008089387));
#2188 = CARTESIAN_POINT('',(2.316802374628,76.843808848284));
#2189 = CARTESIAN_POINT('',(2.40925012018,76.790369066171));
#2190 = CARTESIAN_POINT('',(2.498788163136,76.740999428082));
#2191 = CARTESIAN_POINT('',(2.668981921157,76.655389912371));
#2192 = CARTESIAN_POINT('',(2.75021984695,76.61848965849));
#2193 = CARTESIAN_POINT('',(2.829948987225,76.587885565016));
#2194 = CARTESIAN_POINT('',(2.908572709217,76.564424754306));
#2195 = CARTESIAN_POINT('',(2.98646795801,76.548612544995));
#2196 = CARTESIAN_POINT('',(3.064010535623,76.540698846514));
#2197 = CARTESIAN_POINT('',(3.219174770734,76.540698846514));
#2198 = CARTESIAN_POINT('',(3.296717351151,76.548612545334));
#2199 = CARTESIAN_POINT('',(3.374612596726,76.564424753813));
#2200 = CARTESIAN_POINT('',(3.45323631877,76.587885564853));
#2201 = CARTESIAN_POINT('',(3.532965462275,76.61848965923));
#2202 = CARTESIAN_POINT('',(3.61420338513,76.655389911922));
#2203 = CARTESIAN_POINT('',(3.784397144104,76.740999428112));
#2204 = CARTESIAN_POINT('',(3.873935187,76.790369066177));
#2205 = CARTESIAN_POINT('',(3.966382932501,76.84380884825));
#2206 = CARTESIAN_POINT('',(4.062107104302,76.899008089362));
#2207 = CARTESIAN_POINT('',(4.161564661603,76.952779883683));
#2208 = CARTESIAN_POINT('',(4.26528564247,77.000911583754));
#2209 = CARTESIAN_POINT('',(4.467127762895,77.071195485113));
#2210 = CARTESIAN_POINT('',(4.563941691832,77.096111757174));
#2211 = CARTESIAN_POINT('',(4.662700833924,77.109842639371));
#2212 = CARTESIAN_POINT('',(4.762077126845,77.109842639371));
#2213 = CARTESIAN_POINT('',(4.860836268937,77.096111757173));
#2214 = CARTESIAN_POINT('',(4.957650197874,77.071195485113));
#2215 = CARTESIAN_POINT('',(5.125767569269,77.012654954905));
#2216 = CARTESIAN_POINT('',(5.198571040834,76.981584081753));
#2217 = CARTESIAN_POINT('',(5.269318158946,76.947073152499));
#2218 = CARTESIAN_POINT('',(5.338148905699,76.910575248886));
#2219 = CARTESIAN_POINT('',(5.405166364082,76.873391432684));
#2220 = CARTESIAN_POINT('',(5.470445797632,76.836614232926));
#2221 = CARTESIAN_POINT('',(5.650314219835,76.736226779915));
#2222 = CARTESIAN_POINT('',(5.761689700371,76.67521478715));
#2223 = CARTESIAN_POINT('',(5.869437525718,76.622943618783));
#2224 = CARTESIAN_POINT('',(5.974539976341,76.582234230429));
#2225 = CARTESIAN_POINT('',(6.077917638068,76.554570438771));
#2226 = CARTESIAN_POINT('',(6.180468721313,76.540698846514));
#2227 = CARTESIAN_POINT('',(6.28318530718,76.540698846514));
#2228 = ( GEOMETRIC_REPRESENTATION_CONTEXT(2) 
PARAMETRIC_REPRESENTATION_CONTEXT() REPRESENTATION_CONTEXT('2D SPACE',''
  ) );
#2229 = ADVANCED_FACE('',(#2230),#92,.F.);
#2230 = FACE_BOUND('',#2231,.T.);
#2231 = EDGE_LOOP('',(#2232));
#2232 = ORIENTED_EDGE('',*,*,#77,.F.);
#2233 = ADVANCED_FACE('',(#2234),#148,.T.);
#2234 = FACE_BOUND('',#2235,.T.);
#2235 = EDGE_LOOP('',(#2236));
#2236 = ORIENTED_EDGE('',*,*,#133,.T.);
#2237 = ADVANCED_FACE('',(#2238),#296,.F.);
#2238 = FACE_BOUND('',#2239,.F.);
#2239 = EDGE_LOOP('',(#2240,#2475,#2496,#2497));
#2240 = ORIENTED_EDGE('',*,*,#2241,.F.);
#2241 = EDGE_CURVE('',#2242,#2242,#2244,.T.);
#2242 = VERTEX_POINT('',#2243);
#2243 = CARTESIAN_POINT('',(3.00065E+04,33.83123556715,-1.006E+03));
#2244 = SURFACE_CURVE('',#2245,(#2318,#2394),.PCURVE_S1.);
#2245 = B_SPLINE_CURVE_WITH_KNOTS('',8,(#2246,#2247,#2248,#2249,#2250,
    #2251,#2252,#2253,#2254,#2255,#2256,#2257,#2258,#2259,#2260,#2261,
    #2262,#2263,#2264,#2265,#2266,#2267,#2268,#2269,#2270,#2271,#2272,
    #2273,#2274,#2275,#2276,#2277,#2278,#2279,#2280,#2281,#2282,#2283,
    #2284,#2285,#2286,#2287,#2288,#2289,#2290,#2291,#2292,#2293,#2294,
    #2295,#2296,#2297,#2298,#2299,#2300,#2301,#2302,#2303,#2304,#2305,
    #2306,#2307,#2308,#2309,#2310,#2311,#2312,#2313,#2314,#2315,#2316,
    #2317),.UNSPECIFIED.,.T.,.F.,(9,7,7,7,7,7,7,7,7,7,9),(0.,
    0.132658244481,0.221474363506,0.294862128289,0.39983134681,
    0.500166339294,0.600501331779,0.7054705503,0.795210529981,
    0.867640350081,1.),.UNSPECIFIED.);
#2246 = CARTESIAN_POINT('',(3.00065E+04,33.83123556715,-1.006E+03));
#2247 = CARTESIAN_POINT('',(3.00065E+04,33.83123556715,
    -1.005415523197E+03));
#2248 = CARTESIAN_POINT('',(3.000643993592E+04,33.842775528472,
    -1.004831870075E+03));
#2249 = CARTESIAN_POINT('',(3.000632010565E+04,33.865799123281,
    -1.004252254488E+03));
#2250 = CARTESIAN_POINT('',(3.000613954091E+04,33.899871081505,
    -1.003680086076E+03));
#2251 = CARTESIAN_POINT('',(3.00058962716E+04,33.944148687546,
    -1.003119578898E+03));
#2252 = CARTESIAN_POINT('',(3.000558749604E+04,33.997213075951,
    -1.002576208349E+03));
#2253 = CARTESIAN_POINT('',(3.000520982236E+04,34.056816667536,
    -1.002057345374E+03));
#2254 = CARTESIAN_POINT('',(3.00044584156E+04,34.161639269753,
    -1.00124938823E+03));
#2255 = CARTESIAN_POINT('',(3.000412245006E+04,34.20540688857,
    -1.000938684453E+03));
#2256 = CARTESIAN_POINT('',(3.000375146974E+04,34.249725030727,
    -1.000646415261E+03));
#2257 = CARTESIAN_POINT('',(3.000334571427E+04,34.293121659874,
    -1.000377870163E+03));
#2258 = CARTESIAN_POINT('',(3.000290603868E+04,34.333874361357,
    -1.000138497743E+03));
#2259 = CARTESIAN_POINT('',(3.000243395964E+04,34.370097185815,
    -999.9339356347));
#2260 = CARTESIAN_POINT('',(3.000193175226E+04,34.399873591502,
    -999.7700712087));
#2261 = CARTESIAN_POINT('',(3.000096536244E+04,34.439251836857,
    -999.5565082446));
#2262 = CARTESIAN_POINT('',(3.000051308548E+04,34.451323048762,
    -999.4926642671));
#2263 = CARTESIAN_POINT('',(3.000005193621E+04,34.456646464351,
    -999.4651150662));
#2264 = CARTESIAN_POINT('',(2.999958850587E+04,34.454660677783,
    -999.4755463951));
#2265 = CARTESIAN_POINT('',(2.999912951899E+04,34.445391873217,
    -999.5238576865));
#2266 = CARTESIAN_POINT('',(2.999868154845E+04,34.429463603205,
    -999.6081788699));
#2267 = CARTESIAN_POINT('',(2.999825074578E+04,34.40799106878,
    -999.7248651987));
#2268 = CARTESIAN_POINT('',(2.999725881154E+04,34.34574988857,
    -1.000073881038E+03));
#2269 = CARTESIAN_POINT('',(2.999672076799E+04,34.300615996599,
    -1.000334580019E+03));
#2270 = CARTESIAN_POINT('',(2.999623030968E+04,34.250166612891,
    -1.000639918108E+03));
#2271 = CARTESIAN_POINT('',(2.999578779899E+04,34.197360893769,
    -1.00098102797E+03));
#2272 = CARTESIAN_POINT('',(2.999539265997E+04,34.144676974335,
    -1.001350447193E+03));
#2273 = CARTESIAN_POINT('',(2.999504374474E+04,34.094070201662,
    -1.001741865407E+03));
#2274 = CARTESIAN_POINT('',(2.999473956875E+04,34.047031284833,
    -1.002149967038E+03));
#2275 = CARTESIAN_POINT('',(2.99942288757E+04,33.964106910543,
    -1.002972151053E+03));
#2276 = CARTESIAN_POINT('',(2.999401773341E+04,33.927673553938,
    -1.003386634487E+03));
#2277 = CARTESIAN_POINT('',(2.999384370204E+04,33.896265941127,
    -1.003810680537E+03));
#2278 = CARTESIAN_POINT('',(2.99937056548E+04,33.870546691682,
    -1.004241806198E+03));
#2279 = CARTESIAN_POINT('',(2.999360270702E+04,33.850968444771,
    -1.004677974203E+03));
#2280 = CARTESIAN_POINT('',(2.999353425297E+04,33.83781674084,
    -1.005117439397E+03));
#2281 = CARTESIAN_POINT('',(2.99935E+04,33.83123556715,
    -1.005558620887E+03));
#2282 = CARTESIAN_POINT('',(2.99935E+04,33.83123556715,
    -1.006441379113E+03));
#2283 = CARTESIAN_POINT('',(2.999353425297E+04,33.83781674084,
    -1.006882560603E+03));
#2284 = CARTESIAN_POINT('',(2.999360270702E+04,33.850968444771,
    -1.007322025797E+03));
#2285 = CARTESIAN_POINT('',(2.99937056548E+04,33.870546691682,
    -1.007758193802E+03));
#2286 = CARTESIAN_POINT('',(2.999384370204E+04,33.896265941127,
    -1.008189319463E+03));
#2287 = CARTESIAN_POINT('',(2.999401773341E+04,33.927673553938,
    -1.008613365513E+03));
#2288 = CARTESIAN_POINT('',(2.99942288757E+04,33.964106910543,
    -1.009027848947E+03));
#2289 = CARTESIAN_POINT('',(2.999473956875E+04,34.047031284833,
    -1.009850032962E+03));
#2290 = CARTESIAN_POINT('',(2.999504374474E+04,34.094070201662,
    -1.010258134593E+03));
#2291 = CARTESIAN_POINT('',(2.999539265997E+04,34.144676974335,
    -1.010649552807E+03));
#2292 = CARTESIAN_POINT('',(2.999578779899E+04,34.197360893769,
    -1.01101897203E+03));
#2293 = CARTESIAN_POINT('',(2.999623030968E+04,34.250166612891,
    -1.011360081892E+03));
#2294 = CARTESIAN_POINT('',(2.999672076799E+04,34.300615996599,
    -1.011665419981E+03));
#2295 = CARTESIAN_POINT('',(2.999725881154E+04,34.34574988857,
    -1.011926118962E+03));
#2296 = CARTESIAN_POINT('',(2.99983416888E+04,34.413697496056,
    -1.012307133447E+03));
#2297 = CARTESIAN_POINT('',(2.999887455304E+04,34.43882100838,
    -1.012442447914E+03));
#2298 = CARTESIAN_POINT('',(2.999943114322E+04,34.455182441595,
    -1.012527553013E+03));
#2299 = CARTESIAN_POINT('',(3.E+04,34.460880974192,-1.012556568433E+03)
  );
#2300 = CARTESIAN_POINT('',(3.000056885678E+04,34.455182441594,
    -1.012527553013E+03));
#2301 = CARTESIAN_POINT('',(3.000112544696E+04,34.43882100838,
    -1.012442447914E+03));
#2302 = CARTESIAN_POINT('',(3.00016583112E+04,34.413697496055,
    -1.012307133447E+03));
#2303 = CARTESIAN_POINT('',(3.000256022025E+04,34.357105152174,
    -1.011989793314E+03));
#2304 = CARTESIAN_POINT('',(3.00029419702E+04,34.327736354668,
    -1.011821484656E+03));
#2305 = CARTESIAN_POINT('',(3.000330172962E+04,34.295308742138,
    -1.011630003821E+03));
#2306 = CARTESIAN_POINT('',(3.000363892943E+04,34.260830498089,
    -1.011418472741E+03));
#2307 = CARTESIAN_POINT('',(3.000395328493E+04,34.225239906642,
    -1.011189776418E+03));
#2308 = CARTESIAN_POINT('',(3.000424474466E+04,34.189375613463,
    -1.01094659578E+03));
#2309 = CARTESIAN_POINT('',(3.000451345582E+04,34.153961059492,
    -1.010691429258E+03));
#2310 = CARTESIAN_POINT('',(3.000520982237E+04,34.056816666874,
    -1.009942654621E+03));
#2311 = CARTESIAN_POINT('',(3.000558749602E+04,33.997213077533,
    -1.009423791667E+03));
#2312 = CARTESIAN_POINT('',(3.000589627161E+04,33.944148686353,
    -1.008880421083E+03));
#2313 = CARTESIAN_POINT('',(3.000613954091E+04,33.899871081037,
    -1.008319913924E+03));
#2314 = CARTESIAN_POINT('',(3.000632010564E+04,33.865799124496,
    -1.007747745532E+03));
#2315 = CARTESIAN_POINT('',(3.000643993593E+04,33.842775527914,
    -1.007168129907E+03));
#2316 = CARTESIAN_POINT('',(3.00065E+04,33.83123556715,
    -1.006584476809E+03));
#2317 = CARTESIAN_POINT('',(3.00065E+04,33.83123556715,-1.006E+03));
#2318 = PCURVE('',#296,#2319);
#2319 = DEFINITIONAL_REPRESENTATION('',(#2320),#2393);
#2320 = B_SPLINE_CURVE_WITH_KNOTS('',8,(#2321,#2322,#2323,#2324,#2325,
    #2326,#2327,#2328,#2329,#2330,#2331,#2332,#2333,#2334,#2335,#2336,
    #2337,#2338,#2339,#2340,#2341,#2342,#2343,#2344,#2345,#2346,#2347,
    #2348,#2349,#2350,#2351,#2352,#2353,#2354,#2355,#2356,#2357,#2358,
    #2359,#2360,#2361,#2362,#2363,#2364,#2365,#2366,#2367,#2368,#2369,
    #2370,#2371,#2372,#2373,#2374,#2375,#2376,#2377,#2378,#2379,#2380,
    #2381,#2382,#2383,#2384,#2385,#2386,#2387,#2388,#2389,#2390,#2391,
    #2392),.UNSPECIFIED.,.F.,.F.,(9,7,7,7,7,7,7,7,7,7,9),(0.,
    0.132658244481,0.221474363506,0.294862128289,0.39983134681,
    0.500166339294,0.600501331779,0.7054705503,0.795210529981,
    0.867640350081,1.),.UNSPECIFIED.);
#2321 = CARTESIAN_POINT('',(0.,5.21876443285));
#2322 = CARTESIAN_POINT('',(8.991950819007E-02,5.21876443285));
#2323 = CARTESIAN_POINT('',(0.179712142814,5.207224471528));
#2324 = CARTESIAN_POINT('',(0.269992223063,5.184200876719));
#2325 = CARTESIAN_POINT('',(0.361327878052,5.150128918495));
#2326 = CARTESIAN_POINT('',(0.454284768181,5.105851312454));
#2327 = CARTESIAN_POINT('',(0.54945061205,5.052786924049));
#2328 = CARTESIAN_POINT('',(0.647473755252,4.993183332464));
#2329 = CARTESIAN_POINT('',(0.817221697082,4.888360730247));
#2330 = CARTESIAN_POINT('',(0.887424574304,4.84459311143));
#2331 = CARTESIAN_POINT('',(0.959698746012,4.800274969273));
#2332 = CARTESIAN_POINT('',(1.03403253771,4.756878340126));
#2333 = CARTESIAN_POINT('',(1.110456645949,4.716125638643));
#2334 = CARTESIAN_POINT('',(1.189046068583,4.679902814185));
#2335 = CARTESIAN_POINT('',(1.269928822777,4.650126408498));
#2336 = CARTESIAN_POINT('',(1.42219131987,4.610748163143));
#2337 = CARTESIAN_POINT('',(1.492252584026,4.598676951238));
#2338 = CARTESIAN_POINT('',(1.562940023039,4.593353535649));
#2339 = CARTESIAN_POINT('',(1.63377675018,4.595339322217));
#2340 = CARTESIAN_POINT('',(1.704311167194,4.604608126783));
#2341 = CARTESIAN_POINT('',(1.77407787299,4.620536396795));
#2342 = CARTESIAN_POINT('',(1.842556404663,4.64200893122));
#2343 = CARTESIAN_POINT('',(2.004332464058,4.70425011143));
#2344 = CARTESIAN_POINT('',(2.095728135968,4.749384003401));
#2345 = CARTESIAN_POINT('',(2.183811710183,4.799833387109));
#2346 = CARTESIAN_POINT('',(2.268953664869,4.852639106231));
#2347 = CARTESIAN_POINT('',(2.351464412785,4.905323025665));
#2348 = CARTESIAN_POINT('',(2.431614274388,4.955929798338));
#2349 = CARTESIAN_POINT('',(2.509639442065,5.002968715167));
#2350 = CARTESIAN_POINT('',(2.658544236585,5.085893089457));
#2351 = CARTESIAN_POINT('',(2.729851862516,5.122326446062));
#2352 = CARTESIAN_POINT('',(2.799982805119,5.153734058873));
#2353 = CARTESIAN_POINT('',(2.869194647796,5.179453308318));
#2354 = CARTESIAN_POINT('',(2.937727377657,5.199031555229));
#2355 = CARTESIAN_POINT('',(3.00581382001,5.21218325916));
#2356 = CARTESIAN_POINT('',(3.073688174602,5.21876443285));
#2357 = CARTESIAN_POINT('',(3.209497132577,5.21876443285));
#2358 = CARTESIAN_POINT('',(3.277371487169,5.21218325916));
#2359 = CARTESIAN_POINT('',(3.345457929523,5.199031555229));
#2360 = CARTESIAN_POINT('',(3.413990659383,5.179453308318));
#2361 = CARTESIAN_POINT('',(3.48320250206,5.153734058873));
#2362 = CARTESIAN_POINT('',(3.553333444663,5.122326446062));
#2363 = CARTESIAN_POINT('',(3.624641070595,5.085893089457));
#2364 = CARTESIAN_POINT('',(3.773545865114,5.002968715167));
#2365 = CARTESIAN_POINT('',(3.851571032792,4.955929798338));
#2366 = CARTESIAN_POINT('',(3.931720894395,4.905323025665));
#2367 = CARTESIAN_POINT('',(4.01423164231,4.852639106231));
#2368 = CARTESIAN_POINT('',(4.099373596997,4.799833387109));
#2369 = CARTESIAN_POINT('',(4.187457171212,4.749384003401));
#2370 = CARTESIAN_POINT('',(4.278852843122,4.70425011143));
#2371 = CARTESIAN_POINT('',(4.455460936786,4.636302503944));
#2372 = CARTESIAN_POINT('',(4.539702376004,4.61117899162));
#2373 = CARTESIAN_POINT('',(4.625644693578,4.594817558405));
#2374 = CARTESIAN_POINT('',(4.712388980383,4.589119025808));
#2375 = CARTESIAN_POINT('',(4.799133267194,4.594817558406));
#2376 = CARTESIAN_POINT('',(4.885075584764,4.61117899162));
#2377 = CARTESIAN_POINT('',(4.969317023984,4.636302503945));
#2378 = CARTESIAN_POINT('',(5.116410738372,4.692894847826));
#2379 = CARTESIAN_POINT('',(5.180406575366,4.722263645332));
#2380 = CARTESIAN_POINT('',(5.242825915857,4.754691257862));
#2381 = CARTESIAN_POINT('',(5.303765886864,4.789169501911));
#2382 = CARTESIAN_POINT('',(5.363303058377,4.824760093358));
#2383 = CARTESIAN_POINT('',(5.421497936703,4.860624386537));
#2384 = CARTESIAN_POINT('',(5.478397573396,4.896038940508));
#2385 = CARTESIAN_POINT('',(5.635711552999,4.993183333126));
#2386 = CARTESIAN_POINT('',(5.733734691936,5.052786922467));
#2387 = CARTESIAN_POINT('',(5.828900542383,5.105851313647));
#2388 = CARTESIAN_POINT('',(5.921857429231,5.150128918963));
#2389 = CARTESIAN_POINT('',(6.013193080728,5.184200875504));
#2390 = CARTESIAN_POINT('',(6.103473167334,5.207224472086));
#2391 = CARTESIAN_POINT('',(6.193265798063,5.21876443285));
#2392 = CARTESIAN_POINT('',(6.28318530718,5.21876443285));
#2393 = ( GEOMETRIC_REPRESENTATION_CONTEXT(2) 
PARAMETRIC_REPRESENTATION_CONTEXT() REPRESENTATION_CONTEXT('2D SPACE',''
  ) );
#2394 = PCURVE('',#2395,#2400);
#2395 = CYLINDRICAL_SURFACE('',#2396,34.45);
#2396 = AXIS2_PLACEMENT_3D('',#2397,#2398,#2399);
#2397 = CARTESIAN_POINT('',(3.E+04,0.,-4.851E+03));
#2398 = DIRECTION('',(0.,0.,1.));
#2399 = DIRECTION('',(1.,0.,-0.));
#2400 = DEFINITIONAL_REPRESENTATION('',(#2401),#2474);
#2401 = B_SPLINE_CURVE_WITH_KNOTS('',8,(#2402,#2403,#2404,#2405,#2406,
    #2407,#2408,#2409,#2410,#2411,#2412,#2413,#2414,#2415,#2416,#2417,
    #2418,#2419,#2420,#2421,#2422,#2423,#2424,#2425,#2426,#2427,#2428,
    #2429,#2430,#2431,#2432,#2433,#2434,#2435,#2436,#2437,#2438,#2439,
    #2440,#2441,#2442,#2443,#2444,#2445,#2446,#2447,#2448,#2449,#2450,
    #2451,#2452,#2453,#2454,#2455,#2456,#2457,#2458,#2459,#2460,#2461,
    #2462,#2463,#2464,#2465,#2466,#2467,#2468,#2469,#2470,#2471,#2472,
    #2473),.UNSPECIFIED.,.T.,.F.,(9,7,7,7,7,7,7,7,7,7,9),(0.,
    0.132658244481,0.221474363506,0.294862128289,0.39983134681,
    0.500166339294,0.600501331779,0.7054705503,0.795210529981,
    0.867640350081,1.),.UNSPECIFIED.);
#2402 = CARTESIAN_POINT('',(1.38097926545,3.845E+03));
#2403 = CARTESIAN_POINT('',(1.38097926545,3.845584476803E+03));
#2404 = CARTESIAN_POINT('',(1.382754665669,3.846168129925E+03));
#2405 = CARTESIAN_POINT('',(1.386296678478,3.846747745512E+03));
#2406 = CARTESIAN_POINT('',(1.391630485691,3.847319913924E+03));
#2407 = CARTESIAN_POINT('',(1.39880769618,3.847880421102E+03));
#2408 = CARTESIAN_POINT('',(1.407901050619,3.848423791651E+03));
#2409 = CARTESIAN_POINT('',(1.418997906113,3.848942654626E+03));
#2410 = CARTESIAN_POINT('',(1.441020634823,3.84975061177E+03));
#2411 = CARTESIAN_POINT('',(1.450854887657,3.850061315547E+03));
#2412 = CARTESIAN_POINT('',(1.461699096547,3.850353584739E+03));
#2413 = CARTESIAN_POINT('',(1.473542411647,3.850622129837E+03));
#2414 = CARTESIAN_POINT('',(1.486356953512,3.850861502257E+03));
#2415 = CARTESIAN_POINT('',(1.500097286079,3.851066064365E+03));
#2416 = CARTESIAN_POINT('',(1.514698237795,3.851229928791E+03));
#2417 = CARTESIAN_POINT('',(1.542773470753,3.851443491755E+03));
#2418 = CARTESIAN_POINT('',(1.555905356167,3.851507335733E+03));
#2419 = CARTESIAN_POINT('',(1.569289713932,3.851534884934E+03));
#2420 = CARTESIAN_POINT('',(1.582738731898,3.851524453605E+03));
#2421 = CARTESIAN_POINT('',(1.596061513997,3.851476142313E+03));
#2422 = CARTESIAN_POINT('',(1.609070997678,3.85139182113E+03));
#2423 = CARTESIAN_POINT('',(1.621590642099,3.851275134801E+03));
#2424 = CARTESIAN_POINT('',(1.650440716286,3.850926118962E+03));
#2425 = CARTESIAN_POINT('',(1.666110202494,3.850665419981E+03));
#2426 = CARTESIAN_POINT('',(1.680418259606,3.850360081892E+03));
#2427 = CARTESIAN_POINT('',(1.693351559135,3.85001897203E+03));
#2428 = CARTESIAN_POINT('',(1.704921359175,3.849649552807E+03));
#2429 = CARTESIAN_POINT('',(1.71515470541,3.849258134593E+03));
#2430 = CARTESIAN_POINT('',(1.724088900495,3.848850032962E+03));
#2431 = CARTESIAN_POINT('',(1.739107237877,3.848027848947E+03));
#2432 = CARTESIAN_POINT('',(1.745326460044,3.847613365513E+03));
#2433 = CARTESIAN_POINT('',(1.75045957657,3.847189319463E+03));
#2434 = CARTESIAN_POINT('',(1.754535648233,3.846758193802E+03));
#2435 = CARTESIAN_POINT('',(1.757577529398,3.846322025797E+03));
#2436 = CARTESIAN_POINT('',(1.759600918815,3.845882560603E+03));
#2437 = CARTESIAN_POINT('',(1.76061338814,3.845441379113E+03));
#2438 = CARTESIAN_POINT('',(1.76061338814,3.844558620887E+03));
#2439 = CARTESIAN_POINT('',(1.759600918815,3.844117439397E+03));
#2440 = CARTESIAN_POINT('',(1.757577529398,3.843677974203E+03));
#2441 = CARTESIAN_POINT('',(1.754535648233,3.843241806198E+03));
#2442 = CARTESIAN_POINT('',(1.75045957657,3.842810680537E+03));
#2443 = CARTESIAN_POINT('',(1.745326460044,3.842386634487E+03));
#2444 = CARTESIAN_POINT('',(1.739107237877,3.841972151053E+03));
#2445 = CARTESIAN_POINT('',(1.724088900495,3.841149967038E+03));
#2446 = CARTESIAN_POINT('',(1.71515470541,3.840741865407E+03));
#2447 = CARTESIAN_POINT('',(1.704921359175,3.840350447193E+03));
#2448 = CARTESIAN_POINT('',(1.693351559135,3.83998102797E+03));
#2449 = CARTESIAN_POINT('',(1.680418259606,3.839639918108E+03));
#2450 = CARTESIAN_POINT('',(1.666110202494,3.839334580019E+03));
#2451 = CARTESIAN_POINT('',(1.650440716286,3.839073881038E+03));
#2452 = CARTESIAN_POINT('',(1.618945595047,3.838692866553E+03));
#2453 = CARTESIAN_POINT('',(1.603462529761,3.838557552086E+03));
#2454 = CARTESIAN_POINT('',(1.587303363454,3.838472446987E+03));
#2455 = CARTESIAN_POINT('',(1.570796326795,3.838443431567E+03));
#2456 = CARTESIAN_POINT('',(1.554289290135,3.838472446987E+03));
#2457 = CARTESIAN_POINT('',(1.538130123829,3.838557552086E+03));
#2458 = CARTESIAN_POINT('',(1.522647058543,3.838692866553E+03));
#2459 = CARTESIAN_POINT('',(1.496415336813,3.839010206686E+03));
#2460 = CARTESIAN_POINT('',(1.485302427061,3.839178515344E+03));
#2461 = CARTESIAN_POINT('',(1.474818574443,3.839369996179E+03));
#2462 = CARTESIAN_POINT('',(1.464980732344,3.839581527259E+03));
#2463 = CARTESIAN_POINT('',(1.455798381034,3.839810223582E+03));
#2464 = CARTESIAN_POINT('',(1.447274735129,3.84005340422E+03));
#2465 = CARTESIAN_POINT('',(1.439407479473,3.840308570742E+03));
#2466 = CARTESIAN_POINT('',(1.418997905974,3.841057345379E+03));
#2467 = CARTESIAN_POINT('',(1.407901050942,3.841576208333E+03));
#2468 = CARTESIAN_POINT('',(1.398807695945,3.842119578917E+03));
#2469 = CARTESIAN_POINT('',(1.391630485594,3.842680086076E+03));
#2470 = CARTESIAN_POINT('',(1.386296678718,3.843252254468E+03));
#2471 = CARTESIAN_POINT('',(1.382754665561,3.843831870093E+03));
#2472 = CARTESIAN_POINT('',(1.38097926545,3.844415523191E+03));
#2473 = CARTESIAN_POINT('',(1.38097926545,3.845E+03));
#2474 = ( GEOMETRIC_REPRESENTATION_CONTEXT(2) 
PARAMETRIC_REPRESENTATION_CONTEXT() REPRESENTATION_CONTEXT('2D SPACE',''
  ) );
#2475 = ORIENTED_EDGE('',*,*,#2476,.F.);
#2476 = EDGE_CURVE('',#163,#2242,#2477,.T.);
#2477 = SEAM_CURVE('',#2478,(#2482,#2489),.PCURVE_S1.);
#2478 = LINE('',#2479,#2480);
#2479 = CARTESIAN_POINT('',(3.00065E+04,39.05,-1.006E+03));
#2480 = VECTOR('',#2481,1.);
#2481 = DIRECTION('',(0.,-1.,2.22044604925E-16));
#2482 = PCURVE('',#296,#2483);
#2483 = DEFINITIONAL_REPRESENTATION('',(#2484),#2488);
#2484 = LINE('',#2485,#2486);
#2485 = CARTESIAN_POINT('',(6.28318530718,-0.));
#2486 = VECTOR('',#2487,1.);
#2487 = DIRECTION('',(0.,1.));
#2488 = ( GEOMETRIC_REPRESENTATION_CONTEXT(2) 
PARAMETRIC_REPRESENTATION_CONTEXT() REPRESENTATION_CONTEXT('2D SPACE',''
  ) );
#2489 = PCURVE('',#296,#2490);
#2490 = DEFINITIONAL_REPRESENTATION('',(#2491),#2495);
#2491 = LINE('',#2492,#2493);
#2492 = CARTESIAN_POINT('',(0.,-0.));
#2493 = VECTOR('',#2494,1.);
#2494 = DIRECTION('',(0.,1.));
#2495 = ( GEOMETRIC_REPRESENTATION_CONTEXT(2) 
PARAMETRIC_REPRESENTATION_CONTEXT() REPRESENTATION_CONTEXT('2D SPACE',''
  ) );
#2496 = ORIENTED_EDGE('',*,*,#162,.T.);
#2497 = ORIENTED_EDGE('',*,*,#2476,.T.);
#2498 = ADVANCED_FACE('',(#2499),#503,.F.);
#2499 = FACE_BOUND('',#2500,.F.);
#2500 = EDGE_LOOP('',(#2501,#2731,#2752,#2753));
#2501 = ORIENTED_EDGE('',*,*,#2502,.F.);
#2502 = EDGE_CURVE('',#2503,#2503,#2505,.T.);
#2503 = VERTEX_POINT('',#2504);
#2504 = CARTESIAN_POINT('',(3.00065E+04,33.83123556715,-806.));
#2505 = SURFACE_CURVE('',#2506,(#2579,#2655),.PCURVE_S1.);
#2506 = B_SPLINE_CURVE_WITH_KNOTS('',8,(#2507,#2508,#2509,#2510,#2511,
    #2512,#2513,#2514,#2515,#2516,#2517,#2518,#2519,#2520,#2521,#2522,
    #2523,#2524,#2525,#2526,#2527,#2528,#2529,#2530,#2531,#2532,#2533,
    #2534,#2535,#2536,#2537,#2538,#2539,#2540,#2541,#2542,#2543,#2544,
    #2545,#2546,#2547,#2548,#2549,#2550,#2551,#2552,#2553,#2554,#2555,
    #2556,#2557,#2558,#2559,#2560,#2561,#2562,#2563,#2564,#2565,#2566,
    #2567,#2568,#2569,#2570,#2571,#2572,#2573,#2574,#2575,#2576,#2577,
    #2578),.UNSPECIFIED.,.T.,.F.,(9,7,7,7,7,7,7,7,7,7,9),(0.,
    0.132658249388,0.221474370203,0.29486213472,0.399831352231,
    0.500166343796,0.600501335361,0.705470552921,0.79521053178,
    0.867640351232,1.),.UNSPECIFIED.);
#2507 = CARTESIAN_POINT('',(3.00065E+04,33.83123556715,-806.));
#2508 = CARTESIAN_POINT('',(3.00065E+04,33.83123556715,-805.4155231967)
  );
#2509 = CARTESIAN_POINT('',(3.000643993592E+04,33.842775528472,
    -804.8318700746));
#2510 = CARTESIAN_POINT('',(3.000632010565E+04,33.865799123281,
    -804.2522544876));
#2511 = CARTESIAN_POINT('',(3.000613954091E+04,33.899871081505,
    -803.6800860764));
#2512 = CARTESIAN_POINT('',(3.00058962716E+04,33.944148687546,
    -803.1195788976));
#2513 = CARTESIAN_POINT('',(3.000558749604E+04,33.997213075951,
    -802.5762083492));
#2514 = CARTESIAN_POINT('',(3.000520982236E+04,34.056816667536,
    -802.057345374));
#2515 = CARTESIAN_POINT('',(3.00044584156E+04,34.161639269045,
    -801.2493882358));
#2516 = CARTESIAN_POINT('',(3.000412245005E+04,34.205406889655,
    -800.938684445));
#2517 = CARTESIAN_POINT('',(3.000375146974E+04,34.249725030858,
    -800.6464152598));
#2518 = CARTESIAN_POINT('',(3.000334571428E+04,34.293121658916,
    -800.3778701695));
#2519 = CARTESIAN_POINT('',(3.000290603868E+04,34.333874361191,
    -800.1384977449));
#2520 = CARTESIAN_POINT('',(3.000243395963E+04,34.370097186744,
    -799.9339356287));
#2521 = CARTESIAN_POINT('',(3.000193175227E+04,34.399873591125,
    -799.7700712108));
#2522 = CARTESIAN_POINT('',(3.000096536244E+04,34.439251836744,
    -799.5565082452));
#2523 = CARTESIAN_POINT('',(3.000051308547E+04,34.451323049034,
    -799.4926642656));
#2524 = CARTESIAN_POINT('',(3.000005193621E+04,34.456646464074,
    -799.4651150677));
#2525 = CARTESIAN_POINT('',(2.999958850588E+04,34.454660677826,
    -799.4755463949));
#2526 = CARTESIAN_POINT('',(2.999912951899E+04,34.445391873495,
    -799.5238576849));
#2527 = CARTESIAN_POINT('',(2.999868154845E+04,34.429463602843,
    -799.6081788719));
#2528 = CARTESIAN_POINT('',(2.999825074578E+04,34.407991068943,
    -799.7248651978));
#2529 = CARTESIAN_POINT('',(2.999725881154E+04,34.345749888557,
    -800.0738810384));
#2530 = CARTESIAN_POINT('',(2.999672076799E+04,34.300615996586,
    -800.3345800192));
#2531 = CARTESIAN_POINT('',(2.999623030968E+04,34.250166612898,
    -800.6399181076));
#2532 = CARTESIAN_POINT('',(2.999578779899E+04,34.19736089379,
    -800.9810279699));
#2533 = CARTESIAN_POINT('',(2.999539265997E+04,34.144676974349,
    -801.3504471932));
#2534 = CARTESIAN_POINT('',(2.999504374474E+04,34.094070201653,
    -801.7418654073));
#2535 = CARTESIAN_POINT('',(2.999473956875E+04,34.047031284814,
    -802.1499670386));
#2536 = CARTESIAN_POINT('',(2.99942288757E+04,33.964106910543,
    -802.9721510525));
#2537 = CARTESIAN_POINT('',(2.999401773341E+04,33.927673553938,
    -803.3866344867));
#2538 = CARTESIAN_POINT('',(2.999384370204E+04,33.896265941127,
    -803.8106805372));
#2539 = CARTESIAN_POINT('',(2.99937056548E+04,33.870546691682,
    -804.2418061975));
#2540 = CARTESIAN_POINT('',(2.999360270702E+04,33.850968444771,
    -804.6779742032));
#2541 = CARTESIAN_POINT('',(2.999353425297E+04,33.83781674084,
    -805.1174393968));
#2542 = CARTESIAN_POINT('',(2.99935E+04,33.83123556715,-805.5586208865)
  );
#2543 = CARTESIAN_POINT('',(2.99935E+04,33.83123556715,-806.4413791134)
  );
#2544 = CARTESIAN_POINT('',(2.999353425297E+04,33.83781674084,
    -806.8825606031));
#2545 = CARTESIAN_POINT('',(2.999360270702E+04,33.850968444771,
    -807.3220257967));
#2546 = CARTESIAN_POINT('',(2.99937056548E+04,33.870546691682,
    -807.7581938024));
#2547 = CARTESIAN_POINT('',(2.999384370204E+04,33.896265941127,
    -808.1893194627));
#2548 = CARTESIAN_POINT('',(2.999401773341E+04,33.927673553938,
    -808.6133655132));
#2549 = CARTESIAN_POINT('',(2.99942288757E+04,33.964106910543,
    -809.0278489474));
#2550 = CARTESIAN_POINT('',(2.999473956875E+04,34.047031284833,
    -809.8500329615));
#2551 = CARTESIAN_POINT('',(2.999504374474E+04,34.094070201662,
    -810.2581345926));
#2552 = CARTESIAN_POINT('',(2.999539265997E+04,34.144676974335,
    -810.6495528066));
#2553 = CARTESIAN_POINT('',(2.999578779899E+04,34.197360893769,
    -811.0189720299));
#2554 = CARTESIAN_POINT('',(2.999623030968E+04,34.250166612891,
    -811.3600818923));
#2555 = CARTESIAN_POINT('',(2.999672076799E+04,34.300615996599,
    -811.6654199808));
#2556 = CARTESIAN_POINT('',(2.999725881154E+04,34.34574988857,
    -811.9261189615));
#2557 = CARTESIAN_POINT('',(2.99983416888E+04,34.413697496056,
    -812.3071334474));
#2558 = CARTESIAN_POINT('',(2.999887455304E+04,34.43882100838,
    -812.4424479137));
#2559 = CARTESIAN_POINT('',(2.999943114322E+04,34.455182441595,
    -812.5275530131));
#2560 = CARTESIAN_POINT('',(3.E+04,34.460880974192,-812.5565684331));
#2561 = CARTESIAN_POINT('',(3.000056885678E+04,34.455182441595,
    -812.5275530132));
#2562 = CARTESIAN_POINT('',(3.000112544696E+04,34.438821008379,
    -812.4424479137));
#2563 = CARTESIAN_POINT('',(3.00016583112E+04,34.413697496056,
    -812.3071334474));
#2564 = CARTESIAN_POINT('',(3.000256022025E+04,34.357105152169,
    -811.9897933142));
#2565 = CARTESIAN_POINT('',(3.00029419702E+04,34.327736354663,
    -811.8214846557));
#2566 = CARTESIAN_POINT('',(3.000330172962E+04,34.295308742141,
    -811.6300038205));
#2567 = CARTESIAN_POINT('',(3.000363892943E+04,34.260830498097,
    -811.4184727412));
#2568 = CARTESIAN_POINT('',(3.000395328493E+04,34.225239906647,
    -811.1897764182));
#2569 = CARTESIAN_POINT('',(3.000424474466E+04,34.18937561346,
    -810.9465957798));
#2570 = CARTESIAN_POINT('',(3.000451345582E+04,34.153961059483,
    -810.6914292583));
#2571 = CARTESIAN_POINT('',(3.000520982237E+04,34.056816666875,
    -809.9426546208));
#2572 = CARTESIAN_POINT('',(3.000558749602E+04,33.997213077533,
    -809.4237916673));
#2573 = CARTESIAN_POINT('',(3.000589627161E+04,33.944148686353,
    -808.880421083));
#2574 = CARTESIAN_POINT('',(3.000613954091E+04,33.899871081037,
    -808.3199139241));
#2575 = CARTESIAN_POINT('',(3.000632010564E+04,33.865799124496,
    -807.7477455316));
#2576 = CARTESIAN_POINT('',(3.000643993593E+04,33.842775527914,
    -807.1681299072));
#2577 = CARTESIAN_POINT('',(3.00065E+04,33.83123556715,-806.5844768092)
  );
#2578 = CARTESIAN_POINT('',(3.00065E+04,33.83123556715,-806.));
#2579 = PCURVE('',#503,#2580);
#2580 = DEFINITIONAL_REPRESENTATION('',(#2581),#2654);
#2581 = B_SPLINE_CURVE_WITH_KNOTS('',8,(#2582,#2583,#2584,#2585,#2586,
    #2587,#2588,#2589,#2590,#2591,#2592,#2593,#2594,#2595,#2596,#2597,
    #2598,#2599,#2600,#2601,#2602,#2603,#2604,#2605,#2606,#2607,#2608,
    #2609,#2610,#2611,#2612,#2613,#2614,#2615,#2616,#2617,#2618,#2619,
    #2620,#2621,#2622,#2623,#2624,#2625,#2626,#2627,#2628,#2629,#2630,
    #2631,#2632,#2633,#2634,#2635,#2636,#2637,#2638,#2639,#2640,#2641,
    #2642,#2643,#2644,#2645,#2646,#2647,#2648,#2649,#2650,#2651,#2652,
    #2653),.UNSPECIFIED.,.F.,.F.,(9,7,7,7,7,7,7,7,7,7,9),(0.,
    0.132658249388,0.221474370203,0.29486213472,0.399831352231,
    0.500166343796,0.600501335361,0.705470552921,0.79521053178,
    0.867640351232,1.),.UNSPECIFIED.);
#2582 = CARTESIAN_POINT('',(0.,5.21876443285));
#2583 = CARTESIAN_POINT('',(8.991950819007E-02,5.21876443285));
#2584 = CARTESIAN_POINT('',(0.179712142814,5.207224471528));
#2585 = CARTESIAN_POINT('',(0.269992223063,5.184200876719));
#2586 = CARTESIAN_POINT('',(0.361327878052,5.150128918495));
#2587 = CARTESIAN_POINT('',(0.454284768181,5.105851312454));
#2588 = CARTESIAN_POINT('',(0.54945061205,5.052786924049));
#2589 = CARTESIAN_POINT('',(0.647473755252,4.993183332464));
#2590 = CARTESIAN_POINT('',(0.817221695935,4.888360730955));
#2591 = CARTESIAN_POINT('',(0.887424576524,4.844593110345));
#2592 = CARTESIAN_POINT('',(0.959698745856,4.800274969142));
#2593 = CARTESIAN_POINT('',(1.034032535554,4.756878341084));
#2594 = CARTESIAN_POINT('',(1.110456646078,4.716125638809));
#2595 = CARTESIAN_POINT('',(1.189046070956,4.679902813256));
#2596 = CARTESIAN_POINT('',(1.269928821322,4.650126408875));
#2597 = CARTESIAN_POINT('',(1.422191319434,4.610748163256));
#2598 = CARTESIAN_POINT('',(1.492252584778,4.598676950966));
#2599 = CARTESIAN_POINT('',(1.562940023027,4.593353535926));
#2600 = CARTESIAN_POINT('',(1.633776749492,4.595339322174));
#2601 = CARTESIAN_POINT('',(1.704311167206,4.604608126505));
#2602 = CARTESIAN_POINT('',(1.774077873711,4.620536397157));
#2603 = CARTESIAN_POINT('',(1.84255640424,4.642008931057));
#2604 = CARTESIAN_POINT('',(2.004332464092,4.704250111443));
#2605 = CARTESIAN_POINT('',(2.095728135983,4.749384003414));
#2606 = CARTESIAN_POINT('',(2.183811710167,4.799833387102));
#2607 = CARTESIAN_POINT('',(2.268953664838,4.85263910621));
#2608 = CARTESIAN_POINT('',(2.351464412764,4.905323025651));
#2609 = CARTESIAN_POINT('',(2.431614274398,4.955929798347));
#2610 = CARTESIAN_POINT('',(2.5096394421,5.002968715186));
#2611 = CARTESIAN_POINT('',(2.658544236585,5.085893089457));
#2612 = CARTESIAN_POINT('',(2.729851862517,5.122326446062));
#2613 = CARTESIAN_POINT('',(2.799982805119,5.153734058873));
#2614 = CARTESIAN_POINT('',(2.869194647796,5.179453308318));
#2615 = CARTESIAN_POINT('',(2.937727377657,5.199031555229));
#2616 = CARTESIAN_POINT('',(3.00581382001,5.21218325916));
#2617 = CARTESIAN_POINT('',(3.073688174602,5.21876443285));
#2618 = CARTESIAN_POINT('',(3.209497132577,5.21876443285));
#2619 = CARTESIAN_POINT('',(3.277371487169,5.21218325916));
#2620 = CARTESIAN_POINT('',(3.345457929523,5.199031555229));
#2621 = CARTESIAN_POINT('',(3.413990659383,5.179453308318));
#2622 = CARTESIAN_POINT('',(3.48320250206,5.153734058873));
#2623 = CARTESIAN_POINT('',(3.553333444663,5.122326446062));
#2624 = CARTESIAN_POINT('',(3.624641070595,5.085893089457));
#2625 = CARTESIAN_POINT('',(3.773545865114,5.002968715167));
#2626 = CARTESIAN_POINT('',(3.851571032792,4.955929798338));
#2627 = CARTESIAN_POINT('',(3.931720894395,4.905323025665));
#2628 = CARTESIAN_POINT('',(4.01423164231,4.852639106231));
#2629 = CARTESIAN_POINT('',(4.099373596997,4.799833387109));
#2630 = CARTESIAN_POINT('',(4.187457171212,4.749384003401));
#2631 = CARTESIAN_POINT('',(4.278852843122,4.70425011143));
#2632 = CARTESIAN_POINT('',(4.455460936786,4.636302503944));
#2633 = CARTESIAN_POINT('',(4.539702376005,4.61117899162));
#2634 = CARTESIAN_POINT('',(4.625644693576,4.594817558406));
#2635 = CARTESIAN_POINT('',(4.712388980385,4.589119025808));
#2636 = CARTESIAN_POINT('',(4.799133267192,4.594817558405));
#2637 = CARTESIAN_POINT('',(4.885075584765,4.61117899162));
#2638 = CARTESIAN_POINT('',(4.969317023983,4.636302503944));
#2639 = CARTESIAN_POINT('',(5.116410738386,4.692894847831));
#2640 = CARTESIAN_POINT('',(5.180406575372,4.722263645337));
#2641 = CARTESIAN_POINT('',(5.24282591585,4.754691257859));
#2642 = CARTESIAN_POINT('',(5.303765886851,4.789169501903));
#2643 = CARTESIAN_POINT('',(5.363303058369,4.824760093353));
#2644 = CARTESIAN_POINT('',(5.421497936708,4.86062438654));
#2645 = CARTESIAN_POINT('',(5.47839757341,4.896038940517));
#2646 = CARTESIAN_POINT('',(5.635711552998,4.993183333125));
#2647 = CARTESIAN_POINT('',(5.733734691936,5.052786922467));
#2648 = CARTESIAN_POINT('',(5.828900542384,5.105851313647));
#2649 = CARTESIAN_POINT('',(5.921857429231,5.150128918963));
#2650 = CARTESIAN_POINT('',(6.013193080727,5.184200875504));
#2651 = CARTESIAN_POINT('',(6.103473167334,5.207224472086));
#2652 = CARTESIAN_POINT('',(6.193265798062,5.21876443285));
#2653 = CARTESIAN_POINT('',(6.28318530718,5.21876443285));
#2654 = ( GEOMETRIC_REPRESENTATION_CONTEXT(2) 
PARAMETRIC_REPRESENTATION_CONTEXT() REPRESENTATION_CONTEXT('2D SPACE',''
  ) );
#2655 = PCURVE('',#2395,#2656);
#2656 = DEFINITIONAL_REPRESENTATION('',(#2657),#2730);
#2657 = B_SPLINE_CURVE_WITH_KNOTS('',8,(#2658,#2659,#2660,#2661,#2662,
    #2663,#2664,#2665,#2666,#2667,#2668,#2669,#2670,#2671,#2672,#2673,
    #2674,#2675,#2676,#2677,#2678,#2679,#2680,#2681,#2682,#2683,#2684,
    #2685,#2686,#2687,#2688,#2689,#2690,#2691,#2692,#2693,#2694,#2695,
    #2696,#2697,#2698,#2699,#2700,#2701,#2702,#2703,#2704,#2705,#2706,
    #2707,#2708,#2709,#2710,#2711,#2712,#2713,#2714,#2715,#2716,#2717,
    #2718,#2719,#2720,#2721,#2722,#2723,#2724,#2725,#2726,#2727,#2728,
    #2729),.UNSPECIFIED.,.T.,.F.,(9,7,7,7,7,7,7,7,7,7,9),(0.,
    0.132658249388,0.221474370203,0.29486213472,0.399831352231,
    0.500166343796,0.600501335361,0.705470552921,0.79521053178,
    0.867640351232,1.),.UNSPECIFIED.);
#2658 = CARTESIAN_POINT('',(1.38097926545,4.045E+03));
#2659 = CARTESIAN_POINT('',(1.38097926545,4.045584476803E+03));
#2660 = CARTESIAN_POINT('',(1.382754665669,4.046168129925E+03));
#2661 = CARTESIAN_POINT('',(1.386296678478,4.046747745512E+03));
#2662 = CARTESIAN_POINT('',(1.391630485691,4.047319913924E+03));
#2663 = CARTESIAN_POINT('',(1.39880769618,4.047880421102E+03));
#2664 = CARTESIAN_POINT('',(1.407901050619,4.048423791651E+03));
#2665 = CARTESIAN_POINT('',(1.418997906113,4.048942654626E+03));
#2666 = CARTESIAN_POINT('',(1.441020634674,4.049750611764E+03));
#2667 = CARTESIAN_POINT('',(1.450854887999,4.050061315555E+03));
#2668 = CARTESIAN_POINT('',(1.461699096489,4.05035358474E+03));
#2669 = CARTESIAN_POINT('',(1.473542411299,4.05062212983E+03));
#2670 = CARTESIAN_POINT('',(1.486356953564,4.050861502255E+03));
#2671 = CARTESIAN_POINT('',(1.500097286478,4.051066064371E+03));
#2672 = CARTESIAN_POINT('',(1.514698237526,4.051229928789E+03));
#2673 = CARTESIAN_POINT('',(1.542773470673,4.051443491755E+03));
#2674 = CARTESIAN_POINT('',(1.555905356307,4.051507335734E+03));
#2675 = CARTESIAN_POINT('',(1.569289713927,4.051534884932E+03));
#2676 = CARTESIAN_POINT('',(1.582738731772,4.051524453605E+03));
#2677 = CARTESIAN_POINT('',(1.596061514002,4.051476142315E+03));
#2678 = CARTESIAN_POINT('',(1.609070997807,4.051391821128E+03));
#2679 = CARTESIAN_POINT('',(1.621590642023,4.051275134802E+03));
#2680 = CARTESIAN_POINT('',(1.650440716292,4.050926118962E+03));
#2681 = CARTESIAN_POINT('',(1.666110202496,4.050665419981E+03));
#2682 = CARTESIAN_POINT('',(1.680418259603,4.050360081892E+03));
#2683 = CARTESIAN_POINT('',(1.69335155913,4.05001897203E+03));
#2684 = CARTESIAN_POINT('',(1.704921359172,4.049649552807E+03));
#2685 = CARTESIAN_POINT('',(1.715154705412,4.049258134593E+03));
#2686 = CARTESIAN_POINT('',(1.724088900499,4.048850032961E+03));
#2687 = CARTESIAN_POINT('',(1.739107237877,4.048027848947E+03));
#2688 = CARTESIAN_POINT('',(1.745326460044,4.047613365513E+03));
#2689 = CARTESIAN_POINT('',(1.75045957657,4.047189319463E+03));
#2690 = CARTESIAN_POINT('',(1.754535648233,4.046758193802E+03));
#2691 = CARTESIAN_POINT('',(1.757577529398,4.046322025797E+03));
#2692 = CARTESIAN_POINT('',(1.759600918815,4.045882560603E+03));
#2693 = CARTESIAN_POINT('',(1.76061338814,4.045441379113E+03));
#2694 = CARTESIAN_POINT('',(1.76061338814,4.044558620887E+03));
#2695 = CARTESIAN_POINT('',(1.759600918815,4.044117439397E+03));
#2696 = CARTESIAN_POINT('',(1.757577529398,4.043677974203E+03));
#2697 = CARTESIAN_POINT('',(1.754535648233,4.043241806198E+03));
#2698 = CARTESIAN_POINT('',(1.75045957657,4.042810680537E+03));
#2699 = CARTESIAN_POINT('',(1.745326460044,4.042386634487E+03));
#2700 = CARTESIAN_POINT('',(1.739107237877,4.041972151053E+03));
#2701 = CARTESIAN_POINT('',(1.724088900495,4.041149967038E+03));
#2702 = CARTESIAN_POINT('',(1.71515470541,4.040741865407E+03));
#2703 = CARTESIAN_POINT('',(1.704921359175,4.040350447193E+03));
#2704 = CARTESIAN_POINT('',(1.693351559135,4.03998102797E+03));
#2705 = CARTESIAN_POINT('',(1.680418259606,4.039639918108E+03));
#2706 = CARTESIAN_POINT('',(1.666110202494,4.039334580019E+03));
#2707 = CARTESIAN_POINT('',(1.650440716286,4.039073881038E+03));
#2708 = CARTESIAN_POINT('',(1.618945595047,4.038692866553E+03));
#2709 = CARTESIAN_POINT('',(1.603462529761,4.038557552086E+03));
#2710 = CARTESIAN_POINT('',(1.587303363455,4.038472446987E+03));
#2711 = CARTESIAN_POINT('',(1.570796326794,4.038443431567E+03));
#2712 = CARTESIAN_POINT('',(1.554289290136,4.038472446987E+03));
#2713 = CARTESIAN_POINT('',(1.538130123829,4.038557552086E+03));
#2714 = CARTESIAN_POINT('',(1.522647058543,4.038692866553E+03));
#2715 = CARTESIAN_POINT('',(1.496415336811,4.039010206686E+03));
#2716 = CARTESIAN_POINT('',(1.48530242706,4.039178515344E+03));
#2717 = CARTESIAN_POINT('',(1.474818574444,4.039369996179E+03));
#2718 = CARTESIAN_POINT('',(1.464980732346,4.039581527259E+03));
#2719 = CARTESIAN_POINT('',(1.455798381035,4.039810223582E+03));
#2720 = CARTESIAN_POINT('',(1.447274735128,4.04005340422E+03));
#2721 = CARTESIAN_POINT('',(1.439407479471,4.040308570742E+03));
#2722 = CARTESIAN_POINT('',(1.418997905974,4.041057345379E+03));
#2723 = CARTESIAN_POINT('',(1.407901050941,4.041576208333E+03));
#2724 = CARTESIAN_POINT('',(1.398807695945,4.042119578917E+03));
#2725 = CARTESIAN_POINT('',(1.391630485594,4.042680086076E+03));
#2726 = CARTESIAN_POINT('',(1.386296678718,4.043252254468E+03));
#2727 = CARTESIAN_POINT('',(1.382754665561,4.043831870093E+03));
#2728 = CARTESIAN_POINT('',(1.38097926545,4.044415523191E+03));
#2729 = CARTESIAN_POINT('',(1.38097926545,4.045E+03));
#2730 = ( GEOMETRIC_REPRESENTATION_CONTEXT(2) 
PARAMETRIC_REPRESENTATION_CONTEXT() REPRESENTATION_CONTEXT('2D SPACE',''
  ) );
#2731 = ORIENTED_EDGE('',*,*,#2732,.F.);
#2732 = EDGE_CURVE('',#370,#2503,#2733,.T.);
#2733 = SEAM_CURVE('',#2734,(#2738,#2745),.PCURVE_S1.);
#2734 = LINE('',#2735,#2736);
#2735 = CARTESIAN_POINT('',(3.00065E+04,39.05,-806.));
#2736 = VECTOR('',#2737,1.);
#2737 = DIRECTION('',(0.,-1.,2.22044604925E-16));
#2738 = PCURVE('',#503,#2739);
#2739 = DEFINITIONAL_REPRESENTATION('',(#2740),#2744);
#2740 = LINE('',#2741,#2742);
#2741 = CARTESIAN_POINT('',(6.28318530718,-0.));
#2742 = VECTOR('',#2743,1.);
#2743 = DIRECTION('',(0.,1.));
#2744 = ( GEOMETRIC_REPRESENTATION_CONTEXT(2) 
PARAMETRIC_REPRESENTATION_CONTEXT() REPRESENTATION_CONTEXT('2D SPACE',''
  ) );
#2745 = PCURVE('',#503,#2746);
#2746 = DEFINITIONAL_REPRESENTATION('',(#2747),#2751);
#2747 = LINE('',#2748,#2749);
#2748 = CARTESIAN_POINT('',(0.,-0.));
#2749 = VECTOR('',#2750,1.);
#2750 = DIRECTION('',(0.,1.));
#2751 = ( GEOMETRIC_REPRESENTATION_CONTEXT(2) 
PARAMETRIC_REPRESENTATION_CONTEXT() REPRESENTATION_CONTEXT('2D SPACE',''
  ) );
#2752 = ORIENTED_EDGE('',*,*,#369,.T.);
#2753 = ORIENTED_EDGE('',*,*,#2732,.T.);
#2754 = ADVANCED_FACE('',(#2755),#710,.F.);
#2755 = FACE_BOUND('',#2756,.F.);
#2756 = EDGE_LOOP('',(#2757,#2758,#2781,#3009));
#2757 = ORIENTED_EDGE('',*,*,#576,.F.);
#2758 = ORIENTED_EDGE('',*,*,#2759,.F.);
#2759 = EDGE_CURVE('',#2760,#577,#2762,.T.);
#2760 = VERTEX_POINT('',#2761);
#2761 = CARTESIAN_POINT('',(3.00065E+04,-33.83123556715,-1.006E+03));
#2762 = SEAM_CURVE('',#2763,(#2767,#2774),.PCURVE_S1.);
#2763 = LINE('',#2764,#2765);
#2764 = CARTESIAN_POINT('',(3.00065E+04,39.05,-1.006E+03));
#2765 = VECTOR('',#2766,1.);
#2766 = DIRECTION('',(0.,-1.,2.22044604925E-16));
#2767 = PCURVE('',#710,#2768);
#2768 = DEFINITIONAL_REPRESENTATION('',(#2769),#2773);
#2769 = LINE('',#2770,#2771);
#2770 = CARTESIAN_POINT('',(6.28318530718,-0.));
#2771 = VECTOR('',#2772,1.);
#2772 = DIRECTION('',(0.,1.));
#2773 = ( GEOMETRIC_REPRESENTATION_CONTEXT(2) 
PARAMETRIC_REPRESENTATION_CONTEXT() REPRESENTATION_CONTEXT('2D SPACE',''
  ) );
#2774 = PCURVE('',#710,#2775);
#2775 = DEFINITIONAL_REPRESENTATION('',(#2776),#2780);
#2776 = LINE('',#2777,#2778);
#2777 = CARTESIAN_POINT('',(0.,-0.));
#2778 = VECTOR('',#2779,1.);
#2779 = DIRECTION('',(0.,1.));
#2780 = ( GEOMETRIC_REPRESENTATION_CONTEXT(2) 
PARAMETRIC_REPRESENTATION_CONTEXT() REPRESENTATION_CONTEXT('2D SPACE',''
  ) );
#2781 = ORIENTED_EDGE('',*,*,#2782,.T.);
#2782 = EDGE_CURVE('',#2760,#2760,#2783,.T.);
#2783 = SURFACE_CURVE('',#2784,(#2857,#2933),.PCURVE_S1.);
#2784 = B_SPLINE_CURVE_WITH_KNOTS('',8,(#2785,#2786,#2787,#2788,#2789,
    #2790,#2791,#2792,#2793,#2794,#2795,#2796,#2797,#2798,#2799,#2800,
    #2801,#2802,#2803,#2804,#2805,#2806,#2807,#2808,#2809,#2810,#2811,
    #2812,#2813,#2814,#2815,#2816,#2817,#2818,#2819,#2820,#2821,#2822,
    #2823,#2824,#2825,#2826,#2827,#2828,#2829,#2830,#2831,#2832,#2833,
    #2834,#2835,#2836,#2837,#2838,#2839,#2840,#2841,#2842,#2843,#2844,
    #2845,#2846,#2847,#2848,#2849,#2850,#2851,#2852,#2853,#2854,#2855,
    #2856),.UNSPECIFIED.,.T.,.F.,(9,7,7,7,7,7,7,7,7,7,9),(0.,
    0.132658250539,0.221474372087,0.294862137183,0.399831355485,
    0.50016634661,0.600501337167,0.705470554272,0.795210532743,
    0.867640351866,1.),.UNSPECIFIED.);
#2785 = CARTESIAN_POINT('',(3.00065E+04,-33.83123556715,-1.006E+03));
#2786 = CARTESIAN_POINT('',(3.00065E+04,-33.83123556715,
    -1.005415523197E+03));
#2787 = CARTESIAN_POINT('',(3.000643993592E+04,-33.84277552847,
    -1.004831870075E+03));
#2788 = CARTESIAN_POINT('',(3.000632010565E+04,-33.86579912328,
    -1.004252254488E+03));
#2789 = CARTESIAN_POINT('',(3.000613954091E+04,-33.8998710815,
    -1.003680086076E+03));
#2790 = CARTESIAN_POINT('',(3.00058962716E+04,-33.94414868754,
    -1.003119578898E+03));
#2791 = CARTESIAN_POINT('',(3.000558749604E+04,-33.99721307595,
    -1.002576208349E+03));
#2792 = CARTESIAN_POINT('',(3.000520982236E+04,-34.05681666753,
    -1.002057345374E+03));
#2793 = CARTESIAN_POINT('',(3.00044584156E+04,-34.16163926902,
    -1.001249388236E+03));
#2794 = CARTESIAN_POINT('',(3.000412245005E+04,-34.20540688964,
    -1.000938684445E+03));
#2795 = CARTESIAN_POINT('',(3.000375146974E+04,-34.24972503087,
    -1.00064641526E+03));
#2796 = CARTESIAN_POINT('',(3.000334571428E+04,-34.29312165893,
    -1.00037787017E+03));
#2797 = CARTESIAN_POINT('',(3.000290603868E+04,-34.33387436119,
    -1.000138497745E+03));
#2798 = CARTESIAN_POINT('',(3.000243395963E+04,-34.37009718673,
    -999.9339356288));
#2799 = CARTESIAN_POINT('',(3.000193175227E+04,-34.39987359111,
    -999.7700712108));
#2800 = CARTESIAN_POINT('',(3.000096536244E+04,-34.43925183674,
    -999.5565082452));
#2801 = CARTESIAN_POINT('',(3.000051308547E+04,-34.45132304903,
    -999.4926642656));
#2802 = CARTESIAN_POINT('',(3.000005193621E+04,-34.45664646407,
    -999.4651150677));
#2803 = CARTESIAN_POINT('',(2.999958850588E+04,-34.45466067782,
    -999.4755463949));
#2804 = CARTESIAN_POINT('',(2.999912951899E+04,-34.44539187349,
    -999.5238576849));
#2805 = CARTESIAN_POINT('',(2.999868154845E+04,-34.42946360284,
    -999.6081788719));
#2806 = CARTESIAN_POINT('',(2.999825074578E+04,-34.40799106894,
    -999.7248651978));
#2807 = CARTESIAN_POINT('',(2.999725881154E+04,-34.34574988857,
    -1.000073881038E+03));
#2808 = CARTESIAN_POINT('',(2.999672076799E+04,-34.30061599659,
    -1.000334580019E+03));
#2809 = CARTESIAN_POINT('',(2.999623030968E+04,-34.25016661289,
    -1.000639918108E+03));
#2810 = CARTESIAN_POINT('',(2.999578779899E+04,-34.19736089376,
    -1.00098102797E+03));
#2811 = CARTESIAN_POINT('',(2.999539265997E+04,-34.14467697433,
    -1.001350447193E+03));
#2812 = CARTESIAN_POINT('',(2.999504374474E+04,-34.09407020166,
    -1.001741865407E+03));
#2813 = CARTESIAN_POINT('',(2.999473956875E+04,-34.04703128483,
    -1.002149967038E+03));
#2814 = CARTESIAN_POINT('',(2.99942288757E+04,-33.964106911,
    -1.002972151048E+03));
#2815 = CARTESIAN_POINT('',(2.99940177334E+04,-33.92767355341,
    -1.003386634495E+03));
#2816 = CARTESIAN_POINT('',(2.999384370204E+04,-33.89626594092,
    -1.003810680537E+03));
#2817 = CARTESIAN_POINT('',(2.999370565481E+04,-33.87054669207,
    -1.00424180619E+03));
#2818 = CARTESIAN_POINT('',(2.999360270702E+04,-33.85096844498,
    -1.004677974203E+03));
#2819 = CARTESIAN_POINT('',(2.999353425297E+04,-33.83781674053,
    -1.005117439405E+03));
#2820 = CARTESIAN_POINT('',(2.99935E+04,-33.83123556715,
    -1.005558620882E+03));
#2821 = CARTESIAN_POINT('',(2.99935E+04,-33.83123556715,
    -1.006441379116E+03));
#2822 = CARTESIAN_POINT('',(2.999353425297E+04,-33.83781674069,
    -1.006882560599E+03));
#2823 = CARTESIAN_POINT('',(2.999360270702E+04,-33.85096844487,
    -1.007322025797E+03));
#2824 = CARTESIAN_POINT('',(2.999370565481E+04,-33.87054669187,
    -1.007758193806E+03));
#2825 = CARTESIAN_POINT('',(2.999384370204E+04,-33.89626594102,
    -1.008189319463E+03));
#2826 = CARTESIAN_POINT('',(2.99940177334E+04,-33.92767355367,
    -1.008613365509E+03));
#2827 = CARTESIAN_POINT('',(2.99942288757E+04,-33.96410691077,
    -1.00902784895E+03));
#2828 = CARTESIAN_POINT('',(2.999473956875E+04,-34.04703128483,
    -1.009850032962E+03));
#2829 = CARTESIAN_POINT('',(2.999504374474E+04,-34.09407020166,
    -1.010258134593E+03));
#2830 = CARTESIAN_POINT('',(2.999539265997E+04,-34.14467697433,
    -1.010649552807E+03));
#2831 = CARTESIAN_POINT('',(2.999578779899E+04,-34.19736089376,
    -1.01101897203E+03));
#2832 = CARTESIAN_POINT('',(2.999623030968E+04,-34.25016661289,
    -1.011360081892E+03));
#2833 = CARTESIAN_POINT('',(2.999672076799E+04,-34.30061599659,
    -1.011665419981E+03));
#2834 = CARTESIAN_POINT('',(2.999725881154E+04,-34.34574988857,
    -1.011926118962E+03));
#2835 = CARTESIAN_POINT('',(2.99983416888E+04,-34.41369749605,
    -1.012307133447E+03));
#2836 = CARTESIAN_POINT('',(2.999887455304E+04,-34.43882100838,
    -1.012442447914E+03));
#2837 = CARTESIAN_POINT('',(2.999943114322E+04,-34.45518244159,
    -1.012527553013E+03));
#2838 = CARTESIAN_POINT('',(3.E+04,-34.46088097419,-1.012556568433E+03)
  );
#2839 = CARTESIAN_POINT('',(3.000056885678E+04,-34.45518244159,
    -1.012527553013E+03));
#2840 = CARTESIAN_POINT('',(3.000112544696E+04,-34.43882100838,
    -1.012442447914E+03));
#2841 = CARTESIAN_POINT('',(3.00016583112E+04,-34.41369749605,
    -1.012307133447E+03));
#2842 = CARTESIAN_POINT('',(3.000256022025E+04,-34.35710515217,
    -1.011989793314E+03));
#2843 = CARTESIAN_POINT('',(3.00029419702E+04,-34.32773635466,
    -1.011821484656E+03));
#2844 = CARTESIAN_POINT('',(3.000330172962E+04,-34.29530874213,
    -1.011630003821E+03));
#2845 = CARTESIAN_POINT('',(3.000363892943E+04,-34.26083049808,
    -1.011418472741E+03));
#2846 = CARTESIAN_POINT('',(3.000395328493E+04,-34.22523990664,
    -1.011189776418E+03));
#2847 = CARTESIAN_POINT('',(3.000424474466E+04,-34.18937561346,
    -1.01094659578E+03));
#2848 = CARTESIAN_POINT('',(3.000451345582E+04,-34.15396105949,
    -1.010691429258E+03));
#2849 = CARTESIAN_POINT('',(3.000520982237E+04,-34.05681666687,
    -1.009942654621E+03));
#2850 = CARTESIAN_POINT('',(3.000558749602E+04,-33.99721307753,
    -1.009423791667E+03));
#2851 = CARTESIAN_POINT('',(3.000589627161E+04,-33.94414868635,
    -1.008880421083E+03));
#2852 = CARTESIAN_POINT('',(3.000613954091E+04,-33.89987108103,
    -1.008319913924E+03));
#2853 = CARTESIAN_POINT('',(3.000632010564E+04,-33.86579912449,
    -1.007747745532E+03));
#2854 = CARTESIAN_POINT('',(3.000643993593E+04,-33.84277552791,
    -1.007168129907E+03));
#2855 = CARTESIAN_POINT('',(3.00065E+04,-33.83123556715,
    -1.006584476809E+03));
#2856 = CARTESIAN_POINT('',(3.00065E+04,-33.83123556715,-1.006E+03));
#2857 = PCURVE('',#710,#2858);
#2858 = DEFINITIONAL_REPRESENTATION('',(#2859),#2932);
#2859 = B_SPLINE_CURVE_WITH_KNOTS('',8,(#2860,#2861,#2862,#2863,#2864,
    #2865,#2866,#2867,#2868,#2869,#2870,#2871,#2872,#2873,#2874,#2875,
    #2876,#2877,#2878,#2879,#2880,#2881,#2882,#2883,#2884,#2885,#2886,
    #2887,#2888,#2889,#2890,#2891,#2892,#2893,#2894,#2895,#2896,#2897,
    #2898,#2899,#2900,#2901,#2902,#2903,#2904,#2905,#2906,#2907,#2908,
    #2909,#2910,#2911,#2912,#2913,#2914,#2915,#2916,#2917,#2918,#2919,
    #2920,#2921,#2922,#2923,#2924,#2925,#2926,#2927,#2928,#2929,#2930,
    #2931),.UNSPECIFIED.,.F.,.F.,(9,7,7,7,7,7,7,7,7,7,9),(0.,
    0.132658250539,0.221474372087,0.294862137183,0.399831355485,
    0.50016634661,0.600501337167,0.705470554272,0.795210532743,
    0.867640351866,1.),.UNSPECIFIED.);
#2860 = CARTESIAN_POINT('',(0.,72.88123556715));
#2861 = CARTESIAN_POINT('',(8.991950819002E-02,72.88123556715));
#2862 = CARTESIAN_POINT('',(0.179712142814,72.892775528472));
#2863 = CARTESIAN_POINT('',(0.269992223063,72.915799123281));
#2864 = CARTESIAN_POINT('',(0.361327878052,72.949871081505));
#2865 = CARTESIAN_POINT('',(0.454284768181,72.994148687546));
#2866 = CARTESIAN_POINT('',(0.54945061205,73.047213075951));
#2867 = CARTESIAN_POINT('',(0.647473755253,73.106816667536));
#2868 = CARTESIAN_POINT('',(0.817221695905,73.211639269027));
#2869 = CARTESIAN_POINT('',(0.887424576515,73.255406889649));
#2870 = CARTESIAN_POINT('',(0.959698745873,73.29972503087));
#2871 = CARTESIAN_POINT('',(1.03403253558,73.343121658932));
#2872 = CARTESIAN_POINT('',(1.110456646091,73.383874361195));
#2873 = CARTESIAN_POINT('',(1.189046070943,73.420097186735));
#2874 = CARTESIAN_POINT('',(1.269928821293,73.449873591118));
#2875 = CARTESIAN_POINT('',(1.422191319434,73.489251836744));
#2876 = CARTESIAN_POINT('',(1.492252584778,73.501323049034));
#2877 = CARTESIAN_POINT('',(1.562940023026,73.506646464074));
#2878 = CARTESIAN_POINT('',(1.633776749492,73.504660677826));
#2879 = CARTESIAN_POINT('',(1.704311167206,73.495391873495));
#2880 = CARTESIAN_POINT('',(1.774077873711,73.479463602843));
#2881 = CARTESIAN_POINT('',(1.84255640424,73.457991068943));
#2882 = CARTESIAN_POINT('',(2.004332464058,73.39574988857));
#2883 = CARTESIAN_POINT('',(2.095728135968,73.350615996598));
#2884 = CARTESIAN_POINT('',(2.183811710182,73.300166612891));
#2885 = CARTESIAN_POINT('',(2.268953664869,73.247360893769));
#2886 = CARTESIAN_POINT('',(2.351464412785,73.194676974335));
#2887 = CARTESIAN_POINT('',(2.431614274387,73.144070201662));
#2888 = CARTESIAN_POINT('',(2.509639442066,73.097031284833));
#2889 = CARTESIAN_POINT('',(2.658544235751,73.014106911007));
#2890 = CARTESIAN_POINT('',(2.729851863917,72.977673553415));
#2891 = CARTESIAN_POINT('',(2.799982805147,72.94626594092));
#2892 = CARTESIAN_POINT('',(2.869194646502,72.92054669207));
#2893 = CARTESIAN_POINT('',(2.937727377625,72.900968444984));
#2894 = CARTESIAN_POINT('',(3.00581382138,72.887816740539));
#2895 = CARTESIAN_POINT('',(3.073688173832,72.88123556715));
#2896 = CARTESIAN_POINT('',(3.209497132962,72.88123556715));
#2897 = CARTESIAN_POINT('',(3.277371486485,72.88781674069));
#2898 = CARTESIAN_POINT('',(3.345457929539,72.900968444878));
#2899 = CARTESIAN_POINT('',(3.413990660031,72.920546691876));
#2900 = CARTESIAN_POINT('',(3.483202502047,72.946265941023));
#2901 = CARTESIAN_POINT('',(3.553333443963,72.977673553677));
#2902 = CARTESIAN_POINT('',(3.624641071012,73.014106910775));
#2903 = CARTESIAN_POINT('',(3.773545865114,73.097031284833));
#2904 = CARTESIAN_POINT('',(3.851571032792,73.144070201662));
#2905 = CARTESIAN_POINT('',(3.931720894395,73.194676974335));
#2906 = CARTESIAN_POINT('',(4.01423164231,73.247360893769));
#2907 = CARTESIAN_POINT('',(4.099373596997,73.300166612891));
#2908 = CARTESIAN_POINT('',(4.187457171212,73.350615996599));
#2909 = CARTESIAN_POINT('',(4.278852843122,73.39574988857));
#2910 = CARTESIAN_POINT('',(4.455460936786,73.463697496056));
#2911 = CARTESIAN_POINT('',(4.539702376005,73.48882100838));
#2912 = CARTESIAN_POINT('',(4.625644693576,73.505182441594));
#2913 = CARTESIAN_POINT('',(4.712388980386,73.510880974192));
#2914 = CARTESIAN_POINT('',(4.799133267192,73.505182441595));
#2915 = CARTESIAN_POINT('',(4.885075584765,73.48882100838));
#2916 = CARTESIAN_POINT('',(4.969317023983,73.463697496056));
#2917 = CARTESIAN_POINT('',(5.116410738372,73.407105152174));
#2918 = CARTESIAN_POINT('',(5.180406575366,73.377736354668));
#2919 = CARTESIAN_POINT('',(5.242825915857,73.345308742138));
#2920 = CARTESIAN_POINT('',(5.303765886864,73.310830498089));
#2921 = CARTESIAN_POINT('',(5.363303058377,73.275239906642));
#2922 = CARTESIAN_POINT('',(5.421497936703,73.239375613463));
#2923 = CARTESIAN_POINT('',(5.478397573396,73.203961059492));
#2924 = CARTESIAN_POINT('',(5.635711552999,73.106816666874));
#2925 = CARTESIAN_POINT('',(5.733734691936,73.047213077533));
#2926 = CARTESIAN_POINT('',(5.828900542383,72.994148686353));
#2927 = CARTESIAN_POINT('',(5.921857429231,72.949871081037));
#2928 = CARTESIAN_POINT('',(6.013193080727,72.915799124496));
#2929 = CARTESIAN_POINT('',(6.103473167334,72.892775527914));
#2930 = CARTESIAN_POINT('',(6.193265798063,72.88123556715));
#2931 = CARTESIAN_POINT('',(6.28318530718,72.88123556715));
#2932 = ( GEOMETRIC_REPRESENTATION_CONTEXT(2) 
PARAMETRIC_REPRESENTATION_CONTEXT() REPRESENTATION_CONTEXT('2D SPACE',''
  ) );
#2933 = PCURVE('',#2395,#2934);
#2934 = DEFINITIONAL_REPRESENTATION('',(#2935),#3008);
#2935 = B_SPLINE_CURVE_WITH_KNOTS('',8,(#2936,#2937,#2938,#2939,#2940,
    #2941,#2942,#2943,#2944,#2945,#2946,#2947,#2948,#2949,#2950,#2951,
    #2952,#2953,#2954,#2955,#2956,#2957,#2958,#2959,#2960,#2961,#2962,
    #2963,#2964,#2965,#2966,#2967,#2968,#2969,#2970,#2971,#2972,#2973,
    #2974,#2975,#2976,#2977,#2978,#2979,#2980,#2981,#2982,#2983,#2984,
    #2985,#2986,#2987,#2988,#2989,#2990,#2991,#2992,#2993,#2994,#2995,
    #2996,#2997,#2998,#2999,#3000,#3001,#3002,#3003,#3004,#3005,#3006,
    #3007),.UNSPECIFIED.,.T.,.F.,(9,7,7,7,7,7,7,7,7,7,9),(0.,
    0.132658250539,0.221474372087,0.294862137183,0.399831355485,
    0.50016634661,0.600501337167,0.705470554272,0.795210532743,
    0.867640351866,1.),.UNSPECIFIED.);
#2936 = CARTESIAN_POINT('',(4.902206041729,3.845E+03));
#2937 = CARTESIAN_POINT('',(4.902206041729,3.845584476803E+03));
#2938 = CARTESIAN_POINT('',(4.90043064151,3.846168129925E+03));
#2939 = CARTESIAN_POINT('',(4.896888628702,3.846747745512E+03));
#2940 = CARTESIAN_POINT('',(4.891554821488,3.847319913924E+03));
#2941 = CARTESIAN_POINT('',(4.884377610999,3.847880421102E+03));
#2942 = CARTESIAN_POINT('',(4.87528425656,3.848423791651E+03));
#2943 = CARTESIAN_POINT('',(4.864187401067,3.848942654626E+03));
#2944 = CARTESIAN_POINT('',(4.842164672509,3.849750611764E+03));
#2945 = CARTESIAN_POINT('',(4.832330419182,3.850061315555E+03));
#2946 = CARTESIAN_POINT('',(4.821486210688,3.85035358474E+03));
#2947 = CARTESIAN_POINT('',(4.809642895877,3.85062212983E+03));
#2948 = CARTESIAN_POINT('',(4.796828353613,3.850861502255E+03));
#2949 = CARTESIAN_POINT('',(4.783088020703,3.851066064371E+03));
#2950 = CARTESIAN_POINT('',(4.768487069659,3.851229928789E+03));
#2951 = CARTESIAN_POINT('',(4.740411836507,3.851443491755E+03));
#2952 = CARTESIAN_POINT('',(4.727279950872,3.851507335734E+03));
#2953 = CARTESIAN_POINT('',(4.713895593252,3.851534884932E+03));
#2954 = CARTESIAN_POINT('',(4.700446575407,3.851524453605E+03));
#2955 = CARTESIAN_POINT('',(4.687123793178,3.851476142315E+03));
#2956 = CARTESIAN_POINT('',(4.674114309373,3.851391821128E+03));
#2957 = CARTESIAN_POINT('',(4.661594665156,3.851275134802E+03));
#2958 = CARTESIAN_POINT('',(4.632744590893,3.850926118962E+03));
#2959 = CARTESIAN_POINT('',(4.617075104686,3.850665419981E+03));
#2960 = CARTESIAN_POINT('',(4.602767047574,3.850360081892E+03));
#2961 = CARTESIAN_POINT('',(4.589833748045,3.85001897203E+03));
#2962 = CARTESIAN_POINT('',(4.578263948005,3.849649552807E+03));
#2963 = CARTESIAN_POINT('',(4.56803060177,3.849258134593E+03));
#2964 = CARTESIAN_POINT('',(4.559096406684,3.848850032962E+03));
#2965 = CARTESIAN_POINT('',(4.544078069387,3.848027848952E+03));
#2966 = CARTESIAN_POINT('',(4.537858847042,3.847613365505E+03));
#2967 = CARTESIAN_POINT('',(4.532725730572,3.847189319463E+03));
#2968 = CARTESIAN_POINT('',(4.528649659014,3.84675819381E+03));
#2969 = CARTESIAN_POINT('',(4.52560777782,3.846322025797E+03));
#2970 = CARTESIAN_POINT('',(4.523584388311,3.845882560595E+03));
#2971 = CARTESIAN_POINT('',(4.52257191904,3.845441379118E+03));
#2972 = CARTESIAN_POINT('',(4.52257191904,3.844558620884E+03));
#2973 = CARTESIAN_POINT('',(4.523584388338,3.844117439401E+03));
#2974 = CARTESIAN_POINT('',(4.525607777801,3.843677974203E+03));
#2975 = CARTESIAN_POINT('',(4.52864965898,3.843241806194E+03));
#2976 = CARTESIAN_POINT('',(4.53272573059,3.842810680537E+03));
#2977 = CARTESIAN_POINT('',(4.537858847089,3.842386634491E+03));
#2978 = CARTESIAN_POINT('',(4.544078069344,3.84197215105E+03));
#2979 = CARTESIAN_POINT('',(4.559096406684,3.841149967038E+03));
#2980 = CARTESIAN_POINT('',(4.56803060177,3.840741865407E+03));
#2981 = CARTESIAN_POINT('',(4.578263948005,3.840350447193E+03));
#2982 = CARTESIAN_POINT('',(4.589833748045,3.83998102797E+03));
#2983 = CARTESIAN_POINT('',(4.602767047574,3.839639918108E+03));
#2984 = CARTESIAN_POINT('',(4.617075104686,3.839334580019E+03));
#2985 = CARTESIAN_POINT('',(4.632744590893,3.839073881038E+03));
#2986 = CARTESIAN_POINT('',(4.664239712133,3.838692866553E+03));
#2987 = CARTESIAN_POINT('',(4.679722777419,3.838557552086E+03));
#2988 = CARTESIAN_POINT('',(4.695881943725,3.838472446987E+03));
#2989 = CARTESIAN_POINT('',(4.712388980385,3.838443431567E+03));
#2990 = CARTESIAN_POINT('',(4.728896017044,3.838472446987E+03));
#2991 = CARTESIAN_POINT('',(4.745055183351,3.838557552086E+03));
#2992 = CARTESIAN_POINT('',(4.760538248636,3.838692866553E+03));
#2993 = CARTESIAN_POINT('',(4.786769970366,3.839010206686E+03));
#2994 = CARTESIAN_POINT('',(4.797882880118,3.839178515344E+03));
#2995 = CARTESIAN_POINT('',(4.808366732737,3.839369996179E+03));
#2996 = CARTESIAN_POINT('',(4.818204574835,3.839581527259E+03));
#2997 = CARTESIAN_POINT('',(4.827386926145,3.839810223582E+03));
#2998 = CARTESIAN_POINT('',(4.835910572051,3.84005340422E+03));
#2999 = CARTESIAN_POINT('',(4.843777827707,3.840308570742E+03));
#3000 = CARTESIAN_POINT('',(4.864187401206,3.841057345379E+03));
#3001 = CARTESIAN_POINT('',(4.875284256238,3.841576208333E+03));
#3002 = CARTESIAN_POINT('',(4.884377611234,3.842119578917E+03));
#3003 = CARTESIAN_POINT('',(4.891554821586,3.842680086076E+03));
#3004 = CARTESIAN_POINT('',(4.896888628462,3.843252254468E+03));
#3005 = CARTESIAN_POINT('',(4.900430641619,3.843831870093E+03));
#3006 = CARTESIAN_POINT('',(4.902206041729,3.844415523191E+03));
#3007 = CARTESIAN_POINT('',(4.902206041729,3.845E+03));
#3008 = ( GEOMETRIC_REPRESENTATION_CONTEXT(2) 
PARAMETRIC_REPRESENTATION_CONTEXT() REPRESENTATION_CONTEXT('2D SPACE',''
  ) );
#3009 = ORIENTED_EDGE('',*,*,#2759,.T.);
#3010 = ADVANCED_FACE('',(#3011),#917,.F.);
#3011 = FACE_BOUND('',#3012,.F.);
#3012 = EDGE_LOOP('',(#3013,#3014,#3037,#3265));
#3013 = ORIENTED_EDGE('',*,*,#783,.F.);
#3014 = ORIENTED_EDGE('',*,*,#3015,.F.);
#3015 = EDGE_CURVE('',#3016,#784,#3018,.T.);
#3016 = VERTEX_POINT('',#3017);
#3017 = CARTESIAN_POINT('',(3.00065E+04,-33.83123556715,-806.));
#3018 = SEAM_CURVE('',#3019,(#3023,#3030),.PCURVE_S1.);
#3019 = LINE('',#3020,#3021);
#3020 = CARTESIAN_POINT('',(3.00065E+04,39.05,-806.));
#3021 = VECTOR('',#3022,1.);
#3022 = DIRECTION('',(0.,-1.,2.22044604925E-16));
#3023 = PCURVE('',#917,#3024);
#3024 = DEFINITIONAL_REPRESENTATION('',(#3025),#3029);
#3025 = LINE('',#3026,#3027);
#3026 = CARTESIAN_POINT('',(6.28318530718,-0.));
#3027 = VECTOR('',#3028,1.);
#3028 = DIRECTION('',(0.,1.));
#3029 = ( GEOMETRIC_REPRESENTATION_CONTEXT(2) 
PARAMETRIC_REPRESENTATION_CONTEXT() REPRESENTATION_CONTEXT('2D SPACE',''
  ) );
#3030 = PCURVE('',#917,#3031);
#3031 = DEFINITIONAL_REPRESENTATION('',(#3032),#3036);
#3032 = LINE('',#3033,#3034);
#3033 = CARTESIAN_POINT('',(0.,-0.));
#3034 = VECTOR('',#3035,1.);
#3035 = DIRECTION('',(0.,1.));
#3036 = ( GEOMETRIC_REPRESENTATION_CONTEXT(2) 
PARAMETRIC_REPRESENTATION_CONTEXT() REPRESENTATION_CONTEXT('2D SPACE',''
  ) );
#3037 = ORIENTED_EDGE('',*,*,#3038,.T.);
#3038 = EDGE_CURVE('',#3016,#3016,#3039,.T.);
#3039 = SURFACE_CURVE('',#3040,(#3113,#3189),.PCURVE_S1.);
#3040 = B_SPLINE_CURVE_WITH_KNOTS('',8,(#3041,#3042,#3043,#3044,#3045,
    #3046,#3047,#3048,#3049,#3050,#3051,#3052,#3053,#3054,#3055,#3056,
    #3057,#3058,#3059,#3060,#3061,#3062,#3063,#3064,#3065,#3066,#3067,
    #3068,#3069,#3070,#3071,#3072,#3073,#3074,#3075,#3076,#3077,#3078,
    #3079,#3080,#3081,#3082,#3083,#3084,#3085,#3086,#3087,#3088,#3089,
    #3090,#3091,#3092,#3093,#3094,#3095,#3096,#3097,#3098,#3099,#3100,
    #3101,#3102,#3103,#3104,#3105,#3106,#3107,#3108,#3109,#3110,#3111,
    #3112),.UNSPECIFIED.,.T.,.F.,(9,7,7,7,7,7,7,7,7,7,9),(0.,
    0.132658249663,0.221474370624,0.294862135235,0.399831352885,
    0.500166344587,0.600501336289,0.70547055399,0.795210532971,
    0.867640352506,1.),.UNSPECIFIED.);
#3041 = CARTESIAN_POINT('',(3.00065E+04,-33.83123556715,-806.));
#3042 = CARTESIAN_POINT('',(3.00065E+04,-33.83123556715,-805.4155231967)
  );
#3043 = CARTESIAN_POINT('',(3.000643993592E+04,-33.84277552847,
    -804.8318700746));
#3044 = CARTESIAN_POINT('',(3.000632010565E+04,-33.86579912328,
    -804.2522544876));
#3045 = CARTESIAN_POINT('',(3.000613954091E+04,-33.8998710815,
    -803.6800860764));
#3046 = CARTESIAN_POINT('',(3.00058962716E+04,-33.94414868754,
    -803.1195788976));
#3047 = CARTESIAN_POINT('',(3.000558749604E+04,-33.99721307595,
    -802.5762083492));
#3048 = CARTESIAN_POINT('',(3.000520982236E+04,-34.05681666753,
    -802.057345374));
#3049 = CARTESIAN_POINT('',(3.00044584156E+04,-34.16163926902,
    -801.2493882359));
#3050 = CARTESIAN_POINT('',(3.000412245005E+04,-34.20540688964,
    -800.938684445));
#3051 = CARTESIAN_POINT('',(3.000375146974E+04,-34.24972503087,
    -800.6464152597));
#3052 = CARTESIAN_POINT('',(3.000334571428E+04,-34.29312165893,
    -800.3778701695));
#3053 = CARTESIAN_POINT('',(3.000290603868E+04,-34.33387436119,
    -800.1384977449));
#3054 = CARTESIAN_POINT('',(3.000243395963E+04,-34.37009718673,
    -799.9339356288));
#3055 = CARTESIAN_POINT('',(3.000193175227E+04,-34.39987359111,
    -799.7700712108));
#3056 = CARTESIAN_POINT('',(3.000096536244E+04,-34.43925183674,
    -799.5565082452));
#3057 = CARTESIAN_POINT('',(3.000051308547E+04,-34.45132304903,
    -799.4926642656));
#3058 = CARTESIAN_POINT('',(3.000005193621E+04,-34.45664646407,
    -799.4651150677));
#3059 = CARTESIAN_POINT('',(2.999958850588E+04,-34.45466067782,
    -799.4755463949));
#3060 = CARTESIAN_POINT('',(2.999912951899E+04,-34.44539187349,
    -799.5238576849));
#3061 = CARTESIAN_POINT('',(2.999868154845E+04,-34.42946360284,
    -799.6081788719));
#3062 = CARTESIAN_POINT('',(2.999825074578E+04,-34.40799106894,
    -799.7248651978));
#3063 = CARTESIAN_POINT('',(2.999725881154E+04,-34.34574988855,
    -800.0738810384));
#3064 = CARTESIAN_POINT('',(2.999672076799E+04,-34.30061599658,
    -800.3345800192));
#3065 = CARTESIAN_POINT('',(2.999623030968E+04,-34.25016661289,
    -800.6399181076));
#3066 = CARTESIAN_POINT('',(2.999578779899E+04,-34.19736089379,
    -800.9810279699));
#3067 = CARTESIAN_POINT('',(2.999539265997E+04,-34.14467697435,
    -801.3504471932));
#3068 = CARTESIAN_POINT('',(2.999504374474E+04,-34.09407020165,
    -801.7418654073));
#3069 = CARTESIAN_POINT('',(2.999473956875E+04,-34.04703128481,
    -802.1499670386));
#3070 = CARTESIAN_POINT('',(2.99942288757E+04,-33.96410691054,
    -802.9721510525));
#3071 = CARTESIAN_POINT('',(2.999401773341E+04,-33.92767355393,
    -803.3866344867));
#3072 = CARTESIAN_POINT('',(2.999384370204E+04,-33.89626594112,
    -803.8106805372));
#3073 = CARTESIAN_POINT('',(2.99937056548E+04,-33.87054669168,
    -804.2418061975));
#3074 = CARTESIAN_POINT('',(2.999360270702E+04,-33.85096844477,
    -804.6779742032));
#3075 = CARTESIAN_POINT('',(2.999353425297E+04,-33.83781674084,
    -805.1174393968));
#3076 = CARTESIAN_POINT('',(2.99935E+04,-33.83123556715,-805.5586208865)
  );
#3077 = CARTESIAN_POINT('',(2.99935E+04,-33.83123556715,-806.4413791134)
  );
#3078 = CARTESIAN_POINT('',(2.999353425297E+04,-33.83781674084,
    -806.8825606031));
#3079 = CARTESIAN_POINT('',(2.999360270702E+04,-33.85096844477,
    -807.3220257967));
#3080 = CARTESIAN_POINT('',(2.99937056548E+04,-33.87054669168,
    -807.7581938024));
#3081 = CARTESIAN_POINT('',(2.999384370204E+04,-33.89626594112,
    -808.1893194627));
#3082 = CARTESIAN_POINT('',(2.999401773341E+04,-33.92767355393,
    -808.6133655132));
#3083 = CARTESIAN_POINT('',(2.99942288757E+04,-33.96410691054,
    -809.0278489474));
#3084 = CARTESIAN_POINT('',(2.999473956875E+04,-34.04703128483,
    -809.8500329615));
#3085 = CARTESIAN_POINT('',(2.999504374474E+04,-34.09407020166,
    -810.2581345926));
#3086 = CARTESIAN_POINT('',(2.999539265997E+04,-34.14467697433,
    -810.6495528066));
#3087 = CARTESIAN_POINT('',(2.999578779899E+04,-34.19736089376,
    -811.0189720299));
#3088 = CARTESIAN_POINT('',(2.999623030968E+04,-34.25016661289,
    -811.3600818923));
#3089 = CARTESIAN_POINT('',(2.999672076799E+04,-34.30061599659,
    -811.6654199808));
#3090 = CARTESIAN_POINT('',(2.999725881154E+04,-34.34574988857,
    -811.9261189615));
#3091 = CARTESIAN_POINT('',(2.99983416888E+04,-34.41369749605,
    -812.3071334474));
#3092 = CARTESIAN_POINT('',(2.999887455304E+04,-34.43882100838,
    -812.4424479137));
#3093 = CARTESIAN_POINT('',(2.999943114322E+04,-34.45518244159,
    -812.5275530131));
#3094 = CARTESIAN_POINT('',(3.E+04,-34.46088097419,-812.5565684331));
#3095 = CARTESIAN_POINT('',(3.000056885678E+04,-34.45518244159,
    -812.5275530131));
#3096 = CARTESIAN_POINT('',(3.000112544696E+04,-34.43882100838,
    -812.4424479137));
#3097 = CARTESIAN_POINT('',(3.00016583112E+04,-34.41369749605,
    -812.3071334474));
#3098 = CARTESIAN_POINT('',(3.000256022025E+04,-34.35710515217,
    -811.9897933142));
#3099 = CARTESIAN_POINT('',(3.00029419702E+04,-34.32773635466,
    -811.8214846558));
#3100 = CARTESIAN_POINT('',(3.000330172962E+04,-34.29530874213,
    -811.6300038205));
#3101 = CARTESIAN_POINT('',(3.000363892943E+04,-34.26083049809,
    -811.4184727412));
#3102 = CARTESIAN_POINT('',(3.000395328493E+04,-34.22523990664,
    -811.1897764182));
#3103 = CARTESIAN_POINT('',(3.000424474466E+04,-34.18937561346,
    -810.9465957798));
#3104 = CARTESIAN_POINT('',(3.000451345582E+04,-34.15396105949,
    -810.6914292584));
#3105 = CARTESIAN_POINT('',(3.000520982236E+04,-34.05681666753,
    -809.9426546259));
#3106 = CARTESIAN_POINT('',(3.000558749604E+04,-33.99721307595,
    -809.4237916507));
#3107 = CARTESIAN_POINT('',(3.00058962716E+04,-33.94414868754,
    -808.8804211023));
#3108 = CARTESIAN_POINT('',(3.000613954091E+04,-33.8998710815,
    -808.3199139235));
#3109 = CARTESIAN_POINT('',(3.000632010565E+04,-33.86579912328,
    -807.7477455123));
#3110 = CARTESIAN_POINT('',(3.000643993592E+04,-33.84277552847,
    -807.1681299253));
#3111 = CARTESIAN_POINT('',(3.00065E+04,-33.83123556715,-806.5844768032)
  );
#3112 = CARTESIAN_POINT('',(3.00065E+04,-33.83123556715,-806.));
#3113 = PCURVE('',#917,#3114);
#3114 = DEFINITIONAL_REPRESENTATION('',(#3115),#3188);
#3115 = B_SPLINE_CURVE_WITH_KNOTS('',8,(#3116,#3117,#3118,#3119,#3120,
    #3121,#3122,#3123,#3124,#3125,#3126,#3127,#3128,#3129,#3130,#3131,
    #3132,#3133,#3134,#3135,#3136,#3137,#3138,#3139,#3140,#3141,#3142,
    #3143,#3144,#3145,#3146,#3147,#3148,#3149,#3150,#3151,#3152,#3153,
    #3154,#3155,#3156,#3157,#3158,#3159,#3160,#3161,#3162,#3163,#3164,
    #3165,#3166,#3167,#3168,#3169,#3170,#3171,#3172,#3173,#3174,#3175,
    #3176,#3177,#3178,#3179,#3180,#3181,#3182,#3183,#3184,#3185,#3186,
    #3187),.UNSPECIFIED.,.F.,.F.,(9,7,7,7,7,7,7,7,7,7,9),(0.,
    0.132658249663,0.221474370624,0.294862135235,0.399831352885,
    0.500166344587,0.600501336289,0.70547055399,0.795210532971,
    0.867640352506,1.),.UNSPECIFIED.);
#3116 = CARTESIAN_POINT('',(0.,72.88123556715));
#3117 = CARTESIAN_POINT('',(8.991950819002E-02,72.88123556715));
#3118 = CARTESIAN_POINT('',(0.179712142814,72.892775528472));
#3119 = CARTESIAN_POINT('',(0.269992223063,72.915799123281));
#3120 = CARTESIAN_POINT('',(0.361327878052,72.949871081505));
#3121 = CARTESIAN_POINT('',(0.454284768181,72.994148687546));
#3122 = CARTESIAN_POINT('',(0.54945061205,73.047213075951));
#3123 = CARTESIAN_POINT('',(0.647473755253,73.106816667536));
#3124 = CARTESIAN_POINT('',(0.817221695905,73.211639269027));
#3125 = CARTESIAN_POINT('',(0.887424576515,73.255406889649));
#3126 = CARTESIAN_POINT('',(0.959698745873,73.29972503087));
#3127 = CARTESIAN_POINT('',(1.03403253558,73.343121658932));
#3128 = CARTESIAN_POINT('',(1.110456646091,73.383874361195));
#3129 = CARTESIAN_POINT('',(1.189046070943,73.420097186735));
#3130 = CARTESIAN_POINT('',(1.269928821293,73.449873591118));
#3131 = CARTESIAN_POINT('',(1.422191319434,73.489251836744));
#3132 = CARTESIAN_POINT('',(1.492252584778,73.501323049034));
#3133 = CARTESIAN_POINT('',(1.562940023026,73.506646464074));
#3134 = CARTESIAN_POINT('',(1.633776749492,73.504660677826));
#3135 = CARTESIAN_POINT('',(1.704311167206,73.495391873495));
#3136 = CARTESIAN_POINT('',(1.774077873711,73.479463602843));
#3137 = CARTESIAN_POINT('',(1.84255640424,73.457991068943));
#3138 = CARTESIAN_POINT('',(2.004332464095,73.395749888556));
#3139 = CARTESIAN_POINT('',(2.095728135984,73.350615996585));
#3140 = CARTESIAN_POINT('',(2.183811710166,73.300166612898));
#3141 = CARTESIAN_POINT('',(2.268953664836,73.247360893792));
#3142 = CARTESIAN_POINT('',(2.351464412762,73.19467697435));
#3143 = CARTESIAN_POINT('',(2.431614274399,73.144070201652));
#3144 = CARTESIAN_POINT('',(2.509639442103,73.097031284812));
#3145 = CARTESIAN_POINT('',(2.658544236585,73.014106910543));
#3146 = CARTESIAN_POINT('',(2.729851862516,72.977673553938));
#3147 = CARTESIAN_POINT('',(2.799982805119,72.946265941127));
#3148 = CARTESIAN_POINT('',(2.869194647796,72.920546691682));
#3149 = CARTESIAN_POINT('',(2.937727377657,72.900968444771));
#3150 = CARTESIAN_POINT('',(3.00581382001,72.88781674084));
#3151 = CARTESIAN_POINT('',(3.073688174602,72.88123556715));
#3152 = CARTESIAN_POINT('',(3.209497132578,72.88123556715));
#3153 = CARTESIAN_POINT('',(3.277371487169,72.88781674084));
#3154 = CARTESIAN_POINT('',(3.345457929523,72.900968444771));
#3155 = CARTESIAN_POINT('',(3.413990659383,72.920546691682));
#3156 = CARTESIAN_POINT('',(3.48320250206,72.946265941127));
#3157 = CARTESIAN_POINT('',(3.553333444663,72.977673553938));
#3158 = CARTESIAN_POINT('',(3.624641070595,73.014106910543));
#3159 = CARTESIAN_POINT('',(3.773545865114,73.097031284833));
#3160 = CARTESIAN_POINT('',(3.851571032792,73.144070201662));
#3161 = CARTESIAN_POINT('',(3.931720894395,73.194676974335));
#3162 = CARTESIAN_POINT('',(4.01423164231,73.247360893769));
#3163 = CARTESIAN_POINT('',(4.099373596997,73.300166612891));
#3164 = CARTESIAN_POINT('',(4.187457171212,73.350615996599));
#3165 = CARTESIAN_POINT('',(4.278852843122,73.39574988857));
#3166 = CARTESIAN_POINT('',(4.455460936786,73.463697496056));
#3167 = CARTESIAN_POINT('',(4.539702376005,73.48882100838));
#3168 = CARTESIAN_POINT('',(4.625644693575,73.505182441594));
#3169 = CARTESIAN_POINT('',(4.712388980386,73.510880974192));
#3170 = CARTESIAN_POINT('',(4.799133267192,73.505182441594));
#3171 = CARTESIAN_POINT('',(4.885075584765,73.48882100838));
#3172 = CARTESIAN_POINT('',(4.969317023983,73.463697496056));
#3173 = CARTESIAN_POINT('',(5.116410738373,73.407105152174));
#3174 = CARTESIAN_POINT('',(5.180406575367,73.377736354668));
#3175 = CARTESIAN_POINT('',(5.242825915857,73.345308742139));
#3176 = CARTESIAN_POINT('',(5.303765886863,73.31083049809));
#3177 = CARTESIAN_POINT('',(5.363303058377,73.275239906642));
#3178 = CARTESIAN_POINT('',(5.421497936704,73.239375613462));
#3179 = CARTESIAN_POINT('',(5.478397573397,73.203961059491));
#3180 = CARTESIAN_POINT('',(5.635711551927,73.106816667536));
#3181 = CARTESIAN_POINT('',(5.733734695129,73.047213075952));
#3182 = CARTESIAN_POINT('',(5.828900538999,72.994148687546));
#3183 = CARTESIAN_POINT('',(5.921857429128,72.949871081505));
#3184 = CARTESIAN_POINT('',(6.013193084117,72.915799123282));
#3185 = CARTESIAN_POINT('',(6.103473164366,72.892775528472));
#3186 = CARTESIAN_POINT('',(6.19326579899,72.88123556715));
#3187 = CARTESIAN_POINT('',(6.28318530718,72.88123556715));
#3188 = ( GEOMETRIC_REPRESENTATION_CONTEXT(2) 
PARAMETRIC_REPRESENTATION_CONTEXT() REPRESENTATION_CONTEXT('2D SPACE',''
  ) );
#3189 = PCURVE('',#2395,#3190);
#3190 = DEFINITIONAL_REPRESENTATION('',(#3191),#3264);
#3191 = B_SPLINE_CURVE_WITH_KNOTS('',8,(#3192,#3193,#3194,#3195,#3196,
    #3197,#3198,#3199,#3200,#3201,#3202,#3203,#3204,#3205,#3206,#3207,
    #3208,#3209,#3210,#3211,#3212,#3213,#3214,#3215,#3216,#3217,#3218,
    #3219,#3220,#3221,#3222,#3223,#3224,#3225,#3226,#3227,#3228,#3229,
    #3230,#3231,#3232,#3233,#3234,#3235,#3236,#3237,#3238,#3239,#3240,
    #3241,#3242,#3243,#3244,#3245,#3246,#3247,#3248,#3249,#3250,#3251,
    #3252,#3253,#3254,#3255,#3256,#3257,#3258,#3259,#3260,#3261,#3262,
    #3263),.UNSPECIFIED.,.T.,.F.,(9,7,7,7,7,7,7,7,7,7,9),(0.,
    0.132658249663,0.221474370624,0.294862135235,0.399831352885,
    0.500166344587,0.600501336289,0.70547055399,0.795210532971,
    0.867640352506,1.),.UNSPECIFIED.);
#3192 = CARTESIAN_POINT('',(4.902206041729,4.045E+03));
#3193 = CARTESIAN_POINT('',(4.902206041729,4.045584476803E+03));
#3194 = CARTESIAN_POINT('',(4.90043064151,4.046168129925E+03));
#3195 = CARTESIAN_POINT('',(4.896888628702,4.046747745512E+03));
#3196 = CARTESIAN_POINT('',(4.891554821488,4.047319913924E+03));
#3197 = CARTESIAN_POINT('',(4.884377610999,4.047880421102E+03));
#3198 = CARTESIAN_POINT('',(4.87528425656,4.048423791651E+03));
#3199 = CARTESIAN_POINT('',(4.864187401067,4.048942654626E+03));
#3200 = CARTESIAN_POINT('',(4.842164672509,4.049750611764E+03));
#3201 = CARTESIAN_POINT('',(4.832330419182,4.050061315555E+03));
#3202 = CARTESIAN_POINT('',(4.821486210688,4.05035358474E+03));
#3203 = CARTESIAN_POINT('',(4.809642895877,4.05062212983E+03));
#3204 = CARTESIAN_POINT('',(4.796828353613,4.050861502255E+03));
#3205 = CARTESIAN_POINT('',(4.783088020703,4.051066064371E+03));
#3206 = CARTESIAN_POINT('',(4.768487069659,4.051229928789E+03));
#3207 = CARTESIAN_POINT('',(4.740411836507,4.051443491755E+03));
#3208 = CARTESIAN_POINT('',(4.727279950872,4.051507335734E+03));
#3209 = CARTESIAN_POINT('',(4.713895593252,4.051534884932E+03));
#3210 = CARTESIAN_POINT('',(4.700446575407,4.051524453605E+03));
#3211 = CARTESIAN_POINT('',(4.687123793178,4.051476142315E+03));
#3212 = CARTESIAN_POINT('',(4.674114309373,4.051391821128E+03));
#3213 = CARTESIAN_POINT('',(4.661594665156,4.051275134802E+03));
#3214 = CARTESIAN_POINT('',(4.632744590887,4.050926118962E+03));
#3215 = CARTESIAN_POINT('',(4.617075104683,4.050665419981E+03));
#3216 = CARTESIAN_POINT('',(4.602767047577,4.050360081892E+03));
#3217 = CARTESIAN_POINT('',(4.58983374805,4.05001897203E+03));
#3218 = CARTESIAN_POINT('',(4.578263948007,4.049649552807E+03));
#3219 = CARTESIAN_POINT('',(4.568030601768,4.049258134593E+03));
#3220 = CARTESIAN_POINT('',(4.55909640668,4.048850032961E+03));
#3221 = CARTESIAN_POINT('',(4.544078069302,4.048027848947E+03));
#3222 = CARTESIAN_POINT('',(4.537858847135,4.047613365513E+03));
#3223 = CARTESIAN_POINT('',(4.532725730609,4.047189319463E+03));
#3224 = CARTESIAN_POINT('',(4.528649658946,4.046758193802E+03));
#3225 = CARTESIAN_POINT('',(4.525607777782,4.046322025797E+03));
#3226 = CARTESIAN_POINT('',(4.523584388364,4.045882560603E+03));
#3227 = CARTESIAN_POINT('',(4.52257191904,4.045441379113E+03));
#3228 = CARTESIAN_POINT('',(4.52257191904,4.044558620887E+03));
#3229 = CARTESIAN_POINT('',(4.523584388364,4.044117439397E+03));
#3230 = CARTESIAN_POINT('',(4.525607777782,4.043677974203E+03));
#3231 = CARTESIAN_POINT('',(4.528649658946,4.043241806198E+03));
#3232 = CARTESIAN_POINT('',(4.532725730609,4.042810680537E+03));
#3233 = CARTESIAN_POINT('',(4.537858847135,4.042386634487E+03));
#3234 = CARTESIAN_POINT('',(4.544078069302,4.041972151053E+03));
#3235 = CARTESIAN_POINT('',(4.559096406684,4.041149967038E+03));
#3236 = CARTESIAN_POINT('',(4.56803060177,4.040741865407E+03));
#3237 = CARTESIAN_POINT('',(4.578263948005,4.040350447193E+03));
#3238 = CARTESIAN_POINT('',(4.589833748045,4.03998102797E+03));
#3239 = CARTESIAN_POINT('',(4.602767047574,4.039639918108E+03));
#3240 = CARTESIAN_POINT('',(4.617075104686,4.039334580019E+03));
#3241 = CARTESIAN_POINT('',(4.632744590893,4.039073881038E+03));
#3242 = CARTESIAN_POINT('',(4.664239712133,4.038692866553E+03));
#3243 = CARTESIAN_POINT('',(4.679722777419,4.038557552086E+03));
#3244 = CARTESIAN_POINT('',(4.695881943725,4.038472446987E+03));
#3245 = CARTESIAN_POINT('',(4.712388980385,4.038443431567E+03));
#3246 = CARTESIAN_POINT('',(4.728896017044,4.038472446987E+03));
#3247 = CARTESIAN_POINT('',(4.745055183351,4.038557552086E+03));
#3248 = CARTESIAN_POINT('',(4.760538248636,4.038692866553E+03));
#3249 = CARTESIAN_POINT('',(4.786769970366,4.039010206686E+03));
#3250 = CARTESIAN_POINT('',(4.797882880118,4.039178515344E+03));
#3251 = CARTESIAN_POINT('',(4.808366732737,4.039369996179E+03));
#3252 = CARTESIAN_POINT('',(4.818204574835,4.039581527259E+03));
#3253 = CARTESIAN_POINT('',(4.827386926145,4.039810223582E+03));
#3254 = CARTESIAN_POINT('',(4.835910572051,4.04005340422E+03));
#3255 = CARTESIAN_POINT('',(4.843777827707,4.040308570742E+03));
#3256 = CARTESIAN_POINT('',(4.864187401067,4.041057345374E+03));
#3257 = CARTESIAN_POINT('',(4.87528425656,4.041576208349E+03));
#3258 = CARTESIAN_POINT('',(4.884377610999,4.042119578898E+03));
#3259 = CARTESIAN_POINT('',(4.891554821488,4.042680086076E+03));
#3260 = CARTESIAN_POINT('',(4.896888628702,4.043252254488E+03));
#3261 = CARTESIAN_POINT('',(4.90043064151,4.043831870075E+03));
#3262 = CARTESIAN_POINT('',(4.902206041729,4.044415523197E+03));
#3263 = CARTESIAN_POINT('',(4.902206041729,4.045E+03));
#3264 = ( GEOMETRIC_REPRESENTATION_CONTEXT(2) 
PARAMETRIC_REPRESENTATION_CONTEXT() REPRESENTATION_CONTEXT('2D SPACE',''
  ) );
#3265 = ORIENTED_EDGE('',*,*,#3015,.T.);
#3266 = ADVANCED_FACE('',(#3267),#1124,.F.);
#3267 = FACE_BOUND('',#3268,.F.);
#3268 = EDGE_LOOP('',(#3269,#3270,#3293,#3521));
#3269 = ORIENTED_EDGE('',*,*,#990,.F.);
#3270 = ORIENTED_EDGE('',*,*,#3271,.F.);
#3271 = EDGE_CURVE('',#3272,#991,#3274,.T.);
#3272 = VERTEX_POINT('',#3273);
#3273 = CARTESIAN_POINT('',(3.00065E+04,-33.83123556715,-606.));
#3274 = SEAM_CURVE('',#3275,(#3279,#3286),.PCURVE_S1.);
#3275 = LINE('',#3276,#3277);
#3276 = CARTESIAN_POINT('',(3.00065E+04,39.05,-606.));
#3277 = VECTOR('',#3278,1.);
#3278 = DIRECTION('',(0.,-1.,2.22044604925E-16));
#3279 = PCURVE('',#1124,#3280);
#3280 = DEFINITIONAL_REPRESENTATION('',(#3281),#3285);
#3281 = LINE('',#3282,#3283);
#3282 = CARTESIAN_POINT('',(6.28318530718,-0.));
#3283 = VECTOR('',#3284,1.);
#3284 = DIRECTION('',(0.,1.));
#3285 = ( GEOMETRIC_REPRESENTATION_CONTEXT(2) 
PARAMETRIC_REPRESENTATION_CONTEXT() REPRESENTATION_CONTEXT('2D SPACE',''
  ) );
#3286 = PCURVE('',#1124,#3287);
#3287 = DEFINITIONAL_REPRESENTATION('',(#3288),#3292);
#3288 = LINE('',#3289,#3290);
#3289 = CARTESIAN_POINT('',(0.,-0.));
#3290 = VECTOR('',#3291,1.);
#3291 = DIRECTION('',(0.,1.));
#3292 = ( GEOMETRIC_REPRESENTATION_CONTEXT(2) 
PARAMETRIC_REPRESENTATION_CONTEXT() REPRESENTATION_CONTEXT('2D SPACE',''
  ) );
#3293 = ORIENTED_EDGE('',*,*,#3294,.T.);
#3294 = EDGE_CURVE('',#3272,#3272,#3295,.T.);
#3295 = SURFACE_CURVE('',#3296,(#3369,#3445),.PCURVE_S1.);
#3296 = B_SPLINE_CURVE_WITH_KNOTS('',8,(#3297,#3298,#3299,#3300,#3301,
    #3302,#3303,#3304,#3305,#3306,#3307,#3308,#3309,#3310,#3311,#3312,
    #3313,#3314,#3315,#3316,#3317,#3318,#3319,#3320,#3321,#3322,#3323,
    #3324,#3325,#3326,#3327,#3328,#3329,#3330,#3331,#3332,#3333,#3334,
    #3335,#3336,#3337,#3338,#3339,#3340,#3341,#3342,#3343,#3344,#3345,
    #3346,#3347,#3348,#3349,#3350,#3351,#3352,#3353,#3354,#3355,#3356,
    #3357,#3358,#3359,#3360,#3361,#3362,#3363,#3364,#3365,#3366,#3367,
    #3368),.UNSPECIFIED.,.T.,.F.,(9,7,7,7,7,7,7,7,7,7,9),(0.,
    0.132658246934,0.221474366667,0.29486213157,0.399831349597,
    0.50016634161,0.600501333623,0.70547055165,0.795210530908,
    0.867640350675,1.),.UNSPECIFIED.);
#3297 = CARTESIAN_POINT('',(3.00065E+04,-33.83123556715,-606.));
#3298 = CARTESIAN_POINT('',(3.00065E+04,-33.83123556715,-605.4155231907)
  );
#3299 = CARTESIAN_POINT('',(3.000643993593E+04,-33.84277552791,
    -604.8318700927));
#3300 = CARTESIAN_POINT('',(3.000632010564E+04,-33.86579912449,
    -604.2522544683));
#3301 = CARTESIAN_POINT('',(3.000613954091E+04,-33.89987108103,
    -603.6800860758));
#3302 = CARTESIAN_POINT('',(3.000589627161E+04,-33.94414868635,
    -603.1195789169));
#3303 = CARTESIAN_POINT('',(3.000558749602E+04,-33.99721307753,
    -602.5762083326));
#3304 = CARTESIAN_POINT('',(3.000520982237E+04,-34.05681666687,
    -602.0573453791));
#3305 = CARTESIAN_POINT('',(3.00044584156E+04,-34.16163926975,
    -601.2493882303));
#3306 = CARTESIAN_POINT('',(3.000412245006E+04,-34.20540688857,
    -600.9386844525));
#3307 = CARTESIAN_POINT('',(3.000375146974E+04,-34.24972503072,
    -600.6464152613));
#3308 = CARTESIAN_POINT('',(3.000334571427E+04,-34.29312165987,
    -600.3778701632));
#3309 = CARTESIAN_POINT('',(3.000290603868E+04,-34.33387436135,
    -600.1384977433));
#3310 = CARTESIAN_POINT('',(3.000243395964E+04,-34.37009718581,
    -599.9339356347));
#3311 = CARTESIAN_POINT('',(3.000193175226E+04,-34.3998735915,
    -599.7700712087));
#3312 = CARTESIAN_POINT('',(3.000096536244E+04,-34.43925183674,
    -599.5565082452));
#3313 = CARTESIAN_POINT('',(3.000051308547E+04,-34.45132304903,
    -599.4926642656));
#3314 = CARTESIAN_POINT('',(3.000005193621E+04,-34.45664646407,
    -599.4651150677));
#3315 = CARTESIAN_POINT('',(2.999958850588E+04,-34.45466067782,
    -599.4755463949));
#3316 = CARTESIAN_POINT('',(2.999912951899E+04,-34.44539187349,
    -599.5238576849));
#3317 = CARTESIAN_POINT('',(2.999868154845E+04,-34.42946360284,
    -599.6081788719));
#3318 = CARTESIAN_POINT('',(2.999825074578E+04,-34.40799106894,
    -599.7248651978));
#3319 = CARTESIAN_POINT('',(2.999725881154E+04,-34.34574988857,
    -600.0738810384));
#3320 = CARTESIAN_POINT('',(2.999672076799E+04,-34.30061599659,
    -600.3345800191));
#3321 = CARTESIAN_POINT('',(2.999623030968E+04,-34.25016661289,
    -600.6399181076));
#3322 = CARTESIAN_POINT('',(2.999578779899E+04,-34.19736089376,
    -600.98102797));
#3323 = CARTESIAN_POINT('',(2.999539265997E+04,-34.14467697433,
    -601.3504471933));
#3324 = CARTESIAN_POINT('',(2.999504374474E+04,-34.09407020166,
    -601.7418654073));
#3325 = CARTESIAN_POINT('',(2.999473956875E+04,-34.04703128483,
    -602.1499670384));
#3326 = CARTESIAN_POINT('',(2.99942288757E+04,-33.96410691054,
    -602.9721510525));
#3327 = CARTESIAN_POINT('',(2.999401773341E+04,-33.92767355393,
    -603.3866344867));
#3328 = CARTESIAN_POINT('',(2.999384370204E+04,-33.89626594112,
    -603.8106805372));
#3329 = CARTESIAN_POINT('',(2.99937056548E+04,-33.87054669168,
    -604.2418061975));
#3330 = CARTESIAN_POINT('',(2.999360270702E+04,-33.85096844477,
    -604.6779742032));
#3331 = CARTESIAN_POINT('',(2.999353425297E+04,-33.83781674084,
    -605.1174393968));
#3332 = CARTESIAN_POINT('',(2.99935E+04,-33.83123556715,-605.5586208865)
  );
#3333 = CARTESIAN_POINT('',(2.99935E+04,-33.83123556715,-606.4413791134)
  );
#3334 = CARTESIAN_POINT('',(2.999353425297E+04,-33.83781674084,
    -606.8825606031));
#3335 = CARTESIAN_POINT('',(2.999360270702E+04,-33.85096844477,
    -607.3220257967));
#3336 = CARTESIAN_POINT('',(2.99937056548E+04,-33.87054669168,
    -607.7581938024));
#3337 = CARTESIAN_POINT('',(2.999384370204E+04,-33.89626594112,
    -608.1893194627));
#3338 = CARTESIAN_POINT('',(2.999401773341E+04,-33.92767355393,
    -608.6133655132));
#3339 = CARTESIAN_POINT('',(2.99942288757E+04,-33.96410691054,
    -609.0278489474));
#3340 = CARTESIAN_POINT('',(2.999473956875E+04,-34.04703128483,
    -609.8500329615));
#3341 = CARTESIAN_POINT('',(2.999504374474E+04,-34.09407020166,
    -610.2581345926));
#3342 = CARTESIAN_POINT('',(2.999539265997E+04,-34.14467697433,
    -610.6495528066));
#3343 = CARTESIAN_POINT('',(2.999578779899E+04,-34.19736089376,
    -611.0189720299));
#3344 = CARTESIAN_POINT('',(2.999623030968E+04,-34.25016661289,
    -611.3600818923));
#3345 = CARTESIAN_POINT('',(2.999672076799E+04,-34.30061599659,
    -611.6654199808));
#3346 = CARTESIAN_POINT('',(2.999725881154E+04,-34.34574988857,
    -611.9261189615));
#3347 = CARTESIAN_POINT('',(2.99983416888E+04,-34.41369749605,
    -612.3071334474));
#3348 = CARTESIAN_POINT('',(2.999887455304E+04,-34.43882100838,
    -612.4424479137));
#3349 = CARTESIAN_POINT('',(2.999943114322E+04,-34.45518244159,
    -612.5275530131));
#3350 = CARTESIAN_POINT('',(3.E+04,-34.46088097419,-612.5565684331));
#3351 = CARTESIAN_POINT('',(3.000056885678E+04,-34.45518244159,
    -612.5275530131));
#3352 = CARTESIAN_POINT('',(3.000112544696E+04,-34.43882100838,
    -612.4424479137));
#3353 = CARTESIAN_POINT('',(3.00016583112E+04,-34.41369749605,
    -612.3071334474));
#3354 = CARTESIAN_POINT('',(3.000256022025E+04,-34.35710515217,
    -611.9897933142));
#3355 = CARTESIAN_POINT('',(3.00029419702E+04,-34.32773635466,
    -611.8214846558));
#3356 = CARTESIAN_POINT('',(3.000330172962E+04,-34.29530874214,
    -611.6300038205));
#3357 = CARTESIAN_POINT('',(3.000363892943E+04,-34.26083049809,
    -611.4184727412));
#3358 = CARTESIAN_POINT('',(3.000395328493E+04,-34.22523990664,
    -611.1897764182));
#3359 = CARTESIAN_POINT('',(3.000424474466E+04,-34.18937561346,
    -610.9465957798));
#3360 = CARTESIAN_POINT('',(3.000451345582E+04,-34.15396105948,
    -610.6914292583));
#3361 = CARTESIAN_POINT('',(3.000520982237E+04,-34.05681666687,
    -609.9426546208));
#3362 = CARTESIAN_POINT('',(3.000558749602E+04,-33.99721307753,
    -609.4237916673));
#3363 = CARTESIAN_POINT('',(3.000589627161E+04,-33.94414868635,
    -608.880421083));
#3364 = CARTESIAN_POINT('',(3.000613954091E+04,-33.89987108103,
    -608.3199139241));
#3365 = CARTESIAN_POINT('',(3.000632010564E+04,-33.86579912449,
    -607.7477455316));
#3366 = CARTESIAN_POINT('',(3.000643993593E+04,-33.84277552791,
    -607.1681299072));
#3367 = CARTESIAN_POINT('',(3.00065E+04,-33.83123556715,-606.5844768092)
  );
#3368 = CARTESIAN_POINT('',(3.00065E+04,-33.83123556715,-606.));
#3369 = PCURVE('',#1124,#3370);
#3370 = DEFINITIONAL_REPRESENTATION('',(#3371),#3444);
#3371 = B_SPLINE_CURVE_WITH_KNOTS('',8,(#3372,#3373,#3374,#3375,#3376,
    #3377,#3378,#3379,#3380,#3381,#3382,#3383,#3384,#3385,#3386,#3387,
    #3388,#3389,#3390,#3391,#3392,#3393,#3394,#3395,#3396,#3397,#3398,
    #3399,#3400,#3401,#3402,#3403,#3404,#3405,#3406,#3407,#3408,#3409,
    #3410,#3411,#3412,#3413,#3414,#3415,#3416,#3417,#3418,#3419,#3420,
    #3421,#3422,#3423,#3424,#3425,#3426,#3427,#3428,#3429,#3430,#3431,
    #3432,#3433,#3434,#3435,#3436,#3437,#3438,#3439,#3440,#3441,#3442,
    #3443),.UNSPECIFIED.,.F.,.F.,(9,7,7,7,7,7,7,7,7,7,9),(0.,
    0.132658246934,0.221474366667,0.29486213157,0.399831349597,
    0.50016634161,0.600501333623,0.70547055165,0.795210530908,
    0.867640350675,1.),.UNSPECIFIED.);
#3372 = CARTESIAN_POINT('',(0.,72.88123556715));
#3373 = CARTESIAN_POINT('',(8.991950911702E-02,72.88123556715));
#3374 = CARTESIAN_POINT('',(0.179712139846,72.892775527914));
#3375 = CARTESIAN_POINT('',(0.269992226452,72.915799124496));
#3376 = CARTESIAN_POINT('',(0.361327877949,72.949871081037));
#3377 = CARTESIAN_POINT('',(0.454284764796,72.994148686353));
#3378 = CARTESIAN_POINT('',(0.549450615243,73.047213077532));
#3379 = CARTESIAN_POINT('',(0.647473754181,73.106816666875));
#3380 = CARTESIAN_POINT('',(0.817221697081,73.211639269753));
#3381 = CARTESIAN_POINT('',(0.887424574304,73.25540688857));
#3382 = CARTESIAN_POINT('',(0.959698746012,73.299725030727));
#3383 = CARTESIAN_POINT('',(1.03403253771,73.343121659874));
#3384 = CARTESIAN_POINT('',(1.110456645949,73.383874361357));
#3385 = CARTESIAN_POINT('',(1.189046068583,73.420097185815));
#3386 = CARTESIAN_POINT('',(1.269928822778,73.449873591502));
#3387 = CARTESIAN_POINT('',(1.422191319434,73.489251836744));
#3388 = CARTESIAN_POINT('',(1.492252584777,73.501323049033));
#3389 = CARTESIAN_POINT('',(1.562940023026,73.506646464074));
#3390 = CARTESIAN_POINT('',(1.633776749493,73.504660677826));
#3391 = CARTESIAN_POINT('',(1.704311167206,73.495391873495));
#3392 = CARTESIAN_POINT('',(1.774077873711,73.479463602843));
#3393 = CARTESIAN_POINT('',(1.842556404241,73.457991068943));
#3394 = CARTESIAN_POINT('',(2.004332464058,73.39574988857));
#3395 = CARTESIAN_POINT('',(2.095728135968,73.350615996599));
#3396 = CARTESIAN_POINT('',(2.183811710183,73.300166612891));
#3397 = CARTESIAN_POINT('',(2.268953664869,73.247360893769));
#3398 = CARTESIAN_POINT('',(2.351464412785,73.194676974335));
#3399 = CARTESIAN_POINT('',(2.431614274388,73.144070201662));
#3400 = CARTESIAN_POINT('',(2.509639442066,73.097031284833));
#3401 = CARTESIAN_POINT('',(2.658544236585,73.014106910543));
#3402 = CARTESIAN_POINT('',(2.729851862517,72.977673553938));
#3403 = CARTESIAN_POINT('',(2.799982805119,72.946265941127));
#3404 = CARTESIAN_POINT('',(2.869194647796,72.920546691682));
#3405 = CARTESIAN_POINT('',(2.937727377657,72.900968444771));
#3406 = CARTESIAN_POINT('',(3.00581382001,72.88781674084));
#3407 = CARTESIAN_POINT('',(3.073688174602,72.88123556715));
#3408 = CARTESIAN_POINT('',(3.209497132578,72.88123556715));
#3409 = CARTESIAN_POINT('',(3.277371487169,72.88781674084));
#3410 = CARTESIAN_POINT('',(3.345457929523,72.900968444771));
#3411 = CARTESIAN_POINT('',(3.413990659383,72.920546691682));
#3412 = CARTESIAN_POINT('',(3.48320250206,72.946265941127));
#3413 = CARTESIAN_POINT('',(3.553333444663,72.977673553938));
#3414 = CARTESIAN_POINT('',(3.624641070595,73.014106910543));
#3415 = CARTESIAN_POINT('',(3.773545865114,73.097031284833));
#3416 = CARTESIAN_POINT('',(3.851571032792,73.144070201662));
#3417 = CARTESIAN_POINT('',(3.931720894395,73.194676974335));
#3418 = CARTESIAN_POINT('',(4.01423164231,73.247360893769));
#3419 = CARTESIAN_POINT('',(4.099373596997,73.300166612891));
#3420 = CARTESIAN_POINT('',(4.187457171212,73.350615996599));
#3421 = CARTESIAN_POINT('',(4.278852843122,73.39574988857));
#3422 = CARTESIAN_POINT('',(4.455460936786,73.463697496055));
#3423 = CARTESIAN_POINT('',(4.539702376007,73.48882100838));
#3424 = CARTESIAN_POINT('',(4.625644693573,73.505182441593));
#3425 = CARTESIAN_POINT('',(4.712388980388,73.510880974194));
#3426 = CARTESIAN_POINT('',(4.799133267192,73.505182441593));
#3427 = CARTESIAN_POINT('',(4.885075584764,73.48882100838));
#3428 = CARTESIAN_POINT('',(4.969317023984,73.463697496056));
#3429 = CARTESIAN_POINT('',(5.116410738379,73.407105152172));
#3430 = CARTESIAN_POINT('',(5.180406575368,73.377736354666));
#3431 = CARTESIAN_POINT('',(5.242825915854,73.345308742139));
#3432 = CARTESIAN_POINT('',(5.303765886859,73.310830498092));
#3433 = CARTESIAN_POINT('',(5.363303058374,73.275239906644));
#3434 = CARTESIAN_POINT('',(5.421497936704,73.239375613462));
#3435 = CARTESIAN_POINT('',(5.478397573403,73.203961059488));
#3436 = CARTESIAN_POINT('',(5.635711552998,73.106816666875));
#3437 = CARTESIAN_POINT('',(5.733734691936,73.047213077532));
#3438 = CARTESIAN_POINT('',(5.828900542383,72.994148686353));
#3439 = CARTESIAN_POINT('',(5.921857429231,72.949871081037));
#3440 = CARTESIAN_POINT('',(6.013193080728,72.915799124496));
#3441 = CARTESIAN_POINT('',(6.103473167334,72.892775527914));
#3442 = CARTESIAN_POINT('',(6.193265798063,72.88123556715));
#3443 = CARTESIAN_POINT('',(6.28318530718,72.88123556715));
#3444 = ( GEOMETRIC_REPRESENTATION_CONTEXT(2) 
PARAMETRIC_REPRESENTATION_CONTEXT() REPRESENTATION_CONTEXT('2D SPACE',''
  ) );
#3445 = PCURVE('',#2395,#3446);
#3446 = DEFINITIONAL_REPRESENTATION('',(#3447),#3520);
#3447 = B_SPLINE_CURVE_WITH_KNOTS('',8,(#3448,#3449,#3450,#3451,#3452,
    #3453,#3454,#3455,#3456,#3457,#3458,#3459,#3460,#3461,#3462,#3463,
    #3464,#3465,#3466,#3467,#3468,#3469,#3470,#3471,#3472,#3473,#3474,
    #3475,#3476,#3477,#3478,#3479,#3480,#3481,#3482,#3483,#3484,#3485,
    #3486,#3487,#3488,#3489,#3490,#3491,#3492,#3493,#3494,#3495,#3496,
    #3497,#3498,#3499,#3500,#3501,#3502,#3503,#3504,#3505,#3506,#3507,
    #3508,#3509,#3510,#3511,#3512,#3513,#3514,#3515,#3516,#3517,#3518,
    #3519),.UNSPECIFIED.,.T.,.F.,(9,7,7,7,7,7,7,7,7,7,9),(0.,
    0.132658246934,0.221474366667,0.29486213157,0.399831349597,
    0.50016634161,0.600501333623,0.70547055165,0.795210530908,
    0.867640350675,1.),.UNSPECIFIED.);
#3448 = CARTESIAN_POINT('',(4.902206041729,4.245E+03));
#3449 = CARTESIAN_POINT('',(4.902206041729,4.245584476809E+03));
#3450 = CARTESIAN_POINT('',(4.900430641619,4.246168129907E+03));
#3451 = CARTESIAN_POINT('',(4.896888628462,4.246747745532E+03));
#3452 = CARTESIAN_POINT('',(4.891554821586,4.247319913924E+03));
#3453 = CARTESIAN_POINT('',(4.884377611234,4.247880421083E+03));
#3454 = CARTESIAN_POINT('',(4.875284256238,4.248423791667E+03));
#3455 = CARTESIAN_POINT('',(4.864187401206,4.248942654621E+03));
#3456 = CARTESIAN_POINT('',(4.842164672357,4.24975061177E+03));
#3457 = CARTESIAN_POINT('',(4.832330419522,4.250061315547E+03));
#3458 = CARTESIAN_POINT('',(4.821486210633,4.250353584739E+03));
#3459 = CARTESIAN_POINT('',(4.809642895533,4.250622129837E+03));
#3460 = CARTESIAN_POINT('',(4.796828353668,4.250861502257E+03));
#3461 = CARTESIAN_POINT('',(4.783088021101,4.251066064365E+03));
#3462 = CARTESIAN_POINT('',(4.768487069385,4.251229928791E+03));
#3463 = CARTESIAN_POINT('',(4.740411836507,4.251443491755E+03));
#3464 = CARTESIAN_POINT('',(4.727279950872,4.251507335734E+03));
#3465 = CARTESIAN_POINT('',(4.713895593252,4.251534884932E+03));
#3466 = CARTESIAN_POINT('',(4.700446575407,4.251524453605E+03));
#3467 = CARTESIAN_POINT('',(4.687123793178,4.251476142315E+03));
#3468 = CARTESIAN_POINT('',(4.674114309373,4.251391821128E+03));
#3469 = CARTESIAN_POINT('',(4.661594665156,4.251275134802E+03));
#3470 = CARTESIAN_POINT('',(4.632744590893,4.250926118962E+03));
#3471 = CARTESIAN_POINT('',(4.617075104686,4.250665419981E+03));
#3472 = CARTESIAN_POINT('',(4.602767047574,4.250360081892E+03));
#3473 = CARTESIAN_POINT('',(4.589833748045,4.25001897203E+03));
#3474 = CARTESIAN_POINT('',(4.578263948005,4.249649552807E+03));
#3475 = CARTESIAN_POINT('',(4.56803060177,4.249258134593E+03));
#3476 = CARTESIAN_POINT('',(4.559096406684,4.248850032962E+03));
#3477 = CARTESIAN_POINT('',(4.544078069302,4.248027848947E+03));
#3478 = CARTESIAN_POINT('',(4.537858847135,4.247613365513E+03));
#3479 = CARTESIAN_POINT('',(4.532725730609,4.247189319463E+03));
#3480 = CARTESIAN_POINT('',(4.528649658946,4.246758193802E+03));
#3481 = CARTESIAN_POINT('',(4.525607777782,4.246322025797E+03));
#3482 = CARTESIAN_POINT('',(4.523584388364,4.245882560603E+03));
#3483 = CARTESIAN_POINT('',(4.52257191904,4.245441379113E+03));
#3484 = CARTESIAN_POINT('',(4.52257191904,4.244558620887E+03));
#3485 = CARTESIAN_POINT('',(4.523584388364,4.244117439397E+03));
#3486 = CARTESIAN_POINT('',(4.525607777782,4.243677974203E+03));
#3487 = CARTESIAN_POINT('',(4.528649658946,4.243241806198E+03));
#3488 = CARTESIAN_POINT('',(4.532725730609,4.242810680537E+03));
#3489 = CARTESIAN_POINT('',(4.537858847135,4.242386634487E+03));
#3490 = CARTESIAN_POINT('',(4.544078069302,4.241972151053E+03));
#3491 = CARTESIAN_POINT('',(4.559096406684,4.241149967038E+03));
#3492 = CARTESIAN_POINT('',(4.56803060177,4.240741865407E+03));
#3493 = CARTESIAN_POINT('',(4.578263948005,4.240350447193E+03));
#3494 = CARTESIAN_POINT('',(4.589833748045,4.23998102797E+03));
#3495 = CARTESIAN_POINT('',(4.602767047574,4.239639918108E+03));
#3496 = CARTESIAN_POINT('',(4.617075104686,4.239334580019E+03));
#3497 = CARTESIAN_POINT('',(4.632744590893,4.239073881038E+03));
#3498 = CARTESIAN_POINT('',(4.664239712133,4.238692866553E+03));
#3499 = CARTESIAN_POINT('',(4.679722777419,4.238557552086E+03));
#3500 = CARTESIAN_POINT('',(4.695881943725,4.238472446987E+03));
#3501 = CARTESIAN_POINT('',(4.712388980385,4.238443431567E+03));
#3502 = CARTESIAN_POINT('',(4.728896017044,4.238472446987E+03));
#3503 = CARTESIAN_POINT('',(4.745055183351,4.238557552086E+03));
#3504 = CARTESIAN_POINT('',(4.760538248636,4.238692866553E+03));
#3505 = CARTESIAN_POINT('',(4.786769970368,4.239010206686E+03));
#3506 = CARTESIAN_POINT('',(4.797882880118,4.239178515344E+03));
#3507 = CARTESIAN_POINT('',(4.808366732736,4.239369996179E+03));
#3508 = CARTESIAN_POINT('',(4.818204574835,4.239581527259E+03));
#3509 = CARTESIAN_POINT('',(4.827386926145,4.239810223582E+03));
#3510 = CARTESIAN_POINT('',(4.835910572051,4.24005340422E+03));
#3511 = CARTESIAN_POINT('',(4.843777827708,4.240308570742E+03));
#3512 = CARTESIAN_POINT('',(4.864187401206,4.241057345379E+03));
#3513 = CARTESIAN_POINT('',(4.875284256238,4.241576208333E+03));
#3514 = CARTESIAN_POINT('',(4.884377611234,4.242119578917E+03));
#3515 = CARTESIAN_POINT('',(4.891554821586,4.242680086076E+03));
#3516 = CARTESIAN_POINT('',(4.896888628462,4.243252254468E+03));
#3517 = CARTESIAN_POINT('',(4.900430641619,4.243831870093E+03));
#3518 = CARTESIAN_POINT('',(4.902206041729,4.244415523191E+03));
#3519 = CARTESIAN_POINT('',(4.902206041729,4.245E+03));
#3520 = ( GEOMETRIC_REPRESENTATION_CONTEXT(2) 
PARAMETRIC_REPRESENTATION_CONTEXT() REPRESENTATION_CONTEXT('2D SPACE',''
  ) );
#3521 = ORIENTED_EDGE('',*,*,#3271,.T.);
#3522 = ADVANCED_FACE('',(#3523),#1331,.F.);
#3523 = FACE_BOUND('',#3524,.F.);
#3524 = EDGE_LOOP('',(#3525,#3755,#3776,#3777));
#3525 = ORIENTED_EDGE('',*,*,#3526,.F.);
#3526 = EDGE_CURVE('',#3527,#3527,#3529,.T.);
#3527 = VERTEX_POINT('',#3528);
#3528 = CARTESIAN_POINT('',(3.00065E+04,33.83123556715,-606.));
#3529 = SURFACE_CURVE('',#3530,(#3603,#3679),.PCURVE_S1.);
#3530 = B_SPLINE_CURVE_WITH_KNOTS('',8,(#3531,#3532,#3533,#3534,#3535,
    #3536,#3537,#3538,#3539,#3540,#3541,#3542,#3543,#3544,#3545,#3546,
    #3547,#3548,#3549,#3550,#3551,#3552,#3553,#3554,#3555,#3556,#3557,
    #3558,#3559,#3560,#3561,#3562,#3563,#3564,#3565,#3566,#3567,#3568,
    #3569,#3570,#3571,#3572,#3573,#3574,#3575,#3576,#3577,#3578,#3579,
    #3580,#3581,#3582,#3583,#3584,#3585,#3586,#3587,#3588,#3589,#3590,
    #3591,#3592,#3593,#3594,#3595,#3596,#3597,#3598,#3599,#3600,#3601,
    #3602),.UNSPECIFIED.,.T.,.F.,(9,7,7,7,7,7,7,7,7,7,9),(0.,
    0.132658248503,0.221474368682,0.294862133108,0.399831351119,
    0.500166343116,0.600501335113,0.705470553123,0.795210532367,
    0.867640352116,1.),.UNSPECIFIED.);
#3531 = CARTESIAN_POINT('',(3.00065E+04,33.83123556715,-606.));
#3532 = CARTESIAN_POINT('',(3.00065E+04,33.83123556715,-605.4155231967)
  );
#3533 = CARTESIAN_POINT('',(3.000643993592E+04,33.842775528472,
    -604.8318700746));
#3534 = CARTESIAN_POINT('',(3.000632010565E+04,33.865799123281,
    -604.2522544876));
#3535 = CARTESIAN_POINT('',(3.000613954091E+04,33.899871081505,
    -603.6800860764));
#3536 = CARTESIAN_POINT('',(3.00058962716E+04,33.944148687546,
    -603.1195788976));
#3537 = CARTESIAN_POINT('',(3.000558749604E+04,33.997213075951,
    -602.5762083492));
#3538 = CARTESIAN_POINT('',(3.000520982236E+04,34.056816667537,
    -602.057345374));
#3539 = CARTESIAN_POINT('',(3.00044584156E+04,34.161639269024,
    -601.2493882359));
#3540 = CARTESIAN_POINT('',(3.000412245005E+04,34.205406889649,
    -600.938684445));
#3541 = CARTESIAN_POINT('',(3.000375146974E+04,34.249725030872,
    -600.6464152597));
#3542 = CARTESIAN_POINT('',(3.000334571428E+04,34.293121658934,
    -600.3778701694));
#3543 = CARTESIAN_POINT('',(3.000290603868E+04,34.333874361195,
    -600.1384977449));
#3544 = CARTESIAN_POINT('',(3.000243395963E+04,34.370097186733,
    -599.9339356288));
#3545 = CARTESIAN_POINT('',(3.000193175227E+04,34.399873591117,
    -599.7700712108));
#3546 = CARTESIAN_POINT('',(3.000096536244E+04,34.439251836857,
    -599.5565082446));
#3547 = CARTESIAN_POINT('',(3.000051308548E+04,34.451323048762,
    -599.4926642671));
#3548 = CARTESIAN_POINT('',(3.000005193621E+04,34.456646464351,
    -599.4651150662));
#3549 = CARTESIAN_POINT('',(2.999958850587E+04,34.454660677783,
    -599.4755463951));
#3550 = CARTESIAN_POINT('',(2.999912951899E+04,34.445391873217,
    -599.5238576865));
#3551 = CARTESIAN_POINT('',(2.999868154845E+04,34.429463603205,
    -599.6081788699));
#3552 = CARTESIAN_POINT('',(2.999825074578E+04,34.40799106878,
    -599.7248651987));
#3553 = CARTESIAN_POINT('',(2.999725881154E+04,34.34574988857,
    -600.0738810384));
#3554 = CARTESIAN_POINT('',(2.999672076799E+04,34.300615996599,
    -600.3345800191));
#3555 = CARTESIAN_POINT('',(2.999623030968E+04,34.250166612891,
    -600.6399181076));
#3556 = CARTESIAN_POINT('',(2.999578779899E+04,34.197360893769,
    -600.98102797));
#3557 = CARTESIAN_POINT('',(2.999539265997E+04,34.144676974335,
    -601.3504471933));
#3558 = CARTESIAN_POINT('',(2.999504374474E+04,34.094070201662,
    -601.7418654073));
#3559 = CARTESIAN_POINT('',(2.999473956875E+04,34.047031284833,
    -602.1499670384));
#3560 = CARTESIAN_POINT('',(2.99942288757E+04,33.964106910543,
    -602.9721510525));
#3561 = CARTESIAN_POINT('',(2.999401773341E+04,33.927673553938,
    -603.3866344867));
#3562 = CARTESIAN_POINT('',(2.999384370204E+04,33.896265941127,
    -603.8106805372));
#3563 = CARTESIAN_POINT('',(2.99937056548E+04,33.870546691682,
    -604.2418061975));
#3564 = CARTESIAN_POINT('',(2.999360270702E+04,33.850968444771,
    -604.6779742032));
#3565 = CARTESIAN_POINT('',(2.999353425297E+04,33.83781674084,
    -605.1174393968));
#3566 = CARTESIAN_POINT('',(2.99935E+04,33.83123556715,-605.5586208865)
  );
#3567 = CARTESIAN_POINT('',(2.99935E+04,33.83123556715,-606.4413791134)
  );
#3568 = CARTESIAN_POINT('',(2.999353425297E+04,33.83781674084,
    -606.8825606031));
#3569 = CARTESIAN_POINT('',(2.999360270702E+04,33.850968444771,
    -607.3220257967));
#3570 = CARTESIAN_POINT('',(2.99937056548E+04,33.870546691682,
    -607.7581938024));
#3571 = CARTESIAN_POINT('',(2.999384370204E+04,33.896265941127,
    -608.1893194627));
#3572 = CARTESIAN_POINT('',(2.999401773341E+04,33.927673553938,
    -608.6133655132));
#3573 = CARTESIAN_POINT('',(2.99942288757E+04,33.964106910543,
    -609.0278489474));
#3574 = CARTESIAN_POINT('',(2.999473956875E+04,34.047031284833,
    -609.8500329615));
#3575 = CARTESIAN_POINT('',(2.999504374474E+04,34.094070201662,
    -610.2581345926));
#3576 = CARTESIAN_POINT('',(2.999539265997E+04,34.144676974335,
    -610.6495528066));
#3577 = CARTESIAN_POINT('',(2.999578779899E+04,34.197360893769,
    -611.0189720299));
#3578 = CARTESIAN_POINT('',(2.999623030968E+04,34.250166612891,
    -611.3600818923));
#3579 = CARTESIAN_POINT('',(2.999672076799E+04,34.300615996599,
    -611.6654199808));
#3580 = CARTESIAN_POINT('',(2.999725881154E+04,34.34574988857,
    -611.9261189615));
#3581 = CARTESIAN_POINT('',(2.99983416888E+04,34.413697496056,
    -612.3071334474));
#3582 = CARTESIAN_POINT('',(2.999887455304E+04,34.43882100838,
    -612.4424479137));
#3583 = CARTESIAN_POINT('',(2.999943114322E+04,34.455182441594,
    -612.5275530131));
#3584 = CARTESIAN_POINT('',(3.E+04,34.460880974193,-612.5565684331));
#3585 = CARTESIAN_POINT('',(3.000056885678E+04,34.455182441593,
    -612.5275530131));
#3586 = CARTESIAN_POINT('',(3.000112544696E+04,34.438821008381,
    -612.4424479137));
#3587 = CARTESIAN_POINT('',(3.00016583112E+04,34.413697496055,
    -612.3071334474));
#3588 = CARTESIAN_POINT('',(3.000256022025E+04,34.357105152174,
    -611.9897933142));
#3589 = CARTESIAN_POINT('',(3.00029419702E+04,34.327736354668,
    -611.8214846558));
#3590 = CARTESIAN_POINT('',(3.000330172962E+04,34.295308742138,
    -611.6300038205));
#3591 = CARTESIAN_POINT('',(3.000363892943E+04,34.260830498089,
    -611.4184727412));
#3592 = CARTESIAN_POINT('',(3.000395328493E+04,34.225239906642,
    -611.1897764182));
#3593 = CARTESIAN_POINT('',(3.000424474466E+04,34.189375613463,
    -610.9465957798));
#3594 = CARTESIAN_POINT('',(3.000451345582E+04,34.153961059491,
    -610.6914292584));
#3595 = CARTESIAN_POINT('',(3.000520982236E+04,34.056816667536,
    -609.9426546259));
#3596 = CARTESIAN_POINT('',(3.000558749604E+04,33.997213075951,
    -609.4237916507));
#3597 = CARTESIAN_POINT('',(3.00058962716E+04,33.944148687546,
    -608.8804211023));
#3598 = CARTESIAN_POINT('',(3.000613954091E+04,33.899871081505,
    -608.3199139235));
#3599 = CARTESIAN_POINT('',(3.000632010565E+04,33.865799123281,
    -607.7477455123));
#3600 = CARTESIAN_POINT('',(3.000643993592E+04,33.842775528472,
    -607.1681299253));
#3601 = CARTESIAN_POINT('',(3.00065E+04,33.83123556715,-606.5844768032)
  );
#3602 = CARTESIAN_POINT('',(3.00065E+04,33.83123556715,-606.));
#3603 = PCURVE('',#1331,#3604);
#3604 = DEFINITIONAL_REPRESENTATION('',(#3605),#3678);
#3605 = B_SPLINE_CURVE_WITH_KNOTS('',8,(#3606,#3607,#3608,#3609,#3610,
    #3611,#3612,#3613,#3614,#3615,#3616,#3617,#3618,#3619,#3620,#3621,
    #3622,#3623,#3624,#3625,#3626,#3627,#3628,#3629,#3630,#3631,#3632,
    #3633,#3634,#3635,#3636,#3637,#3638,#3639,#3640,#3641,#3642,#3643,
    #3644,#3645,#3646,#3647,#3648,#3649,#3650,#3651,#3652,#3653,#3654,
    #3655,#3656,#3657,#3658,#3659,#3660,#3661,#3662,#3663,#3664,#3665,
    #3666,#3667,#3668,#3669,#3670,#3671,#3672,#3673,#3674,#3675,#3676,
    #3677),.UNSPECIFIED.,.F.,.F.,(9,7,7,7,7,7,7,7,7,7,9),(0.,
    0.132658248503,0.221474368682,0.294862133108,0.399831351119,
    0.500166343116,0.600501335113,0.705470553123,0.795210532367,
    0.867640352116,1.),.UNSPECIFIED.);
#3606 = CARTESIAN_POINT('',(0.,5.21876443285));
#3607 = CARTESIAN_POINT('',(8.991950819011E-02,5.21876443285));
#3608 = CARTESIAN_POINT('',(0.179712142814,5.207224471528));
#3609 = CARTESIAN_POINT('',(0.269992223063,5.184200876719));
#3610 = CARTESIAN_POINT('',(0.361327878052,5.150128918495));
#3611 = CARTESIAN_POINT('',(0.454284768181,5.105851312454));
#3612 = CARTESIAN_POINT('',(0.54945061205,5.052786924049));
#3613 = CARTESIAN_POINT('',(0.647473755253,4.993183332463));
#3614 = CARTESIAN_POINT('',(0.817221695901,4.888360730976));
#3615 = CARTESIAN_POINT('',(0.887424576514,4.844593110351));
#3616 = CARTESIAN_POINT('',(0.959698745876,4.800274969128));
#3617 = CARTESIAN_POINT('',(1.034032535584,4.756878341066));
#3618 = CARTESIAN_POINT('',(1.110456646093,4.716125638805));
#3619 = CARTESIAN_POINT('',(1.189046070941,4.679902813267));
#3620 = CARTESIAN_POINT('',(1.269928821289,4.650126408883));
#3621 = CARTESIAN_POINT('',(1.42219131987,4.610748163143));
#3622 = CARTESIAN_POINT('',(1.492252584026,4.598676951238));
#3623 = CARTESIAN_POINT('',(1.562940023039,4.593353535649));
#3624 = CARTESIAN_POINT('',(1.633776750181,4.595339322217));
#3625 = CARTESIAN_POINT('',(1.704311167194,4.604608126783));
#3626 = CARTESIAN_POINT('',(1.774077872989,4.620536396795));
#3627 = CARTESIAN_POINT('',(1.842556404663,4.64200893122));
#3628 = CARTESIAN_POINT('',(2.004332464058,4.70425011143));
#3629 = CARTESIAN_POINT('',(2.095728135967,4.749384003401));
#3630 = CARTESIAN_POINT('',(2.183811710183,4.799833387109));
#3631 = CARTESIAN_POINT('',(2.268953664869,4.852639106231));
#3632 = CARTESIAN_POINT('',(2.351464412785,4.905323025665));
#3633 = CARTESIAN_POINT('',(2.431614274388,4.955929798338));
#3634 = CARTESIAN_POINT('',(2.509639442066,5.002968715167));
#3635 = CARTESIAN_POINT('',(2.658544236585,5.085893089457));
#3636 = CARTESIAN_POINT('',(2.729851862517,5.122326446062));
#3637 = CARTESIAN_POINT('',(2.799982805119,5.153734058873));
#3638 = CARTESIAN_POINT('',(2.869194647796,5.179453308318));
#3639 = CARTESIAN_POINT('',(2.937727377657,5.199031555229));
#3640 = CARTESIAN_POINT('',(3.00581382001,5.21218325916));
#3641 = CARTESIAN_POINT('',(3.073688174602,5.21876443285));
#3642 = CARTESIAN_POINT('',(3.209497132578,5.21876443285));
#3643 = CARTESIAN_POINT('',(3.277371487169,5.21218325916));
#3644 = CARTESIAN_POINT('',(3.345457929523,5.199031555229));
#3645 = CARTESIAN_POINT('',(3.413990659383,5.179453308318));
#3646 = CARTESIAN_POINT('',(3.48320250206,5.153734058873));
#3647 = CARTESIAN_POINT('',(3.553333444663,5.122326446062));
#3648 = CARTESIAN_POINT('',(3.624641070595,5.085893089457));
#3649 = CARTESIAN_POINT('',(3.773545865114,5.002968715167));
#3650 = CARTESIAN_POINT('',(3.851571032792,4.955929798338));
#3651 = CARTESIAN_POINT('',(3.931720894395,4.905323025665));
#3652 = CARTESIAN_POINT('',(4.01423164231,4.852639106231));
#3653 = CARTESIAN_POINT('',(4.099373596997,4.799833387109));
#3654 = CARTESIAN_POINT('',(4.187457171212,4.749384003401));
#3655 = CARTESIAN_POINT('',(4.278852843122,4.70425011143));
#3656 = CARTESIAN_POINT('',(4.455460936786,4.636302503944));
#3657 = CARTESIAN_POINT('',(4.539702376005,4.61117899162));
#3658 = CARTESIAN_POINT('',(4.625644693577,4.594817558407));
#3659 = CARTESIAN_POINT('',(4.712388980382,4.589119025806));
#3660 = CARTESIAN_POINT('',(4.799133267197,4.594817558407));
#3661 = CARTESIAN_POINT('',(4.885075584762,4.611178991619));
#3662 = CARTESIAN_POINT('',(4.969317023984,4.636302503945));
#3663 = CARTESIAN_POINT('',(5.116410738373,4.692894847826));
#3664 = CARTESIAN_POINT('',(5.180406575365,4.722263645332));
#3665 = CARTESIAN_POINT('',(5.242825915857,4.754691257862));
#3666 = CARTESIAN_POINT('',(5.303765886865,4.789169501911));
#3667 = CARTESIAN_POINT('',(5.363303058377,4.824760093358));
#3668 = CARTESIAN_POINT('',(5.421497936702,4.860624386537));
#3669 = CARTESIAN_POINT('',(5.478397573397,4.896038940509));
#3670 = CARTESIAN_POINT('',(5.635711551927,4.993183332464));
#3671 = CARTESIAN_POINT('',(5.73373469513,5.052786924049));
#3672 = CARTESIAN_POINT('',(5.828900538998,5.105851312454));
#3673 = CARTESIAN_POINT('',(5.921857429128,5.150128918495));
#3674 = CARTESIAN_POINT('',(6.013193084117,5.184200876719));
#3675 = CARTESIAN_POINT('',(6.103473164365,5.207224471528));
#3676 = CARTESIAN_POINT('',(6.19326579899,5.21876443285));
#3677 = CARTESIAN_POINT('',(6.28318530718,5.21876443285));
#3678 = ( GEOMETRIC_REPRESENTATION_CONTEXT(2) 
PARAMETRIC_REPRESENTATION_CONTEXT() REPRESENTATION_CONTEXT('2D SPACE',''
  ) );
#3679 = PCURVE('',#2395,#3680);
#3680 = DEFINITIONAL_REPRESENTATION('',(#3681),#3754);
#3681 = B_SPLINE_CURVE_WITH_KNOTS('',8,(#3682,#3683,#3684,#3685,#3686,
    #3687,#3688,#3689,#3690,#3691,#3692,#3693,#3694,#3695,#3696,#3697,
    #3698,#3699,#3700,#3701,#3702,#3703,#3704,#3705,#3706,#3707,#3708,
    #3709,#3710,#3711,#3712,#3713,#3714,#3715,#3716,#3717,#3718,#3719,
    #3720,#3721,#3722,#3723,#3724,#3725,#3726,#3727,#3728,#3729,#3730,
    #3731,#3732,#3733,#3734,#3735,#3736,#3737,#3738,#3739,#3740,#3741,
    #3742,#3743,#3744,#3745,#3746,#3747,#3748,#3749,#3750,#3751,#3752,
    #3753),.UNSPECIFIED.,.T.,.F.,(9,7,7,7,7,7,7,7,7,7,9),(0.,
    0.132658248503,0.221474368682,0.294862133108,0.399831351119,
    0.500166343116,0.600501335113,0.705470553123,0.795210532367,
    0.867640352116,1.),.UNSPECIFIED.);
#3682 = CARTESIAN_POINT('',(1.38097926545,4.245E+03));
#3683 = CARTESIAN_POINT('',(1.38097926545,4.245584476803E+03));
#3684 = CARTESIAN_POINT('',(1.382754665669,4.246168129925E+03));
#3685 = CARTESIAN_POINT('',(1.386296678478,4.246747745512E+03));
#3686 = CARTESIAN_POINT('',(1.391630485691,4.247319913924E+03));
#3687 = CARTESIAN_POINT('',(1.39880769618,4.247880421102E+03));
#3688 = CARTESIAN_POINT('',(1.407901050619,4.248423791651E+03));
#3689 = CARTESIAN_POINT('',(1.418997906113,4.248942654626E+03));
#3690 = CARTESIAN_POINT('',(1.44102063467,4.249750611764E+03));
#3691 = CARTESIAN_POINT('',(1.450854887997,4.250061315555E+03));
#3692 = CARTESIAN_POINT('',(1.461699096492,4.25035358474E+03));
#3693 = CARTESIAN_POINT('',(1.473542411304,4.250622129831E+03));
#3694 = CARTESIAN_POINT('',(1.486356953567,4.250861502255E+03));
#3695 = CARTESIAN_POINT('',(1.500097286476,4.251066064371E+03));
#3696 = CARTESIAN_POINT('',(1.51469823752,4.251229928789E+03));
#3697 = CARTESIAN_POINT('',(1.542773470753,4.251443491755E+03));
#3698 = CARTESIAN_POINT('',(1.555905356167,4.251507335733E+03));
#3699 = CARTESIAN_POINT('',(1.569289713932,4.251534884934E+03));
#3700 = CARTESIAN_POINT('',(1.582738731898,4.251524453605E+03));
#3701 = CARTESIAN_POINT('',(1.596061513997,4.251476142313E+03));
#3702 = CARTESIAN_POINT('',(1.609070997678,4.25139182113E+03));
#3703 = CARTESIAN_POINT('',(1.621590642099,4.251275134801E+03));
#3704 = CARTESIAN_POINT('',(1.650440716286,4.250926118962E+03));
#3705 = CARTESIAN_POINT('',(1.666110202494,4.250665419981E+03));
#3706 = CARTESIAN_POINT('',(1.680418259606,4.250360081892E+03));
#3707 = CARTESIAN_POINT('',(1.693351559135,4.25001897203E+03));
#3708 = CARTESIAN_POINT('',(1.704921359175,4.249649552807E+03));
#3709 = CARTESIAN_POINT('',(1.71515470541,4.249258134593E+03));
#3710 = CARTESIAN_POINT('',(1.724088900495,4.248850032962E+03));
#3711 = CARTESIAN_POINT('',(1.739107237877,4.248027848947E+03));
#3712 = CARTESIAN_POINT('',(1.745326460044,4.247613365513E+03));
#3713 = CARTESIAN_POINT('',(1.75045957657,4.247189319463E+03));
#3714 = CARTESIAN_POINT('',(1.754535648233,4.246758193802E+03));
#3715 = CARTESIAN_POINT('',(1.757577529398,4.246322025797E+03));
#3716 = CARTESIAN_POINT('',(1.759600918815,4.245882560603E+03));
#3717 = CARTESIAN_POINT('',(1.76061338814,4.245441379113E+03));
#3718 = CARTESIAN_POINT('',(1.76061338814,4.244558620887E+03));
#3719 = CARTESIAN_POINT('',(1.759600918815,4.244117439397E+03));
#3720 = CARTESIAN_POINT('',(1.757577529398,4.243677974203E+03));
#3721 = CARTESIAN_POINT('',(1.754535648233,4.243241806198E+03));
#3722 = CARTESIAN_POINT('',(1.75045957657,4.242810680537E+03));
#3723 = CARTESIAN_POINT('',(1.745326460044,4.242386634487E+03));
#3724 = CARTESIAN_POINT('',(1.739107237877,4.241972151053E+03));
#3725 = CARTESIAN_POINT('',(1.724088900495,4.241149967038E+03));
#3726 = CARTESIAN_POINT('',(1.71515470541,4.240741865407E+03));
#3727 = CARTESIAN_POINT('',(1.704921359175,4.240350447193E+03));
#3728 = CARTESIAN_POINT('',(1.693351559135,4.23998102797E+03));
#3729 = CARTESIAN_POINT('',(1.680418259606,4.239639918108E+03));
#3730 = CARTESIAN_POINT('',(1.666110202494,4.239334580019E+03));
#3731 = CARTESIAN_POINT('',(1.650440716286,4.239073881038E+03));
#3732 = CARTESIAN_POINT('',(1.618945595047,4.238692866553E+03));
#3733 = CARTESIAN_POINT('',(1.603462529761,4.238557552086E+03));
#3734 = CARTESIAN_POINT('',(1.587303363454,4.238472446987E+03));
#3735 = CARTESIAN_POINT('',(1.570796326795,4.238443431567E+03));
#3736 = CARTESIAN_POINT('',(1.554289290135,4.238472446987E+03));
#3737 = CARTESIAN_POINT('',(1.538130123829,4.238557552086E+03));
#3738 = CARTESIAN_POINT('',(1.522647058543,4.238692866553E+03));
#3739 = CARTESIAN_POINT('',(1.496415336813,4.239010206686E+03));
#3740 = CARTESIAN_POINT('',(1.485302427062,4.239178515344E+03));
#3741 = CARTESIAN_POINT('',(1.474818574443,4.239369996179E+03));
#3742 = CARTESIAN_POINT('',(1.464980732344,4.239581527259E+03));
#3743 = CARTESIAN_POINT('',(1.455798381034,4.239810223582E+03));
#3744 = CARTESIAN_POINT('',(1.447274735129,4.24005340422E+03));
#3745 = CARTESIAN_POINT('',(1.439407479473,4.240308570742E+03));
#3746 = CARTESIAN_POINT('',(1.418997906113,4.241057345374E+03));
#3747 = CARTESIAN_POINT('',(1.407901050619,4.241576208349E+03));
#3748 = CARTESIAN_POINT('',(1.39880769618,4.242119578898E+03));
#3749 = CARTESIAN_POINT('',(1.391630485691,4.242680086076E+03));
#3750 = CARTESIAN_POINT('',(1.386296678478,4.243252254488E+03));
#3751 = CARTESIAN_POINT('',(1.382754665669,4.243831870075E+03));
#3752 = CARTESIAN_POINT('',(1.38097926545,4.244415523197E+03));
#3753 = CARTESIAN_POINT('',(1.38097926545,4.245E+03));
#3754 = ( GEOMETRIC_REPRESENTATION_CONTEXT(2) 
PARAMETRIC_REPRESENTATION_CONTEXT() REPRESENTATION_CONTEXT('2D SPACE',''
  ) );
#3755 = ORIENTED_EDGE('',*,*,#3756,.F.);
#3756 = EDGE_CURVE('',#1198,#3527,#3757,.T.);
#3757 = SEAM_CURVE('',#3758,(#3762,#3769),.PCURVE_S1.);
#3758 = LINE('',#3759,#3760);
#3759 = CARTESIAN_POINT('',(3.00065E+04,39.05,-606.));
#3760 = VECTOR('',#3761,1.);
#3761 = DIRECTION('',(0.,-1.,2.22044604925E-16));
#3762 = PCURVE('',#1331,#3763);
#3763 = DEFINITIONAL_REPRESENTATION('',(#3764),#3768);
#3764 = LINE('',#3765,#3766);
#3765 = CARTESIAN_POINT('',(6.28318530718,-0.));
#3766 = VECTOR('',#3767,1.);
#3767 = DIRECTION('',(0.,1.));
#3768 = ( GEOMETRIC_REPRESENTATION_CONTEXT(2) 
PARAMETRIC_REPRESENTATION_CONTEXT() REPRESENTATION_CONTEXT('2D SPACE',''
  ) );
#3769 = PCURVE('',#1331,#3770);
#3770 = DEFINITIONAL_REPRESENTATION('',(#3771),#3775);
#3771 = LINE('',#3772,#3773);
#3772 = CARTESIAN_POINT('',(0.,-0.));
#3773 = VECTOR('',#3774,1.);
#3774 = DIRECTION('',(0.,1.));
#3775 = ( GEOMETRIC_REPRESENTATION_CONTEXT(2) 
PARAMETRIC_REPRESENTATION_CONTEXT() REPRESENTATION_CONTEXT('2D SPACE',''
  ) );
#3776 = ORIENTED_EDGE('',*,*,#1197,.T.);
#3777 = ORIENTED_EDGE('',*,*,#3756,.T.);
#3778 = ADVANCED_FACE('',(#3779),#1538,.F.);
#3779 = FACE_BOUND('',#3780,.F.);
#3780 = EDGE_LOOP('',(#3781,#4011,#4032,#4033));
#3781 = ORIENTED_EDGE('',*,*,#3782,.F.);
#3782 = EDGE_CURVE('',#3783,#3783,#3785,.T.);
#3783 = VERTEX_POINT('',#3784);
#3784 = CARTESIAN_POINT('',(3.00065E+04,33.83123556715,-406.));
#3785 = SURFACE_CURVE('',#3786,(#3859,#3935),.PCURVE_S1.);
#3786 = B_SPLINE_CURVE_WITH_KNOTS('',8,(#3787,#3788,#3789,#3790,#3791,
    #3792,#3793,#3794,#3795,#3796,#3797,#3798,#3799,#3800,#3801,#3802,
    #3803,#3804,#3805,#3806,#3807,#3808,#3809,#3810,#3811,#3812,#3813,
    #3814,#3815,#3816,#3817,#3818,#3819,#3820,#3821,#3822,#3823,#3824,
    #3825,#3826,#3827,#3828,#3829,#3830,#3831,#3832,#3833,#3834,#3835,
    #3836,#3837,#3838,#3839,#3840,#3841,#3842,#3843,#3844,#3845,#3846,
    #3847,#3848,#3849,#3850,#3851,#3852,#3853,#3854,#3855,#3856,#3857,
    #3858),.UNSPECIFIED.,.T.,.F.,(9,7,7,7,7,7,7,7,7,7,9),(0.,
    0.132658251104,0.221474371509,0.294862135616,0.399831353211,
    0.500166344859,0.600501336506,0.705470554151,0.795210533082,
    0.867640352579,1.),.UNSPECIFIED.);
#3787 = CARTESIAN_POINT('',(3.00065E+04,33.83123556715,-406.));
#3788 = CARTESIAN_POINT('',(3.00065E+04,33.83123556715,-405.4155231907)
  );
#3789 = CARTESIAN_POINT('',(3.000643993593E+04,33.842775527914,
    -404.8318700927));
#3790 = CARTESIAN_POINT('',(3.000632010564E+04,33.865799124496,
    -404.2522544683));
#3791 = CARTESIAN_POINT('',(3.000613954091E+04,33.899871081037,
    -403.6800860758));
#3792 = CARTESIAN_POINT('',(3.000589627161E+04,33.944148686353,
    -403.1195789169));
#3793 = CARTESIAN_POINT('',(3.000558749602E+04,33.997213077532,
    -402.5762083326));
#3794 = CARTESIAN_POINT('',(3.000520982237E+04,34.056816666875,
    -402.0573453791));
#3795 = CARTESIAN_POINT('',(3.000445841561E+04,34.16163926875,
    -401.2493882381));
#3796 = CARTESIAN_POINT('',(3.000412245004E+04,34.205406890107,
    -400.9386844418));
#3797 = CARTESIAN_POINT('',(3.000375146974E+04,34.249725030913,
    -400.6464152592));
#3798 = CARTESIAN_POINT('',(3.000334571429E+04,34.293121658517,
    -400.3778701722));
#3799 = CARTESIAN_POINT('',(3.000290603868E+04,34.333874361122,
    -400.1384977456));
#3800 = CARTESIAN_POINT('',(3.000243395963E+04,34.370097187132,
    -399.9339356263));
#3801 = CARTESIAN_POINT('',(3.000193175227E+04,34.399873590969,
    -399.7700712116));
#3802 = CARTESIAN_POINT('',(3.000096536244E+04,34.439251836857,
    -399.5565082446));
#3803 = CARTESIAN_POINT('',(3.000051308548E+04,34.451323048762,
    -399.4926642671));
#3804 = CARTESIAN_POINT('',(3.000005193621E+04,34.456646464351,
    -399.4651150662));
#3805 = CARTESIAN_POINT('',(2.999958850587E+04,34.454660677783,
    -399.4755463951));
#3806 = CARTESIAN_POINT('',(2.999912951899E+04,34.445391873217,
    -399.5238576865));
#3807 = CARTESIAN_POINT('',(2.999868154845E+04,34.429463603205,
    -399.6081788699));
#3808 = CARTESIAN_POINT('',(2.999825074578E+04,34.40799106878,
    -399.7248651987));
#3809 = CARTESIAN_POINT('',(2.999725881154E+04,34.345749888556,
    -400.0738810384));
#3810 = CARTESIAN_POINT('',(2.999672076799E+04,34.300615996585,
    -400.3345800192));
#3811 = CARTESIAN_POINT('',(2.999623030968E+04,34.250166612898,
    -400.6399181076));
#3812 = CARTESIAN_POINT('',(2.999578779899E+04,34.197360893791,
    -400.9810279699));
#3813 = CARTESIAN_POINT('',(2.999539265997E+04,34.14467697435,
    -401.3504471932));
#3814 = CARTESIAN_POINT('',(2.999504374474E+04,34.094070201653,
    -401.7418654073));
#3815 = CARTESIAN_POINT('',(2.999473956875E+04,34.047031284813,
    -402.1499670386));
#3816 = CARTESIAN_POINT('',(2.99942288757E+04,33.964106910543,
    -402.9721510525));
#3817 = CARTESIAN_POINT('',(2.999401773341E+04,33.927673553938,
    -403.3866344867));
#3818 = CARTESIAN_POINT('',(2.999384370204E+04,33.896265941127,
    -403.8106805372));
#3819 = CARTESIAN_POINT('',(2.99937056548E+04,33.870546691682,
    -404.2418061975));
#3820 = CARTESIAN_POINT('',(2.999360270702E+04,33.850968444771,
    -404.6779742032));
#3821 = CARTESIAN_POINT('',(2.999353425297E+04,33.83781674084,
    -405.1174393968));
#3822 = CARTESIAN_POINT('',(2.99935E+04,33.83123556715,-405.5586208865)
  );
#3823 = CARTESIAN_POINT('',(2.99935E+04,33.83123556715,-406.4413791134)
  );
#3824 = CARTESIAN_POINT('',(2.999353425297E+04,33.83781674084,
    -406.8825606031));
#3825 = CARTESIAN_POINT('',(2.999360270702E+04,33.850968444771,
    -407.3220257967));
#3826 = CARTESIAN_POINT('',(2.99937056548E+04,33.870546691682,
    -407.7581938024));
#3827 = CARTESIAN_POINT('',(2.999384370204E+04,33.896265941127,
    -408.1893194627));
#3828 = CARTESIAN_POINT('',(2.999401773341E+04,33.927673553938,
    -408.6133655132));
#3829 = CARTESIAN_POINT('',(2.99942288757E+04,33.964106910543,
    -409.0278489474));
#3830 = CARTESIAN_POINT('',(2.999473956875E+04,34.047031284833,
    -409.8500329615));
#3831 = CARTESIAN_POINT('',(2.999504374474E+04,34.094070201662,
    -410.2581345926));
#3832 = CARTESIAN_POINT('',(2.999539265997E+04,34.144676974335,
    -410.6495528066));
#3833 = CARTESIAN_POINT('',(2.999578779899E+04,34.197360893769,
    -411.0189720299));
#3834 = CARTESIAN_POINT('',(2.999623030968E+04,34.250166612891,
    -411.3600818923));
#3835 = CARTESIAN_POINT('',(2.999672076799E+04,34.300615996599,
    -411.6654199808));
#3836 = CARTESIAN_POINT('',(2.999725881154E+04,34.34574988857,
    -411.9261189615));
#3837 = CARTESIAN_POINT('',(2.99983416888E+04,34.413697496055,
    -412.3071334474));
#3838 = CARTESIAN_POINT('',(2.999887455304E+04,34.43882100838,
    -412.4424479137));
#3839 = CARTESIAN_POINT('',(2.999943114322E+04,34.455182441594,
    -412.5275530131));
#3840 = CARTESIAN_POINT('',(3.E+04,34.460880974193,-412.5565684331));
#3841 = CARTESIAN_POINT('',(3.000056885678E+04,34.455182441594,
    -412.5275530131));
#3842 = CARTESIAN_POINT('',(3.000112544696E+04,34.43882100838,
    -412.4424479137));
#3843 = CARTESIAN_POINT('',(3.00016583112E+04,34.413697496055,
    -412.3071334474));
#3844 = CARTESIAN_POINT('',(3.000256022025E+04,34.357105152174,
    -411.9897933142));
#3845 = CARTESIAN_POINT('',(3.00029419702E+04,34.327736354668,
    -411.8214846558));
#3846 = CARTESIAN_POINT('',(3.000330172962E+04,34.295308742138,
    -411.6300038205));
#3847 = CARTESIAN_POINT('',(3.000363892943E+04,34.260830498089,
    -411.4184727412));
#3848 = CARTESIAN_POINT('',(3.000395328493E+04,34.225239906642,
    -411.1897764182));
#3849 = CARTESIAN_POINT('',(3.000424474466E+04,34.189375613463,
    -410.9465957798));
#3850 = CARTESIAN_POINT('',(3.000451345582E+04,34.153961059491,
    -410.6914292584));
#3851 = CARTESIAN_POINT('',(3.000520982236E+04,34.056816667537,
    -409.9426546259));
#3852 = CARTESIAN_POINT('',(3.000558749604E+04,33.997213075951,
    -409.4237916507));
#3853 = CARTESIAN_POINT('',(3.00058962716E+04,33.944148687546,
    -408.8804211023));
#3854 = CARTESIAN_POINT('',(3.000613954091E+04,33.899871081505,
    -408.3199139235));
#3855 = CARTESIAN_POINT('',(3.000632010565E+04,33.865799123281,
    -407.7477455123));
#3856 = CARTESIAN_POINT('',(3.000643993592E+04,33.842775528472,
    -407.1681299253));
#3857 = CARTESIAN_POINT('',(3.00065E+04,33.83123556715,-406.5844768032)
  );
#3858 = CARTESIAN_POINT('',(3.00065E+04,33.83123556715,-406.));
#3859 = PCURVE('',#1538,#3860);
#3860 = DEFINITIONAL_REPRESENTATION('',(#3861),#3934);
#3861 = B_SPLINE_CURVE_WITH_KNOTS('',8,(#3862,#3863,#3864,#3865,#3866,
    #3867,#3868,#3869,#3870,#3871,#3872,#3873,#3874,#3875,#3876,#3877,
    #3878,#3879,#3880,#3881,#3882,#3883,#3884,#3885,#3886,#3887,#3888,
    #3889,#3890,#3891,#3892,#3893,#3894,#3895,#3896,#3897,#3898,#3899,
    #3900,#3901,#3902,#3903,#3904,#3905,#3906,#3907,#3908,#3909,#3910,
    #3911,#3912,#3913,#3914,#3915,#3916,#3917,#3918,#3919,#3920,#3921,
    #3922,#3923,#3924,#3925,#3926,#3927,#3928,#3929,#3930,#3931,#3932,
    #3933),.UNSPECIFIED.,.F.,.F.,(9,7,7,7,7,7,7,7,7,7,9),(0.,
    0.132658251104,0.221474371509,0.294862135616,0.399831353211,
    0.500166344859,0.600501336506,0.705470554151,0.795210533082,
    0.867640352579,1.),.UNSPECIFIED.);
#3862 = CARTESIAN_POINT('',(0.,5.21876443285));
#3863 = CARTESIAN_POINT('',(8.991950911678E-02,5.21876443285));
#3864 = CARTESIAN_POINT('',(0.179712139846,5.207224472086));
#3865 = CARTESIAN_POINT('',(0.269992226452,5.184200875504));
#3866 = CARTESIAN_POINT('',(0.361327877948,5.150128918963));
#3867 = CARTESIAN_POINT('',(0.454284764797,5.105851313647));
#3868 = CARTESIAN_POINT('',(0.549450615243,5.052786922468));
#3869 = CARTESIAN_POINT('',(0.647473754182,4.993183333125));
#3870 = CARTESIAN_POINT('',(0.817221695457,4.88836073125));
#3871 = CARTESIAN_POINT('',(0.887424577449,4.844593109893));
#3872 = CARTESIAN_POINT('',(0.959698745791,4.800274969087));
#3873 = CARTESIAN_POINT('',(1.034032534656,4.756878341483));
#3874 = CARTESIAN_POINT('',(1.110456646132,4.716125638878));
#3875 = CARTESIAN_POINT('',(1.189046071944,4.679902812868));
#3876 = CARTESIAN_POINT('',(1.269928820715,4.650126409031));
#3877 = CARTESIAN_POINT('',(1.42219131987,4.610748163143));
#3878 = CARTESIAN_POINT('',(1.492252584025,4.598676951238));
#3879 = CARTESIAN_POINT('',(1.562940023039,4.593353535649));
#3880 = CARTESIAN_POINT('',(1.633776750181,4.595339322217));
#3881 = CARTESIAN_POINT('',(1.704311167194,4.604608126783));
#3882 = CARTESIAN_POINT('',(1.774077872989,4.620536396795));
#3883 = CARTESIAN_POINT('',(1.842556404663,4.64200893122));
#3884 = CARTESIAN_POINT('',(2.004332464094,4.704250111444));
#3885 = CARTESIAN_POINT('',(2.095728135983,4.749384003415));
#3886 = CARTESIAN_POINT('',(2.183811710167,4.799833387102));
#3887 = CARTESIAN_POINT('',(2.268953664837,4.852639106209));
#3888 = CARTESIAN_POINT('',(2.351464412763,4.90532302565));
#3889 = CARTESIAN_POINT('',(2.431614274398,4.955929798347));
#3890 = CARTESIAN_POINT('',(2.509639442102,5.002968715187));
#3891 = CARTESIAN_POINT('',(2.658544236585,5.085893089457));
#3892 = CARTESIAN_POINT('',(2.729851862517,5.122326446062));
#3893 = CARTESIAN_POINT('',(2.799982805119,5.153734058873));
#3894 = CARTESIAN_POINT('',(2.869194647796,5.179453308318));
#3895 = CARTESIAN_POINT('',(2.937727377657,5.199031555229));
#3896 = CARTESIAN_POINT('',(3.00581382001,5.21218325916));
#3897 = CARTESIAN_POINT('',(3.073688174602,5.21876443285));
#3898 = CARTESIAN_POINT('',(3.209497132578,5.21876443285));
#3899 = CARTESIAN_POINT('',(3.277371487169,5.21218325916));
#3900 = CARTESIAN_POINT('',(3.345457929523,5.199031555229));
#3901 = CARTESIAN_POINT('',(3.413990659383,5.179453308318));
#3902 = CARTESIAN_POINT('',(3.48320250206,5.153734058873));
#3903 = CARTESIAN_POINT('',(3.553333444663,5.122326446062));
#3904 = CARTESIAN_POINT('',(3.624641070595,5.085893089457));
#3905 = CARTESIAN_POINT('',(3.773545865114,5.002968715167));
#3906 = CARTESIAN_POINT('',(3.851571032792,4.955929798338));
#3907 = CARTESIAN_POINT('',(3.931720894395,4.905323025665));
#3908 = CARTESIAN_POINT('',(4.01423164231,4.852639106231));
#3909 = CARTESIAN_POINT('',(4.099373596997,4.799833387109));
#3910 = CARTESIAN_POINT('',(4.187457171212,4.749384003401));
#3911 = CARTESIAN_POINT('',(4.278852843122,4.70425011143));
#3912 = CARTESIAN_POINT('',(4.455460936785,4.636302503945));
#3913 = CARTESIAN_POINT('',(4.539702376007,4.61117899162));
#3914 = CARTESIAN_POINT('',(4.625644693574,4.594817558407));
#3915 = CARTESIAN_POINT('',(4.712388980386,4.589119025807));
#3916 = CARTESIAN_POINT('',(4.799133267193,4.594817558407));
#3917 = CARTESIAN_POINT('',(4.885075584764,4.61117899162));
#3918 = CARTESIAN_POINT('',(4.969317023984,4.636302503945));
#3919 = CARTESIAN_POINT('',(5.116410738373,4.692894847826));
#3920 = CARTESIAN_POINT('',(5.180406575365,4.722263645332));
#3921 = CARTESIAN_POINT('',(5.242825915857,4.754691257862));
#3922 = CARTESIAN_POINT('',(5.303765886865,4.789169501911));
#3923 = CARTESIAN_POINT('',(5.363303058377,4.824760093358));
#3924 = CARTESIAN_POINT('',(5.421497936702,4.860624386537));
#3925 = CARTESIAN_POINT('',(5.478397573397,4.896038940509));
#3926 = CARTESIAN_POINT('',(5.635711551927,4.993183332463));
#3927 = CARTESIAN_POINT('',(5.73373469513,5.052786924049));
#3928 = CARTESIAN_POINT('',(5.828900538998,5.105851312454));
#3929 = CARTESIAN_POINT('',(5.921857429128,5.150128918495));
#3930 = CARTESIAN_POINT('',(6.013193084117,5.184200876719));
#3931 = CARTESIAN_POINT('',(6.103473164365,5.207224471528));
#3932 = CARTESIAN_POINT('',(6.19326579899,5.21876443285));
#3933 = CARTESIAN_POINT('',(6.28318530718,5.21876443285));
#3934 = ( GEOMETRIC_REPRESENTATION_CONTEXT(2) 
PARAMETRIC_REPRESENTATION_CONTEXT() REPRESENTATION_CONTEXT('2D SPACE',''
  ) );
#3935 = PCURVE('',#2395,#3936);
#3936 = DEFINITIONAL_REPRESENTATION('',(#3937),#4010);
#3937 = B_SPLINE_CURVE_WITH_KNOTS('',8,(#3938,#3939,#3940,#3941,#3942,
    #3943,#3944,#3945,#3946,#3947,#3948,#3949,#3950,#3951,#3952,#3953,
    #3954,#3955,#3956,#3957,#3958,#3959,#3960,#3961,#3962,#3963,#3964,
    #3965,#3966,#3967,#3968,#3969,#3970,#3971,#3972,#3973,#3974,#3975,
    #3976,#3977,#3978,#3979,#3980,#3981,#3982,#3983,#3984,#3985,#3986,
    #3987,#3988,#3989,#3990,#3991,#3992,#3993,#3994,#3995,#3996,#3997,
    #3998,#3999,#4000,#4001,#4002,#4003,#4004,#4005,#4006,#4007,#4008,
    #4009),.UNSPECIFIED.,.T.,.F.,(9,7,7,7,7,7,7,7,7,7,9),(0.,
    0.132658251104,0.221474371509,0.294862135616,0.399831353211,
    0.500166344859,0.600501336506,0.705470554151,0.795210533082,
    0.867640352579,1.),.UNSPECIFIED.);
#3938 = CARTESIAN_POINT('',(1.38097926545,4.445E+03));
#3939 = CARTESIAN_POINT('',(1.38097926545,4.445584476809E+03));
#3940 = CARTESIAN_POINT('',(1.382754665561,4.446168129907E+03));
#3941 = CARTESIAN_POINT('',(1.386296678718,4.446747745532E+03));
#3942 = CARTESIAN_POINT('',(1.391630485594,4.447319913924E+03));
#3943 = CARTESIAN_POINT('',(1.398807695945,4.447880421083E+03));
#3944 = CARTESIAN_POINT('',(1.407901050941,4.448423791667E+03));
#3945 = CARTESIAN_POINT('',(1.418997905974,4.448942654621E+03));
#3946 = CARTESIAN_POINT('',(1.441020634612,4.449750611762E+03));
#3947 = CARTESIAN_POINT('',(1.450854888141,4.450061315558E+03));
#3948 = CARTESIAN_POINT('',(1.461699096466,4.450353584741E+03));
#3949 = CARTESIAN_POINT('',(1.473542411153,4.450622129828E+03));
#3950 = CARTESIAN_POINT('',(1.486356953586,4.450861502254E+03));
#3951 = CARTESIAN_POINT('',(1.500097286645,4.451066064374E+03));
#3952 = CARTESIAN_POINT('',(1.514698237414,4.451229928788E+03));
#3953 = CARTESIAN_POINT('',(1.542773470753,4.451443491755E+03));
#3954 = CARTESIAN_POINT('',(1.555905356167,4.451507335733E+03));
#3955 = CARTESIAN_POINT('',(1.569289713932,4.451534884934E+03));
#3956 = CARTESIAN_POINT('',(1.582738731898,4.451524453605E+03));
#3957 = CARTESIAN_POINT('',(1.596061513997,4.451476142313E+03));
#3958 = CARTESIAN_POINT('',(1.609070997678,4.45139182113E+03));
#3959 = CARTESIAN_POINT('',(1.621590642099,4.451275134801E+03));
#3960 = CARTESIAN_POINT('',(1.650440716293,4.450926118962E+03));
#3961 = CARTESIAN_POINT('',(1.666110202496,4.450665419981E+03));
#3962 = CARTESIAN_POINT('',(1.680418259603,4.450360081892E+03));
#3963 = CARTESIAN_POINT('',(1.69335155913,4.45001897203E+03));
#3964 = CARTESIAN_POINT('',(1.704921359172,4.449649552807E+03));
#3965 = CARTESIAN_POINT('',(1.715154705412,4.449258134593E+03));
#3966 = CARTESIAN_POINT('',(1.724088900499,4.448850032961E+03));
#3967 = CARTESIAN_POINT('',(1.739107237877,4.448027848947E+03));
#3968 = CARTESIAN_POINT('',(1.745326460044,4.447613365513E+03));
#3969 = CARTESIAN_POINT('',(1.75045957657,4.447189319463E+03));
#3970 = CARTESIAN_POINT('',(1.754535648233,4.446758193802E+03));
#3971 = CARTESIAN_POINT('',(1.757577529398,4.446322025797E+03));
#3972 = CARTESIAN_POINT('',(1.759600918815,4.445882560603E+03));
#3973 = CARTESIAN_POINT('',(1.76061338814,4.445441379113E+03));
#3974 = CARTESIAN_POINT('',(1.76061338814,4.444558620887E+03));
#3975 = CARTESIAN_POINT('',(1.759600918815,4.444117439397E+03));
#3976 = CARTESIAN_POINT('',(1.757577529398,4.443677974203E+03));
#3977 = CARTESIAN_POINT('',(1.754535648233,4.443241806198E+03));
#3978 = CARTESIAN_POINT('',(1.75045957657,4.442810680537E+03));
#3979 = CARTESIAN_POINT('',(1.745326460044,4.442386634487E+03));
#3980 = CARTESIAN_POINT('',(1.739107237877,4.441972151053E+03));
#3981 = CARTESIAN_POINT('',(1.724088900495,4.441149967038E+03));
#3982 = CARTESIAN_POINT('',(1.71515470541,4.440741865407E+03));
#3983 = CARTESIAN_POINT('',(1.704921359175,4.440350447193E+03));
#3984 = CARTESIAN_POINT('',(1.693351559135,4.43998102797E+03));
#3985 = CARTESIAN_POINT('',(1.680418259606,4.439639918108E+03));
#3986 = CARTESIAN_POINT('',(1.666110202494,4.439334580019E+03));
#3987 = CARTESIAN_POINT('',(1.650440716286,4.439073881038E+03));
#3988 = CARTESIAN_POINT('',(1.618945595047,4.438692866553E+03));
#3989 = CARTESIAN_POINT('',(1.603462529761,4.438557552086E+03));
#3990 = CARTESIAN_POINT('',(1.587303363455,4.438472446987E+03));
#3991 = CARTESIAN_POINT('',(1.570796326795,4.438443431567E+03));
#3992 = CARTESIAN_POINT('',(1.554289290135,4.438472446987E+03));
#3993 = CARTESIAN_POINT('',(1.538130123829,4.438557552086E+03));
#3994 = CARTESIAN_POINT('',(1.522647058543,4.438692866553E+03));
#3995 = CARTESIAN_POINT('',(1.496415336813,4.439010206686E+03));
#3996 = CARTESIAN_POINT('',(1.485302427062,4.439178515344E+03));
#3997 = CARTESIAN_POINT('',(1.474818574443,4.439369996179E+03));
#3998 = CARTESIAN_POINT('',(1.464980732344,4.439581527259E+03));
#3999 = CARTESIAN_POINT('',(1.455798381034,4.439810223582E+03));
#4000 = CARTESIAN_POINT('',(1.447274735129,4.44005340422E+03));
#4001 = CARTESIAN_POINT('',(1.439407479473,4.440308570742E+03));
#4002 = CARTESIAN_POINT('',(1.418997906113,4.441057345374E+03));
#4003 = CARTESIAN_POINT('',(1.407901050619,4.441576208349E+03));
#4004 = CARTESIAN_POINT('',(1.39880769618,4.442119578898E+03));
#4005 = CARTESIAN_POINT('',(1.391630485691,4.442680086076E+03));
#4006 = CARTESIAN_POINT('',(1.386296678478,4.443252254488E+03));
#4007 = CARTESIAN_POINT('',(1.382754665669,4.443831870075E+03));
#4008 = CARTESIAN_POINT('',(1.38097926545,4.444415523197E+03));
#4009 = CARTESIAN_POINT('',(1.38097926545,4.445E+03));
#4010 = ( GEOMETRIC_REPRESENTATION_CONTEXT(2) 
PARAMETRIC_REPRESENTATION_CONTEXT() REPRESENTATION_CONTEXT('2D SPACE',''
  ) );
#4011 = ORIENTED_EDGE('',*,*,#4012,.F.);
#4012 = EDGE_CURVE('',#1405,#3783,#4013,.T.);
#4013 = SEAM_CURVE('',#4014,(#4018,#4025),.PCURVE_S1.);
#4014 = LINE('',#4015,#4016);
#4015 = CARTESIAN_POINT('',(3.00065E+04,39.05,-406.));
#4016 = VECTOR('',#4017,1.);
#4017 = DIRECTION('',(0.,-1.,2.22044604925E-16));
#4018 = PCURVE('',#1538,#4019);
#4019 = DEFINITIONAL_REPRESENTATION('',(#4020),#4024);
#4020 = LINE('',#4021,#4022);
#4021 = CARTESIAN_POINT('',(6.28318530718,-0.));
#4022 = VECTOR('',#4023,1.);
#4023 = DIRECTION('',(0.,1.));
#4024 = ( GEOMETRIC_REPRESENTATION_CONTEXT(2) 
PARAMETRIC_REPRESENTATION_CONTEXT() REPRESENTATION_CONTEXT('2D SPACE',''
  ) );
#4025 = PCURVE('',#1538,#4026);
#4026 = DEFINITIONAL_REPRESENTATION('',(#4027),#4031);
#4027 = LINE('',#4028,#4029);
#4028 = CARTESIAN_POINT('',(0.,-0.));
#4029 = VECTOR('',#4030,1.);
#4030 = DIRECTION('',(0.,1.));
#4031 = ( GEOMETRIC_REPRESENTATION_CONTEXT(2) 
PARAMETRIC_REPRESENTATION_CONTEXT() REPRESENTATION_CONTEXT('2D SPACE',''
  ) );
#4032 = ORIENTED_EDGE('',*,*,#1404,.T.);
#4033 = ORIENTED_EDGE('',*,*,#4012,.T.);
#4034 = ADVANCED_FACE('',(#4035),#1745,.F.);
#4035 = FACE_BOUND('',#4036,.F.);
#4036 = EDGE_LOOP('',(#4037,#4267,#4288,#4289));
#4037 = ORIENTED_EDGE('',*,*,#4038,.F.);
#4038 = EDGE_CURVE('',#4039,#4039,#4041,.T.);
#4039 = VERTEX_POINT('',#4040);
#4040 = CARTESIAN_POINT('',(3.00065E+04,33.83123556715,-206.));
#4041 = SURFACE_CURVE('',#4042,(#4115,#4191),.PCURVE_S1.);
#4042 = B_SPLINE_CURVE_WITH_KNOTS('',8,(#4043,#4044,#4045,#4046,#4047,
    #4048,#4049,#4050,#4051,#4052,#4053,#4054,#4055,#4056,#4057,#4058,
    #4059,#4060,#4061,#4062,#4063,#4064,#4065,#4066,#4067,#4068,#4069,
    #4070,#4071,#4072,#4073,#4074,#4075,#4076,#4077,#4078,#4079,#4080,
    #4081,#4082,#4083,#4084,#4085,#4086,#4087,#4088,#4089,#4090,#4091,
    #4092,#4093,#4094,#4095,#4096,#4097,#4098,#4099,#4100,#4101,#4102,
    #4103,#4104,#4105,#4106,#4107,#4108,#4109,#4110,#4111,#4112,#4113,
    #4114),.UNSPECIFIED.,.T.,.F.,(9,7,7,7,7,7,7,7,7,7,9),(0.,
    0.132658247857,0.221474367648,0.294862131783,0.399831349376,
    0.500166340974,0.600501332572,0.705470550166,0.795210529053,
    0.867640349106,1.),.UNSPECIFIED.);
#4043 = CARTESIAN_POINT('',(3.00065E+04,33.83123556715,-206.));
#4044 = CARTESIAN_POINT('',(3.00065E+04,33.83123556715,-205.4155231967)
  );
#4045 = CARTESIAN_POINT('',(3.000643993592E+04,33.842775528472,
    -204.8318700746));
#4046 = CARTESIAN_POINT('',(3.000632010565E+04,33.865799123281,
    -204.2522544876));
#4047 = CARTESIAN_POINT('',(3.000613954091E+04,33.899871081505,
    -203.6800860764));
#4048 = CARTESIAN_POINT('',(3.00058962716E+04,33.944148687546,
    -203.1195788976));
#4049 = CARTESIAN_POINT('',(3.000558749604E+04,33.997213075951,
    -202.5762083492));
#4050 = CARTESIAN_POINT('',(3.000520982236E+04,34.056816667537,
    -202.057345374));
#4051 = CARTESIAN_POINT('',(3.00044584156E+04,34.161639269045,
    -201.2493882358));
#4052 = CARTESIAN_POINT('',(3.000412245005E+04,34.205406889655,
    -200.938684445));
#4053 = CARTESIAN_POINT('',(3.000375146974E+04,34.249725030859,
    -200.6464152598));
#4054 = CARTESIAN_POINT('',(3.000334571428E+04,34.293121658916,
    -200.3778701695));
#4055 = CARTESIAN_POINT('',(3.000290603868E+04,34.333874361191,
    -200.1384977449));
#4056 = CARTESIAN_POINT('',(3.000243395963E+04,34.370097186744,
    -199.9339356287));
#4057 = CARTESIAN_POINT('',(3.000193175227E+04,34.399873591125,
    -199.7700712108));
#4058 = CARTESIAN_POINT('',(3.000096536244E+04,34.439251836857,
    -199.5565082446));
#4059 = CARTESIAN_POINT('',(3.000051308548E+04,34.451323048762,
    -199.4926642671));
#4060 = CARTESIAN_POINT('',(3.000005193621E+04,34.456646464351,
    -199.4651150662));
#4061 = CARTESIAN_POINT('',(2.999958850587E+04,34.454660677783,
    -199.4755463951));
#4062 = CARTESIAN_POINT('',(2.999912951899E+04,34.445391873217,
    -199.5238576865));
#4063 = CARTESIAN_POINT('',(2.999868154845E+04,34.429463603205,
    -199.6081788699));
#4064 = CARTESIAN_POINT('',(2.999825074578E+04,34.40799106878,
    -199.7248651987));
#4065 = CARTESIAN_POINT('',(2.999725881154E+04,34.34574988857,
    -200.0738810384));
#4066 = CARTESIAN_POINT('',(2.999672076799E+04,34.300615996599,
    -200.3345800191));
#4067 = CARTESIAN_POINT('',(2.999623030968E+04,34.250166612891,
    -200.6399181076));
#4068 = CARTESIAN_POINT('',(2.999578779899E+04,34.197360893769,
    -200.98102797));
#4069 = CARTESIAN_POINT('',(2.999539265997E+04,34.144676974336,
    -201.3504471933));
#4070 = CARTESIAN_POINT('',(2.999504374474E+04,34.094070201662,
    -201.7418654073));
#4071 = CARTESIAN_POINT('',(2.999473956875E+04,34.047031284833,
    -202.1499670384));
#4072 = CARTESIAN_POINT('',(2.99942288757E+04,33.964106910543,
    -202.9721510525));
#4073 = CARTESIAN_POINT('',(2.999401773341E+04,33.927673553938,
    -203.3866344867));
#4074 = CARTESIAN_POINT('',(2.999384370204E+04,33.896265941127,
    -203.8106805372));
#4075 = CARTESIAN_POINT('',(2.99937056548E+04,33.870546691682,
    -204.2418061975));
#4076 = CARTESIAN_POINT('',(2.999360270702E+04,33.850968444771,
    -204.6779742032));
#4077 = CARTESIAN_POINT('',(2.999353425297E+04,33.83781674084,
    -205.1174393968));
#4078 = CARTESIAN_POINT('',(2.99935E+04,33.83123556715,-205.5586208865)
  );
#4079 = CARTESIAN_POINT('',(2.99935E+04,33.83123556715,-206.4413791134)
  );
#4080 = CARTESIAN_POINT('',(2.999353425297E+04,33.83781674084,
    -206.8825606031));
#4081 = CARTESIAN_POINT('',(2.999360270702E+04,33.850968444771,
    -207.3220257967));
#4082 = CARTESIAN_POINT('',(2.99937056548E+04,33.870546691682,
    -207.7581938024));
#4083 = CARTESIAN_POINT('',(2.999384370204E+04,33.896265941127,
    -208.1893194627));
#4084 = CARTESIAN_POINT('',(2.999401773341E+04,33.927673553938,
    -208.6133655132));
#4085 = CARTESIAN_POINT('',(2.99942288757E+04,33.964106910543,
    -209.0278489474));
#4086 = CARTESIAN_POINT('',(2.999473956875E+04,34.047031284833,
    -209.8500329615));
#4087 = CARTESIAN_POINT('',(2.999504374474E+04,34.094070201662,
    -210.2581345926));
#4088 = CARTESIAN_POINT('',(2.999539265997E+04,34.144676974335,
    -210.6495528066));
#4089 = CARTESIAN_POINT('',(2.999578779899E+04,34.197360893769,
    -211.0189720299));
#4090 = CARTESIAN_POINT('',(2.999623030968E+04,34.250166612891,
    -211.3600818923));
#4091 = CARTESIAN_POINT('',(2.999672076799E+04,34.300615996599,
    -211.6654199808));
#4092 = CARTESIAN_POINT('',(2.999725881154E+04,34.34574988857,
    -211.9261189615));
#4093 = CARTESIAN_POINT('',(2.99983416888E+04,34.413697496055,
    -212.3071334474));
#4094 = CARTESIAN_POINT('',(2.999887455304E+04,34.43882100838,
    -212.4424479137));
#4095 = CARTESIAN_POINT('',(2.999943114322E+04,34.455182441593,
    -212.5275530131));
#4096 = CARTESIAN_POINT('',(3.E+04,34.460880974193,-212.5565684331));
#4097 = CARTESIAN_POINT('',(3.000056885678E+04,34.455182441593,
    -212.5275530131));
#4098 = CARTESIAN_POINT('',(3.000112544696E+04,34.43882100838,
    -212.4424479137));
#4099 = CARTESIAN_POINT('',(3.00016583112E+04,34.413697496055,
    -212.3071334474));
#4100 = CARTESIAN_POINT('',(3.000256022026E+04,34.357105151967,
    -211.9897933131));
#4101 = CARTESIAN_POINT('',(3.00029419702E+04,34.327736355084,
    -211.8214846584));
#4102 = CARTESIAN_POINT('',(3.000330172962E+04,34.295308742104,
    -211.63000382));
#4103 = CARTESIAN_POINT('',(3.000363892943E+04,34.260830497682,
    -211.4184727385));
#4104 = CARTESIAN_POINT('',(3.000395328493E+04,34.225239906668,
    -211.1897764186));
#4105 = CARTESIAN_POINT('',(3.000424474466E+04,34.18937561391,
    -210.9465957829));
#4106 = CARTESIAN_POINT('',(3.000451345582E+04,34.153961059216,
    -210.6914292562));
#4107 = CARTESIAN_POINT('',(3.000520982237E+04,34.056816666875,
    -209.9426546208));
#4108 = CARTESIAN_POINT('',(3.000558749602E+04,33.997213077532,
    -209.4237916673));
#4109 = CARTESIAN_POINT('',(3.000589627161E+04,33.944148686353,
    -208.880421083));
#4110 = CARTESIAN_POINT('',(3.000613954091E+04,33.899871081037,
    -208.3199139241));
#4111 = CARTESIAN_POINT('',(3.000632010564E+04,33.865799124496,
    -207.7477455316));
#4112 = CARTESIAN_POINT('',(3.000643993593E+04,33.842775527914,
    -207.1681299072));
#4113 = CARTESIAN_POINT('',(3.00065E+04,33.83123556715,-206.5844768092)
  );
#4114 = CARTESIAN_POINT('',(3.00065E+04,33.83123556715,-206.));
#4115 = PCURVE('',#1745,#4116);
#4116 = DEFINITIONAL_REPRESENTATION('',(#4117),#4190);
#4117 = B_SPLINE_CURVE_WITH_KNOTS('',8,(#4118,#4119,#4120,#4121,#4122,
    #4123,#4124,#4125,#4126,#4127,#4128,#4129,#4130,#4131,#4132,#4133,
    #4134,#4135,#4136,#4137,#4138,#4139,#4140,#4141,#4142,#4143,#4144,
    #4145,#4146,#4147,#4148,#4149,#4150,#4151,#4152,#4153,#4154,#4155,
    #4156,#4157,#4158,#4159,#4160,#4161,#4162,#4163,#4164,#4165,#4166,
    #4167,#4168,#4169,#4170,#4171,#4172,#4173,#4174,#4175,#4176,#4177,
    #4178,#4179,#4180,#4181,#4182,#4183,#4184,#4185,#4186,#4187,#4188,
    #4189),.UNSPECIFIED.,.F.,.F.,(9,7,7,7,7,7,7,7,7,7,9),(0.,
    0.132658247857,0.221474367648,0.294862131783,0.399831349376,
    0.500166340974,0.600501332572,0.705470550166,0.795210529053,
    0.867640349106,1.),.UNSPECIFIED.);
#4118 = CARTESIAN_POINT('',(0.,5.21876443285));
#4119 = CARTESIAN_POINT('',(8.991950818995E-02,5.21876443285));
#4120 = CARTESIAN_POINT('',(0.179712142814,5.207224471528));
#4121 = CARTESIAN_POINT('',(0.269992223063,5.184200876719));
#4122 = CARTESIAN_POINT('',(0.361327878052,5.150128918495));
#4123 = CARTESIAN_POINT('',(0.454284768181,5.105851312454));
#4124 = CARTESIAN_POINT('',(0.54945061205,5.052786924049));
#4125 = CARTESIAN_POINT('',(0.647473755253,4.993183332463));
#4126 = CARTESIAN_POINT('',(0.817221695935,4.888360730955));
#4127 = CARTESIAN_POINT('',(0.887424576524,4.844593110345));
#4128 = CARTESIAN_POINT('',(0.959698745856,4.800274969141));
#4129 = CARTESIAN_POINT('',(1.034032535554,4.756878341084));
#4130 = CARTESIAN_POINT('',(1.110456646078,4.716125638809));
#4131 = CARTESIAN_POINT('',(1.189046070956,4.679902813256));
#4132 = CARTESIAN_POINT('',(1.269928821322,4.650126408875));
#4133 = CARTESIAN_POINT('',(1.42219131987,4.610748163143));
#4134 = CARTESIAN_POINT('',(1.492252584026,4.598676951238));
#4135 = CARTESIAN_POINT('',(1.562940023039,4.593353535649));
#4136 = CARTESIAN_POINT('',(1.633776750181,4.595339322217));
#4137 = CARTESIAN_POINT('',(1.704311167194,4.604608126783));
#4138 = CARTESIAN_POINT('',(1.774077872989,4.620536396795));
#4139 = CARTESIAN_POINT('',(1.842556404663,4.64200893122));
#4140 = CARTESIAN_POINT('',(2.004332464058,4.70425011143));
#4141 = CARTESIAN_POINT('',(2.095728135967,4.749384003401));
#4142 = CARTESIAN_POINT('',(2.183811710183,4.799833387109));
#4143 = CARTESIAN_POINT('',(2.268953664869,4.852639106231));
#4144 = CARTESIAN_POINT('',(2.351464412785,4.905323025664));
#4145 = CARTESIAN_POINT('',(2.431614274388,4.955929798338));
#4146 = CARTESIAN_POINT('',(2.509639442065,5.002968715167));
#4147 = CARTESIAN_POINT('',(2.658544236585,5.085893089457));
#4148 = CARTESIAN_POINT('',(2.729851862517,5.122326446062));
#4149 = CARTESIAN_POINT('',(2.799982805119,5.153734058873));
#4150 = CARTESIAN_POINT('',(2.869194647796,5.179453308318));
#4151 = CARTESIAN_POINT('',(2.937727377657,5.199031555229));
#4152 = CARTESIAN_POINT('',(3.00581382001,5.21218325916));
#4153 = CARTESIAN_POINT('',(3.073688174602,5.21876443285));
#4154 = CARTESIAN_POINT('',(3.209497132578,5.21876443285));
#4155 = CARTESIAN_POINT('',(3.277371487169,5.21218325916));
#4156 = CARTESIAN_POINT('',(3.345457929523,5.199031555229));
#4157 = CARTESIAN_POINT('',(3.413990659383,5.179453308318));
#4158 = CARTESIAN_POINT('',(3.48320250206,5.153734058873));
#4159 = CARTESIAN_POINT('',(3.553333444663,5.122326446062));
#4160 = CARTESIAN_POINT('',(3.624641070595,5.085893089457));
#4161 = CARTESIAN_POINT('',(3.773545865114,5.002968715167));
#4162 = CARTESIAN_POINT('',(3.851571032792,4.955929798338));
#4163 = CARTESIAN_POINT('',(3.931720894395,4.905323025665));
#4164 = CARTESIAN_POINT('',(4.01423164231,4.852639106231));
#4165 = CARTESIAN_POINT('',(4.099373596997,4.799833387109));
#4166 = CARTESIAN_POINT('',(4.187457171212,4.749384003401));
#4167 = CARTESIAN_POINT('',(4.278852843122,4.70425011143));
#4168 = CARTESIAN_POINT('',(4.455460936786,4.636302503945));
#4169 = CARTESIAN_POINT('',(4.539702376006,4.61117899162));
#4170 = CARTESIAN_POINT('',(4.625644693575,4.594817558407));
#4171 = CARTESIAN_POINT('',(4.712388980384,4.589119025807));
#4172 = CARTESIAN_POINT('',(4.799133267195,4.594817558407));
#4173 = CARTESIAN_POINT('',(4.885075584763,4.61117899162));
#4174 = CARTESIAN_POINT('',(4.969317023984,4.636302503945));
#4175 = CARTESIAN_POINT('',(5.11641073891,4.692894848033));
#4176 = CARTESIAN_POINT('',(5.180406574487,4.722263644916));
#4177 = CARTESIAN_POINT('',(5.242825915818,4.754691257896));
#4178 = CARTESIAN_POINT('',(5.303765887666,4.789169502318));
#4179 = CARTESIAN_POINT('',(5.363303058422,4.824760093332));
#4180 = CARTESIAN_POINT('',(5.421497935869,4.86062438609));
#4181 = CARTESIAN_POINT('',(5.478397573843,4.896038940784));
#4182 = CARTESIAN_POINT('',(5.635711552998,4.993183333125));
#4183 = CARTESIAN_POINT('',(5.733734691937,5.052786922468));
#4184 = CARTESIAN_POINT('',(5.828900542383,5.105851313647));
#4185 = CARTESIAN_POINT('',(5.921857429231,5.150128918963));
#4186 = CARTESIAN_POINT('',(6.013193080728,5.184200875504));
#4187 = CARTESIAN_POINT('',(6.103473167334,5.207224472086));
#4188 = CARTESIAN_POINT('',(6.193265798063,5.21876443285));
#4189 = CARTESIAN_POINT('',(6.28318530718,5.21876443285));
#4190 = ( GEOMETRIC_REPRESENTATION_CONTEXT(2) 
PARAMETRIC_REPRESENTATION_CONTEXT() REPRESENTATION_CONTEXT('2D SPACE',''
  ) );
#4191 = PCURVE('',#2395,#4192);
#4192 = DEFINITIONAL_REPRESENTATION('',(#4193),#4266);
#4193 = B_SPLINE_CURVE_WITH_KNOTS('',8,(#4194,#4195,#4196,#4197,#4198,
    #4199,#4200,#4201,#4202,#4203,#4204,#4205,#4206,#4207,#4208,#4209,
    #4210,#4211,#4212,#4213,#4214,#4215,#4216,#4217,#4218,#4219,#4220,
    #4221,#4222,#4223,#4224,#4225,#4226,#4227,#4228,#4229,#4230,#4231,
    #4232,#4233,#4234,#4235,#4236,#4237,#4238,#4239,#4240,#4241,#4242,
    #4243,#4244,#4245,#4246,#4247,#4248,#4249,#4250,#4251,#4252,#4253,
    #4254,#4255,#4256,#4257,#4258,#4259,#4260,#4261,#4262,#4263,#4264,
    #4265),.UNSPECIFIED.,.T.,.F.,(9,7,7,7,7,7,7,7,7,7,9),(0.,
    0.132658247857,0.221474367648,0.294862131783,0.399831349376,
    0.500166340974,0.600501332572,0.705470550166,0.795210529053,
    0.867640349106,1.),.UNSPECIFIED.);
#4194 = CARTESIAN_POINT('',(1.38097926545,4.645E+03));
#4195 = CARTESIAN_POINT('',(1.38097926545,4.645584476803E+03));
#4196 = CARTESIAN_POINT('',(1.382754665669,4.646168129925E+03));
#4197 = CARTESIAN_POINT('',(1.386296678478,4.646747745512E+03));
#4198 = CARTESIAN_POINT('',(1.391630485691,4.647319913924E+03));
#4199 = CARTESIAN_POINT('',(1.39880769618,4.647880421102E+03));
#4200 = CARTESIAN_POINT('',(1.407901050619,4.648423791651E+03));
#4201 = CARTESIAN_POINT('',(1.418997906113,4.648942654626E+03));
#4202 = CARTESIAN_POINT('',(1.441020634674,4.649750611764E+03));
#4203 = CARTESIAN_POINT('',(1.450854887999,4.650061315555E+03));
#4204 = CARTESIAN_POINT('',(1.461699096489,4.65035358474E+03));
#4205 = CARTESIAN_POINT('',(1.473542411299,4.65062212983E+03));
#4206 = CARTESIAN_POINT('',(1.486356953564,4.650861502255E+03));
#4207 = CARTESIAN_POINT('',(1.500097286478,4.651066064371E+03));
#4208 = CARTESIAN_POINT('',(1.514698237526,4.651229928789E+03));
#4209 = CARTESIAN_POINT('',(1.542773470753,4.651443491755E+03));
#4210 = CARTESIAN_POINT('',(1.555905356167,4.651507335733E+03));
#4211 = CARTESIAN_POINT('',(1.569289713932,4.651534884934E+03));
#4212 = CARTESIAN_POINT('',(1.582738731898,4.651524453605E+03));
#4213 = CARTESIAN_POINT('',(1.596061513997,4.651476142313E+03));
#4214 = CARTESIAN_POINT('',(1.609070997678,4.65139182113E+03));
#4215 = CARTESIAN_POINT('',(1.621590642099,4.651275134801E+03));
#4216 = CARTESIAN_POINT('',(1.650440716286,4.650926118962E+03));
#4217 = CARTESIAN_POINT('',(1.666110202494,4.650665419981E+03));
#4218 = CARTESIAN_POINT('',(1.680418259606,4.650360081892E+03));
#4219 = CARTESIAN_POINT('',(1.693351559135,4.65001897203E+03));
#4220 = CARTESIAN_POINT('',(1.704921359175,4.649649552807E+03));
#4221 = CARTESIAN_POINT('',(1.71515470541,4.649258134593E+03));
#4222 = CARTESIAN_POINT('',(1.724088900495,4.648850032962E+03));
#4223 = CARTESIAN_POINT('',(1.739107237877,4.648027848947E+03));
#4224 = CARTESIAN_POINT('',(1.745326460044,4.647613365513E+03));
#4225 = CARTESIAN_POINT('',(1.75045957657,4.647189319463E+03));
#4226 = CARTESIAN_POINT('',(1.754535648233,4.646758193802E+03));
#4227 = CARTESIAN_POINT('',(1.757577529398,4.646322025797E+03));
#4228 = CARTESIAN_POINT('',(1.759600918815,4.645882560603E+03));
#4229 = CARTESIAN_POINT('',(1.76061338814,4.645441379113E+03));
#4230 = CARTESIAN_POINT('',(1.76061338814,4.644558620887E+03));
#4231 = CARTESIAN_POINT('',(1.759600918815,4.644117439397E+03));
#4232 = CARTESIAN_POINT('',(1.757577529398,4.643677974203E+03));
#4233 = CARTESIAN_POINT('',(1.754535648233,4.643241806198E+03));
#4234 = CARTESIAN_POINT('',(1.75045957657,4.642810680537E+03));
#4235 = CARTESIAN_POINT('',(1.745326460044,4.642386634487E+03));
#4236 = CARTESIAN_POINT('',(1.739107237877,4.641972151053E+03));
#4237 = CARTESIAN_POINT('',(1.724088900495,4.641149967038E+03));
#4238 = CARTESIAN_POINT('',(1.71515470541,4.640741865407E+03));
#4239 = CARTESIAN_POINT('',(1.704921359175,4.640350447193E+03));
#4240 = CARTESIAN_POINT('',(1.693351559135,4.63998102797E+03));
#4241 = CARTESIAN_POINT('',(1.680418259606,4.639639918108E+03));
#4242 = CARTESIAN_POINT('',(1.666110202494,4.639334580019E+03));
#4243 = CARTESIAN_POINT('',(1.650440716286,4.639073881038E+03));
#4244 = CARTESIAN_POINT('',(1.618945595047,4.638692866553E+03));
#4245 = CARTESIAN_POINT('',(1.603462529761,4.638557552086E+03));
#4246 = CARTESIAN_POINT('',(1.587303363455,4.638472446987E+03));
#4247 = CARTESIAN_POINT('',(1.570796326795,4.638443431567E+03));
#4248 = CARTESIAN_POINT('',(1.554289290135,4.638472446987E+03));
#4249 = CARTESIAN_POINT('',(1.538130123829,4.638557552086E+03));
#4250 = CARTESIAN_POINT('',(1.522647058543,4.638692866553E+03));
#4251 = CARTESIAN_POINT('',(1.496415336717,4.639010206687E+03));
#4252 = CARTESIAN_POINT('',(1.485302427205,4.639178515342E+03));
#4253 = CARTESIAN_POINT('',(1.474818574459,4.63936999618E+03));
#4254 = CARTESIAN_POINT('',(1.464980732218,4.639581527261E+03));
#4255 = CARTESIAN_POINT('',(1.455798381017,4.639810223581E+03));
#4256 = CARTESIAN_POINT('',(1.447274735254,4.640053404217E+03));
#4257 = CARTESIAN_POINT('',(1.439407479415,4.640308570744E+03));
#4258 = CARTESIAN_POINT('',(1.418997905974,4.641057345379E+03));
#4259 = CARTESIAN_POINT('',(1.407901050941,4.641576208333E+03));
#4260 = CARTESIAN_POINT('',(1.398807695945,4.642119578917E+03));
#4261 = CARTESIAN_POINT('',(1.391630485594,4.642680086076E+03));
#4262 = CARTESIAN_POINT('',(1.386296678718,4.643252254468E+03));
#4263 = CARTESIAN_POINT('',(1.382754665561,4.643831870093E+03));
#4264 = CARTESIAN_POINT('',(1.38097926545,4.644415523191E+03));
#4265 = CARTESIAN_POINT('',(1.38097926545,4.645E+03));
#4266 = ( GEOMETRIC_REPRESENTATION_CONTEXT(2) 
PARAMETRIC_REPRESENTATION_CONTEXT() REPRESENTATION_CONTEXT('2D SPACE',''
  ) );
#4267 = ORIENTED_EDGE('',*,*,#4268,.F.);
#4268 = EDGE_CURVE('',#1612,#4039,#4269,.T.);
#4269 = SEAM_CURVE('',#4270,(#4274,#4281),.PCURVE_S1.);
#4270 = LINE('',#4271,#4272);
#4271 = CARTESIAN_POINT('',(3.00065E+04,39.05,-206.));
#4272 = VECTOR('',#4273,1.);
#4273 = DIRECTION('',(0.,-1.,2.22044604925E-16));
#4274 = PCURVE('',#1745,#4275);
#4275 = DEFINITIONAL_REPRESENTATION('',(#4276),#4280);
#4276 = LINE('',#4277,#4278);
#4277 = CARTESIAN_POINT('',(6.28318530718,-0.));
#4278 = VECTOR('',#4279,1.);
#4279 = DIRECTION('',(0.,1.));
#4280 = ( GEOMETRIC_REPRESENTATION_CONTEXT(2) 
PARAMETRIC_REPRESENTATION_CONTEXT() REPRESENTATION_CONTEXT('2D SPACE',''
  ) );
#4281 = PCURVE('',#1745,#4282);
#4282 = DEFINITIONAL_REPRESENTATION('',(#4283),#4287);
#4283 = LINE('',#4284,#4285);
#4284 = CARTESIAN_POINT('',(0.,-0.));
#4285 = VECTOR('',#4286,1.);
#4286 = DIRECTION('',(0.,1.));
#4287 = ( GEOMETRIC_REPRESENTATION_CONTEXT(2) 
PARAMETRIC_REPRESENTATION_CONTEXT() REPRESENTATION_CONTEXT('2D SPACE',''
  ) );
#4288 = ORIENTED_EDGE('',*,*,#1611,.T.);
#4289 = ORIENTED_EDGE('',*,*,#4268,.T.);
#4290 = ADVANCED_FACE('',(#4291),#1952,.F.);
#4291 = FACE_BOUND('',#4292,.F.);
#4292 = EDGE_LOOP('',(#4293,#4294,#4317,#4545));
#4293 = ORIENTED_EDGE('',*,*,#1818,.F.);
#4294 = ORIENTED_EDGE('',*,*,#4295,.F.);
#4295 = EDGE_CURVE('',#4296,#1819,#4298,.T.);
#4296 = VERTEX_POINT('',#4297);
#4297 = CARTESIAN_POINT('',(3.00065E+04,-33.83123556715,-406.));
#4298 = SEAM_CURVE('',#4299,(#4303,#4310),.PCURVE_S1.);
#4299 = LINE('',#4300,#4301);
#4300 = CARTESIAN_POINT('',(3.00065E+04,39.05,-406.));
#4301 = VECTOR('',#4302,1.);
#4302 = DIRECTION('',(0.,-1.,2.22044604925E-16));
#4303 = PCURVE('',#1952,#4304);
#4304 = DEFINITIONAL_REPRESENTATION('',(#4305),#4309);
#4305 = LINE('',#4306,#4307);
#4306 = CARTESIAN_POINT('',(6.28318530718,-0.));
#4307 = VECTOR('',#4308,1.);
#4308 = DIRECTION('',(0.,1.));
#4309 = ( GEOMETRIC_REPRESENTATION_CONTEXT(2) 
PARAMETRIC_REPRESENTATION_CONTEXT() REPRESENTATION_CONTEXT('2D SPACE',''
  ) );
#4310 = PCURVE('',#1952,#4311);
#4311 = DEFINITIONAL_REPRESENTATION('',(#4312),#4316);
#4312 = LINE('',#4313,#4314);
#4313 = CARTESIAN_POINT('',(0.,-0.));
#4314 = VECTOR('',#4315,1.);
#4315 = DIRECTION('',(0.,1.));
#4316 = ( GEOMETRIC_REPRESENTATION_CONTEXT(2) 
PARAMETRIC_REPRESENTATION_CONTEXT() REPRESENTATION_CONTEXT('2D SPACE',''
  ) );
#4317 = ORIENTED_EDGE('',*,*,#4318,.T.);
#4318 = EDGE_CURVE('',#4296,#4296,#4319,.T.);
#4319 = SURFACE_CURVE('',#4320,(#4393,#4469),.PCURVE_S1.);
#4320 = B_SPLINE_CURVE_WITH_KNOTS('',8,(#4321,#4322,#4323,#4324,#4325,
    #4326,#4327,#4328,#4329,#4330,#4331,#4332,#4333,#4334,#4335,#4336,
    #4337,#4338,#4339,#4340,#4341,#4342,#4343,#4344,#4345,#4346,#4347,
    #4348,#4349,#4350,#4351,#4352,#4353,#4354,#4355,#4356,#4357,#4358,
    #4359,#4360,#4361,#4362,#4363,#4364,#4365,#4366,#4367,#4368,#4369,
    #4370,#4371,#4372,#4373,#4374,#4375,#4376,#4377,#4378,#4379,#4380,
    #4381,#4382,#4383,#4384,#4385,#4386,#4387,#4388,#4389,#4390,#4391,
    #4392),.UNSPECIFIED.,.T.,.F.,(9,7,7,7,7,7,7,7,7,7,9),(0.,
    0.13265825028,0.221474370134,0.294862133786,0.39983135069,
    0.500166341629,0.600501333137,0.705470551238,0.795210530559,
    0.867640350417,1.),.UNSPECIFIED.);
#4321 = CARTESIAN_POINT('',(3.00065E+04,-33.83123556715,-406.));
#4322 = CARTESIAN_POINT('',(3.00065E+04,-33.83123556715,-405.4155231907)
  );
#4323 = CARTESIAN_POINT('',(3.000643993593E+04,-33.84277552791,
    -404.8318700927));
#4324 = CARTESIAN_POINT('',(3.000632010564E+04,-33.86579912449,
    -404.2522544683));
#4325 = CARTESIAN_POINT('',(3.000613954091E+04,-33.89987108103,
    -403.6800860758));
#4326 = CARTESIAN_POINT('',(3.000589627161E+04,-33.94414868635,
    -403.1195789169));
#4327 = CARTESIAN_POINT('',(3.000558749602E+04,-33.99721307753,
    -402.5762083326));
#4328 = CARTESIAN_POINT('',(3.000520982237E+04,-34.05681666687,
    -402.0573453791));
#4329 = CARTESIAN_POINT('',(3.000445841561E+04,-34.16163926875,
    -401.2493882381));
#4330 = CARTESIAN_POINT('',(3.000412245004E+04,-34.2054068901,
    -400.9386844418));
#4331 = CARTESIAN_POINT('',(3.000375146974E+04,-34.24972503091,
    -400.6464152592));
#4332 = CARTESIAN_POINT('',(3.000334571429E+04,-34.29312165851,
    -400.3778701722));
#4333 = CARTESIAN_POINT('',(3.000290603868E+04,-34.33387436112,
    -400.1384977456));
#4334 = CARTESIAN_POINT('',(3.000243395963E+04,-34.37009718713,
    -399.9339356263));
#4335 = CARTESIAN_POINT('',(3.000193175227E+04,-34.39987359096,
    -399.7700712116));
#4336 = CARTESIAN_POINT('',(3.000096536244E+04,-34.43925183685,
    -399.5565082446));
#4337 = CARTESIAN_POINT('',(3.000051308548E+04,-34.45132304876,
    -399.4926642671));
#4338 = CARTESIAN_POINT('',(3.000005193621E+04,-34.45664646435,
    -399.4651150662));
#4339 = CARTESIAN_POINT('',(2.999958850587E+04,-34.45466067778,
    -399.4755463951));
#4340 = CARTESIAN_POINT('',(2.999912951899E+04,-34.44539187321,
    -399.5238576865));
#4341 = CARTESIAN_POINT('',(2.999868154845E+04,-34.4294636032,
    -399.6081788699));
#4342 = CARTESIAN_POINT('',(2.999825074578E+04,-34.40799106878,
    -399.7248651987));
#4343 = CARTESIAN_POINT('',(2.999725881154E+04,-34.34574988857,
    -400.0738810384));
#4344 = CARTESIAN_POINT('',(2.999672076799E+04,-34.30061599659,
    -400.3345800191));
#4345 = CARTESIAN_POINT('',(2.999623030968E+04,-34.25016661289,
    -400.6399181076));
#4346 = CARTESIAN_POINT('',(2.999578779899E+04,-34.19736089376,
    -400.98102797));
#4347 = CARTESIAN_POINT('',(2.999539265997E+04,-34.14467697433,
    -401.3504471933));
#4348 = CARTESIAN_POINT('',(2.999504374474E+04,-34.09407020166,
    -401.7418654073));
#4349 = CARTESIAN_POINT('',(2.999473956875E+04,-34.04703128483,
    -402.1499670384));
#4350 = CARTESIAN_POINT('',(2.99942288757E+04,-33.96410691054,
    -402.9721510525));
#4351 = CARTESIAN_POINT('',(2.999401773341E+04,-33.92767355393,
    -403.3866344867));
#4352 = CARTESIAN_POINT('',(2.999384370204E+04,-33.89626594112,
    -403.8106805372));
#4353 = CARTESIAN_POINT('',(2.99937056548E+04,-33.87054669168,
    -404.2418061975));
#4354 = CARTESIAN_POINT('',(2.999360270702E+04,-33.85096844477,
    -404.6779742032));
#4355 = CARTESIAN_POINT('',(2.999353425297E+04,-33.83781674084,
    -405.1174393968));
#4356 = CARTESIAN_POINT('',(2.99935E+04,-33.83123556715,-405.5586208865)
  );
#4357 = CARTESIAN_POINT('',(2.99935E+04,-33.83123556715,-406.4413791159)
  );
#4358 = CARTESIAN_POINT('',(2.999353425297E+04,-33.83781674069,
    -406.8825605988));
#4359 = CARTESIAN_POINT('',(2.999360270702E+04,-33.85096844487,
    -407.3220257966));
#4360 = CARTESIAN_POINT('',(2.999370565481E+04,-33.87054669187,
    -407.7581938064));
#4361 = CARTESIAN_POINT('',(2.999384370204E+04,-33.89626594102,
    -408.1893194628));
#4362 = CARTESIAN_POINT('',(2.99940177334E+04,-33.92767355367,
    -408.6133655091));
#4363 = CARTESIAN_POINT('',(2.99942288757E+04,-33.96410691077,
    -409.0278489497));
#4364 = CARTESIAN_POINT('',(2.999473956875E+04,-34.04703128483,
    -409.8500329615));
#4365 = CARTESIAN_POINT('',(2.999504374474E+04,-34.09407020166,
    -410.2581345926));
#4366 = CARTESIAN_POINT('',(2.999539265997E+04,-34.14467697433,
    -410.6495528066));
#4367 = CARTESIAN_POINT('',(2.999578779899E+04,-34.19736089376,
    -411.0189720299));
#4368 = CARTESIAN_POINT('',(2.999623030968E+04,-34.25016661289,
    -411.3600818923));
#4369 = CARTESIAN_POINT('',(2.999672076799E+04,-34.30061599659,
    -411.6654199808));
#4370 = CARTESIAN_POINT('',(2.999725881154E+04,-34.34574988857,
    -411.9261189615));
#4371 = CARTESIAN_POINT('',(2.99983416888E+04,-34.41369749605,
    -412.3071334474));
#4372 = CARTESIAN_POINT('',(2.999887455304E+04,-34.43882100838,
    -412.4424479137));
#4373 = CARTESIAN_POINT('',(2.999943114322E+04,-34.45518244159,
    -412.5275530131));
#4374 = CARTESIAN_POINT('',(3.E+04,-34.46088097419,-412.5565684331));
#4375 = CARTESIAN_POINT('',(3.000056885678E+04,-34.45518244159,
    -412.5275530131));
#4376 = CARTESIAN_POINT('',(3.000112544696E+04,-34.43882100838,
    -412.4424479137));
#4377 = CARTESIAN_POINT('',(3.00016583112E+04,-34.41369749605,
    -412.3071334474));
#4378 = CARTESIAN_POINT('',(3.000256022025E+04,-34.35710515215,
    -411.9897933142));
#4379 = CARTESIAN_POINT('',(3.00029419702E+04,-34.32773635465,
    -411.8214846557));
#4380 = CARTESIAN_POINT('',(3.000330172962E+04,-34.29530874214,
    -411.6300038205));
#4381 = CARTESIAN_POINT('',(3.000363892943E+04,-34.26083049811,
    -411.4184727413));
#4382 = CARTESIAN_POINT('',(3.000395328493E+04,-34.22523990665,
    -411.1897764183));
#4383 = CARTESIAN_POINT('',(3.000424474466E+04,-34.18937561345,
    -410.9465957797));
#4384 = CARTESIAN_POINT('',(3.000451345582E+04,-34.15396105946,
    -410.6914292582));
#4385 = CARTESIAN_POINT('',(3.000520982237E+04,-34.05681666687,
    -409.9426546208));
#4386 = CARTESIAN_POINT('',(3.000558749602E+04,-33.99721307753,
    -409.4237916673));
#4387 = CARTESIAN_POINT('',(3.000589627161E+04,-33.94414868635,
    -408.880421083));
#4388 = CARTESIAN_POINT('',(3.000613954091E+04,-33.89987108103,
    -408.3199139241));
#4389 = CARTESIAN_POINT('',(3.000632010564E+04,-33.86579912449,
    -407.7477455316));
#4390 = CARTESIAN_POINT('',(3.000643993593E+04,-33.84277552791,
    -407.1681299072));
#4391 = CARTESIAN_POINT('',(3.00065E+04,-33.83123556715,-406.5844768092)
  );
#4392 = CARTESIAN_POINT('',(3.00065E+04,-33.83123556715,-406.));
#4393 = PCURVE('',#1952,#4394);
#4394 = DEFINITIONAL_REPRESENTATION('',(#4395),#4468);
#4395 = B_SPLINE_CURVE_WITH_KNOTS('',8,(#4396,#4397,#4398,#4399,#4400,
    #4401,#4402,#4403,#4404,#4405,#4406,#4407,#4408,#4409,#4410,#4411,
    #4412,#4413,#4414,#4415,#4416,#4417,#4418,#4419,#4420,#4421,#4422,
    #4423,#4424,#4425,#4426,#4427,#4428,#4429,#4430,#4431,#4432,#4433,
    #4434,#4435,#4436,#4437,#4438,#4439,#4440,#4441,#4442,#4443,#4444,
    #4445,#4446,#4447,#4448,#4449,#4450,#4451,#4452,#4453,#4454,#4455,
    #4456,#4457,#4458,#4459,#4460,#4461,#4462,#4463,#4464,#4465,#4466,
    #4467),.UNSPECIFIED.,.F.,.F.,(9,7,7,7,7,7,7,7,7,7,9),(0.,
    0.13265825028,0.221474370134,0.294862133786,0.39983135069,
    0.500166341629,0.600501333137,0.705470551238,0.795210530559,
    0.867640350417,1.),.UNSPECIFIED.);
#4396 = CARTESIAN_POINT('',(0.,72.88123556715));
#4397 = CARTESIAN_POINT('',(8.99195091169E-02,72.88123556715));
#4398 = CARTESIAN_POINT('',(0.179712139846,72.892775527914));
#4399 = CARTESIAN_POINT('',(0.269992226452,72.915799124496));
#4400 = CARTESIAN_POINT('',(0.361327877949,72.949871081037));
#4401 = CARTESIAN_POINT('',(0.454284764797,72.994148686353));
#4402 = CARTESIAN_POINT('',(0.549450615243,73.047213077532));
#4403 = CARTESIAN_POINT('',(0.647473754182,73.106816666875));
#4404 = CARTESIAN_POINT('',(0.817221695457,73.21163926875));
#4405 = CARTESIAN_POINT('',(0.887424577449,73.255406890107));
#4406 = CARTESIAN_POINT('',(0.959698745791,73.299725030913));
#4407 = CARTESIAN_POINT('',(1.034032534656,73.343121658517));
#4408 = CARTESIAN_POINT('',(1.110456646132,73.383874361122));
#4409 = CARTESIAN_POINT('',(1.189046071944,73.420097187132));
#4410 = CARTESIAN_POINT('',(1.269928820715,73.449873590969));
#4411 = CARTESIAN_POINT('',(1.42219131987,73.489251836857));
#4412 = CARTESIAN_POINT('',(1.492252584025,73.501323048762));
#4413 = CARTESIAN_POINT('',(1.562940023039,73.506646464351));
#4414 = CARTESIAN_POINT('',(1.633776750181,73.504660677783));
#4415 = CARTESIAN_POINT('',(1.704311167194,73.495391873217));
#4416 = CARTESIAN_POINT('',(1.774077872989,73.479463603205));
#4417 = CARTESIAN_POINT('',(1.842556404663,73.45799106878));
#4418 = CARTESIAN_POINT('',(2.004332464058,73.39574988857));
#4419 = CARTESIAN_POINT('',(2.095728135968,73.350615996599));
#4420 = CARTESIAN_POINT('',(2.183811710182,73.300166612891));
#4421 = CARTESIAN_POINT('',(2.268953664869,73.247360893769));
#4422 = CARTESIAN_POINT('',(2.351464412785,73.194676974335));
#4423 = CARTESIAN_POINT('',(2.431614274387,73.144070201662));
#4424 = CARTESIAN_POINT('',(2.509639442066,73.097031284833));
#4425 = CARTESIAN_POINT('',(2.658544236585,73.014106910543));
#4426 = CARTESIAN_POINT('',(2.729851862517,72.977673553938));
#4427 = CARTESIAN_POINT('',(2.799982805119,72.946265941127));
#4428 = CARTESIAN_POINT('',(2.869194647796,72.920546691682));
#4429 = CARTESIAN_POINT('',(2.937727377657,72.900968444771));
#4430 = CARTESIAN_POINT('',(3.00581382001,72.88781674084));
#4431 = CARTESIAN_POINT('',(3.073688174602,72.88123556715));
#4432 = CARTESIAN_POINT('',(3.209497132963,72.88123556715));
#4433 = CARTESIAN_POINT('',(3.277371486484,72.88781674069));
#4434 = CARTESIAN_POINT('',(3.345457929539,72.900968444878));
#4435 = CARTESIAN_POINT('',(3.413990660031,72.920546691876));
#4436 = CARTESIAN_POINT('',(3.483202502046,72.946265941023));
#4437 = CARTESIAN_POINT('',(3.553333443962,72.977673553676));
#4438 = CARTESIAN_POINT('',(3.624641071012,73.014106910775));
#4439 = CARTESIAN_POINT('',(3.773545865114,73.097031284833));
#4440 = CARTESIAN_POINT('',(3.851571032792,73.144070201662));
#4441 = CARTESIAN_POINT('',(3.931720894394,73.194676974335));
#4442 = CARTESIAN_POINT('',(4.01423164231,73.247360893769));
#4443 = CARTESIAN_POINT('',(4.099373596997,73.300166612891));
#4444 = CARTESIAN_POINT('',(4.187457171212,73.350615996599));
#4445 = CARTESIAN_POINT('',(4.278852843122,73.39574988857));
#4446 = CARTESIAN_POINT('',(4.455460936785,73.463697496055));
#4447 = CARTESIAN_POINT('',(4.539702376006,73.488821008381));
#4448 = CARTESIAN_POINT('',(4.625644693576,73.505182441593));
#4449 = CARTESIAN_POINT('',(4.712388980384,73.510880974193));
#4450 = CARTESIAN_POINT('',(4.799133267194,73.505182441593));
#4451 = CARTESIAN_POINT('',(4.885075584763,73.488821008381));
#4452 = CARTESIAN_POINT('',(4.969317023984,73.463697496055));
#4453 = CARTESIAN_POINT('',(5.116410738416,73.407105152157));
#4454 = CARTESIAN_POINT('',(5.180406575384,73.377736354655));
#4455 = CARTESIAN_POINT('',(5.242825915837,73.345308742146));
#4456 = CARTESIAN_POINT('',(5.303765886826,73.310830498113));
#4457 = CARTESIAN_POINT('',(5.363303058352,73.275239906659));
#4458 = CARTESIAN_POINT('',(5.421497936716,73.239375613454));
#4459 = CARTESIAN_POINT('',(5.478397573441,73.203961059464));
#4460 = CARTESIAN_POINT('',(5.635711552998,73.106816666875));
#4461 = CARTESIAN_POINT('',(5.733734691936,73.047213077532));
#4462 = CARTESIAN_POINT('',(5.828900542383,72.994148686353));
#4463 = CARTESIAN_POINT('',(5.921857429231,72.949871081037));
#4464 = CARTESIAN_POINT('',(6.013193080728,72.915799124496));
#4465 = CARTESIAN_POINT('',(6.103473167334,72.892775527914));
#4466 = CARTESIAN_POINT('',(6.193265798063,72.88123556715));
#4467 = CARTESIAN_POINT('',(6.28318530718,72.88123556715));
#4468 = ( GEOMETRIC_REPRESENTATION_CONTEXT(2) 
PARAMETRIC_REPRESENTATION_CONTEXT() REPRESENTATION_CONTEXT('2D SPACE',''
  ) );
#4469 = PCURVE('',#2395,#4470);
#4470 = DEFINITIONAL_REPRESENTATION('',(#4471),#4544);
#4471 = B_SPLINE_CURVE_WITH_KNOTS('',8,(#4472,#4473,#4474,#4475,#4476,
    #4477,#4478,#4479,#4480,#4481,#4482,#4483,#4484,#4485,#4486,#4487,
    #4488,#4489,#4490,#4491,#4492,#4493,#4494,#4495,#4496,#4497,#4498,
    #4499,#4500,#4501,#4502,#4503,#4504,#4505,#4506,#4507,#4508,#4509,
    #4510,#4511,#4512,#4513,#4514,#4515,#4516,#4517,#4518,#4519,#4520,
    #4521,#4522,#4523,#4524,#4525,#4526,#4527,#4528,#4529,#4530,#4531,
    #4532,#4533,#4534,#4535,#4536,#4537,#4538,#4539,#4540,#4541,#4542,
    #4543),.UNSPECIFIED.,.T.,.F.,(9,7,7,7,7,7,7,7,7,7,9),(0.,
    0.13265825028,0.221474370134,0.294862133786,0.39983135069,
    0.500166341629,0.600501333137,0.705470551238,0.795210530559,
    0.867640350417,1.),.UNSPECIFIED.);
#4472 = CARTESIAN_POINT('',(4.902206041729,4.445E+03));
#4473 = CARTESIAN_POINT('',(4.902206041729,4.445584476809E+03));
#4474 = CARTESIAN_POINT('',(4.900430641619,4.446168129907E+03));
#4475 = CARTESIAN_POINT('',(4.896888628462,4.446747745532E+03));
#4476 = CARTESIAN_POINT('',(4.891554821586,4.447319913924E+03));
#4477 = CARTESIAN_POINT('',(4.884377611234,4.447880421083E+03));
#4478 = CARTESIAN_POINT('',(4.875284256238,4.448423791667E+03));
#4479 = CARTESIAN_POINT('',(4.864187401206,4.448942654621E+03));
#4480 = CARTESIAN_POINT('',(4.842164672568,4.449750611762E+03));
#4481 = CARTESIAN_POINT('',(4.832330419038,4.450061315558E+03));
#4482 = CARTESIAN_POINT('',(4.821486210714,4.450353584741E+03));
#4483 = CARTESIAN_POINT('',(4.809642896026,4.450622129828E+03));
#4484 = CARTESIAN_POINT('',(4.796828353594,4.450861502254E+03));
#4485 = CARTESIAN_POINT('',(4.783088020535,4.451066064374E+03));
#4486 = CARTESIAN_POINT('',(4.768487069765,4.451229928788E+03));
#4487 = CARTESIAN_POINT('',(4.740411836426,4.451443491755E+03));
#4488 = CARTESIAN_POINT('',(4.727279951013,4.451507335733E+03));
#4489 = CARTESIAN_POINT('',(4.713895593247,4.451534884934E+03));
#4490 = CARTESIAN_POINT('',(4.700446575281,4.451524453605E+03));
#4491 = CARTESIAN_POINT('',(4.687123793182,4.451476142313E+03));
#4492 = CARTESIAN_POINT('',(4.674114309502,4.45139182113E+03));
#4493 = CARTESIAN_POINT('',(4.661594665081,4.451275134801E+03));
#4494 = CARTESIAN_POINT('',(4.632744590893,4.450926118962E+03));
#4495 = CARTESIAN_POINT('',(4.617075104686,4.450665419981E+03));
#4496 = CARTESIAN_POINT('',(4.602767047574,4.450360081892E+03));
#4497 = CARTESIAN_POINT('',(4.589833748045,4.45001897203E+03));
#4498 = CARTESIAN_POINT('',(4.578263948005,4.449649552807E+03));
#4499 = CARTESIAN_POINT('',(4.56803060177,4.449258134593E+03));
#4500 = CARTESIAN_POINT('',(4.559096406684,4.448850032962E+03));
#4501 = CARTESIAN_POINT('',(4.544078069302,4.448027848947E+03));
#4502 = CARTESIAN_POINT('',(4.537858847135,4.447613365513E+03));
#4503 = CARTESIAN_POINT('',(4.532725730609,4.447189319463E+03));
#4504 = CARTESIAN_POINT('',(4.528649658946,4.446758193802E+03));
#4505 = CARTESIAN_POINT('',(4.525607777782,4.446322025797E+03));
#4506 = CARTESIAN_POINT('',(4.523584388364,4.445882560603E+03));
#4507 = CARTESIAN_POINT('',(4.52257191904,4.445441379113E+03));
#4508 = CARTESIAN_POINT('',(4.52257191904,4.444558620884E+03));
#4509 = CARTESIAN_POINT('',(4.523584388338,4.444117439401E+03));
#4510 = CARTESIAN_POINT('',(4.525607777801,4.443677974203E+03));
#4511 = CARTESIAN_POINT('',(4.52864965898,4.443241806194E+03));
#4512 = CARTESIAN_POINT('',(4.53272573059,4.442810680537E+03));
#4513 = CARTESIAN_POINT('',(4.537858847089,4.442386634491E+03));
#4514 = CARTESIAN_POINT('',(4.544078069345,4.44197215105E+03));
#4515 = CARTESIAN_POINT('',(4.559096406684,4.441149967038E+03));
#4516 = CARTESIAN_POINT('',(4.56803060177,4.440741865407E+03));
#4517 = CARTESIAN_POINT('',(4.578263948005,4.440350447193E+03));
#4518 = CARTESIAN_POINT('',(4.589833748045,4.43998102797E+03));
#4519 = CARTESIAN_POINT('',(4.602767047574,4.439639918108E+03));
#4520 = CARTESIAN_POINT('',(4.617075104686,4.439334580019E+03));
#4521 = CARTESIAN_POINT('',(4.632744590893,4.439073881038E+03));
#4522 = CARTESIAN_POINT('',(4.664239712133,4.438692866553E+03));
#4523 = CARTESIAN_POINT('',(4.679722777419,4.438557552086E+03));
#4524 = CARTESIAN_POINT('',(4.695881943725,4.438472446987E+03));
#4525 = CARTESIAN_POINT('',(4.712388980385,4.438443431567E+03));
#4526 = CARTESIAN_POINT('',(4.728896017044,4.438472446987E+03));
#4527 = CARTESIAN_POINT('',(4.745055183351,4.438557552086E+03));
#4528 = CARTESIAN_POINT('',(4.760538248636,4.438692866553E+03));
#4529 = CARTESIAN_POINT('',(4.786769970374,4.439010206686E+03));
#4530 = CARTESIAN_POINT('',(4.797882880121,4.439178515344E+03));
#4531 = CARTESIAN_POINT('',(4.808366732733,4.439369996179E+03));
#4532 = CARTESIAN_POINT('',(4.818204574829,4.439581527259E+03));
#4533 = CARTESIAN_POINT('',(4.827386926142,4.439810223582E+03));
#4534 = CARTESIAN_POINT('',(4.835910572053,4.44005340422E+03));
#4535 = CARTESIAN_POINT('',(4.843777827712,4.440308570742E+03));
#4536 = CARTESIAN_POINT('',(4.864187401206,4.441057345379E+03));
#4537 = CARTESIAN_POINT('',(4.875284256238,4.441576208333E+03));
#4538 = CARTESIAN_POINT('',(4.884377611234,4.442119578917E+03));
#4539 = CARTESIAN_POINT('',(4.891554821586,4.442680086076E+03));
#4540 = CARTESIAN_POINT('',(4.896888628462,4.443252254468E+03));
#4541 = CARTESIAN_POINT('',(4.900430641619,4.443831870093E+03));
#4542 = CARTESIAN_POINT('',(4.902206041729,4.444415523191E+03));
#4543 = CARTESIAN_POINT('',(4.902206041729,4.445E+03));
#4544 = ( GEOMETRIC_REPRESENTATION_CONTEXT(2) 
PARAMETRIC_REPRESENTATION_CONTEXT() REPRESENTATION_CONTEXT('2D SPACE',''
  ) );
#4545 = ORIENTED_EDGE('',*,*,#4295,.T.);
#4546 = ADVANCED_FACE('',(#4547),#2159,.F.);
#4547 = FACE_BOUND('',#4548,.F.);
#4548 = EDGE_LOOP('',(#4549,#4550,#4573,#4801));
#4549 = ORIENTED_EDGE('',*,*,#2025,.F.);
#4550 = ORIENTED_EDGE('',*,*,#4551,.F.);
#4551 = EDGE_CURVE('',#4552,#2026,#4554,.T.);
#4552 = VERTEX_POINT('',#4553);
#4553 = CARTESIAN_POINT('',(3.00065E+04,-33.83123556715,-206.));
#4554 = SEAM_CURVE('',#4555,(#4559,#4566),.PCURVE_S1.);
#4555 = LINE('',#4556,#4557);
#4556 = CARTESIAN_POINT('',(3.00065E+04,39.05,-206.));
#4557 = VECTOR('',#4558,1.);
#4558 = DIRECTION('',(0.,-1.,2.22044604925E-16));
#4559 = PCURVE('',#2159,#4560);
#4560 = DEFINITIONAL_REPRESENTATION('',(#4561),#4565);
#4561 = LINE('',#4562,#4563);
#4562 = CARTESIAN_POINT('',(6.28318530718,-0.));
#4563 = VECTOR('',#4564,1.);
#4564 = DIRECTION('',(0.,1.));
#4565 = ( GEOMETRIC_REPRESENTATION_CONTEXT(2) 
PARAMETRIC_REPRESENTATION_CONTEXT() REPRESENTATION_CONTEXT('2D SPACE',''
  ) );
#4566 = PCURVE('',#2159,#4567);
#4567 = DEFINITIONAL_REPRESENTATION('',(#4568),#4572);
#4568 = LINE('',#4569,#4570);
#4569 = CARTESIAN_POINT('',(0.,-0.));
#4570 = VECTOR('',#4571,1.);
#4571 = DIRECTION('',(0.,1.));
#4572 = ( GEOMETRIC_REPRESENTATION_CONTEXT(2) 
PARAMETRIC_REPRESENTATION_CONTEXT() REPRESENTATION_CONTEXT('2D SPACE',''
  ) );
#4573 = ORIENTED_EDGE('',*,*,#4574,.T.);
#4574 = EDGE_CURVE('',#4552,#4552,#4575,.T.);
#4575 = SURFACE_CURVE('',#4576,(#4649,#4725),.PCURVE_S1.);
#4576 = B_SPLINE_CURVE_WITH_KNOTS('',8,(#4577,#4578,#4579,#4580,#4581,
    #4582,#4583,#4584,#4585,#4586,#4587,#4588,#4589,#4590,#4591,#4592,
    #4593,#4594,#4595,#4596,#4597,#4598,#4599,#4600,#4601,#4602,#4603,
    #4604,#4605,#4606,#4607,#4608,#4609,#4610,#4611,#4612,#4613,#4614,
    #4615,#4616,#4617,#4618,#4619,#4620,#4621,#4622,#4623,#4624,#4625,
    #4626,#4627,#4628,#4629,#4630,#4631,#4632,#4633,#4634,#4635,#4636,
    #4637,#4638,#4639,#4640,#4641,#4642,#4643,#4644,#4645,#4646,#4647,
    #4648),.UNSPECIFIED.,.T.,.F.,(9,7,7,7,7,7,7,7,7,7,9),(0.,
    0.132658247113,0.221474366964,0.294862131966,0.399831350134,
    0.500166342282,0.600501334429,0.705470552598,0.795210531976,
    0.867640351851,1.),.UNSPECIFIED.);
#4577 = CARTESIAN_POINT('',(3.00065E+04,-33.83123556715,-206.));
#4578 = CARTESIAN_POINT('',(3.00065E+04,-33.83123556715,-205.4155231907)
  );
#4579 = CARTESIAN_POINT('',(3.000643993593E+04,-33.84277552791,
    -204.8318700927));
#4580 = CARTESIAN_POINT('',(3.000632010564E+04,-33.86579912449,
    -204.2522544683));
#4581 = CARTESIAN_POINT('',(3.000613954091E+04,-33.89987108103,
    -203.6800860758));
#4582 = CARTESIAN_POINT('',(3.000589627161E+04,-33.94414868635,
    -203.1195789169));
#4583 = CARTESIAN_POINT('',(3.000558749602E+04,-33.99721307753,
    -202.5762083326));
#4584 = CARTESIAN_POINT('',(3.000520982237E+04,-34.05681666687,
    -202.0573453791));
#4585 = CARTESIAN_POINT('',(3.00044584156E+04,-34.16163926975,
    -201.2493882303));
#4586 = CARTESIAN_POINT('',(3.000412245006E+04,-34.20540688857,
    -200.9386844525));
#4587 = CARTESIAN_POINT('',(3.000375146974E+04,-34.24972503072,
    -200.6464152613));
#4588 = CARTESIAN_POINT('',(3.000334571427E+04,-34.29312165987,
    -200.3778701632));
#4589 = CARTESIAN_POINT('',(3.000290603868E+04,-34.33387436135,
    -200.1384977433));
#4590 = CARTESIAN_POINT('',(3.000243395964E+04,-34.37009718581,
    -199.9339356347));
#4591 = CARTESIAN_POINT('',(3.000193175226E+04,-34.3998735915,
    -199.7700712087));
#4592 = CARTESIAN_POINT('',(3.000096536244E+04,-34.43925183674,
    -199.5565082452));
#4593 = CARTESIAN_POINT('',(3.000051308547E+04,-34.45132304903,
    -199.4926642656));
#4594 = CARTESIAN_POINT('',(3.000005193621E+04,-34.45664646407,
    -199.4651150677));
#4595 = CARTESIAN_POINT('',(2.999958850588E+04,-34.45466067782,
    -199.4755463949));
#4596 = CARTESIAN_POINT('',(2.999912951899E+04,-34.44539187349,
    -199.5238576849));
#4597 = CARTESIAN_POINT('',(2.999868154845E+04,-34.42946360284,
    -199.6081788719));
#4598 = CARTESIAN_POINT('',(2.999825074578E+04,-34.40799106894,
    -199.7248651978));
#4599 = CARTESIAN_POINT('',(2.999725881154E+04,-34.34574988857,
    -200.0738810384));
#4600 = CARTESIAN_POINT('',(2.999672076799E+04,-34.30061599659,
    -200.3345800191));
#4601 = CARTESIAN_POINT('',(2.999623030968E+04,-34.25016661289,
    -200.6399181076));
#4602 = CARTESIAN_POINT('',(2.999578779899E+04,-34.19736089376,
    -200.98102797));
#4603 = CARTESIAN_POINT('',(2.999539265997E+04,-34.14467697433,
    -201.3504471933));
#4604 = CARTESIAN_POINT('',(2.999504374474E+04,-34.09407020166,
    -201.7418654073));
#4605 = CARTESIAN_POINT('',(2.999473956875E+04,-34.04703128483,
    -202.1499670384));
#4606 = CARTESIAN_POINT('',(2.99942288757E+04,-33.96410691054,
    -202.9721510525));
#4607 = CARTESIAN_POINT('',(2.999401773341E+04,-33.92767355393,
    -203.3866344867));
#4608 = CARTESIAN_POINT('',(2.999384370204E+04,-33.89626594112,
    -203.8106805372));
#4609 = CARTESIAN_POINT('',(2.99937056548E+04,-33.87054669168,
    -204.2418061975));
#4610 = CARTESIAN_POINT('',(2.999360270702E+04,-33.85096844477,
    -204.6779742032));
#4611 = CARTESIAN_POINT('',(2.999353425297E+04,-33.83781674084,
    -205.1174393968));
#4612 = CARTESIAN_POINT('',(2.99935E+04,-33.83123556715,-205.5586208865)
  );
#4613 = CARTESIAN_POINT('',(2.99935E+04,-33.83123556715,-206.4413791134)
  );
#4614 = CARTESIAN_POINT('',(2.999353425297E+04,-33.83781674084,
    -206.8825606031));
#4615 = CARTESIAN_POINT('',(2.999360270702E+04,-33.85096844477,
    -207.3220257967));
#4616 = CARTESIAN_POINT('',(2.99937056548E+04,-33.87054669168,
    -207.7581938024));
#4617 = CARTESIAN_POINT('',(2.999384370204E+04,-33.89626594112,
    -208.1893194627));
#4618 = CARTESIAN_POINT('',(2.999401773341E+04,-33.92767355393,
    -208.6133655132));
#4619 = CARTESIAN_POINT('',(2.99942288757E+04,-33.96410691054,
    -209.0278489474));
#4620 = CARTESIAN_POINT('',(2.999473956875E+04,-34.04703128483,
    -209.8500329615));
#4621 = CARTESIAN_POINT('',(2.999504374474E+04,-34.09407020166,
    -210.2581345926));
#4622 = CARTESIAN_POINT('',(2.999539265997E+04,-34.14467697433,
    -210.6495528066));
#4623 = CARTESIAN_POINT('',(2.999578779899E+04,-34.19736089376,
    -211.0189720299));
#4624 = CARTESIAN_POINT('',(2.999623030968E+04,-34.25016661289,
    -211.3600818923));
#4625 = CARTESIAN_POINT('',(2.999672076799E+04,-34.30061599659,
    -211.6654199808));
#4626 = CARTESIAN_POINT('',(2.999725881154E+04,-34.34574988857,
    -211.9261189615));
#4627 = CARTESIAN_POINT('',(2.99983416888E+04,-34.41369749605,
    -212.3071334474));
#4628 = CARTESIAN_POINT('',(2.999887455304E+04,-34.43882100838,
    -212.4424479137));
#4629 = CARTESIAN_POINT('',(2.999943114322E+04,-34.45518244159,
    -212.5275530131));
#4630 = CARTESIAN_POINT('',(3.E+04,-34.46088097419,-212.5565684331));
#4631 = CARTESIAN_POINT('',(3.000056885678E+04,-34.45518244159,
    -212.5275530131));
#4632 = CARTESIAN_POINT('',(3.000112544696E+04,-34.43882100838,
    -212.4424479137));
#4633 = CARTESIAN_POINT('',(3.00016583112E+04,-34.41369749605,
    -212.3071334474));
#4634 = CARTESIAN_POINT('',(3.000256022025E+04,-34.35710515216,
    -211.9897933142));
#4635 = CARTESIAN_POINT('',(3.00029419702E+04,-34.32773635466,
    -211.8214846557));
#4636 = CARTESIAN_POINT('',(3.000330172962E+04,-34.29530874214,
    -211.6300038205));
#4637 = CARTESIAN_POINT('',(3.000363892943E+04,-34.26083049809,
    -211.4184727412));
#4638 = CARTESIAN_POINT('',(3.000395328493E+04,-34.22523990664,
    -211.1897764182));
#4639 = CARTESIAN_POINT('',(3.000424474466E+04,-34.18937561346,
    -210.9465957798));
#4640 = CARTESIAN_POINT('',(3.000451345582E+04,-34.15396105948,
    -210.6914292583));
#4641 = CARTESIAN_POINT('',(3.000520982236E+04,-34.05681666753,
    -209.9426546259));
#4642 = CARTESIAN_POINT('',(3.000558749604E+04,-33.99721307595,
    -209.4237916507));
#4643 = CARTESIAN_POINT('',(3.00058962716E+04,-33.94414868754,
    -208.8804211023));
#4644 = CARTESIAN_POINT('',(3.000613954091E+04,-33.8998710815,
    -208.3199139235));
#4645 = CARTESIAN_POINT('',(3.000632010565E+04,-33.86579912328,
    -207.7477455123));
#4646 = CARTESIAN_POINT('',(3.000643993592E+04,-33.84277552847,
    -207.1681299253));
#4647 = CARTESIAN_POINT('',(3.00065E+04,-33.83123556715,-206.5844768032)
  );
#4648 = CARTESIAN_POINT('',(3.00065E+04,-33.83123556715,-206.));
#4649 = PCURVE('',#2159,#4650);
#4650 = DEFINITIONAL_REPRESENTATION('',(#4651),#4724);
#4651 = B_SPLINE_CURVE_WITH_KNOTS('',8,(#4652,#4653,#4654,#4655,#4656,
    #4657,#4658,#4659,#4660,#4661,#4662,#4663,#4664,#4665,#4666,#4667,
    #4668,#4669,#4670,#4671,#4672,#4673,#4674,#4675,#4676,#4677,#4678,
    #4679,#4680,#4681,#4682,#4683,#4684,#4685,#4686,#4687,#4688,#4689,
    #4690,#4691,#4692,#4693,#4694,#4695,#4696,#4697,#4698,#4699,#4700,
    #4701,#4702,#4703,#4704,#4705,#4706,#4707,#4708,#4709,#4710,#4711,
    #4712,#4713,#4714,#4715,#4716,#4717,#4718,#4719,#4720,#4721,#4722,
    #4723),.UNSPECIFIED.,.F.,.F.,(9,7,7,7,7,7,7,7,7,7,9),(0.,
    0.132658247113,0.221474366964,0.294862131966,0.399831350134,
    0.500166342282,0.600501334429,0.705470552598,0.795210531976,
    0.867640351851,1.),.UNSPECIFIED.);
#4652 = CARTESIAN_POINT('',(0.,72.88123556715));
#4653 = CARTESIAN_POINT('',(8.991950911683E-02,72.88123556715));
#4654 = CARTESIAN_POINT('',(0.179712139846,72.892775527914));
#4655 = CARTESIAN_POINT('',(0.269992226452,72.915799124496));
#4656 = CARTESIAN_POINT('',(0.361327877949,72.949871081037));
#4657 = CARTESIAN_POINT('',(0.454284764797,72.994148686353));
#4658 = CARTESIAN_POINT('',(0.549450615243,73.047213077532));
#4659 = CARTESIAN_POINT('',(0.647473754181,73.106816666875));
#4660 = CARTESIAN_POINT('',(0.817221697081,73.211639269753));
#4661 = CARTESIAN_POINT('',(0.887424574304,73.25540688857));
#4662 = CARTESIAN_POINT('',(0.959698746012,73.299725030727));
#4663 = CARTESIAN_POINT('',(1.03403253771,73.343121659874));
#4664 = CARTESIAN_POINT('',(1.110456645949,73.383874361357));
#4665 = CARTESIAN_POINT('',(1.189046068583,73.420097185815));
#4666 = CARTESIAN_POINT('',(1.269928822777,73.449873591502));
#4667 = CARTESIAN_POINT('',(1.422191319434,73.489251836744));
#4668 = CARTESIAN_POINT('',(1.492252584777,73.501323049033));
#4669 = CARTESIAN_POINT('',(1.562940023026,73.506646464074));
#4670 = CARTESIAN_POINT('',(1.633776749493,73.504660677826));
#4671 = CARTESIAN_POINT('',(1.704311167206,73.495391873495));
#4672 = CARTESIAN_POINT('',(1.774077873711,73.479463602843));
#4673 = CARTESIAN_POINT('',(1.842556404241,73.457991068943));
#4674 = CARTESIAN_POINT('',(2.004332464058,73.39574988857));
#4675 = CARTESIAN_POINT('',(2.095728135968,73.350615996599));
#4676 = CARTESIAN_POINT('',(2.183811710182,73.300166612891));
#4677 = CARTESIAN_POINT('',(2.268953664869,73.247360893769));
#4678 = CARTESIAN_POINT('',(2.351464412785,73.194676974335));
#4679 = CARTESIAN_POINT('',(2.431614274387,73.144070201662));
#4680 = CARTESIAN_POINT('',(2.509639442066,73.097031284833));
#4681 = CARTESIAN_POINT('',(2.658544236585,73.014106910543));
#4682 = CARTESIAN_POINT('',(2.729851862517,72.977673553938));
#4683 = CARTESIAN_POINT('',(2.799982805119,72.946265941127));
#4684 = CARTESIAN_POINT('',(2.869194647796,72.920546691682));
#4685 = CARTESIAN_POINT('',(2.937727377657,72.900968444771));
#4686 = CARTESIAN_POINT('',(3.00581382001,72.88781674084));
#4687 = CARTESIAN_POINT('',(3.073688174602,72.88123556715));
#4688 = CARTESIAN_POINT('',(3.209497132578,72.88123556715));
#4689 = CARTESIAN_POINT('',(3.277371487169,72.88781674084));
#4690 = CARTESIAN_POINT('',(3.345457929523,72.900968444771));
#4691 = CARTESIAN_POINT('',(3.413990659384,72.920546691682));
#4692 = CARTESIAN_POINT('',(3.48320250206,72.946265941127));
#4693 = CARTESIAN_POINT('',(3.553333444663,72.977673553938));
#4694 = CARTESIAN_POINT('',(3.624641070595,73.014106910543));
#4695 = CARTESIAN_POINT('',(3.773545865114,73.097031284833));
#4696 = CARTESIAN_POINT('',(3.851571032792,73.144070201662));
#4697 = CARTESIAN_POINT('',(3.931720894395,73.194676974335));
#4698 = CARTESIAN_POINT('',(4.01423164231,73.247360893769));
#4699 = CARTESIAN_POINT('',(4.099373596997,73.300166612891));
#4700 = CARTESIAN_POINT('',(4.187457171212,73.350615996599));
#4701 = CARTESIAN_POINT('',(4.278852843122,73.39574988857));
#4702 = CARTESIAN_POINT('',(4.455460936785,73.463697496055));
#4703 = CARTESIAN_POINT('',(4.539702376007,73.488821008381));
#4704 = CARTESIAN_POINT('',(4.625644693573,73.505182441593));
#4705 = CARTESIAN_POINT('',(4.712388980388,73.510880974194));
#4706 = CARTESIAN_POINT('',(4.799133267192,73.505182441593));
#4707 = CARTESIAN_POINT('',(4.885075584764,73.48882100838));
#4708 = CARTESIAN_POINT('',(4.969317023984,73.463697496055));
#4709 = CARTESIAN_POINT('',(5.116410738388,73.407105152168));
#4710 = CARTESIAN_POINT('',(5.180406575372,73.377736354664));
#4711 = CARTESIAN_POINT('',(5.24282591585,73.345308742141));
#4712 = CARTESIAN_POINT('',(5.303765886851,73.310830498097));
#4713 = CARTESIAN_POINT('',(5.363303058368,73.275239906648));
#4714 = CARTESIAN_POINT('',(5.421497936707,73.23937561346));
#4715 = CARTESIAN_POINT('',(5.478397573413,73.203961059482));
#4716 = CARTESIAN_POINT('',(5.635711551926,73.106816667537));
#4717 = CARTESIAN_POINT('',(5.73373469513,73.047213075951));
#4718 = CARTESIAN_POINT('',(5.828900538998,72.994148687546));
#4719 = CARTESIAN_POINT('',(5.921857429128,72.949871081505));
#4720 = CARTESIAN_POINT('',(6.013193084117,72.915799123281));
#4721 = CARTESIAN_POINT('',(6.103473164365,72.892775528472));
#4722 = CARTESIAN_POINT('',(6.19326579899,72.88123556715));
#4723 = CARTESIAN_POINT('',(6.28318530718,72.88123556715));
#4724 = ( GEOMETRIC_REPRESENTATION_CONTEXT(2) 
PARAMETRIC_REPRESENTATION_CONTEXT() REPRESENTATION_CONTEXT('2D SPACE',''
  ) );
#4725 = PCURVE('',#2395,#4726);
#4726 = DEFINITIONAL_REPRESENTATION('',(#4727),#4800);
#4727 = B_SPLINE_CURVE_WITH_KNOTS('',8,(#4728,#4729,#4730,#4731,#4732,
    #4733,#4734,#4735,#4736,#4737,#4738,#4739,#4740,#4741,#4742,#4743,
    #4744,#4745,#4746,#4747,#4748,#4749,#4750,#4751,#4752,#4753,#4754,
    #4755,#4756,#4757,#4758,#4759,#4760,#4761,#4762,#4763,#4764,#4765,
    #4766,#4767,#4768,#4769,#4770,#4771,#4772,#4773,#4774,#4775,#4776,
    #4777,#4778,#4779,#4780,#4781,#4782,#4783,#4784,#4785,#4786,#4787,
    #4788,#4789,#4790,#4791,#4792,#4793,#4794,#4795,#4796,#4797,#4798,
    #4799),.UNSPECIFIED.,.T.,.F.,(9,7,7,7,7,7,7,7,7,7,9),(0.,
    0.132658247113,0.221474366964,0.294862131966,0.399831350134,
    0.500166342282,0.600501334429,0.705470552598,0.795210531976,
    0.867640351851,1.),.UNSPECIFIED.);
#4728 = CARTESIAN_POINT('',(4.902206041729,4.645E+03));
#4729 = CARTESIAN_POINT('',(4.902206041729,4.645584476809E+03));
#4730 = CARTESIAN_POINT('',(4.900430641619,4.646168129907E+03));
#4731 = CARTESIAN_POINT('',(4.896888628462,4.646747745532E+03));
#4732 = CARTESIAN_POINT('',(4.891554821586,4.647319913924E+03));
#4733 = CARTESIAN_POINT('',(4.884377611234,4.647880421083E+03));
#4734 = CARTESIAN_POINT('',(4.875284256238,4.648423791667E+03));
#4735 = CARTESIAN_POINT('',(4.864187401206,4.648942654621E+03));
#4736 = CARTESIAN_POINT('',(4.842164672357,4.64975061177E+03));
#4737 = CARTESIAN_POINT('',(4.832330419522,4.650061315547E+03));
#4738 = CARTESIAN_POINT('',(4.821486210633,4.650353584739E+03));
#4739 = CARTESIAN_POINT('',(4.809642895533,4.650622129837E+03));
#4740 = CARTESIAN_POINT('',(4.796828353668,4.650861502257E+03));
#4741 = CARTESIAN_POINT('',(4.783088021101,4.651066064365E+03));
#4742 = CARTESIAN_POINT('',(4.768487069385,4.651229928791E+03));
#4743 = CARTESIAN_POINT('',(4.740411836507,4.651443491755E+03));
#4744 = CARTESIAN_POINT('',(4.727279950872,4.651507335734E+03));
#4745 = CARTESIAN_POINT('',(4.713895593253,4.651534884932E+03));
#4746 = CARTESIAN_POINT('',(4.700446575407,4.651524453605E+03));
#4747 = CARTESIAN_POINT('',(4.687123793178,4.651476142315E+03));
#4748 = CARTESIAN_POINT('',(4.674114309373,4.651391821128E+03));
#4749 = CARTESIAN_POINT('',(4.661594665156,4.651275134802E+03));
#4750 = CARTESIAN_POINT('',(4.632744590893,4.650926118962E+03));
#4751 = CARTESIAN_POINT('',(4.617075104686,4.650665419981E+03));
#4752 = CARTESIAN_POINT('',(4.602767047574,4.650360081892E+03));
#4753 = CARTESIAN_POINT('',(4.589833748045,4.65001897203E+03));
#4754 = CARTESIAN_POINT('',(4.578263948005,4.649649552807E+03));
#4755 = CARTESIAN_POINT('',(4.56803060177,4.649258134593E+03));
#4756 = CARTESIAN_POINT('',(4.559096406684,4.648850032962E+03));
#4757 = CARTESIAN_POINT('',(4.544078069302,4.648027848947E+03));
#4758 = CARTESIAN_POINT('',(4.537858847135,4.647613365513E+03));
#4759 = CARTESIAN_POINT('',(4.532725730609,4.647189319463E+03));
#4760 = CARTESIAN_POINT('',(4.528649658946,4.646758193802E+03));
#4761 = CARTESIAN_POINT('',(4.525607777782,4.646322025797E+03));
#4762 = CARTESIAN_POINT('',(4.523584388364,4.645882560603E+03));
#4763 = CARTESIAN_POINT('',(4.52257191904,4.645441379113E+03));
#4764 = CARTESIAN_POINT('',(4.52257191904,4.644558620887E+03));
#4765 = CARTESIAN_POINT('',(4.523584388364,4.644117439397E+03));
#4766 = CARTESIAN_POINT('',(4.525607777782,4.643677974203E+03));
#4767 = CARTESIAN_POINT('',(4.528649658946,4.643241806198E+03));
#4768 = CARTESIAN_POINT('',(4.532725730609,4.642810680537E+03));
#4769 = CARTESIAN_POINT('',(4.537858847135,4.642386634487E+03));
#4770 = CARTESIAN_POINT('',(4.544078069302,4.641972151053E+03));
#4771 = CARTESIAN_POINT('',(4.559096406684,4.641149967038E+03));
#4772 = CARTESIAN_POINT('',(4.56803060177,4.640741865407E+03));
#4773 = CARTESIAN_POINT('',(4.578263948005,4.640350447193E+03));
#4774 = CARTESIAN_POINT('',(4.589833748045,4.63998102797E+03));
#4775 = CARTESIAN_POINT('',(4.602767047574,4.639639918108E+03));
#4776 = CARTESIAN_POINT('',(4.617075104686,4.639334580019E+03));
#4777 = CARTESIAN_POINT('',(4.632744590893,4.639073881038E+03));
#4778 = CARTESIAN_POINT('',(4.664239712133,4.638692866553E+03));
#4779 = CARTESIAN_POINT('',(4.679722777419,4.638557552086E+03));
#4780 = CARTESIAN_POINT('',(4.695881943725,4.638472446987E+03));
#4781 = CARTESIAN_POINT('',(4.712388980385,4.638443431567E+03));
#4782 = CARTESIAN_POINT('',(4.728896017044,4.638472446987E+03));
#4783 = CARTESIAN_POINT('',(4.745055183351,4.638557552086E+03));
#4784 = CARTESIAN_POINT('',(4.760538248636,4.638692866553E+03));
#4785 = CARTESIAN_POINT('',(4.786769970369,4.639010206686E+03));
#4786 = CARTESIAN_POINT('',(4.797882880119,4.639178515344E+03));
#4787 = CARTESIAN_POINT('',(4.808366732736,4.639369996179E+03));
#4788 = CARTESIAN_POINT('',(4.818204574833,4.639581527259E+03));
#4789 = CARTESIAN_POINT('',(4.827386926144,4.639810223582E+03));
#4790 = CARTESIAN_POINT('',(4.835910572052,4.64005340422E+03));
#4791 = CARTESIAN_POINT('',(4.843777827709,4.640308570742E+03));
#4792 = CARTESIAN_POINT('',(4.864187401067,4.641057345374E+03));
#4793 = CARTESIAN_POINT('',(4.87528425656,4.641576208349E+03));
#4794 = CARTESIAN_POINT('',(4.884377610999,4.642119578898E+03));
#4795 = CARTESIAN_POINT('',(4.891554821488,4.642680086076E+03));
#4796 = CARTESIAN_POINT('',(4.896888628702,4.643252254488E+03));
#4797 = CARTESIAN_POINT('',(4.90043064151,4.643831870075E+03));
#4798 = CARTESIAN_POINT('',(4.902206041729,4.644415523197E+03));
#4799 = CARTESIAN_POINT('',(4.902206041729,4.645E+03));
#4800 = ( GEOMETRIC_REPRESENTATION_CONTEXT(2) 
PARAMETRIC_REPRESENTATION_CONTEXT() REPRESENTATION_CONTEXT('2D SPACE',''
  ) );
#4801 = ORIENTED_EDGE('',*,*,#4551,.T.);
#4802 = ADVANCED_FACE('',(#4803,#4885,#4888,#4891,#4894,#4897,#4900,
    #4903,#4906,#4909,#4912),#2395,.F.);
#4803 = FACE_BOUND('',#4804,.F.);
#4804 = EDGE_LOOP('',(#4805,#4830,#4857,#4858));
#4805 = ORIENTED_EDGE('',*,*,#4806,.F.);
#4806 = EDGE_CURVE('',#4807,#4809,#4811,.T.);
#4807 = VERTEX_POINT('',#4808);
#4808 = CARTESIAN_POINT('',(3.003445E+04,-8.437816446125E-15,-4.85E+03)
  );
#4809 = VERTEX_POINT('',#4810);
#4810 = CARTESIAN_POINT('',(3.003445E+04,-8.437816446125E-15,0.));
#4811 = SEAM_CURVE('',#4812,(#4816,#4823),.PCURVE_S1.);
#4812 = LINE('',#4813,#4814);
#4813 = CARTESIAN_POINT('',(3.003445E+04,-8.437816446125E-15,-4.851E+03)
  );
#4814 = VECTOR('',#4815,1.);
#4815 = DIRECTION('',(0.,0.,1.));
#4816 = PCURVE('',#2395,#4817);
#4817 = DEFINITIONAL_REPRESENTATION('',(#4818),#4822);
#4818 = LINE('',#4819,#4820);
#4819 = CARTESIAN_POINT('',(0.,-0.));
#4820 = VECTOR('',#4821,1.);
#4821 = DIRECTION('',(0.,1.));
#4822 = ( GEOMETRIC_REPRESENTATION_CONTEXT(2) 
PARAMETRIC_REPRESENTATION_CONTEXT() REPRESENTATION_CONTEXT('2D SPACE',''
  ) );
#4823 = PCURVE('',#2395,#4824);
#4824 = DEFINITIONAL_REPRESENTATION('',(#4825),#4829);
#4825 = LINE('',#4826,#4827);
#4826 = CARTESIAN_POINT('',(6.28318530718,-0.));
#4827 = VECTOR('',#4828,1.);
#4828 = DIRECTION('',(0.,1.));
#4829 = ( GEOMETRIC_REPRESENTATION_CONTEXT(2) 
PARAMETRIC_REPRESENTATION_CONTEXT() REPRESENTATION_CONTEXT('2D SPACE',''
  ) );
#4830 = ORIENTED_EDGE('',*,*,#4831,.T.);
#4831 = EDGE_CURVE('',#4807,#4807,#4832,.T.);
#4832 = SURFACE_CURVE('',#4833,(#4838,#4845),.PCURVE_S1.);
#4833 = CIRCLE('',#4834,34.45);
#4834 = AXIS2_PLACEMENT_3D('',#4835,#4836,#4837);
#4835 = CARTESIAN_POINT('',(3.E+04,0.,-4.85E+03));
#4836 = DIRECTION('',(0.,0.,1.));
#4837 = DIRECTION('',(1.,0.,-0.));
#4838 = PCURVE('',#2395,#4839);
#4839 = DEFINITIONAL_REPRESENTATION('',(#4840),#4844);
#4840 = LINE('',#4841,#4842);
#4841 = CARTESIAN_POINT('',(0.,1.));
#4842 = VECTOR('',#4843,1.);
#4843 = DIRECTION('',(1.,0.));
#4844 = ( GEOMETRIC_REPRESENTATION_CONTEXT(2) 
PARAMETRIC_REPRESENTATION_CONTEXT() REPRESENTATION_CONTEXT('2D SPACE',''
  ) );
#4845 = PCURVE('',#4846,#4851);
#4846 = PLANE('',#4847);
#4847 = AXIS2_PLACEMENT_3D('',#4848,#4849,#4850);
#4848 = CARTESIAN_POINT('',(3.E+04,0.,-4.85E+03));
#4849 = DIRECTION('',(0.,0.,1.));
#4850 = DIRECTION('',(1.,0.,-0.));
#4851 = DEFINITIONAL_REPRESENTATION('',(#4852),#4856);
#4852 = CIRCLE('',#4853,34.45);
#4853 = AXIS2_PLACEMENT_2D('',#4854,#4855);
#4854 = CARTESIAN_POINT('',(0.,0.));
#4855 = DIRECTION('',(1.,0.));
#4856 = ( GEOMETRIC_REPRESENTATION_CONTEXT(2) 
PARAMETRIC_REPRESENTATION_CONTEXT() REPRESENTATION_CONTEXT('2D SPACE',''
  ) );
#4857 = ORIENTED_EDGE('',*,*,#4806,.T.);
#4858 = ORIENTED_EDGE('',*,*,#4859,.F.);
#4859 = EDGE_CURVE('',#4809,#4809,#4860,.T.);
#4860 = SURFACE_CURVE('',#4861,(#4866,#4873),.PCURVE_S1.);
#4861 = CIRCLE('',#4862,34.45);
#4862 = AXIS2_PLACEMENT_3D('',#4863,#4864,#4865);
#4863 = CARTESIAN_POINT('',(3.E+04,0.,0.));
#4864 = DIRECTION('',(0.,0.,1.));
#4865 = DIRECTION('',(1.,0.,-0.));
#4866 = PCURVE('',#2395,#4867);
#4867 = DEFINITIONAL_REPRESENTATION('',(#4868),#4872);
#4868 = LINE('',#4869,#4870);
#4869 = CARTESIAN_POINT('',(0.,4.851E+03));
#4870 = VECTOR('',#4871,1.);
#4871 = DIRECTION('',(1.,0.));
#4872 = ( GEOMETRIC_REPRESENTATION_CONTEXT(2) 
PARAMETRIC_REPRESENTATION_CONTEXT() REPRESENTATION_CONTEXT('2D SPACE',''
  ) );
#4873 = PCURVE('',#4874,#4879);
#4874 = PLANE('',#4875);
#4875 = AXIS2_PLACEMENT_3D('',#4876,#4877,#4878);
#4876 = CARTESIAN_POINT('',(3.E+04,0.,0.));
#4877 = DIRECTION('',(0.,0.,1.));
#4878 = DIRECTION('',(1.,0.,-0.));
#4879 = DEFINITIONAL_REPRESENTATION('',(#4880),#4884);
#4880 = CIRCLE('',#4881,34.45);
#4881 = AXIS2_PLACEMENT_2D('',#4882,#4883);
#4882 = CARTESIAN_POINT('',(0.,0.));
#4883 = DIRECTION('',(1.,0.));
#4884 = ( GEOMETRIC_REPRESENTATION_CONTEXT(2) 
PARAMETRIC_REPRESENTATION_CONTEXT() REPRESENTATION_CONTEXT('2D SPACE',''
  ) );
#4885 = FACE_BOUND('',#4886,.F.);
#4886 = EDGE_LOOP('',(#4887));
#4887 = ORIENTED_EDGE('',*,*,#2241,.T.);
#4888 = FACE_BOUND('',#4889,.F.);
#4889 = EDGE_LOOP('',(#4890));
#4890 = ORIENTED_EDGE('',*,*,#2502,.T.);
#4891 = FACE_BOUND('',#4892,.F.);
#4892 = EDGE_LOOP('',(#4893));
#4893 = ORIENTED_EDGE('',*,*,#2782,.F.);
#4894 = FACE_BOUND('',#4895,.F.);
#4895 = EDGE_LOOP('',(#4896));
#4896 = ORIENTED_EDGE('',*,*,#3038,.F.);
#4897 = FACE_BOUND('',#4898,.F.);
#4898 = EDGE_LOOP('',(#4899));
#4899 = ORIENTED_EDGE('',*,*,#3294,.F.);
#4900 = FACE_BOUND('',#4901,.F.);
#4901 = EDGE_LOOP('',(#4902));
#4902 = ORIENTED_EDGE('',*,*,#3526,.T.);
#4903 = FACE_BOUND('',#4904,.F.);
#4904 = EDGE_LOOP('',(#4905));
#4905 = ORIENTED_EDGE('',*,*,#3782,.T.);
#4906 = FACE_BOUND('',#4907,.F.);
#4907 = EDGE_LOOP('',(#4908));
#4908 = ORIENTED_EDGE('',*,*,#4038,.T.);
#4909 = FACE_BOUND('',#4910,.F.);
#4910 = EDGE_LOOP('',(#4911));
#4911 = ORIENTED_EDGE('',*,*,#4318,.F.);
#4912 = FACE_BOUND('',#4913,.F.);
#4913 = EDGE_LOOP('',(#4914));
#4914 = ORIENTED_EDGE('',*,*,#4574,.F.);
#4915 = ADVANCED_FACE('',(#4916),#4874,.F.);
#4916 = FACE_BOUND('',#4917,.F.);
#4917 = EDGE_LOOP('',(#4918));
#4918 = ORIENTED_EDGE('',*,*,#4859,.T.);
#4919 = ADVANCED_FACE('',(#4920),#4846,.T.);
#4920 = FACE_BOUND('',#4921,.T.);
#4921 = EDGE_LOOP('',(#4922));
#4922 = ORIENTED_EDGE('',*,*,#4831,.T.);
#4923 = MANIFOLD_SOLID_BREP('',#4924);
#4924 = CLOSED_SHELL('',(#4925,#5013,#5017,#5052,#5107,#5142,#5197));
#4925 = ADVANCED_FACE('',(#4926),#4939,.T.);
#4926 = FACE_BOUND('',#4927,.T.);
#4927 = EDGE_LOOP('',(#4928,#4962,#4985,#5012));
#4928 = ORIENTED_EDGE('',*,*,#4929,.F.);
#4929 = EDGE_CURVE('',#4930,#4930,#4932,.T.);
#4930 = VERTEX_POINT('',#4931);
#4931 = CARTESIAN_POINT('',(3.001E+04,-56.05,-406.));
#4932 = SURFACE_CURVE('',#4933,(#4938,#4950),.PCURVE_S1.);
#4933 = CIRCLE('',#4934,10.);
#4934 = AXIS2_PLACEMENT_3D('',#4935,#4936,#4937);
#4935 = CARTESIAN_POINT('',(3.E+04,-56.05,-406.));
#4936 = DIRECTION('',(0.,-1.,2.22044604925E-16));
#4937 = DIRECTION('',(1.,0.,0.));
#4938 = PCURVE('',#4939,#4944);
#4939 = CYLINDRICAL_SURFACE('',#4940,10.);
#4940 = AXIS2_PLACEMENT_3D('',#4941,#4942,#4943);
#4941 = CARTESIAN_POINT('',(3.E+04,-46.05,-406.));
#4942 = DIRECTION('',(0.,-1.,2.22044604925E-16));
#4943 = DIRECTION('',(1.,0.,0.));
#4944 = DEFINITIONAL_REPRESENTATION('',(#4945),#4949);
#4945 = LINE('',#4946,#4947);
#4946 = CARTESIAN_POINT('',(0.,10.));
#4947 = VECTOR('',#4948,1.);
#4948 = DIRECTION('',(1.,0.));
#4949 = ( GEOMETRIC_REPRESENTATION_CONTEXT(2) 
PARAMETRIC_REPRESENTATION_CONTEXT() REPRESENTATION_CONTEXT('2D SPACE',''
  ) );
#4950 = PCURVE('',#4951,#4956);
#4951 = PLANE('',#4952);
#4952 = AXIS2_PLACEMENT_3D('',#4953,#4954,#4955);
#4953 = CARTESIAN_POINT('',(3.E+04,-56.05,-406.));
#4954 = DIRECTION('',(0.,-1.,2.22044604925E-16));
#4955 = DIRECTION('',(1.,0.,0.));
#4956 = DEFINITIONAL_REPRESENTATION('',(#4957),#4961);
#4957 = CIRCLE('',#4958,10.);
#4958 = AXIS2_PLACEMENT_2D('',#4959,#4960);
#4959 = CARTESIAN_POINT('',(0.,0.));
#4960 = DIRECTION('',(1.,0.));
#4961 = ( GEOMETRIC_REPRESENTATION_CONTEXT(2) 
PARAMETRIC_REPRESENTATION_CONTEXT() REPRESENTATION_CONTEXT('2D SPACE',''
  ) );
#4962 = ORIENTED_EDGE('',*,*,#4963,.F.);
#4963 = EDGE_CURVE('',#4964,#4930,#4966,.T.);
#4964 = VERTEX_POINT('',#4965);
#4965 = CARTESIAN_POINT('',(3.001E+04,-46.05,-406.));
#4966 = SEAM_CURVE('',#4967,(#4971,#4978),.PCURVE_S1.);
#4967 = LINE('',#4968,#4969);
#4968 = CARTESIAN_POINT('',(3.001E+04,-46.05,-406.));
#4969 = VECTOR('',#4970,1.);
#4970 = DIRECTION('',(0.,-1.,2.22044604925E-16));
#4971 = PCURVE('',#4939,#4972);
#4972 = DEFINITIONAL_REPRESENTATION('',(#4973),#4977);
#4973 = LINE('',#4974,#4975);
#4974 = CARTESIAN_POINT('',(6.28318530718,-0.));
#4975 = VECTOR('',#4976,1.);
#4976 = DIRECTION('',(0.,1.));
#4977 = ( GEOMETRIC_REPRESENTATION_CONTEXT(2) 
PARAMETRIC_REPRESENTATION_CONTEXT() REPRESENTATION_CONTEXT('2D SPACE',''
  ) );
#4978 = PCURVE('',#4939,#4979);
#4979 = DEFINITIONAL_REPRESENTATION('',(#4980),#4984);
#4980 = LINE('',#4981,#4982);
#4981 = CARTESIAN_POINT('',(0.,-0.));
#4982 = VECTOR('',#4983,1.);
#4983 = DIRECTION('',(0.,1.));
#4984 = ( GEOMETRIC_REPRESENTATION_CONTEXT(2) 
PARAMETRIC_REPRESENTATION_CONTEXT() REPRESENTATION_CONTEXT('2D SPACE',''
  ) );
#4985 = ORIENTED_EDGE('',*,*,#4986,.T.);
#4986 = EDGE_CURVE('',#4964,#4964,#4987,.T.);
#4987 = SURFACE_CURVE('',#4988,(#4993,#5000),.PCURVE_S1.);
#4988 = CIRCLE('',#4989,10.);
#4989 = AXIS2_PLACEMENT_3D('',#4990,#4991,#4992);
#4990 = CARTESIAN_POINT('',(3.E+04,-46.05,-406.));
#4991 = DIRECTION('',(0.,-1.,2.22044604925E-16));
#4992 = DIRECTION('',(1.,0.,0.));
#4993 = PCURVE('',#4939,#4994);
#4994 = DEFINITIONAL_REPRESENTATION('',(#4995),#4999);
#4995 = LINE('',#4996,#4997);
#4996 = CARTESIAN_POINT('',(0.,0.));
#4997 = VECTOR('',#4998,1.);
#4998 = DIRECTION('',(1.,0.));
#4999 = ( GEOMETRIC_REPRESENTATION_CONTEXT(2) 
PARAMETRIC_REPRESENTATION_CONTEXT() REPRESENTATION_CONTEXT('2D SPACE',''
  ) );
#5000 = PCURVE('',#5001,#5006);
#5001 = PLANE('',#5002);
#5002 = AXIS2_PLACEMENT_3D('',#5003,#5004,#5005);
#5003 = CARTESIAN_POINT('',(3.E+04,-46.05,-406.));
#5004 = DIRECTION('',(0.,-1.,2.22044604925E-16));
#5005 = DIRECTION('',(1.,0.,0.));
#5006 = DEFINITIONAL_REPRESENTATION('',(#5007),#5011);
#5007 = CIRCLE('',#5008,10.);
#5008 = AXIS2_PLACEMENT_2D('',#5009,#5010);
#5009 = CARTESIAN_POINT('',(0.,0.));
#5010 = DIRECTION('',(1.,0.));
#5011 = ( GEOMETRIC_REPRESENTATION_CONTEXT(2) 
PARAMETRIC_REPRESENTATION_CONTEXT() REPRESENTATION_CONTEXT('2D SPACE',''
  ) );
#5012 = ORIENTED_EDGE('',*,*,#4963,.T.);
#5013 = ADVANCED_FACE('',(#5014),#4951,.T.);
#5014 = FACE_BOUND('',#5015,.T.);
#5015 = EDGE_LOOP('',(#5016));
#5016 = ORIENTED_EDGE('',*,*,#4929,.T.);
#5017 = ADVANCED_FACE('',(#5018,#5021),#5001,.F.);
#5018 = FACE_BOUND('',#5019,.F.);
#5019 = EDGE_LOOP('',(#5020));
#5020 = ORIENTED_EDGE('',*,*,#4986,.T.);
#5021 = FACE_BOUND('',#5022,.F.);
#5022 = EDGE_LOOP('',(#5023));
#5023 = ORIENTED_EDGE('',*,*,#5024,.F.);
#5024 = EDGE_CURVE('',#5025,#5025,#5027,.T.);
#5025 = VERTEX_POINT('',#5026);
#5026 = CARTESIAN_POINT('',(3.0006E+04,-46.05,-406.));
#5027 = SURFACE_CURVE('',#5028,(#5033,#5040),.PCURVE_S1.);
#5028 = CIRCLE('',#5029,6.);
#5029 = AXIS2_PLACEMENT_3D('',#5030,#5031,#5032);
#5030 = CARTESIAN_POINT('',(3.E+04,-46.05,-406.));
#5031 = DIRECTION('',(0.,-1.,2.22044604925E-16));
#5032 = DIRECTION('',(1.,0.,0.));
#5033 = PCURVE('',#5001,#5034);
#5034 = DEFINITIONAL_REPRESENTATION('',(#5035),#5039);
#5035 = CIRCLE('',#5036,6.);
#5036 = AXIS2_PLACEMENT_2D('',#5037,#5038);
#5037 = CARTESIAN_POINT('',(0.,0.));
#5038 = DIRECTION('',(1.,0.));
#5039 = ( GEOMETRIC_REPRESENTATION_CONTEXT(2) 
PARAMETRIC_REPRESENTATION_CONTEXT() REPRESENTATION_CONTEXT('2D SPACE',''
  ) );
#5040 = PCURVE('',#5041,#5046);
#5041 = CYLINDRICAL_SURFACE('',#5042,6.);
#5042 = AXIS2_PLACEMENT_3D('',#5043,#5044,#5045);
#5043 = CARTESIAN_POINT('',(3.E+04,46.05,-406.));
#5044 = DIRECTION('',(0.,-1.,2.22044604925E-16));
#5045 = DIRECTION('',(1.,0.,0.));
#5046 = DEFINITIONAL_REPRESENTATION('',(#5047),#5051);
#5047 = LINE('',#5048,#5049);
#5048 = CARTESIAN_POINT('',(0.,92.1));
#5049 = VECTOR('',#5050,1.);
#5050 = DIRECTION('',(1.,0.));
#5051 = ( GEOMETRIC_REPRESENTATION_CONTEXT(2) 
PARAMETRIC_REPRESENTATION_CONTEXT() REPRESENTATION_CONTEXT('2D SPACE',''
  ) );
#5052 = ADVANCED_FACE('',(#5053),#5041,.T.);
#5053 = FACE_BOUND('',#5054,.T.);
#5054 = EDGE_LOOP('',(#5055,#5056,#5079,#5106));
#5055 = ORIENTED_EDGE('',*,*,#5024,.F.);
#5056 = ORIENTED_EDGE('',*,*,#5057,.F.);
#5057 = EDGE_CURVE('',#5058,#5025,#5060,.T.);
#5058 = VERTEX_POINT('',#5059);
#5059 = CARTESIAN_POINT('',(3.0006E+04,46.05,-406.));
#5060 = SEAM_CURVE('',#5061,(#5065,#5072),.PCURVE_S1.);
#5061 = LINE('',#5062,#5063);
#5062 = CARTESIAN_POINT('',(3.0006E+04,46.05,-406.));
#5063 = VECTOR('',#5064,1.);
#5064 = DIRECTION('',(0.,-1.,2.22044604925E-16));
#5065 = PCURVE('',#5041,#5066);
#5066 = DEFINITIONAL_REPRESENTATION('',(#5067),#5071);
#5067 = LINE('',#5068,#5069);
#5068 = CARTESIAN_POINT('',(6.28318530718,-0.));
#5069 = VECTOR('',#5070,1.);
#5070 = DIRECTION('',(0.,1.));
#5071 = ( GEOMETRIC_REPRESENTATION_CONTEXT(2) 
PARAMETRIC_REPRESENTATION_CONTEXT() REPRESENTATION_CONTEXT('2D SPACE',''
  ) );
#5072 = PCURVE('',#5041,#5073);
#5073 = DEFINITIONAL_REPRESENTATION('',(#5074),#5078);
#5074 = LINE('',#5075,#5076);
#5075 = CARTESIAN_POINT('',(0.,-0.));
#5076 = VECTOR('',#5077,1.);
#5077 = DIRECTION('',(0.,1.));
#5078 = ( GEOMETRIC_REPRESENTATION_CONTEXT(2) 
PARAMETRIC_REPRESENTATION_CONTEXT() REPRESENTATION_CONTEXT('2D SPACE',''
  ) );
#5079 = ORIENTED_EDGE('',*,*,#5080,.T.);
#5080 = EDGE_CURVE('',#5058,#5058,#5081,.T.);
#5081 = SURFACE_CURVE('',#5082,(#5087,#5094),.PCURVE_S1.);
#5082 = CIRCLE('',#5083,6.);
#5083 = AXIS2_PLACEMENT_3D('',#5084,#5085,#5086);
#5084 = CARTESIAN_POINT('',(3.E+04,46.05,-406.));
#5085 = DIRECTION('',(0.,-1.,2.22044604925E-16));
#5086 = DIRECTION('',(1.,0.,0.));
#5087 = PCURVE('',#5041,#5088);
#5088 = DEFINITIONAL_REPRESENTATION('',(#5089),#5093);
#5089 = LINE('',#5090,#5091);
#5090 = CARTESIAN_POINT('',(0.,0.));
#5091 = VECTOR('',#5092,1.);
#5092 = DIRECTION('',(1.,0.));
#5093 = ( GEOMETRIC_REPRESENTATION_CONTEXT(2) 
PARAMETRIC_REPRESENTATION_CONTEXT() REPRESENTATION_CONTEXT('2D SPACE',''
  ) );
#5094 = PCURVE('',#5095,#5100);
#5095 = PLANE('',#5096);
#5096 = AXIS2_PLACEMENT_3D('',#5097,#5098,#5099);
#5097 = CARTESIAN_POINT('',(3.E+04,46.05,-406.));
#5098 = DIRECTION('',(0.,-1.,2.22044604925E-16));
#5099 = DIRECTION('',(1.,0.,0.));
#5100 = DEFINITIONAL_REPRESENTATION('',(#5101),#5105);
#5101 = CIRCLE('',#5102,6.);
#5102 = AXIS2_PLACEMENT_2D('',#5103,#5104);
#5103 = CARTESIAN_POINT('',(0.,0.));
#5104 = DIRECTION('',(1.,0.));
#5105 = ( GEOMETRIC_REPRESENTATION_CONTEXT(2) 
PARAMETRIC_REPRESENTATION_CONTEXT() REPRESENTATION_CONTEXT('2D SPACE',''
  ) );
#5106 = ORIENTED_EDGE('',*,*,#5057,.T.);
#5107 = ADVANCED_FACE('',(#5108,#5139),#5095,.T.);
#5108 = FACE_BOUND('',#5109,.T.);
#5109 = EDGE_LOOP('',(#5110));
#5110 = ORIENTED_EDGE('',*,*,#5111,.T.);
#5111 = EDGE_CURVE('',#5112,#5112,#5114,.T.);
#5112 = VERTEX_POINT('',#5113);
#5113 = CARTESIAN_POINT('',(3.001E+04,46.05,-406.));
#5114 = SURFACE_CURVE('',#5115,(#5120,#5127),.PCURVE_S1.);
#5115 = CIRCLE('',#5116,10.);
#5116 = AXIS2_PLACEMENT_3D('',#5117,#5118,#5119);
#5117 = CARTESIAN_POINT('',(3.E+04,46.05,-406.));
#5118 = DIRECTION('',(0.,-1.,2.22044604925E-16));
#5119 = DIRECTION('',(1.,0.,0.));
#5120 = PCURVE('',#5095,#5121);
#5121 = DEFINITIONAL_REPRESENTATION('',(#5122),#5126);
#5122 = CIRCLE('',#5123,10.);
#5123 = AXIS2_PLACEMENT_2D('',#5124,#5125);
#5124 = CARTESIAN_POINT('',(0.,0.));
#5125 = DIRECTION('',(1.,0.));
#5126 = ( GEOMETRIC_REPRESENTATION_CONTEXT(2) 
PARAMETRIC_REPRESENTATION_CONTEXT() REPRESENTATION_CONTEXT('2D SPACE',''
  ) );
#5127 = PCURVE('',#5128,#5133);
#5128 = CYLINDRICAL_SURFACE('',#5129,10.);
#5129 = AXIS2_PLACEMENT_3D('',#5130,#5131,#5132);
#5130 = CARTESIAN_POINT('',(3.E+04,54.05,-406.));
#5131 = DIRECTION('',(0.,-1.,2.22044604925E-16));
#5132 = DIRECTION('',(1.,0.,0.));
#5133 = DEFINITIONAL_REPRESENTATION('',(#5134),#5138);
#5134 = LINE('',#5135,#5136);
#5135 = CARTESIAN_POINT('',(0.,8.));
#5136 = VECTOR('',#5137,1.);
#5137 = DIRECTION('',(1.,0.));
#5138 = ( GEOMETRIC_REPRESENTATION_CONTEXT(2) 
PARAMETRIC_REPRESENTATION_CONTEXT() REPRESENTATION_CONTEXT('2D SPACE',''
  ) );
#5139 = FACE_BOUND('',#5140,.T.);
#5140 = EDGE_LOOP('',(#5141));
#5141 = ORIENTED_EDGE('',*,*,#5080,.F.);
#5142 = ADVANCED_FACE('',(#5143),#5128,.T.);
#5143 = FACE_BOUND('',#5144,.T.);
#5144 = EDGE_LOOP('',(#5145,#5146,#5169,#5196));
#5145 = ORIENTED_EDGE('',*,*,#5111,.F.);
#5146 = ORIENTED_EDGE('',*,*,#5147,.F.);
#5147 = EDGE_CURVE('',#5148,#5112,#5150,.T.);
#5148 = VERTEX_POINT('',#5149);
#5149 = CARTESIAN_POINT('',(3.001E+04,54.05,-406.));
#5150 = SEAM_CURVE('',#5151,(#5155,#5162),.PCURVE_S1.);
#5151 = LINE('',#5152,#5153);
#5152 = CARTESIAN_POINT('',(3.001E+04,54.05,-406.));
#5153 = VECTOR('',#5154,1.);
#5154 = DIRECTION('',(0.,-1.,2.22044604925E-16));
#5155 = PCURVE('',#5128,#5156);
#5156 = DEFINITIONAL_REPRESENTATION('',(#5157),#5161);
#5157 = LINE('',#5158,#5159);
#5158 = CARTESIAN_POINT('',(6.28318530718,-0.));
#5159 = VECTOR('',#5160,1.);
#5160 = DIRECTION('',(0.,1.));
#5161 = ( GEOMETRIC_REPRESENTATION_CONTEXT(2) 
PARAMETRIC_REPRESENTATION_CONTEXT() REPRESENTATION_CONTEXT('2D SPACE',''
  ) );
#5162 = PCURVE('',#5128,#5163);
#5163 = DEFINITIONAL_REPRESENTATION('',(#5164),#5168);
#5164 = LINE('',#5165,#5166);
#5165 = CARTESIAN_POINT('',(0.,-0.));
#5166 = VECTOR('',#5167,1.);
#5167 = DIRECTION('',(0.,1.));
#5168 = ( GEOMETRIC_REPRESENTATION_CONTEXT(2) 
PARAMETRIC_REPRESENTATION_CONTEXT() REPRESENTATION_CONTEXT('2D SPACE',''
  ) );
#5169 = ORIENTED_EDGE('',*,*,#5170,.T.);
#5170 = EDGE_CURVE('',#5148,#5148,#5171,.T.);
#5171 = SURFACE_CURVE('',#5172,(#5177,#5184),.PCURVE_S1.);
#5172 = CIRCLE('',#5173,10.);
#5173 = AXIS2_PLACEMENT_3D('',#5174,#5175,#5176);
#5174 = CARTESIAN_POINT('',(3.E+04,54.05,-406.));
#5175 = DIRECTION('',(0.,-1.,2.22044604925E-16));
#5176 = DIRECTION('',(1.,0.,0.));
#5177 = PCURVE('',#5128,#5178);
#5178 = DEFINITIONAL_REPRESENTATION('',(#5179),#5183);
#5179 = LINE('',#5180,#5181);
#5180 = CARTESIAN_POINT('',(0.,0.));
#5181 = VECTOR('',#5182,1.);
#5182 = DIRECTION('',(1.,0.));
#5183 = ( GEOMETRIC_REPRESENTATION_CONTEXT(2) 
PARAMETRIC_REPRESENTATION_CONTEXT() REPRESENTATION_CONTEXT('2D SPACE',''
  ) );
#5184 = PCURVE('',#5185,#5190);
#5185 = PLANE('',#5186);
#5186 = AXIS2_PLACEMENT_3D('',#5187,#5188,#5189);
#5187 = CARTESIAN_POINT('',(3.E+04,54.05,-406.));
#5188 = DIRECTION('',(0.,-1.,2.22044604925E-16));
#5189 = DIRECTION('',(1.,0.,0.));
#5190 = DEFINITIONAL_REPRESENTATION('',(#5191),#5195);
#5191 = CIRCLE('',#5192,10.);
#5192 = AXIS2_PLACEMENT_2D('',#5193,#5194);
#5193 = CARTESIAN_POINT('',(0.,0.));
#5194 = DIRECTION('',(1.,0.));
#5195 = ( GEOMETRIC_REPRESENTATION_CONTEXT(2) 
PARAMETRIC_REPRESENTATION_CONTEXT() REPRESENTATION_CONTEXT('2D SPACE',''
  ) );
#5196 = ORIENTED_EDGE('',*,*,#5147,.T.);
#5197 = ADVANCED_FACE('',(#5198),#5185,.F.);
#5198 = FACE_BOUND('',#5199,.T.);
#5199 = EDGE_LOOP('',(#5200));
#5200 = ORIENTED_EDGE('',*,*,#5170,.F.);
#5201 = MANIFOLD_SOLID_BREP('',#5202);
#5202 = CLOSED_SHELL('',(#5203,#5403,#5438,#5468,#5579,#5628,#5707,#5734
    ,#5761,#5768));
#5203 = ADVANCED_FACE('',(#5204,#5291),#5218,.T.);
#5204 = FACE_BOUND('',#5205,.T.);
#5205 = EDGE_LOOP('',(#5206,#5236,#5263,#5264));
#5206 = ORIENTED_EDGE('',*,*,#5207,.T.);
#5207 = EDGE_CURVE('',#5208,#5210,#5212,.T.);
#5208 = VERTEX_POINT('',#5209);
#5209 = CARTESIAN_POINT('',(3.004445E+04,-1.088711004442E-14,-400.));
#5210 = VERTEX_POINT('',#5211);
#5211 = CARTESIAN_POINT('',(3.004445E+04,-1.088711004442E-14,-200.));
#5212 = SEAM_CURVE('',#5213,(#5217,#5229),.PCURVE_S1.);
#5213 = LINE('',#5214,#5215);
#5214 = CARTESIAN_POINT('',(3.004445E+04,-1.088711004442E-14,-400.));
#5215 = VECTOR('',#5216,1.);
#5216 = DIRECTION('',(0.,0.,1.));
#5217 = PCURVE('',#5218,#5223);
#5218 = CYLINDRICAL_SURFACE('',#5219,44.45);
#5219 = AXIS2_PLACEMENT_3D('',#5220,#5221,#5222);
#5220 = CARTESIAN_POINT('',(3.E+04,0.,-400.));
#5221 = DIRECTION('',(0.,0.,1.));
#5222 = DIRECTION('',(1.,0.,-0.));
#5223 = DEFINITIONAL_REPRESENTATION('',(#5224),#5228);
#5224 = LINE('',#5225,#5226);
#5225 = CARTESIAN_POINT('',(6.28318530718,-0.));
#5226 = VECTOR('',#5227,1.);
#5227 = DIRECTION('',(0.,1.));
#5228 = ( GEOMETRIC_REPRESENTATION_CONTEXT(2) 
PARAMETRIC_REPRESENTATION_CONTEXT() REPRESENTATION_CONTEXT('2D SPACE',''
  ) );
#5229 = PCURVE('',#5218,#5230);
#5230 = DEFINITIONAL_REPRESENTATION('',(#5231),#5235);
#5231 = LINE('',#5232,#5233);
#5232 = CARTESIAN_POINT('',(0.,-0.));
#5233 = VECTOR('',#5234,1.);
#5234 = DIRECTION('',(0.,1.));
#5235 = ( GEOMETRIC_REPRESENTATION_CONTEXT(2) 
PARAMETRIC_REPRESENTATION_CONTEXT() REPRESENTATION_CONTEXT('2D SPACE',''
  ) );
#5236 = ORIENTED_EDGE('',*,*,#5237,.F.);
#5237 = EDGE_CURVE('',#5210,#5210,#5238,.T.);
#5238 = SURFACE_CURVE('',#5239,(#5244,#5251),.PCURVE_S1.);
#5239 = CIRCLE('',#5240,44.45);
#5240 = AXIS2_PLACEMENT_3D('',#5241,#5242,#5243);
#5241 = CARTESIAN_POINT('',(3.E+04,0.,-200.));
#5242 = DIRECTION('',(0.,0.,1.));
#5243 = DIRECTION('',(1.,0.,-0.));
#5244 = PCURVE('',#5218,#5245);
#5245 = DEFINITIONAL_REPRESENTATION('',(#5246),#5250);
#5246 = LINE('',#5247,#5248);
#5247 = CARTESIAN_POINT('',(0.,200.));
#5248 = VECTOR('',#5249,1.);
#5249 = DIRECTION('',(1.,0.));
#5250 = ( GEOMETRIC_REPRESENTATION_CONTEXT(2) 
PARAMETRIC_REPRESENTATION_CONTEXT() REPRESENTATION_CONTEXT('2D SPACE',''
  ) );
#5251 = PCURVE('',#5252,#5257);
#5252 = PLANE('',#5253);
#5253 = AXIS2_PLACEMENT_3D('',#5254,#5255,#5256);
#5254 = CARTESIAN_POINT('',(3.E+04,0.,-200.));
#5255 = DIRECTION('',(0.,0.,1.));
#5256 = DIRECTION('',(1.,0.,-0.));
#5257 = DEFINITIONAL_REPRESENTATION('',(#5258),#5262);
#5258 = CIRCLE('',#5259,44.45);
#5259 = AXIS2_PLACEMENT_2D('',#5260,#5261);
#5260 = CARTESIAN_POINT('',(0.,0.));
#5261 = DIRECTION('',(1.,0.));
#5262 = ( GEOMETRIC_REPRESENTATION_CONTEXT(2) 
PARAMETRIC_REPRESENTATION_CONTEXT() REPRESENTATION_CONTEXT('2D SPACE',''
  ) );
#5263 = ORIENTED_EDGE('',*,*,#5207,.F.);
#5264 = ORIENTED_EDGE('',*,*,#5265,.T.);
#5265 = EDGE_CURVE('',#5208,#5208,#5266,.T.);
#5266 = SURFACE_CURVE('',#5267,(#5272,#5279),.PCURVE_S1.);
#5267 = CIRCLE('',#5268,44.45);
#5268 = AXIS2_PLACEMENT_3D('',#5269,#5270,#5271);
#5269 = CARTESIAN_POINT('',(3.E+04,0.,-400.));
#5270 = DIRECTION('',(0.,0.,1.));
#5271 = DIRECTION('',(1.,0.,-0.));
#5272 = PCURVE('',#5218,#5273);
#5273 = DEFINITIONAL_REPRESENTATION('',(#5274),#5278);
#5274 = LINE('',#5275,#5276);
#5275 = CARTESIAN_POINT('',(0.,0.));
#5276 = VECTOR('',#5277,1.);
#5277 = DIRECTION('',(1.,0.));
#5278 = ( GEOMETRIC_REPRESENTATION_CONTEXT(2) 
PARAMETRIC_REPRESENTATION_CONTEXT() REPRESENTATION_CONTEXT('2D SPACE',''
  ) );
#5279 = PCURVE('',#5280,#5285);
#5280 = PLANE('',#5281);
#5281 = AXIS2_PLACEMENT_3D('',#5282,#5283,#5284);
#5282 = CARTESIAN_POINT('',(3.E+04,0.,-400.));
#5283 = DIRECTION('',(0.,0.,1.));
#5284 = DIRECTION('',(1.,0.,-0.));
#5285 = DEFINITIONAL_REPRESENTATION('',(#5286),#5290);
#5286 = CIRCLE('',#5287,44.45);
#5287 = AXIS2_PLACEMENT_2D('',#5288,#5289);
#5288 = CARTESIAN_POINT('',(0.,0.));
#5289 = DIRECTION('',(1.,0.));
#5290 = ( GEOMETRIC_REPRESENTATION_CONTEXT(2) 
PARAMETRIC_REPRESENTATION_CONTEXT() REPRESENTATION_CONTEXT('2D SPACE',''
  ) );
#5291 = FACE_BOUND('',#5292,.T.);
#5292 = EDGE_LOOP('',(#5293,#5321,#5350,#5376));
#5293 = ORIENTED_EDGE('',*,*,#5294,.F.);
#5294 = EDGE_CURVE('',#5295,#5297,#5299,.T.);
#5295 = VERTEX_POINT('',#5296);
#5296 = CARTESIAN_POINT('',(2.995573034335E+04,-4.,-340.));
#5297 = VERTEX_POINT('',#5298);
#5298 = CARTESIAN_POINT('',(2.995573034335E+04,-4.,-260.));
#5299 = SURFACE_CURVE('',#5300,(#5304,#5310),.PCURVE_S1.);
#5300 = LINE('',#5301,#5302);
#5301 = CARTESIAN_POINT('',(2.995573034335E+04,-4.,-400.));
#5302 = VECTOR('',#5303,1.);
#5303 = DIRECTION('',(0.,0.,1.));
#5304 = PCURVE('',#5218,#5305);
#5305 = DEFINITIONAL_REPRESENTATION('',(#5306),#5309);
#5306 = B_SPLINE_CURVE_WITH_KNOTS('',1,(#5307,#5308),.UNSPECIFIED.,.F.,
  .F.,(2,2),(52.,148.),.PIECEWISE_BEZIER_KNOTS.);
#5307 = CARTESIAN_POINT('',(3.231703304181,52.));
#5308 = CARTESIAN_POINT('',(3.231703304181,148.));
#5309 = ( GEOMETRIC_REPRESENTATION_CONTEXT(2) 
PARAMETRIC_REPRESENTATION_CONTEXT() REPRESENTATION_CONTEXT('2D SPACE',''
  ) );
#5310 = PCURVE('',#5311,#5316);
#5311 = PLANE('',#5312);
#5312 = AXIS2_PLACEMENT_3D('',#5313,#5314,#5315);
#5313 = CARTESIAN_POINT('',(2.989555E+04,-4.,-340.));
#5314 = DIRECTION('',(-0.,1.,0.));
#5315 = DIRECTION('',(0.,0.,1.));
#5316 = DEFINITIONAL_REPRESENTATION('',(#5317),#5320);
#5317 = B_SPLINE_CURVE_WITH_KNOTS('',1,(#5318,#5319),.UNSPECIFIED.,.F.,
  .F.,(2,2),(52.,148.),.PIECEWISE_BEZIER_KNOTS.);
#5318 = CARTESIAN_POINT('',(-8.,60.180343348971));
#5319 = CARTESIAN_POINT('',(88.,60.180343348971));
#5320 = ( GEOMETRIC_REPRESENTATION_CONTEXT(2) 
PARAMETRIC_REPRESENTATION_CONTEXT() REPRESENTATION_CONTEXT('2D SPACE',''
  ) );
#5321 = ORIENTED_EDGE('',*,*,#5322,.F.);
#5322 = EDGE_CURVE('',#5323,#5295,#5325,.T.);
#5323 = VERTEX_POINT('',#5324);
#5324 = CARTESIAN_POINT('',(2.995573034335E+04,4.,-340.));
#5325 = SURFACE_CURVE('',#5326,(#5331,#5338),.PCURVE_S1.);
#5326 = CIRCLE('',#5327,44.45);
#5327 = AXIS2_PLACEMENT_3D('',#5328,#5329,#5330);
#5328 = CARTESIAN_POINT('',(3.E+04,0.,-340.));
#5329 = DIRECTION('',(0.,0.,1.));
#5330 = DIRECTION('',(1.,0.,-0.));
#5331 = PCURVE('',#5218,#5332);
#5332 = DEFINITIONAL_REPRESENTATION('',(#5333),#5337);
#5333 = LINE('',#5334,#5335);
#5334 = CARTESIAN_POINT('',(0.,60.));
#5335 = VECTOR('',#5336,1.);
#5336 = DIRECTION('',(1.,0.));
#5337 = ( GEOMETRIC_REPRESENTATION_CONTEXT(2) 
PARAMETRIC_REPRESENTATION_CONTEXT() REPRESENTATION_CONTEXT('2D SPACE',''
  ) );
#5338 = PCURVE('',#5339,#5344);
#5339 = PLANE('',#5340);
#5340 = AXIS2_PLACEMENT_3D('',#5341,#5342,#5343);
#5341 = CARTESIAN_POINT('',(2.989555E+04,-4.,-340.));
#5342 = DIRECTION('',(0.,0.,1.));
#5343 = DIRECTION('',(1.,0.,-0.));
#5344 = DEFINITIONAL_REPRESENTATION('',(#5345),#5349);
#5345 = CIRCLE('',#5346,44.45);
#5346 = AXIS2_PLACEMENT_2D('',#5347,#5348);
#5347 = CARTESIAN_POINT('',(104.45,4.));
#5348 = DIRECTION('',(1.,0.));
#5349 = ( GEOMETRIC_REPRESENTATION_CONTEXT(2) 
PARAMETRIC_REPRESENTATION_CONTEXT() REPRESENTATION_CONTEXT('2D SPACE',''
  ) );
#5350 = ORIENTED_EDGE('',*,*,#5351,.T.);
#5351 = EDGE_CURVE('',#5323,#5352,#5354,.T.);
#5352 = VERTEX_POINT('',#5353);
#5353 = CARTESIAN_POINT('',(2.995573034335E+04,4.,-260.));
#5354 = SURFACE_CURVE('',#5355,(#5359,#5365),.PCURVE_S1.);
#5355 = LINE('',#5356,#5357);
#5356 = CARTESIAN_POINT('',(2.995573034335E+04,4.,-400.));
#5357 = VECTOR('',#5358,1.);
#5358 = DIRECTION('',(0.,0.,1.));
#5359 = PCURVE('',#5218,#5360);
#5360 = DEFINITIONAL_REPRESENTATION('',(#5361),#5364);
#5361 = B_SPLINE_CURVE_WITH_KNOTS('',1,(#5362,#5363),.UNSPECIFIED.,.F.,
  .F.,(2,2),(52.,148.),.PIECEWISE_BEZIER_KNOTS.);
#5362 = CARTESIAN_POINT('',(3.051482002999,52.));
#5363 = CARTESIAN_POINT('',(3.051482002999,148.));
#5364 = ( GEOMETRIC_REPRESENTATION_CONTEXT(2) 
PARAMETRIC_REPRESENTATION_CONTEXT() REPRESENTATION_CONTEXT('2D SPACE',''
  ) );
#5365 = PCURVE('',#5366,#5371);
#5366 = PLANE('',#5367);
#5367 = AXIS2_PLACEMENT_3D('',#5368,#5369,#5370);
#5368 = CARTESIAN_POINT('',(2.989555E+04,4.,-340.));
#5369 = DIRECTION('',(-0.,1.,0.));
#5370 = DIRECTION('',(0.,0.,1.));
#5371 = DEFINITIONAL_REPRESENTATION('',(#5372),#5375);
#5372 = B_SPLINE_CURVE_WITH_KNOTS('',1,(#5373,#5374),.UNSPECIFIED.,.F.,
  .F.,(2,2),(52.,148.),.PIECEWISE_BEZIER_KNOTS.);
#5373 = CARTESIAN_POINT('',(-8.,60.180343348971));
#5374 = CARTESIAN_POINT('',(88.,60.180343348971));
#5375 = ( GEOMETRIC_REPRESENTATION_CONTEXT(2) 
PARAMETRIC_REPRESENTATION_CONTEXT() REPRESENTATION_CONTEXT('2D SPACE',''
  ) );
#5376 = ORIENTED_EDGE('',*,*,#5377,.T.);
#5377 = EDGE_CURVE('',#5352,#5297,#5378,.T.);
#5378 = SURFACE_CURVE('',#5379,(#5384,#5391),.PCURVE_S1.);
#5379 = CIRCLE('',#5380,44.45);
#5380 = AXIS2_PLACEMENT_3D('',#5381,#5382,#5383);
#5381 = CARTESIAN_POINT('',(3.E+04,0.,-260.));
#5382 = DIRECTION('',(0.,0.,1.));
#5383 = DIRECTION('',(1.,0.,-0.));
#5384 = PCURVE('',#5218,#5385);
#5385 = DEFINITIONAL_REPRESENTATION('',(#5386),#5390);
#5386 = LINE('',#5387,#5388);
#5387 = CARTESIAN_POINT('',(0.,140.));
#5388 = VECTOR('',#5389,1.);
#5389 = DIRECTION('',(1.,0.));
#5390 = ( GEOMETRIC_REPRESENTATION_CONTEXT(2) 
PARAMETRIC_REPRESENTATION_CONTEXT() REPRESENTATION_CONTEXT('2D SPACE',''
  ) );
#5391 = PCURVE('',#5392,#5397);
#5392 = PLANE('',#5393);
#5393 = AXIS2_PLACEMENT_3D('',#5394,#5395,#5396);
#5394 = CARTESIAN_POINT('',(2.989555E+04,-4.,-260.));
#5395 = DIRECTION('',(0.,0.,1.));
#5396 = DIRECTION('',(1.,0.,-0.));
#5397 = DEFINITIONAL_REPRESENTATION('',(#5398),#5402);
#5398 = CIRCLE('',#5399,44.45);
#5399 = AXIS2_PLACEMENT_2D('',#5400,#5401);
#5400 = CARTESIAN_POINT('',(104.45,4.));
#5401 = DIRECTION('',(1.,0.));
#5402 = ( GEOMETRIC_REPRESENTATION_CONTEXT(2) 
PARAMETRIC_REPRESENTATION_CONTEXT() REPRESENTATION_CONTEXT('2D SPACE',''
  ) );
#5403 = ADVANCED_FACE('',(#5404,#5407),#5280,.F.);
#5404 = FACE_BOUND('',#5405,.F.);
#5405 = EDGE_LOOP('',(#5406));
#5406 = ORIENTED_EDGE('',*,*,#5265,.T.);
#5407 = FACE_BOUND('',#5408,.F.);
#5408 = EDGE_LOOP('',(#5409));
#5409 = ORIENTED_EDGE('',*,*,#5410,.F.);
#5410 = EDGE_CURVE('',#5411,#5411,#5413,.T.);
#5411 = VERTEX_POINT('',#5412);
#5412 = CARTESIAN_POINT('',(3.004125E+04,-1.010333609297E-14,-400.));
#5413 = SURFACE_CURVE('',#5414,(#5419,#5426),.PCURVE_S1.);
#5414 = CIRCLE('',#5415,41.25);
#5415 = AXIS2_PLACEMENT_3D('',#5416,#5417,#5418);
#5416 = CARTESIAN_POINT('',(3.E+04,0.,-400.));
#5417 = DIRECTION('',(0.,0.,1.));
#5418 = DIRECTION('',(1.,0.,-0.));
#5419 = PCURVE('',#5280,#5420);
#5420 = DEFINITIONAL_REPRESENTATION('',(#5421),#5425);
#5421 = CIRCLE('',#5422,41.25);
#5422 = AXIS2_PLACEMENT_2D('',#5423,#5424);
#5423 = CARTESIAN_POINT('',(0.,0.));
#5424 = DIRECTION('',(1.,0.));
#5425 = ( GEOMETRIC_REPRESENTATION_CONTEXT(2) 
PARAMETRIC_REPRESENTATION_CONTEXT() REPRESENTATION_CONTEXT('2D SPACE',''
  ) );
#5426 = PCURVE('',#5427,#5432);
#5427 = CYLINDRICAL_SURFACE('',#5428,41.25);
#5428 = AXIS2_PLACEMENT_3D('',#5429,#5430,#5431);
#5429 = CARTESIAN_POINT('',(3.E+04,0.,-401.));
#5430 = DIRECTION('',(0.,0.,1.));
#5431 = DIRECTION('',(1.,0.,-0.));
#5432 = DEFINITIONAL_REPRESENTATION('',(#5433),#5437);
#5433 = LINE('',#5434,#5435);
#5434 = CARTESIAN_POINT('',(0.,1.));
#5435 = VECTOR('',#5436,1.);
#5436 = DIRECTION('',(1.,0.));
#5437 = ( GEOMETRIC_REPRESENTATION_CONTEXT(2) 
PARAMETRIC_REPRESENTATION_CONTEXT() REPRESENTATION_CONTEXT('2D SPACE',''
  ) );
#5438 = ADVANCED_FACE('',(#5439,#5442),#5252,.T.);
#5439 = FACE_BOUND('',#5440,.T.);
#5440 = EDGE_LOOP('',(#5441));
#5441 = ORIENTED_EDGE('',*,*,#5237,.T.);
#5442 = FACE_BOUND('',#5443,.T.);
#5443 = EDGE_LOOP('',(#5444));
#5444 = ORIENTED_EDGE('',*,*,#5445,.F.);
#5445 = EDGE_CURVE('',#5446,#5446,#5448,.T.);
#5446 = VERTEX_POINT('',#5447);
#5447 = CARTESIAN_POINT('',(3.004125E+04,-1.010333609297E-14,-200.));
#5448 = SURFACE_CURVE('',#5449,(#5454,#5461),.PCURVE_S1.);
#5449 = CIRCLE('',#5450,41.25);
#5450 = AXIS2_PLACEMENT_3D('',#5451,#5452,#5453);
#5451 = CARTESIAN_POINT('',(3.E+04,0.,-200.));
#5452 = DIRECTION('',(0.,0.,1.));
#5453 = DIRECTION('',(1.,0.,-0.));
#5454 = PCURVE('',#5252,#5455);
#5455 = DEFINITIONAL_REPRESENTATION('',(#5456),#5460);
#5456 = CIRCLE('',#5457,41.25);
#5457 = AXIS2_PLACEMENT_2D('',#5458,#5459);
#5458 = CARTESIAN_POINT('',(0.,0.));
#5459 = DIRECTION('',(1.,0.));
#5460 = ( GEOMETRIC_REPRESENTATION_CONTEXT(2) 
PARAMETRIC_REPRESENTATION_CONTEXT() REPRESENTATION_CONTEXT('2D SPACE',''
  ) );
#5461 = PCURVE('',#5427,#5462);
#5462 = DEFINITIONAL_REPRESENTATION('',(#5463),#5467);
#5463 = LINE('',#5464,#5465);
#5464 = CARTESIAN_POINT('',(0.,201.));
#5465 = VECTOR('',#5466,1.);
#5466 = DIRECTION('',(1.,0.));
#5467 = ( GEOMETRIC_REPRESENTATION_CONTEXT(2) 
PARAMETRIC_REPRESENTATION_CONTEXT() REPRESENTATION_CONTEXT('2D SPACE',''
  ) );
#5468 = ADVANCED_FACE('',(#5469,#5544),#5311,.F.);
#5469 = FACE_BOUND('',#5470,.F.);
#5470 = EDGE_LOOP('',(#5471,#5494,#5522,#5543));
#5471 = ORIENTED_EDGE('',*,*,#5472,.F.);
#5472 = EDGE_CURVE('',#5473,#5295,#5475,.T.);
#5473 = VERTEX_POINT('',#5474);
#5474 = CARTESIAN_POINT('',(2.989555E+04,-4.,-340.));
#5475 = SURFACE_CURVE('',#5476,(#5480,#5487),.PCURVE_S1.);
#5476 = LINE('',#5477,#5478);
#5477 = CARTESIAN_POINT('',(2.989555E+04,-4.,-340.));
#5478 = VECTOR('',#5479,1.);
#5479 = DIRECTION('',(1.,0.,-0.));
#5480 = PCURVE('',#5311,#5481);
#5481 = DEFINITIONAL_REPRESENTATION('',(#5482),#5486);
#5482 = LINE('',#5483,#5484);
#5483 = CARTESIAN_POINT('',(0.,0.));
#5484 = VECTOR('',#5485,1.);
#5485 = DIRECTION('',(0.,1.));
#5486 = ( GEOMETRIC_REPRESENTATION_CONTEXT(2) 
PARAMETRIC_REPRESENTATION_CONTEXT() REPRESENTATION_CONTEXT('2D SPACE',''
  ) );
#5487 = PCURVE('',#5339,#5488);
#5488 = DEFINITIONAL_REPRESENTATION('',(#5489),#5493);
#5489 = LINE('',#5490,#5491);
#5490 = CARTESIAN_POINT('',(0.,0.));
#5491 = VECTOR('',#5492,1.);
#5492 = DIRECTION('',(1.,0.));
#5493 = ( GEOMETRIC_REPRESENTATION_CONTEXT(2) 
PARAMETRIC_REPRESENTATION_CONTEXT() REPRESENTATION_CONTEXT('2D SPACE',''
  ) );
#5494 = ORIENTED_EDGE('',*,*,#5495,.T.);
#5495 = EDGE_CURVE('',#5473,#5496,#5498,.T.);
#5496 = VERTEX_POINT('',#5497);
#5497 = CARTESIAN_POINT('',(2.989555E+04,-4.,-260.));
#5498 = SURFACE_CURVE('',#5499,(#5503,#5510),.PCURVE_S1.);
#5499 = LINE('',#5500,#5501);
#5500 = CARTESIAN_POINT('',(2.989555E+04,-4.,-340.));
#5501 = VECTOR('',#5502,1.);
#5502 = DIRECTION('',(0.,0.,1.));
#5503 = PCURVE('',#5311,#5504);
#5504 = DEFINITIONAL_REPRESENTATION('',(#5505),#5509);
#5505 = LINE('',#5506,#5507);
#5506 = CARTESIAN_POINT('',(0.,0.));
#5507 = VECTOR('',#5508,1.);
#5508 = DIRECTION('',(1.,0.));
#5509 = ( GEOMETRIC_REPRESENTATION_CONTEXT(2) 
PARAMETRIC_REPRESENTATION_CONTEXT() REPRESENTATION_CONTEXT('2D SPACE',''
  ) );
#5510 = PCURVE('',#5511,#5516);
#5511 = PLANE('',#5512);
#5512 = AXIS2_PLACEMENT_3D('',#5513,#5514,#5515);
#5513 = CARTESIAN_POINT('',(2.989555E+04,-4.,-340.));
#5514 = DIRECTION('',(1.,0.,-0.));
#5515 = DIRECTION('',(0.,0.,1.));
#5516 = DEFINITIONAL_REPRESENTATION('',(#5517),#5521);
#5517 = LINE('',#5518,#5519);
#5518 = CARTESIAN_POINT('',(0.,0.));
#5519 = VECTOR('',#5520,1.);
#5520 = DIRECTION('',(1.,0.));
#5521 = ( GEOMETRIC_REPRESENTATION_CONTEXT(2) 
PARAMETRIC_REPRESENTATION_CONTEXT() REPRESENTATION_CONTEXT('2D SPACE',''
  ) );
#5522 = ORIENTED_EDGE('',*,*,#5523,.T.);
#5523 = EDGE_CURVE('',#5496,#5297,#5524,.T.);
#5524 = SURFACE_CURVE('',#5525,(#5529,#5536),.PCURVE_S1.);
#5525 = LINE('',#5526,#5527);
#5526 = CARTESIAN_POINT('',(2.989555E+04,-4.,-260.));
#5527 = VECTOR('',#5528,1.);
#5528 = DIRECTION('',(1.,0.,-0.));
#5529 = PCURVE('',#5311,#5530);
#5530 = DEFINITIONAL_REPRESENTATION('',(#5531),#5535);
#5531 = LINE('',#5532,#5533);
#5532 = CARTESIAN_POINT('',(80.,0.));
#5533 = VECTOR('',#5534,1.);
#5534 = DIRECTION('',(0.,1.));
#5535 = ( GEOMETRIC_REPRESENTATION_CONTEXT(2) 
PARAMETRIC_REPRESENTATION_CONTEXT() REPRESENTATION_CONTEXT('2D SPACE',''
  ) );
#5536 = PCURVE('',#5392,#5537);
#5537 = DEFINITIONAL_REPRESENTATION('',(#5538),#5542);
#5538 = LINE('',#5539,#5540);
#5539 = CARTESIAN_POINT('',(0.,0.));
#5540 = VECTOR('',#5541,1.);
#5541 = DIRECTION('',(1.,0.));
#5542 = ( GEOMETRIC_REPRESENTATION_CONTEXT(2) 
PARAMETRIC_REPRESENTATION_CONTEXT() REPRESENTATION_CONTEXT('2D SPACE',''
  ) );
#5543 = ORIENTED_EDGE('',*,*,#5294,.F.);
#5544 = FACE_BOUND('',#5545,.F.);
#5545 = EDGE_LOOP('',(#5546));
#5546 = ORIENTED_EDGE('',*,*,#5547,.T.);
#5547 = EDGE_CURVE('',#5548,#5548,#5550,.T.);
#5548 = VERTEX_POINT('',#5549);
#5549 = CARTESIAN_POINT('',(2.9934E+04,-4.,-300.));
#5550 = SURFACE_CURVE('',#5551,(#5556,#5567),.PCURVE_S1.);
#5551 = CIRCLE('',#5552,9.);
#5552 = AXIS2_PLACEMENT_3D('',#5553,#5554,#5555);
#5553 = CARTESIAN_POINT('',(2.9925E+04,-4.,-300.));
#5554 = DIRECTION('',(0.,-1.,2.22044604925E-16));
#5555 = DIRECTION('',(1.,0.,0.));
#5556 = PCURVE('',#5311,#5557);
#5557 = DEFINITIONAL_REPRESENTATION('',(#5558),#5566);
#5558 = ( BOUNDED_CURVE() B_SPLINE_CURVE(2,(#5559,#5560,#5561,#5562,
#5563,#5564,#5565),.UNSPECIFIED.,.T.,.F.) B_SPLINE_CURVE_WITH_KNOTS((1,2
    ,2,2,2,1),(-2.094395102393,0.,2.094395102393,4.188790204786,
6.28318530718,8.377580409573),.UNSPECIFIED.) CURVE() 
GEOMETRIC_REPRESENTATION_ITEM() RATIONAL_B_SPLINE_CURVE((1.,0.5,1.,0.5,
1.,0.5,1.)) REPRESENTATION_ITEM('') );
#5559 = CARTESIAN_POINT('',(40.,38.45));
#5560 = CARTESIAN_POINT('',(55.58845726812,38.45));
#5561 = CARTESIAN_POINT('',(47.79422863406,24.95));
#5562 = CARTESIAN_POINT('',(40.,11.45));
#5563 = CARTESIAN_POINT('',(32.20577136594,24.95));
#5564 = CARTESIAN_POINT('',(24.41154273188,38.45));
#5565 = CARTESIAN_POINT('',(40.,38.45));
#5566 = ( GEOMETRIC_REPRESENTATION_CONTEXT(2) 
PARAMETRIC_REPRESENTATION_CONTEXT() REPRESENTATION_CONTEXT('2D SPACE',''
  ) );
#5567 = PCURVE('',#5568,#5573);
#5568 = CYLINDRICAL_SURFACE('',#5569,9.);
#5569 = AXIS2_PLACEMENT_3D('',#5570,#5571,#5572);
#5570 = CARTESIAN_POINT('',(2.9925E+04,8.,-300.));
#5571 = DIRECTION('',(0.,-1.,2.22044604925E-16));
#5572 = DIRECTION('',(1.,0.,0.));
#5573 = DEFINITIONAL_REPRESENTATION('',(#5574),#5578);
#5574 = LINE('',#5575,#5576);
#5575 = CARTESIAN_POINT('',(0.,12.));
#5576 = VECTOR('',#5577,1.);
#5577 = DIRECTION('',(1.,0.));
#5578 = ( GEOMETRIC_REPRESENTATION_CONTEXT(2) 
PARAMETRIC_REPRESENTATION_CONTEXT() REPRESENTATION_CONTEXT('2D SPACE',''
  ) );
#5579 = ADVANCED_FACE('',(#5580),#5392,.T.);
#5580 = FACE_BOUND('',#5581,.T.);
#5581 = EDGE_LOOP('',(#5582,#5605,#5626,#5627));
#5582 = ORIENTED_EDGE('',*,*,#5583,.F.);
#5583 = EDGE_CURVE('',#5584,#5352,#5586,.T.);
#5584 = VERTEX_POINT('',#5585);
#5585 = CARTESIAN_POINT('',(2.989555E+04,4.,-260.));
#5586 = SURFACE_CURVE('',#5587,(#5591,#5598),.PCURVE_S1.);
#5587 = LINE('',#5588,#5589);
#5588 = CARTESIAN_POINT('',(2.989555E+04,4.,-260.));
#5589 = VECTOR('',#5590,1.);
#5590 = DIRECTION('',(1.,0.,-0.));
#5591 = PCURVE('',#5392,#5592);
#5592 = DEFINITIONAL_REPRESENTATION('',(#5593),#5597);
#5593 = LINE('',#5594,#5595);
#5594 = CARTESIAN_POINT('',(0.,8.));
#5595 = VECTOR('',#5596,1.);
#5596 = DIRECTION('',(1.,0.));
#5597 = ( GEOMETRIC_REPRESENTATION_CONTEXT(2) 
PARAMETRIC_REPRESENTATION_CONTEXT() REPRESENTATION_CONTEXT('2D SPACE',''
  ) );
#5598 = PCURVE('',#5366,#5599);
#5599 = DEFINITIONAL_REPRESENTATION('',(#5600),#5604);
#5600 = LINE('',#5601,#5602);
#5601 = CARTESIAN_POINT('',(80.,0.));
#5602 = VECTOR('',#5603,1.);
#5603 = DIRECTION('',(0.,1.));
#5604 = ( GEOMETRIC_REPRESENTATION_CONTEXT(2) 
PARAMETRIC_REPRESENTATION_CONTEXT() REPRESENTATION_CONTEXT('2D SPACE',''
  ) );
#5605 = ORIENTED_EDGE('',*,*,#5606,.F.);
#5606 = EDGE_CURVE('',#5496,#5584,#5607,.T.);
#5607 = SURFACE_CURVE('',#5608,(#5612,#5619),.PCURVE_S1.);
#5608 = LINE('',#5609,#5610);
#5609 = CARTESIAN_POINT('',(2.989555E+04,-4.,-260.));
#5610 = VECTOR('',#5611,1.);
#5611 = DIRECTION('',(-0.,1.,0.));
#5612 = PCURVE('',#5392,#5613);
#5613 = DEFINITIONAL_REPRESENTATION('',(#5614),#5618);
#5614 = LINE('',#5615,#5616);
#5615 = CARTESIAN_POINT('',(0.,0.));
#5616 = VECTOR('',#5617,1.);
#5617 = DIRECTION('',(0.,1.));
#5618 = ( GEOMETRIC_REPRESENTATION_CONTEXT(2) 
PARAMETRIC_REPRESENTATION_CONTEXT() REPRESENTATION_CONTEXT('2D SPACE',''
  ) );
#5619 = PCURVE('',#5511,#5620);
#5620 = DEFINITIONAL_REPRESENTATION('',(#5621),#5625);
#5621 = LINE('',#5622,#5623);
#5622 = CARTESIAN_POINT('',(80.,0.));
#5623 = VECTOR('',#5624,1.);
#5624 = DIRECTION('',(0.,-1.));
#5625 = ( GEOMETRIC_REPRESENTATION_CONTEXT(2) 
PARAMETRIC_REPRESENTATION_CONTEXT() REPRESENTATION_CONTEXT('2D SPACE',''
  ) );
#5626 = ORIENTED_EDGE('',*,*,#5523,.T.);
#5627 = ORIENTED_EDGE('',*,*,#5377,.F.);
#5628 = ADVANCED_FACE('',(#5629,#5677),#5366,.T.);
#5629 = FACE_BOUND('',#5630,.T.);
#5630 = EDGE_LOOP('',(#5631,#5654,#5675,#5676));
#5631 = ORIENTED_EDGE('',*,*,#5632,.F.);
#5632 = EDGE_CURVE('',#5633,#5323,#5635,.T.);
#5633 = VERTEX_POINT('',#5634);
#5634 = CARTESIAN_POINT('',(2.989555E+04,4.,-340.));
#5635 = SURFACE_CURVE('',#5636,(#5640,#5647),.PCURVE_S1.);
#5636 = LINE('',#5637,#5638);
#5637 = CARTESIAN_POINT('',(2.989555E+04,4.,-340.));
#5638 = VECTOR('',#5639,1.);
#5639 = DIRECTION('',(1.,0.,-0.));
#5640 = PCURVE('',#5366,#5641);
#5641 = DEFINITIONAL_REPRESENTATION('',(#5642),#5646);
#5642 = LINE('',#5643,#5644);
#5643 = CARTESIAN_POINT('',(0.,0.));
#5644 = VECTOR('',#5645,1.);
#5645 = DIRECTION('',(0.,1.));
#5646 = ( GEOMETRIC_REPRESENTATION_CONTEXT(2) 
PARAMETRIC_REPRESENTATION_CONTEXT() REPRESENTATION_CONTEXT('2D SPACE',''
  ) );
#5647 = PCURVE('',#5339,#5648);
#5648 = DEFINITIONAL_REPRESENTATION('',(#5649),#5653);
#5649 = LINE('',#5650,#5651);
#5650 = CARTESIAN_POINT('',(0.,8.));
#5651 = VECTOR('',#5652,1.);
#5652 = DIRECTION('',(1.,0.));
#5653 = ( GEOMETRIC_REPRESENTATION_CONTEXT(2) 
PARAMETRIC_REPRESENTATION_CONTEXT() REPRESENTATION_CONTEXT('2D SPACE',''
  ) );
#5654 = ORIENTED_EDGE('',*,*,#5655,.T.);
#5655 = EDGE_CURVE('',#5633,#5584,#5656,.T.);
#5656 = SURFACE_CURVE('',#5657,(#5661,#5668),.PCURVE_S1.);
#5657 = LINE('',#5658,#5659);
#5658 = CARTESIAN_POINT('',(2.989555E+04,4.,-340.));
#5659 = VECTOR('',#5660,1.);
#5660 = DIRECTION('',(0.,0.,1.));
#5661 = PCURVE('',#5366,#5662);
#5662 = DEFINITIONAL_REPRESENTATION('',(#5663),#5667);
#5663 = LINE('',#5664,#5665);
#5664 = CARTESIAN_POINT('',(0.,0.));
#5665 = VECTOR('',#5666,1.);
#5666 = DIRECTION('',(1.,0.));
#5667 = ( GEOMETRIC_REPRESENTATION_CONTEXT(2) 
PARAMETRIC_REPRESENTATION_CONTEXT() REPRESENTATION_CONTEXT('2D SPACE',''
  ) );
#5668 = PCURVE('',#5511,#5669);
#5669 = DEFINITIONAL_REPRESENTATION('',(#5670),#5674);
#5670 = LINE('',#5671,#5672);
#5671 = CARTESIAN_POINT('',(0.,-8.));
#5672 = VECTOR('',#5673,1.);
#5673 = DIRECTION('',(1.,0.));
#5674 = ( GEOMETRIC_REPRESENTATION_CONTEXT(2) 
PARAMETRIC_REPRESENTATION_CONTEXT() REPRESENTATION_CONTEXT('2D SPACE',''
  ) );
#5675 = ORIENTED_EDGE('',*,*,#5583,.T.);
#5676 = ORIENTED_EDGE('',*,*,#5351,.F.);
#5677 = FACE_BOUND('',#5678,.T.);
#5678 = EDGE_LOOP('',(#5679));
#5679 = ORIENTED_EDGE('',*,*,#5680,.T.);
#5680 = EDGE_CURVE('',#5681,#5681,#5683,.T.);
#5681 = VERTEX_POINT('',#5682);
#5682 = CARTESIAN_POINT('',(2.9934E+04,4.,-300.));
#5683 = SURFACE_CURVE('',#5684,(#5689,#5700),.PCURVE_S1.);
#5684 = CIRCLE('',#5685,9.);
#5685 = AXIS2_PLACEMENT_3D('',#5686,#5687,#5688);
#5686 = CARTESIAN_POINT('',(2.9925E+04,4.,-300.));
#5687 = DIRECTION('',(0.,-1.,2.22044604925E-16));
#5688 = DIRECTION('',(1.,0.,0.));
#5689 = PCURVE('',#5366,#5690);
#5690 = DEFINITIONAL_REPRESENTATION('',(#5691),#5699);
#5691 = ( BOUNDED_CURVE() B_SPLINE_CURVE(2,(#5692,#5693,#5694,#5695,
#5696,#5697,#5698),.UNSPECIFIED.,.T.,.F.) B_SPLINE_CURVE_WITH_KNOTS((1,2
    ,2,2,2,1),(-2.094395102393,0.,2.094395102393,4.188790204786,
6.28318530718,8.377580409573),.UNSPECIFIED.) CURVE() 
GEOMETRIC_REPRESENTATION_ITEM() RATIONAL_B_SPLINE_CURVE((1.,0.5,1.,0.5,
1.,0.5,1.)) REPRESENTATION_ITEM('') );
#5692 = CARTESIAN_POINT('',(40.,38.45));
#5693 = CARTESIAN_POINT('',(55.58845726812,38.45));
#5694 = CARTESIAN_POINT('',(47.79422863406,24.95));
#5695 = CARTESIAN_POINT('',(40.,11.45));
#5696 = CARTESIAN_POINT('',(32.20577136594,24.95));
#5697 = CARTESIAN_POINT('',(24.41154273188,38.45));
#5698 = CARTESIAN_POINT('',(40.,38.45));
#5699 = ( GEOMETRIC_REPRESENTATION_CONTEXT(2) 
PARAMETRIC_REPRESENTATION_CONTEXT() REPRESENTATION_CONTEXT('2D SPACE',''
  ) );
#5700 = PCURVE('',#5568,#5701);
#5701 = DEFINITIONAL_REPRESENTATION('',(#5702),#5706);
#5702 = LINE('',#5703,#5704);
#5703 = CARTESIAN_POINT('',(0.,4.));
#5704 = VECTOR('',#5705,1.);
#5705 = DIRECTION('',(1.,0.));
#5706 = ( GEOMETRIC_REPRESENTATION_CONTEXT(2) 
PARAMETRIC_REPRESENTATION_CONTEXT() REPRESENTATION_CONTEXT('2D SPACE',''
  ) );
#5707 = ADVANCED_FACE('',(#5708),#5339,.F.);
#5708 = FACE_BOUND('',#5709,.F.);
#5709 = EDGE_LOOP('',(#5710,#5711,#5732,#5733));
#5710 = ORIENTED_EDGE('',*,*,#5632,.F.);
#5711 = ORIENTED_EDGE('',*,*,#5712,.F.);
#5712 = EDGE_CURVE('',#5473,#5633,#5713,.T.);
#5713 = SURFACE_CURVE('',#5714,(#5718,#5725),.PCURVE_S1.);
#5714 = LINE('',#5715,#5716);
#5715 = CARTESIAN_POINT('',(2.989555E+04,-4.,-340.));
#5716 = VECTOR('',#5717,1.);
#5717 = DIRECTION('',(-0.,1.,0.));
#5718 = PCURVE('',#5339,#5719);
#5719 = DEFINITIONAL_REPRESENTATION('',(#5720),#5724);
#5720 = LINE('',#5721,#5722);
#5721 = CARTESIAN_POINT('',(0.,0.));
#5722 = VECTOR('',#5723,1.);
#5723 = DIRECTION('',(0.,1.));
#5724 = ( GEOMETRIC_REPRESENTATION_CONTEXT(2) 
PARAMETRIC_REPRESENTATION_CONTEXT() REPRESENTATION_CONTEXT('2D SPACE',''
  ) );
#5725 = PCURVE('',#5511,#5726);
#5726 = DEFINITIONAL_REPRESENTATION('',(#5727),#5731);
#5727 = LINE('',#5728,#5729);
#5728 = CARTESIAN_POINT('',(0.,0.));
#5729 = VECTOR('',#5730,1.);
#5730 = DIRECTION('',(0.,-1.));
#5731 = ( GEOMETRIC_REPRESENTATION_CONTEXT(2) 
PARAMETRIC_REPRESENTATION_CONTEXT() REPRESENTATION_CONTEXT('2D SPACE',''
  ) );
#5732 = ORIENTED_EDGE('',*,*,#5472,.T.);
#5733 = ORIENTED_EDGE('',*,*,#5322,.F.);
#5734 = ADVANCED_FACE('',(#5735),#5427,.F.);
#5735 = FACE_BOUND('',#5736,.F.);
#5736 = EDGE_LOOP('',(#5737,#5738,#5759,#5760));
#5737 = ORIENTED_EDGE('',*,*,#5445,.F.);
#5738 = ORIENTED_EDGE('',*,*,#5739,.F.);
#5739 = EDGE_CURVE('',#5411,#5446,#5740,.T.);
#5740 = SEAM_CURVE('',#5741,(#5745,#5752),.PCURVE_S1.);
#5741 = LINE('',#5742,#5743);
#5742 = CARTESIAN_POINT('',(3.004125E+04,-1.010333609297E-14,-401.));
#5743 = VECTOR('',#5744,1.);
#5744 = DIRECTION('',(0.,0.,1.));
#5745 = PCURVE('',#5427,#5746);
#5746 = DEFINITIONAL_REPRESENTATION('',(#5747),#5751);
#5747 = LINE('',#5748,#5749);
#5748 = CARTESIAN_POINT('',(6.28318530718,-0.));
#5749 = VECTOR('',#5750,1.);
#5750 = DIRECTION('',(0.,1.));
#5751 = ( GEOMETRIC_REPRESENTATION_CONTEXT(2) 
PARAMETRIC_REPRESENTATION_CONTEXT() REPRESENTATION_CONTEXT('2D SPACE',''
  ) );
#5752 = PCURVE('',#5427,#5753);
#5753 = DEFINITIONAL_REPRESENTATION('',(#5754),#5758);
#5754 = LINE('',#5755,#5756);
#5755 = CARTESIAN_POINT('',(0.,-0.));
#5756 = VECTOR('',#5757,1.);
#5757 = DIRECTION('',(0.,1.));
#5758 = ( GEOMETRIC_REPRESENTATION_CONTEXT(2) 
PARAMETRIC_REPRESENTATION_CONTEXT() REPRESENTATION_CONTEXT('2D SPACE',''
  ) );
#5759 = ORIENTED_EDGE('',*,*,#5410,.T.);
#5760 = ORIENTED_EDGE('',*,*,#5739,.T.);
#5761 = ADVANCED_FACE('',(#5762),#5511,.F.);
#5762 = FACE_BOUND('',#5763,.F.);
#5763 = EDGE_LOOP('',(#5764,#5765,#5766,#5767));
#5764 = ORIENTED_EDGE('',*,*,#5495,.F.);
#5765 = ORIENTED_EDGE('',*,*,#5712,.T.);
#5766 = ORIENTED_EDGE('',*,*,#5655,.T.);
#5767 = ORIENTED_EDGE('',*,*,#5606,.F.);
#5768 = ADVANCED_FACE('',(#5769),#5568,.F.);
#5769 = FACE_BOUND('',#5770,.F.);
#5770 = EDGE_LOOP('',(#5771,#5772,#5793,#5794));
#5771 = ORIENTED_EDGE('',*,*,#5547,.F.);
#5772 = ORIENTED_EDGE('',*,*,#5773,.F.);
#5773 = EDGE_CURVE('',#5681,#5548,#5774,.T.);
#5774 = SEAM_CURVE('',#5775,(#5779,#5786),.PCURVE_S1.);
#5775 = LINE('',#5776,#5777);
#5776 = CARTESIAN_POINT('',(2.9934E+04,8.,-300.));
#5777 = VECTOR('',#5778,1.);
#5778 = DIRECTION('',(0.,-1.,2.22044604925E-16));
#5779 = PCURVE('',#5568,#5780);
#5780 = DEFINITIONAL_REPRESENTATION('',(#5781),#5785);
#5781 = LINE('',#5782,#5783);
#5782 = CARTESIAN_POINT('',(6.28318530718,-0.));
#5783 = VECTOR('',#5784,1.);
#5784 = DIRECTION('',(0.,1.));
#5785 = ( GEOMETRIC_REPRESENTATION_CONTEXT(2) 
PARAMETRIC_REPRESENTATION_CONTEXT() REPRESENTATION_CONTEXT('2D SPACE',''
  ) );
#5786 = PCURVE('',#5568,#5787);
#5787 = DEFINITIONAL_REPRESENTATION('',(#5788),#5792);
#5788 = LINE('',#5789,#5790);
#5789 = CARTESIAN_POINT('',(0.,-0.));
#5790 = VECTOR('',#5791,1.);
#5791 = DIRECTION('',(0.,1.));
#5792 = ( GEOMETRIC_REPRESENTATION_CONTEXT(2) 
PARAMETRIC_REPRESENTATION_CONTEXT() REPRESENTATION_CONTEXT('2D SPACE',''
  ) );
#5793 = ORIENTED_EDGE('',*,*,#5680,.T.);
#5794 = ORIENTED_EDGE('',*,*,#5773,.T.);
#5795 = MANIFOLD_SOLID_BREP('',#5796);
#5796 = CLOSED_SHELL('',(#5797,#5918,#5992,#6040,#6334,#6361,#6472,#6521
    ,#6670,#6717,#6744,#6794,#6819,#6874,#6881,#6908,#6915));
#5797 = ADVANCED_FACE('',(#5798),#5812,.F.);
#5798 = FACE_BOUND('',#5799,.F.);
#5799 = EDGE_LOOP('',(#5800,#5835,#5864,#5892));
#5800 = ORIENTED_EDGE('',*,*,#5801,.F.);
#5801 = EDGE_CURVE('',#5802,#5804,#5806,.T.);
#5802 = VERTEX_POINT('',#5803);
#5803 = CARTESIAN_POINT('',(2.983484658438E+04,19.999999999998,-314.));
#5804 = VERTEX_POINT('',#5805);
#5805 = CARTESIAN_POINT('',(2.9852E+04,20.,-314.));
#5806 = SURFACE_CURVE('',#5807,(#5811,#5823),.PCURVE_S1.);
#5807 = LINE('',#5808,#5809);
#5808 = CARTESIAN_POINT('',(2.9773E+04,20.,-314.));
#5809 = VECTOR('',#5810,1.);
#5810 = DIRECTION('',(1.,0.,-0.));
#5811 = PCURVE('',#5812,#5817);
#5812 = PLANE('',#5813);
#5813 = AXIS2_PLACEMENT_3D('',#5814,#5815,#5816);
#5814 = CARTESIAN_POINT('',(2.9773E+04,0.,-314.));
#5815 = DIRECTION('',(0.,0.,1.));
#5816 = DIRECTION('',(1.,0.,-0.));
#5817 = DEFINITIONAL_REPRESENTATION('',(#5818),#5822);
#5818 = LINE('',#5819,#5820);
#5819 = CARTESIAN_POINT('',(0.,20.));
#5820 = VECTOR('',#5821,1.);
#5821 = DIRECTION('',(1.,0.));
#5822 = ( GEOMETRIC_REPRESENTATION_CONTEXT(2) 
PARAMETRIC_REPRESENTATION_CONTEXT() REPRESENTATION_CONTEXT('2D SPACE',''
  ) );
#5823 = PCURVE('',#5824,#5829);
#5824 = PLANE('',#5825);
#5825 = AXIS2_PLACEMENT_3D('',#5826,#5827,#5828);
#5826 = CARTESIAN_POINT('',(2.9773E+04,20.,-314.));
#5827 = DIRECTION('',(-0.,1.,0.));
#5828 = DIRECTION('',(0.,0.,1.));
#5829 = DEFINITIONAL_REPRESENTATION('',(#5830),#5834);
#5830 = LINE('',#5831,#5832);
#5831 = CARTESIAN_POINT('',(0.,0.));
#5832 = VECTOR('',#5833,1.);
#5833 = DIRECTION('',(0.,1.));
#5834 = ( GEOMETRIC_REPRESENTATION_CONTEXT(2) 
PARAMETRIC_REPRESENTATION_CONTEXT() REPRESENTATION_CONTEXT('2D SPACE',''
  ) );
#5835 = ORIENTED_EDGE('',*,*,#5836,.T.);
#5836 = EDGE_CURVE('',#5802,#5837,#5839,.T.);
#5837 = VERTEX_POINT('',#5838);
#5838 = CARTESIAN_POINT('',(2.983484658438E+04,-19.99999999999,-314.));
#5839 = SURFACE_CURVE('',#5840,(#5845,#5852),.PCURVE_S1.);
#5840 = CIRCLE('',#5841,65.);
#5841 = AXIS2_PLACEMENT_3D('',#5842,#5843,#5844);
#5842 = CARTESIAN_POINT('',(2.9773E+04,0.,-314.));
#5843 = DIRECTION('',(0.,0.,1.));
#5844 = DIRECTION('',(1.,0.,-0.));
#5845 = PCURVE('',#5812,#5846);
#5846 = DEFINITIONAL_REPRESENTATION('',(#5847),#5851);
#5847 = CIRCLE('',#5848,65.);
#5848 = AXIS2_PLACEMENT_2D('',#5849,#5850);
#5849 = CARTESIAN_POINT('',(0.,0.));
#5850 = DIRECTION('',(1.,0.));
#5851 = ( GEOMETRIC_REPRESENTATION_CONTEXT(2) 
PARAMETRIC_REPRESENTATION_CONTEXT() REPRESENTATION_CONTEXT('2D SPACE',''
  ) );
#5852 = PCURVE('',#5853,#5858);
#5853 = CYLINDRICAL_SURFACE('',#5854,65.);
#5854 = AXIS2_PLACEMENT_3D('',#5855,#5856,#5857);
#5855 = CARTESIAN_POINT('',(2.9773E+04,0.,-314.));
#5856 = DIRECTION('',(0.,0.,1.));
#5857 = DIRECTION('',(1.,0.,-0.));
#5858 = DEFINITIONAL_REPRESENTATION('',(#5859),#5863);
#5859 = LINE('',#5860,#5861);
#5860 = CARTESIAN_POINT('',(0.,0.));
#5861 = VECTOR('',#5862,1.);
#5862 = DIRECTION('',(1.,0.));
#5863 = ( GEOMETRIC_REPRESENTATION_CONTEXT(2) 
PARAMETRIC_REPRESENTATION_CONTEXT() REPRESENTATION_CONTEXT('2D SPACE',''
  ) );
#5864 = ORIENTED_EDGE('',*,*,#5865,.T.);
#5865 = EDGE_CURVE('',#5837,#5866,#5868,.T.);
#5866 = VERTEX_POINT('',#5867);
#5867 = CARTESIAN_POINT('',(2.9852E+04,-20.,-314.));
#5868 = SURFACE_CURVE('',#5869,(#5873,#5880),.PCURVE_S1.);
#5869 = LINE('',#5870,#5871);
#5870 = CARTESIAN_POINT('',(2.9773E+04,-20.,-314.));
#5871 = VECTOR('',#5872,1.);
#5872 = DIRECTION('',(1.,0.,-0.));
#5873 = PCURVE('',#5812,#5874);
#5874 = DEFINITIONAL_REPRESENTATION('',(#5875),#5879);
#5875 = LINE('',#5876,#5877);
#5876 = CARTESIAN_POINT('',(0.,-20.));
#5877 = VECTOR('',#5878,1.);
#5878 = DIRECTION('',(1.,0.));
#5879 = ( GEOMETRIC_REPRESENTATION_CONTEXT(2) 
PARAMETRIC_REPRESENTATION_CONTEXT() REPRESENTATION_CONTEXT('2D SPACE',''
  ) );
#5880 = PCURVE('',#5881,#5886);
#5881 = PLANE('',#5882);
#5882 = AXIS2_PLACEMENT_3D('',#5883,#5884,#5885);
#5883 = CARTESIAN_POINT('',(2.9773E+04,-20.,-314.));
#5884 = DIRECTION('',(-0.,1.,0.));
#5885 = DIRECTION('',(0.,0.,1.));
#5886 = DEFINITIONAL_REPRESENTATION('',(#5887),#5891);
#5887 = LINE('',#5888,#5889);
#5888 = CARTESIAN_POINT('',(0.,0.));
#5889 = VECTOR('',#5890,1.);
#5890 = DIRECTION('',(0.,1.));
#5891 = ( GEOMETRIC_REPRESENTATION_CONTEXT(2) 
PARAMETRIC_REPRESENTATION_CONTEXT() REPRESENTATION_CONTEXT('2D SPACE',''
  ) );
#5892 = ORIENTED_EDGE('',*,*,#5893,.T.);
#5893 = EDGE_CURVE('',#5866,#5804,#5894,.T.);
#5894 = SURFACE_CURVE('',#5895,(#5899,#5906),.PCURVE_S1.);
#5895 = LINE('',#5896,#5897);
#5896 = CARTESIAN_POINT('',(2.9852E+04,-20.,-314.));
#5897 = VECTOR('',#5898,1.);
#5898 = DIRECTION('',(-0.,1.,0.));
#5899 = PCURVE('',#5812,#5900);
#5900 = DEFINITIONAL_REPRESENTATION('',(#5901),#5905);
#5901 = LINE('',#5902,#5903);
#5902 = CARTESIAN_POINT('',(79.,-20.));
#5903 = VECTOR('',#5904,1.);
#5904 = DIRECTION('',(0.,1.));
#5905 = ( GEOMETRIC_REPRESENTATION_CONTEXT(2) 
PARAMETRIC_REPRESENTATION_CONTEXT() REPRESENTATION_CONTEXT('2D SPACE',''
  ) );
#5906 = PCURVE('',#5907,#5912);
#5907 = PLANE('',#5908);
#5908 = AXIS2_PLACEMENT_3D('',#5909,#5910,#5911);
#5909 = CARTESIAN_POINT('',(2.9852E+04,-20.,-314.));
#5910 = DIRECTION('',(1.,0.,-0.));
#5911 = DIRECTION('',(0.,0.,1.));
#5912 = DEFINITIONAL_REPRESENTATION('',(#5913),#5917);
#5913 = LINE('',#5914,#5915);
#5914 = CARTESIAN_POINT('',(0.,0.));
#5915 = VECTOR('',#5916,1.);
#5916 = DIRECTION('',(0.,-1.));
#5917 = ( GEOMETRIC_REPRESENTATION_CONTEXT(2) 
PARAMETRIC_REPRESENTATION_CONTEXT() REPRESENTATION_CONTEXT('2D SPACE',''
  ) );
#5918 = ADVANCED_FACE('',(#5919),#5824,.T.);
#5919 = FACE_BOUND('',#5920,.T.);
#5920 = EDGE_LOOP('',(#5921,#5922,#5943,#5971));
#5921 = ORIENTED_EDGE('',*,*,#5801,.F.);
#5922 = ORIENTED_EDGE('',*,*,#5923,.T.);
#5923 = EDGE_CURVE('',#5802,#5924,#5926,.T.);
#5924 = VERTEX_POINT('',#5925);
#5925 = CARTESIAN_POINT('',(2.983484658438E+04,19.999999999998,-311.));
#5926 = SURFACE_CURVE('',#5927,(#5931,#5937),.PCURVE_S1.);
#5927 = LINE('',#5928,#5929);
#5928 = CARTESIAN_POINT('',(2.983484658438E+04,20.,-314.));
#5929 = VECTOR('',#5930,1.);
#5930 = DIRECTION('',(0.,0.,1.));
#5931 = PCURVE('',#5824,#5932);
#5932 = DEFINITIONAL_REPRESENTATION('',(#5933),#5936);
#5933 = B_SPLINE_CURVE_WITH_KNOTS('',1,(#5934,#5935),.UNSPECIFIED.,.F.,
  .F.,(2,2),(-2.400000028047E-06,3.0000024),.PIECEWISE_BEZIER_KNOTS.);
#5934 = CARTESIAN_POINT('',(-2.400000028047E-06,61.846584384265));
#5935 = CARTESIAN_POINT('',(3.0000024,61.846584384265));
#5936 = ( GEOMETRIC_REPRESENTATION_CONTEXT(2) 
PARAMETRIC_REPRESENTATION_CONTEXT() REPRESENTATION_CONTEXT('2D SPACE',''
  ) );
#5937 = PCURVE('',#5853,#5938);
#5938 = DEFINITIONAL_REPRESENTATION('',(#5939),#5942);
#5939 = B_SPLINE_CURVE_WITH_KNOTS('',1,(#5940,#5941),.UNSPECIFIED.,.F.,
  .F.,(2,2),(-2.400000028047E-06,3.0000024),.PIECEWISE_BEZIER_KNOTS.);
#5940 = CARTESIAN_POINT('',(0.312766721942,-2.400000028047E-06));
#5941 = CARTESIAN_POINT('',(0.312766721942,3.0000024));
#5942 = ( GEOMETRIC_REPRESENTATION_CONTEXT(2) 
PARAMETRIC_REPRESENTATION_CONTEXT() REPRESENTATION_CONTEXT('2D SPACE',''
  ) );
#5943 = ORIENTED_EDGE('',*,*,#5944,.T.);
#5944 = EDGE_CURVE('',#5924,#5945,#5947,.T.);
#5945 = VERTEX_POINT('',#5946);
#5946 = CARTESIAN_POINT('',(2.9852E+04,20.,-311.));
#5947 = SURFACE_CURVE('',#5948,(#5952,#5959),.PCURVE_S1.);
#5948 = LINE('',#5949,#5950);
#5949 = CARTESIAN_POINT('',(2.9773E+04,20.,-311.));
#5950 = VECTOR('',#5951,1.);
#5951 = DIRECTION('',(1.,0.,-0.));
#5952 = PCURVE('',#5824,#5953);
#5953 = DEFINITIONAL_REPRESENTATION('',(#5954),#5958);
#5954 = LINE('',#5955,#5956);
#5955 = CARTESIAN_POINT('',(3.,0.));
#5956 = VECTOR('',#5957,1.);
#5957 = DIRECTION('',(0.,1.));
#5958 = ( GEOMETRIC_REPRESENTATION_CONTEXT(2) 
PARAMETRIC_REPRESENTATION_CONTEXT() REPRESENTATION_CONTEXT('2D SPACE',''
  ) );
#5959 = PCURVE('',#5960,#5965);
#5960 = PLANE('',#5961);
#5961 = AXIS2_PLACEMENT_3D('',#5962,#5963,#5964);
#5962 = CARTESIAN_POINT('',(2.9773E+04,-20.,-311.));
#5963 = DIRECTION('',(0.,0.,1.));
#5964 = DIRECTION('',(1.,0.,-0.));
#5965 = DEFINITIONAL_REPRESENTATION('',(#5966),#5970);
#5966 = LINE('',#5967,#5968);
#5967 = CARTESIAN_POINT('',(0.,40.));
#5968 = VECTOR('',#5969,1.);
#5969 = DIRECTION('',(1.,0.));
#5970 = ( GEOMETRIC_REPRESENTATION_CONTEXT(2) 
PARAMETRIC_REPRESENTATION_CONTEXT() REPRESENTATION_CONTEXT('2D SPACE',''
  ) );
#5971 = ORIENTED_EDGE('',*,*,#5972,.F.);
#5972 = EDGE_CURVE('',#5804,#5945,#5973,.T.);
#5973 = SURFACE_CURVE('',#5974,(#5978,#5985),.PCURVE_S1.);
#5974 = LINE('',#5975,#5976);
#5975 = CARTESIAN_POINT('',(2.9852E+04,20.,-314.));
#5976 = VECTOR('',#5977,1.);
#5977 = DIRECTION('',(0.,0.,1.));
#5978 = PCURVE('',#5824,#5979);
#5979 = DEFINITIONAL_REPRESENTATION('',(#5980),#5984);
#5980 = LINE('',#5981,#5982);
#5981 = CARTESIAN_POINT('',(0.,79.));
#5982 = VECTOR('',#5983,1.);
#5983 = DIRECTION('',(1.,0.));
#5984 = ( GEOMETRIC_REPRESENTATION_CONTEXT(2) 
PARAMETRIC_REPRESENTATION_CONTEXT() REPRESENTATION_CONTEXT('2D SPACE',''
  ) );
#5985 = PCURVE('',#5907,#5986);
#5986 = DEFINITIONAL_REPRESENTATION('',(#5987),#5991);
#5987 = LINE('',#5988,#5989);
#5988 = CARTESIAN_POINT('',(0.,-40.));
#5989 = VECTOR('',#5990,1.);
#5990 = DIRECTION('',(1.,0.));
#5991 = ( GEOMETRIC_REPRESENTATION_CONTEXT(2) 
PARAMETRIC_REPRESENTATION_CONTEXT() REPRESENTATION_CONTEXT('2D SPACE',''
  ) );
#5992 = ADVANCED_FACE('',(#5993),#5853,.T.);
#5993 = FACE_BOUND('',#5994,.T.);
#5994 = EDGE_LOOP('',(#5995,#6019,#6020,#6021));
#5995 = ORIENTED_EDGE('',*,*,#5996,.F.);
#5996 = EDGE_CURVE('',#5924,#5997,#5999,.T.);
#5997 = VERTEX_POINT('',#5998);
#5998 = CARTESIAN_POINT('',(2.983484658438E+04,-19.99999999999,-311.));
#5999 = SURFACE_CURVE('',#6000,(#6005,#6012),.PCURVE_S1.);
#6000 = CIRCLE('',#6001,65.);
#6001 = AXIS2_PLACEMENT_3D('',#6002,#6003,#6004);
#6002 = CARTESIAN_POINT('',(2.9773E+04,0.,-311.));
#6003 = DIRECTION('',(0.,0.,1.));
#6004 = DIRECTION('',(1.,0.,-0.));
#6005 = PCURVE('',#5853,#6006);
#6006 = DEFINITIONAL_REPRESENTATION('',(#6007),#6011);
#6007 = LINE('',#6008,#6009);
#6008 = CARTESIAN_POINT('',(0.,3.));
#6009 = VECTOR('',#6010,1.);
#6010 = DIRECTION('',(1.,0.));
#6011 = ( GEOMETRIC_REPRESENTATION_CONTEXT(2) 
PARAMETRIC_REPRESENTATION_CONTEXT() REPRESENTATION_CONTEXT('2D SPACE',''
  ) );
#6012 = PCURVE('',#5960,#6013);
#6013 = DEFINITIONAL_REPRESENTATION('',(#6014),#6018);
#6014 = CIRCLE('',#6015,65.);
#6015 = AXIS2_PLACEMENT_2D('',#6016,#6017);
#6016 = CARTESIAN_POINT('',(0.,20.));
#6017 = DIRECTION('',(1.,0.));
#6018 = ( GEOMETRIC_REPRESENTATION_CONTEXT(2) 
PARAMETRIC_REPRESENTATION_CONTEXT() REPRESENTATION_CONTEXT('2D SPACE',''
  ) );
#6019 = ORIENTED_EDGE('',*,*,#5923,.F.);
#6020 = ORIENTED_EDGE('',*,*,#5836,.T.);
#6021 = ORIENTED_EDGE('',*,*,#6022,.T.);
#6022 = EDGE_CURVE('',#5837,#5997,#6023,.T.);
#6023 = SURFACE_CURVE('',#6024,(#6028,#6034),.PCURVE_S1.);
#6024 = LINE('',#6025,#6026);
#6025 = CARTESIAN_POINT('',(2.983484658438E+04,-20.,-314.));
#6026 = VECTOR('',#6027,1.);
#6027 = DIRECTION('',(0.,0.,1.));
#6028 = PCURVE('',#5853,#6029);
#6029 = DEFINITIONAL_REPRESENTATION('',(#6030),#6033);
#6030 = B_SPLINE_CURVE_WITH_KNOTS('',1,(#6031,#6032),.UNSPECIFIED.,.F.,
  .F.,(2,2),(-2.400000028047E-06,3.0000024),.PIECEWISE_BEZIER_KNOTS.);
#6031 = CARTESIAN_POINT('',(5.970418585238,-2.400000028047E-06));
#6032 = CARTESIAN_POINT('',(5.970418585238,3.0000024));
#6033 = ( GEOMETRIC_REPRESENTATION_CONTEXT(2) 
PARAMETRIC_REPRESENTATION_CONTEXT() REPRESENTATION_CONTEXT('2D SPACE',''
  ) );
#6034 = PCURVE('',#5881,#6035);
#6035 = DEFINITIONAL_REPRESENTATION('',(#6036),#6039);
#6036 = B_SPLINE_CURVE_WITH_KNOTS('',1,(#6037,#6038),.UNSPECIFIED.,.F.,
  .F.,(2,2),(-2.400000028047E-06,3.0000024),.PIECEWISE_BEZIER_KNOTS.);
#6037 = CARTESIAN_POINT('',(-2.400000028047E-06,61.846584384265));
#6038 = CARTESIAN_POINT('',(3.0000024,61.846584384265));
#6039 = ( GEOMETRIC_REPRESENTATION_CONTEXT(2) 
PARAMETRIC_REPRESENTATION_CONTEXT() REPRESENTATION_CONTEXT('2D SPACE',''
  ) );
#6040 = ADVANCED_FACE('',(#6041,#6303),#5907,.T.);
#6041 = FACE_BOUND('',#6042,.T.);
#6042 = EDGE_LOOP('',(#6043,#6066,#6067,#6068,#6091,#6119,#6147,#6175,
    #6203,#6231,#6254,#6282));
#6043 = ORIENTED_EDGE('',*,*,#6044,.F.);
#6044 = EDGE_CURVE('',#5866,#6045,#6047,.T.);
#6045 = VERTEX_POINT('',#6046);
#6046 = CARTESIAN_POINT('',(2.9852E+04,-20.,-311.));
#6047 = SURFACE_CURVE('',#6048,(#6052,#6059),.PCURVE_S1.);
#6048 = LINE('',#6049,#6050);
#6049 = CARTESIAN_POINT('',(2.9852E+04,-20.,-314.));
#6050 = VECTOR('',#6051,1.);
#6051 = DIRECTION('',(0.,0.,1.));
#6052 = PCURVE('',#5907,#6053);
#6053 = DEFINITIONAL_REPRESENTATION('',(#6054),#6058);
#6054 = LINE('',#6055,#6056);
#6055 = CARTESIAN_POINT('',(0.,0.));
#6056 = VECTOR('',#6057,1.);
#6057 = DIRECTION('',(1.,0.));
#6058 = ( GEOMETRIC_REPRESENTATION_CONTEXT(2) 
PARAMETRIC_REPRESENTATION_CONTEXT() REPRESENTATION_CONTEXT('2D SPACE',''
  ) );
#6059 = PCURVE('',#5881,#6060);
#6060 = DEFINITIONAL_REPRESENTATION('',(#6061),#6065);
#6061 = LINE('',#6062,#6063);
#6062 = CARTESIAN_POINT('',(0.,79.));
#6063 = VECTOR('',#6064,1.);
#6064 = DIRECTION('',(1.,0.));
#6065 = ( GEOMETRIC_REPRESENTATION_CONTEXT(2) 
PARAMETRIC_REPRESENTATION_CONTEXT() REPRESENTATION_CONTEXT('2D SPACE',''
  ) );
#6066 = ORIENTED_EDGE('',*,*,#5893,.T.);
#6067 = ORIENTED_EDGE('',*,*,#5972,.T.);
#6068 = ORIENTED_EDGE('',*,*,#6069,.F.);
#6069 = EDGE_CURVE('',#6070,#5945,#6072,.T.);
#6070 = VERTEX_POINT('',#6071);
#6071 = CARTESIAN_POINT('',(2.9852E+04,12.,-311.));
#6072 = SURFACE_CURVE('',#6073,(#6077,#6084),.PCURVE_S1.);
#6073 = LINE('',#6074,#6075);
#6074 = CARTESIAN_POINT('',(2.9852E+04,-20.,-311.));
#6075 = VECTOR('',#6076,1.);
#6076 = DIRECTION('',(-0.,1.,0.));
#6077 = PCURVE('',#5907,#6078);
#6078 = DEFINITIONAL_REPRESENTATION('',(#6079),#6083);
#6079 = LINE('',#6080,#6081);
#6080 = CARTESIAN_POINT('',(3.,0.));
#6081 = VECTOR('',#6082,1.);
#6082 = DIRECTION('',(0.,-1.));
#6083 = ( GEOMETRIC_REPRESENTATION_CONTEXT(2) 
PARAMETRIC_REPRESENTATION_CONTEXT() REPRESENTATION_CONTEXT('2D SPACE',''
  ) );
#6084 = PCURVE('',#5960,#6085);
#6085 = DEFINITIONAL_REPRESENTATION('',(#6086),#6090);
#6086 = LINE('',#6087,#6088);
#6087 = CARTESIAN_POINT('',(79.,0.));
#6088 = VECTOR('',#6089,1.);
#6089 = DIRECTION('',(0.,1.));
#6090 = ( GEOMETRIC_REPRESENTATION_CONTEXT(2) 
PARAMETRIC_REPRESENTATION_CONTEXT() REPRESENTATION_CONTEXT('2D SPACE',''
  ) );
#6091 = ORIENTED_EDGE('',*,*,#6092,.T.);
#6092 = EDGE_CURVE('',#6070,#6093,#6095,.T.);
#6093 = VERTEX_POINT('',#6094);
#6094 = CARTESIAN_POINT('',(2.9852E+04,12.,-289.));
#6095 = SURFACE_CURVE('',#6096,(#6100,#6107),.PCURVE_S1.);
#6096 = LINE('',#6097,#6098);
#6097 = CARTESIAN_POINT('',(2.9852E+04,12.,-311.));
#6098 = VECTOR('',#6099,1.);
#6099 = DIRECTION('',(0.,0.,1.));
#6100 = PCURVE('',#5907,#6101);
#6101 = DEFINITIONAL_REPRESENTATION('',(#6102),#6106);
#6102 = LINE('',#6103,#6104);
#6103 = CARTESIAN_POINT('',(3.,-32.));
#6104 = VECTOR('',#6105,1.);
#6105 = DIRECTION('',(1.,0.));
#6106 = ( GEOMETRIC_REPRESENTATION_CONTEXT(2) 
PARAMETRIC_REPRESENTATION_CONTEXT() REPRESENTATION_CONTEXT('2D SPACE',''
  ) );
#6107 = PCURVE('',#6108,#6113);
#6108 = PLANE('',#6109);
#6109 = AXIS2_PLACEMENT_3D('',#6110,#6111,#6112);
#6110 = CARTESIAN_POINT('',(2.9838E+04,12.,-311.));
#6111 = DIRECTION('',(-0.,1.,0.));
#6112 = DIRECTION('',(0.,0.,1.));
#6113 = DEFINITIONAL_REPRESENTATION('',(#6114),#6118);
#6114 = LINE('',#6115,#6116);
#6115 = CARTESIAN_POINT('',(0.,14.));
#6116 = VECTOR('',#6117,1.);
#6117 = DIRECTION('',(1.,0.));
#6118 = ( GEOMETRIC_REPRESENTATION_CONTEXT(2) 
PARAMETRIC_REPRESENTATION_CONTEXT() REPRESENTATION_CONTEXT('2D SPACE',''
  ) );
#6119 = ORIENTED_EDGE('',*,*,#6120,.T.);
#6120 = EDGE_CURVE('',#6093,#6121,#6123,.T.);
#6121 = VERTEX_POINT('',#6122);
#6122 = CARTESIAN_POINT('',(2.9852E+04,20.,-289.));
#6123 = SURFACE_CURVE('',#6124,(#6128,#6135),.PCURVE_S1.);
#6124 = LINE('',#6125,#6126);
#6125 = CARTESIAN_POINT('',(2.9852E+04,-20.,-289.));
#6126 = VECTOR('',#6127,1.);
#6127 = DIRECTION('',(-0.,1.,0.));
#6128 = PCURVE('',#5907,#6129);
#6129 = DEFINITIONAL_REPRESENTATION('',(#6130),#6134);
#6130 = LINE('',#6131,#6132);
#6131 = CARTESIAN_POINT('',(25.,0.));
#6132 = VECTOR('',#6133,1.);
#6133 = DIRECTION('',(0.,-1.));
#6134 = ( GEOMETRIC_REPRESENTATION_CONTEXT(2) 
PARAMETRIC_REPRESENTATION_CONTEXT() REPRESENTATION_CONTEXT('2D SPACE',''
  ) );
#6135 = PCURVE('',#6136,#6141);
#6136 = PLANE('',#6137);
#6137 = AXIS2_PLACEMENT_3D('',#6138,#6139,#6140);
#6138 = CARTESIAN_POINT('',(2.9773E+04,0.,-289.));
#6139 = DIRECTION('',(0.,0.,1.));
#6140 = DIRECTION('',(1.,0.,-0.));
#6141 = DEFINITIONAL_REPRESENTATION('',(#6142),#6146);
#6142 = LINE('',#6143,#6144);
#6143 = CARTESIAN_POINT('',(79.,-20.));
#6144 = VECTOR('',#6145,1.);
#6145 = DIRECTION('',(0.,1.));
#6146 = ( GEOMETRIC_REPRESENTATION_CONTEXT(2) 
PARAMETRIC_REPRESENTATION_CONTEXT() REPRESENTATION_CONTEXT('2D SPACE',''
  ) );
#6147 = ORIENTED_EDGE('',*,*,#6148,.T.);
#6148 = EDGE_CURVE('',#6121,#6149,#6151,.T.);
#6149 = VERTEX_POINT('',#6150);
#6150 = CARTESIAN_POINT('',(2.9852E+04,20.,-286.));
#6151 = SURFACE_CURVE('',#6152,(#6156,#6163),.PCURVE_S1.);
#6152 = LINE('',#6153,#6154);
#6153 = CARTESIAN_POINT('',(2.9852E+04,20.,-289.));
#6154 = VECTOR('',#6155,1.);
#6155 = DIRECTION('',(0.,0.,1.));
#6156 = PCURVE('',#5907,#6157);
#6157 = DEFINITIONAL_REPRESENTATION('',(#6158),#6162);
#6158 = LINE('',#6159,#6160);
#6159 = CARTESIAN_POINT('',(25.,-40.));
#6160 = VECTOR('',#6161,1.);
#6161 = DIRECTION('',(1.,0.));
#6162 = ( GEOMETRIC_REPRESENTATION_CONTEXT(2) 
PARAMETRIC_REPRESENTATION_CONTEXT() REPRESENTATION_CONTEXT('2D SPACE',''
  ) );
#6163 = PCURVE('',#6164,#6169);
#6164 = PLANE('',#6165);
#6165 = AXIS2_PLACEMENT_3D('',#6166,#6167,#6168);
#6166 = CARTESIAN_POINT('',(2.9773E+04,20.,-289.));
#6167 = DIRECTION('',(-0.,1.,0.));
#6168 = DIRECTION('',(0.,0.,1.));
#6169 = DEFINITIONAL_REPRESENTATION('',(#6170),#6174);
#6170 = LINE('',#6171,#6172);
#6171 = CARTESIAN_POINT('',(0.,79.));
#6172 = VECTOR('',#6173,1.);
#6173 = DIRECTION('',(1.,0.));
#6174 = ( GEOMETRIC_REPRESENTATION_CONTEXT(2) 
PARAMETRIC_REPRESENTATION_CONTEXT() REPRESENTATION_CONTEXT('2D SPACE',''
  ) );
#6175 = ORIENTED_EDGE('',*,*,#6176,.F.);
#6176 = EDGE_CURVE('',#6177,#6149,#6179,.T.);
#6177 = VERTEX_POINT('',#6178);
#6178 = CARTESIAN_POINT('',(2.9852E+04,-20.,-286.));
#6179 = SURFACE_CURVE('',#6180,(#6184,#6191),.PCURVE_S1.);
#6180 = LINE('',#6181,#6182);
#6181 = CARTESIAN_POINT('',(2.9852E+04,-20.,-286.));
#6182 = VECTOR('',#6183,1.);
#6183 = DIRECTION('',(-0.,1.,0.));
#6184 = PCURVE('',#5907,#6185);
#6185 = DEFINITIONAL_REPRESENTATION('',(#6186),#6190);
#6186 = LINE('',#6187,#6188);
#6187 = CARTESIAN_POINT('',(28.,0.));
#6188 = VECTOR('',#6189,1.);
#6189 = DIRECTION('',(0.,-1.));
#6190 = ( GEOMETRIC_REPRESENTATION_CONTEXT(2) 
PARAMETRIC_REPRESENTATION_CONTEXT() REPRESENTATION_CONTEXT('2D SPACE',''
  ) );
#6191 = PCURVE('',#6192,#6197);
#6192 = PLANE('',#6193);
#6193 = AXIS2_PLACEMENT_3D('',#6194,#6195,#6196);
#6194 = CARTESIAN_POINT('',(2.9773E+04,-20.,-286.));
#6195 = DIRECTION('',(0.,0.,1.));
#6196 = DIRECTION('',(1.,0.,-0.));
#6197 = DEFINITIONAL_REPRESENTATION('',(#6198),#6202);
#6198 = LINE('',#6199,#6200);
#6199 = CARTESIAN_POINT('',(79.,0.));
#6200 = VECTOR('',#6201,1.);
#6201 = DIRECTION('',(0.,1.));
#6202 = ( GEOMETRIC_REPRESENTATION_CONTEXT(2) 
PARAMETRIC_REPRESENTATION_CONTEXT() REPRESENTATION_CONTEXT('2D SPACE',''
  ) );
#6203 = ORIENTED_EDGE('',*,*,#6204,.F.);
#6204 = EDGE_CURVE('',#6205,#6177,#6207,.T.);
#6205 = VERTEX_POINT('',#6206);
#6206 = CARTESIAN_POINT('',(2.9852E+04,-20.,-289.));
#6207 = SURFACE_CURVE('',#6208,(#6212,#6219),.PCURVE_S1.);
#6208 = LINE('',#6209,#6210);
#6209 = CARTESIAN_POINT('',(2.9852E+04,-20.,-289.));
#6210 = VECTOR('',#6211,1.);
#6211 = DIRECTION('',(0.,0.,1.));
#6212 = PCURVE('',#5907,#6213);
#6213 = DEFINITIONAL_REPRESENTATION('',(#6214),#6218);
#6214 = LINE('',#6215,#6216);
#6215 = CARTESIAN_POINT('',(25.,0.));
#6216 = VECTOR('',#6217,1.);
#6217 = DIRECTION('',(1.,0.));
#6218 = ( GEOMETRIC_REPRESENTATION_CONTEXT(2) 
PARAMETRIC_REPRESENTATION_CONTEXT() REPRESENTATION_CONTEXT('2D SPACE',''
  ) );
#6219 = PCURVE('',#6220,#6225);
#6220 = PLANE('',#6221);
#6221 = AXIS2_PLACEMENT_3D('',#6222,#6223,#6224);
#6222 = CARTESIAN_POINT('',(2.9773E+04,-20.,-289.));
#6223 = DIRECTION('',(-0.,1.,0.));
#6224 = DIRECTION('',(0.,0.,1.));
#6225 = DEFINITIONAL_REPRESENTATION('',(#6226),#6230);
#6226 = LINE('',#6227,#6228);
#6227 = CARTESIAN_POINT('',(0.,79.));
#6228 = VECTOR('',#6229,1.);
#6229 = DIRECTION('',(1.,0.));
#6230 = ( GEOMETRIC_REPRESENTATION_CONTEXT(2) 
PARAMETRIC_REPRESENTATION_CONTEXT() REPRESENTATION_CONTEXT('2D SPACE',''
  ) );
#6231 = ORIENTED_EDGE('',*,*,#6232,.T.);
#6232 = EDGE_CURVE('',#6205,#6233,#6235,.T.);
#6233 = VERTEX_POINT('',#6234);
#6234 = CARTESIAN_POINT('',(2.9852E+04,-12.,-289.));
#6235 = SURFACE_CURVE('',#6236,(#6240,#6247),.PCURVE_S1.);
#6236 = LINE('',#6237,#6238);
#6237 = CARTESIAN_POINT('',(2.9852E+04,-20.,-289.));
#6238 = VECTOR('',#6239,1.);
#6239 = DIRECTION('',(-0.,1.,0.));
#6240 = PCURVE('',#5907,#6241);
#6241 = DEFINITIONAL_REPRESENTATION('',(#6242),#6246);
#6242 = LINE('',#6243,#6244);
#6243 = CARTESIAN_POINT('',(25.,0.));
#6244 = VECTOR('',#6245,1.);
#6245 = DIRECTION('',(0.,-1.));
#6246 = ( GEOMETRIC_REPRESENTATION_CONTEXT(2) 
PARAMETRIC_REPRESENTATION_CONTEXT() REPRESENTATION_CONTEXT('2D SPACE',''
  ) );
#6247 = PCURVE('',#6136,#6248);
#6248 = DEFINITIONAL_REPRESENTATION('',(#6249),#6253);
#6249 = LINE('',#6250,#6251);
#6250 = CARTESIAN_POINT('',(79.,-20.));
#6251 = VECTOR('',#6252,1.);
#6252 = DIRECTION('',(0.,1.));
#6253 = ( GEOMETRIC_REPRESENTATION_CONTEXT(2) 
PARAMETRIC_REPRESENTATION_CONTEXT() REPRESENTATION_CONTEXT('2D SPACE',''
  ) );
#6254 = ORIENTED_EDGE('',*,*,#6255,.F.);
#6255 = EDGE_CURVE('',#6256,#6233,#6258,.T.);
#6256 = VERTEX_POINT('',#6257);
#6257 = CARTESIAN_POINT('',(2.9852E+04,-12.,-311.));
#6258 = SURFACE_CURVE('',#6259,(#6263,#6270),.PCURVE_S1.);
#6259 = LINE('',#6260,#6261);
#6260 = CARTESIAN_POINT('',(2.9852E+04,-12.,-311.));
#6261 = VECTOR('',#6262,1.);
#6262 = DIRECTION('',(0.,0.,1.));
#6263 = PCURVE('',#5907,#6264);
#6264 = DEFINITIONAL_REPRESENTATION('',(#6265),#6269);
#6265 = LINE('',#6266,#6267);
#6266 = CARTESIAN_POINT('',(3.,-8.));
#6267 = VECTOR('',#6268,1.);
#6268 = DIRECTION('',(1.,0.));
#6269 = ( GEOMETRIC_REPRESENTATION_CONTEXT(2) 
PARAMETRIC_REPRESENTATION_CONTEXT() REPRESENTATION_CONTEXT('2D SPACE',''
  ) );
#6270 = PCURVE('',#6271,#6276);
#6271 = PLANE('',#6272);
#6272 = AXIS2_PLACEMENT_3D('',#6273,#6274,#6275);
#6273 = CARTESIAN_POINT('',(2.9838E+04,-12.,-311.));
#6274 = DIRECTION('',(-0.,1.,0.));
#6275 = DIRECTION('',(0.,0.,1.));
#6276 = DEFINITIONAL_REPRESENTATION('',(#6277),#6281);
#6277 = LINE('',#6278,#6279);
#6278 = CARTESIAN_POINT('',(0.,14.));
#6279 = VECTOR('',#6280,1.);
#6280 = DIRECTION('',(1.,0.));
#6281 = ( GEOMETRIC_REPRESENTATION_CONTEXT(2) 
PARAMETRIC_REPRESENTATION_CONTEXT() REPRESENTATION_CONTEXT('2D SPACE',''
  ) );
#6282 = ORIENTED_EDGE('',*,*,#6283,.F.);
#6283 = EDGE_CURVE('',#6045,#6256,#6284,.T.);
#6284 = SURFACE_CURVE('',#6285,(#6289,#6296),.PCURVE_S1.);
#6285 = LINE('',#6286,#6287);
#6286 = CARTESIAN_POINT('',(2.9852E+04,-20.,-311.));
#6287 = VECTOR('',#6288,1.);
#6288 = DIRECTION('',(-0.,1.,0.));
#6289 = PCURVE('',#5907,#6290);
#6290 = DEFINITIONAL_REPRESENTATION('',(#6291),#6295);
#6291 = LINE('',#6292,#6293);
#6292 = CARTESIAN_POINT('',(3.,0.));
#6293 = VECTOR('',#6294,1.);
#6294 = DIRECTION('',(0.,-1.));
#6295 = ( GEOMETRIC_REPRESENTATION_CONTEXT(2) 
PARAMETRIC_REPRESENTATION_CONTEXT() REPRESENTATION_CONTEXT('2D SPACE',''
  ) );
#6296 = PCURVE('',#5960,#6297);
#6297 = DEFINITIONAL_REPRESENTATION('',(#6298),#6302);
#6298 = LINE('',#6299,#6300);
#6299 = CARTESIAN_POINT('',(79.,0.));
#6300 = VECTOR('',#6301,1.);
#6301 = DIRECTION('',(0.,1.));
#6302 = ( GEOMETRIC_REPRESENTATION_CONTEXT(2) 
PARAMETRIC_REPRESENTATION_CONTEXT() REPRESENTATION_CONTEXT('2D SPACE',''
  ) );
#6303 = FACE_BOUND('',#6304,.T.);
#6304 = EDGE_LOOP('',(#6305));
#6305 = ORIENTED_EDGE('',*,*,#6306,.F.);
#6306 = EDGE_CURVE('',#6307,#6307,#6309,.T.);
#6307 = VERTEX_POINT('',#6308);
#6308 = CARTESIAN_POINT('',(2.9852E+04,-1.469576158977E-15,-306.));
#6309 = SURFACE_CURVE('',#6310,(#6315,#6322),.PCURVE_S1.);
#6310 = CIRCLE('',#6311,6.);
#6311 = AXIS2_PLACEMENT_3D('',#6312,#6313,#6314);
#6312 = CARTESIAN_POINT('',(2.9852E+04,0.,-300.));
#6313 = DIRECTION('',(1.,-0.,2.22044604925E-16));
#6314 = DIRECTION('',(2.22044604925E-16,0.,-1.));
#6315 = PCURVE('',#5907,#6316);
#6316 = DEFINITIONAL_REPRESENTATION('',(#6317),#6321);
#6317 = CIRCLE('',#6318,6.);
#6318 = AXIS2_PLACEMENT_2D('',#6319,#6320);
#6319 = CARTESIAN_POINT('',(14.,-20.));
#6320 = DIRECTION('',(-1.,0.));
#6321 = ( GEOMETRIC_REPRESENTATION_CONTEXT(2) 
PARAMETRIC_REPRESENTATION_CONTEXT() REPRESENTATION_CONTEXT('2D SPACE',''
  ) );
#6322 = PCURVE('',#6323,#6328);
#6323 = CYLINDRICAL_SURFACE('',#6324,6.);
#6324 = AXIS2_PLACEMENT_3D('',#6325,#6326,#6327);
#6325 = CARTESIAN_POINT('',(2.9852E+04,0.,-300.));
#6326 = DIRECTION('',(1.,0.,2.22044604925E-16));
#6327 = DIRECTION('',(2.22044604925E-16,0.,-1.));
#6328 = DEFINITIONAL_REPRESENTATION('',(#6329),#6333);
#6329 = LINE('',#6330,#6331);
#6330 = CARTESIAN_POINT('',(0.,0.));
#6331 = VECTOR('',#6332,1.);
#6332 = DIRECTION('',(1.,0.));
#6333 = ( GEOMETRIC_REPRESENTATION_CONTEXT(2) 
PARAMETRIC_REPRESENTATION_CONTEXT() REPRESENTATION_CONTEXT('2D SPACE',''
  ) );
#6334 = ADVANCED_FACE('',(#6335),#5881,.F.);
#6335 = FACE_BOUND('',#6336,.F.);
#6336 = EDGE_LOOP('',(#6337,#6338,#6339,#6360));
#6337 = ORIENTED_EDGE('',*,*,#5865,.F.);
#6338 = ORIENTED_EDGE('',*,*,#6022,.T.);
#6339 = ORIENTED_EDGE('',*,*,#6340,.T.);
#6340 = EDGE_CURVE('',#5997,#6045,#6341,.T.);
#6341 = SURFACE_CURVE('',#6342,(#6346,#6353),.PCURVE_S1.);
#6342 = LINE('',#6343,#6344);
#6343 = CARTESIAN_POINT('',(2.9773E+04,-20.,-311.));
#6344 = VECTOR('',#6345,1.);
#6345 = DIRECTION('',(1.,0.,-0.));
#6346 = PCURVE('',#5881,#6347);
#6347 = DEFINITIONAL_REPRESENTATION('',(#6348),#6352);
#6348 = LINE('',#6349,#6350);
#6349 = CARTESIAN_POINT('',(3.,0.));
#6350 = VECTOR('',#6351,1.);
#6351 = DIRECTION('',(0.,1.));
#6352 = ( GEOMETRIC_REPRESENTATION_CONTEXT(2) 
PARAMETRIC_REPRESENTATION_CONTEXT() REPRESENTATION_CONTEXT('2D SPACE',''
  ) );
#6353 = PCURVE('',#5960,#6354);
#6354 = DEFINITIONAL_REPRESENTATION('',(#6355),#6359);
#6355 = LINE('',#6356,#6357);
#6356 = CARTESIAN_POINT('',(0.,0.));
#6357 = VECTOR('',#6358,1.);
#6358 = DIRECTION('',(1.,0.));
#6359 = ( GEOMETRIC_REPRESENTATION_CONTEXT(2) 
PARAMETRIC_REPRESENTATION_CONTEXT() REPRESENTATION_CONTEXT('2D SPACE',''
  ) );
#6360 = ORIENTED_EDGE('',*,*,#6044,.F.);
#6361 = ADVANCED_FACE('',(#6362,#6441),#5960,.T.);
#6362 = FACE_BOUND('',#6363,.T.);
#6363 = EDGE_LOOP('',(#6364,#6365,#6366,#6367,#6368,#6391,#6419,#6440));
#6364 = ORIENTED_EDGE('',*,*,#5944,.F.);
#6365 = ORIENTED_EDGE('',*,*,#5996,.T.);
#6366 = ORIENTED_EDGE('',*,*,#6340,.T.);
#6367 = ORIENTED_EDGE('',*,*,#6283,.T.);
#6368 = ORIENTED_EDGE('',*,*,#6369,.F.);
#6369 = EDGE_CURVE('',#6370,#6256,#6372,.T.);
#6370 = VERTEX_POINT('',#6371);
#6371 = CARTESIAN_POINT('',(2.9838E+04,-12.,-311.));
#6372 = SURFACE_CURVE('',#6373,(#6377,#6384),.PCURVE_S1.);
#6373 = LINE('',#6374,#6375);
#6374 = CARTESIAN_POINT('',(2.9838E+04,-12.,-311.));
#6375 = VECTOR('',#6376,1.);
#6376 = DIRECTION('',(1.,0.,-0.));
#6377 = PCURVE('',#5960,#6378);
#6378 = DEFINITIONAL_REPRESENTATION('',(#6379),#6383);
#6379 = LINE('',#6380,#6381);
#6380 = CARTESIAN_POINT('',(65.,8.));
#6381 = VECTOR('',#6382,1.);
#6382 = DIRECTION('',(1.,0.));
#6383 = ( GEOMETRIC_REPRESENTATION_CONTEXT(2) 
PARAMETRIC_REPRESENTATION_CONTEXT() REPRESENTATION_CONTEXT('2D SPACE',''
  ) );
#6384 = PCURVE('',#6271,#6385);
#6385 = DEFINITIONAL_REPRESENTATION('',(#6386),#6390);
#6386 = LINE('',#6387,#6388);
#6387 = CARTESIAN_POINT('',(0.,0.));
#6388 = VECTOR('',#6389,1.);
#6389 = DIRECTION('',(0.,1.));
#6390 = ( GEOMETRIC_REPRESENTATION_CONTEXT(2) 
PARAMETRIC_REPRESENTATION_CONTEXT() REPRESENTATION_CONTEXT('2D SPACE',''
  ) );
#6391 = ORIENTED_EDGE('',*,*,#6392,.T.);
#6392 = EDGE_CURVE('',#6370,#6393,#6395,.T.);
#6393 = VERTEX_POINT('',#6394);
#6394 = CARTESIAN_POINT('',(2.9838E+04,12.,-311.));
#6395 = SURFACE_CURVE('',#6396,(#6400,#6407),.PCURVE_S1.);
#6396 = LINE('',#6397,#6398);
#6397 = CARTESIAN_POINT('',(2.9838E+04,-12.,-311.));
#6398 = VECTOR('',#6399,1.);
#6399 = DIRECTION('',(-0.,1.,0.));
#6400 = PCURVE('',#5960,#6401);
#6401 = DEFINITIONAL_REPRESENTATION('',(#6402),#6406);
#6402 = LINE('',#6403,#6404);
#6403 = CARTESIAN_POINT('',(65.,8.));
#6404 = VECTOR('',#6405,1.);
#6405 = DIRECTION('',(0.,1.));
#6406 = ( GEOMETRIC_REPRESENTATION_CONTEXT(2) 
PARAMETRIC_REPRESENTATION_CONTEXT() REPRESENTATION_CONTEXT('2D SPACE',''
  ) );
#6407 = PCURVE('',#6408,#6413);
#6408 = PLANE('',#6409);
#6409 = AXIS2_PLACEMENT_3D('',#6410,#6411,#6412);
#6410 = CARTESIAN_POINT('',(2.9838E+04,-12.,-311.));
#6411 = DIRECTION('',(1.,0.,-0.));
#6412 = DIRECTION('',(0.,0.,1.));
#6413 = DEFINITIONAL_REPRESENTATION('',(#6414),#6418);
#6414 = LINE('',#6415,#6416);
#6415 = CARTESIAN_POINT('',(0.,0.));
#6416 = VECTOR('',#6417,1.);
#6417 = DIRECTION('',(0.,-1.));
#6418 = ( GEOMETRIC_REPRESENTATION_CONTEXT(2) 
PARAMETRIC_REPRESENTATION_CONTEXT() REPRESENTATION_CONTEXT('2D SPACE',''
  ) );
#6419 = ORIENTED_EDGE('',*,*,#6420,.T.);
#6420 = EDGE_CURVE('',#6393,#6070,#6421,.T.);
#6421 = SURFACE_CURVE('',#6422,(#6426,#6433),.PCURVE_S1.);
#6422 = LINE('',#6423,#6424);
#6423 = CARTESIAN_POINT('',(2.9838E+04,12.,-311.));
#6424 = VECTOR('',#6425,1.);
#6425 = DIRECTION('',(1.,0.,-0.));
#6426 = PCURVE('',#5960,#6427);
#6427 = DEFINITIONAL_REPRESENTATION('',(#6428),#6432);
#6428 = LINE('',#6429,#6430);
#6429 = CARTESIAN_POINT('',(65.,32.));
#6430 = VECTOR('',#6431,1.);
#6431 = DIRECTION('',(1.,0.));
#6432 = ( GEOMETRIC_REPRESENTATION_CONTEXT(2) 
PARAMETRIC_REPRESENTATION_CONTEXT() REPRESENTATION_CONTEXT('2D SPACE',''
  ) );
#6433 = PCURVE('',#6108,#6434);
#6434 = DEFINITIONAL_REPRESENTATION('',(#6435),#6439);
#6435 = LINE('',#6436,#6437);
#6436 = CARTESIAN_POINT('',(0.,0.));
#6437 = VECTOR('',#6438,1.);
#6438 = DIRECTION('',(0.,1.));
#6439 = ( GEOMETRIC_REPRESENTATION_CONTEXT(2) 
PARAMETRIC_REPRESENTATION_CONTEXT() REPRESENTATION_CONTEXT('2D SPACE',''
  ) );
#6440 = ORIENTED_EDGE('',*,*,#6069,.T.);
#6441 = FACE_BOUND('',#6442,.T.);
#6442 = EDGE_LOOP('',(#6443));
#6443 = ORIENTED_EDGE('',*,*,#6444,.F.);
#6444 = EDGE_CURVE('',#6445,#6445,#6447,.T.);
#6445 = VERTEX_POINT('',#6446);
#6446 = CARTESIAN_POINT('',(2.9779E+04,-1.469576158977E-15,-311.));
#6447 = SURFACE_CURVE('',#6448,(#6453,#6460),.PCURVE_S1.);
#6448 = CIRCLE('',#6449,6.);
#6449 = AXIS2_PLACEMENT_3D('',#6450,#6451,#6452);
#6450 = CARTESIAN_POINT('',(2.9773E+04,0.,-311.));
#6451 = DIRECTION('',(0.,0.,1.));
#6452 = DIRECTION('',(1.,0.,-0.));
#6453 = PCURVE('',#5960,#6454);
#6454 = DEFINITIONAL_REPRESENTATION('',(#6455),#6459);
#6455 = CIRCLE('',#6456,6.);
#6456 = AXIS2_PLACEMENT_2D('',#6457,#6458);
#6457 = CARTESIAN_POINT('',(0.,20.));
#6458 = DIRECTION('',(1.,0.));
#6459 = ( GEOMETRIC_REPRESENTATION_CONTEXT(2) 
PARAMETRIC_REPRESENTATION_CONTEXT() REPRESENTATION_CONTEXT('2D SPACE',''
  ) );
#6460 = PCURVE('',#6461,#6466);
#6461 = CYLINDRICAL_SURFACE('',#6462,6.);
#6462 = AXIS2_PLACEMENT_3D('',#6463,#6464,#6465);
#6463 = CARTESIAN_POINT('',(2.9773E+04,0.,-314.));
#6464 = DIRECTION('',(0.,0.,1.));
#6465 = DIRECTION('',(1.,0.,-0.));
#6466 = DEFINITIONAL_REPRESENTATION('',(#6467),#6471);
#6467 = LINE('',#6468,#6469);
#6468 = CARTESIAN_POINT('',(0.,3.));
#6469 = VECTOR('',#6470,1.);
#6470 = DIRECTION('',(1.,0.));
#6471 = ( GEOMETRIC_REPRESENTATION_CONTEXT(2) 
PARAMETRIC_REPRESENTATION_CONTEXT() REPRESENTATION_CONTEXT('2D SPACE',''
  ) );
#6472 = ADVANCED_FACE('',(#6473),#6271,.F.);
#6473 = FACE_BOUND('',#6474,.F.);
#6474 = EDGE_LOOP('',(#6475,#6476,#6499,#6520));
#6475 = ORIENTED_EDGE('',*,*,#6369,.F.);
#6476 = ORIENTED_EDGE('',*,*,#6477,.T.);
#6477 = EDGE_CURVE('',#6370,#6478,#6480,.T.);
#6478 = VERTEX_POINT('',#6479);
#6479 = CARTESIAN_POINT('',(2.9838E+04,-12.,-289.));
#6480 = SURFACE_CURVE('',#6481,(#6485,#6492),.PCURVE_S1.);
#6481 = LINE('',#6482,#6483);
#6482 = CARTESIAN_POINT('',(2.9838E+04,-12.,-311.));
#6483 = VECTOR('',#6484,1.);
#6484 = DIRECTION('',(0.,0.,1.));
#6485 = PCURVE('',#6271,#6486);
#6486 = DEFINITIONAL_REPRESENTATION('',(#6487),#6491);
#6487 = LINE('',#6488,#6489);
#6488 = CARTESIAN_POINT('',(0.,0.));
#6489 = VECTOR('',#6490,1.);
#6490 = DIRECTION('',(1.,0.));
#6491 = ( GEOMETRIC_REPRESENTATION_CONTEXT(2) 
PARAMETRIC_REPRESENTATION_CONTEXT() REPRESENTATION_CONTEXT('2D SPACE',''
  ) );
#6492 = PCURVE('',#6408,#6493);
#6493 = DEFINITIONAL_REPRESENTATION('',(#6494),#6498);
#6494 = LINE('',#6495,#6496);
#6495 = CARTESIAN_POINT('',(0.,0.));
#6496 = VECTOR('',#6497,1.);
#6497 = DIRECTION('',(1.,0.));
#6498 = ( GEOMETRIC_REPRESENTATION_CONTEXT(2) 
PARAMETRIC_REPRESENTATION_CONTEXT() REPRESENTATION_CONTEXT('2D SPACE',''
  ) );
#6499 = ORIENTED_EDGE('',*,*,#6500,.T.);
#6500 = EDGE_CURVE('',#6478,#6233,#6501,.T.);
#6501 = SURFACE_CURVE('',#6502,(#6506,#6513),.PCURVE_S1.);
#6502 = LINE('',#6503,#6504);
#6503 = CARTESIAN_POINT('',(2.9838E+04,-12.,-289.));
#6504 = VECTOR('',#6505,1.);
#6505 = DIRECTION('',(1.,0.,-0.));
#6506 = PCURVE('',#6271,#6507);
#6507 = DEFINITIONAL_REPRESENTATION('',(#6508),#6512);
#6508 = LINE('',#6509,#6510);
#6509 = CARTESIAN_POINT('',(22.,0.));
#6510 = VECTOR('',#6511,1.);
#6511 = DIRECTION('',(0.,1.));
#6512 = ( GEOMETRIC_REPRESENTATION_CONTEXT(2) 
PARAMETRIC_REPRESENTATION_CONTEXT() REPRESENTATION_CONTEXT('2D SPACE',''
  ) );
#6513 = PCURVE('',#6136,#6514);
#6514 = DEFINITIONAL_REPRESENTATION('',(#6515),#6519);
#6515 = LINE('',#6516,#6517);
#6516 = CARTESIAN_POINT('',(65.,-12.));
#6517 = VECTOR('',#6518,1.);
#6518 = DIRECTION('',(1.,0.));
#6519 = ( GEOMETRIC_REPRESENTATION_CONTEXT(2) 
PARAMETRIC_REPRESENTATION_CONTEXT() REPRESENTATION_CONTEXT('2D SPACE',''
  ) );
#6520 = ORIENTED_EDGE('',*,*,#6255,.F.);
#6521 = ADVANCED_FACE('',(#6522,#6644),#6136,.F.);
#6522 = FACE_BOUND('',#6523,.F.);
#6523 = EDGE_LOOP('',(#6524,#6547,#6576,#6597,#6598,#6599,#6622,#6643));
#6524 = ORIENTED_EDGE('',*,*,#6525,.F.);
#6525 = EDGE_CURVE('',#6526,#6121,#6528,.T.);
#6526 = VERTEX_POINT('',#6527);
#6527 = CARTESIAN_POINT('',(2.983484658438E+04,19.999999999998,-289.));
#6528 = SURFACE_CURVE('',#6529,(#6533,#6540),.PCURVE_S1.);
#6529 = LINE('',#6530,#6531);
#6530 = CARTESIAN_POINT('',(2.9773E+04,20.,-289.));
#6531 = VECTOR('',#6532,1.);
#6532 = DIRECTION('',(1.,0.,-0.));
#6533 = PCURVE('',#6136,#6534);
#6534 = DEFINITIONAL_REPRESENTATION('',(#6535),#6539);
#6535 = LINE('',#6536,#6537);
#6536 = CARTESIAN_POINT('',(0.,20.));
#6537 = VECTOR('',#6538,1.);
#6538 = DIRECTION('',(1.,0.));
#6539 = ( GEOMETRIC_REPRESENTATION_CONTEXT(2) 
PARAMETRIC_REPRESENTATION_CONTEXT() REPRESENTATION_CONTEXT('2D SPACE',''
  ) );
#6540 = PCURVE('',#6164,#6541);
#6541 = DEFINITIONAL_REPRESENTATION('',(#6542),#6546);
#6542 = LINE('',#6543,#6544);
#6543 = CARTESIAN_POINT('',(0.,0.));
#6544 = VECTOR('',#6545,1.);
#6545 = DIRECTION('',(0.,1.));
#6546 = ( GEOMETRIC_REPRESENTATION_CONTEXT(2) 
PARAMETRIC_REPRESENTATION_CONTEXT() REPRESENTATION_CONTEXT('2D SPACE',''
  ) );
#6547 = ORIENTED_EDGE('',*,*,#6548,.T.);
#6548 = EDGE_CURVE('',#6526,#6549,#6551,.T.);
#6549 = VERTEX_POINT('',#6550);
#6550 = CARTESIAN_POINT('',(2.983484658438E+04,-19.99999999999,-289.));
#6551 = SURFACE_CURVE('',#6552,(#6557,#6564),.PCURVE_S1.);
#6552 = CIRCLE('',#6553,65.);
#6553 = AXIS2_PLACEMENT_3D('',#6554,#6555,#6556);
#6554 = CARTESIAN_POINT('',(2.9773E+04,0.,-289.));
#6555 = DIRECTION('',(0.,0.,1.));
#6556 = DIRECTION('',(1.,0.,-0.));
#6557 = PCURVE('',#6136,#6558);
#6558 = DEFINITIONAL_REPRESENTATION('',(#6559),#6563);
#6559 = CIRCLE('',#6560,65.);
#6560 = AXIS2_PLACEMENT_2D('',#6561,#6562);
#6561 = CARTESIAN_POINT('',(0.,0.));
#6562 = DIRECTION('',(1.,0.));
#6563 = ( GEOMETRIC_REPRESENTATION_CONTEXT(2) 
PARAMETRIC_REPRESENTATION_CONTEXT() REPRESENTATION_CONTEXT('2D SPACE',''
  ) );
#6564 = PCURVE('',#6565,#6570);
#6565 = CYLINDRICAL_SURFACE('',#6566,65.);
#6566 = AXIS2_PLACEMENT_3D('',#6567,#6568,#6569);
#6567 = CARTESIAN_POINT('',(2.9773E+04,0.,-289.));
#6568 = DIRECTION('',(0.,0.,1.));
#6569 = DIRECTION('',(1.,0.,-0.));
#6570 = DEFINITIONAL_REPRESENTATION('',(#6571),#6575);
#6571 = LINE('',#6572,#6573);
#6572 = CARTESIAN_POINT('',(0.,0.));
#6573 = VECTOR('',#6574,1.);
#6574 = DIRECTION('',(1.,0.));
#6575 = ( GEOMETRIC_REPRESENTATION_CONTEXT(2) 
PARAMETRIC_REPRESENTATION_CONTEXT() REPRESENTATION_CONTEXT('2D SPACE',''
  ) );
#6576 = ORIENTED_EDGE('',*,*,#6577,.T.);
#6577 = EDGE_CURVE('',#6549,#6205,#6578,.T.);
#6578 = SURFACE_CURVE('',#6579,(#6583,#6590),.PCURVE_S1.);
#6579 = LINE('',#6580,#6581);
#6580 = CARTESIAN_POINT('',(2.9773E+04,-20.,-289.));
#6581 = VECTOR('',#6582,1.);
#6582 = DIRECTION('',(1.,0.,-0.));
#6583 = PCURVE('',#6136,#6584);
#6584 = DEFINITIONAL_REPRESENTATION('',(#6585),#6589);
#6585 = LINE('',#6586,#6587);
#6586 = CARTESIAN_POINT('',(0.,-20.));
#6587 = VECTOR('',#6588,1.);
#6588 = DIRECTION('',(1.,0.));
#6589 = ( GEOMETRIC_REPRESENTATION_CONTEXT(2) 
PARAMETRIC_REPRESENTATION_CONTEXT() REPRESENTATION_CONTEXT('2D SPACE',''
  ) );
#6590 = PCURVE('',#6220,#6591);
#6591 = DEFINITIONAL_REPRESENTATION('',(#6592),#6596);
#6592 = LINE('',#6593,#6594);
#6593 = CARTESIAN_POINT('',(0.,0.));
#6594 = VECTOR('',#6595,1.);
#6595 = DIRECTION('',(0.,1.));
#6596 = ( GEOMETRIC_REPRESENTATION_CONTEXT(2) 
PARAMETRIC_REPRESENTATION_CONTEXT() REPRESENTATION_CONTEXT('2D SPACE',''
  ) );
#6597 = ORIENTED_EDGE('',*,*,#6232,.T.);
#6598 = ORIENTED_EDGE('',*,*,#6500,.F.);
#6599 = ORIENTED_EDGE('',*,*,#6600,.T.);
#6600 = EDGE_CURVE('',#6478,#6601,#6603,.T.);
#6601 = VERTEX_POINT('',#6602);
#6602 = CARTESIAN_POINT('',(2.9838E+04,12.,-289.));
#6603 = SURFACE_CURVE('',#6604,(#6608,#6615),.PCURVE_S1.);
#6604 = LINE('',#6605,#6606);
#6605 = CARTESIAN_POINT('',(2.9838E+04,-12.,-289.));
#6606 = VECTOR('',#6607,1.);
#6607 = DIRECTION('',(-0.,1.,0.));
#6608 = PCURVE('',#6136,#6609);
#6609 = DEFINITIONAL_REPRESENTATION('',(#6610),#6614);
#6610 = LINE('',#6611,#6612);
#6611 = CARTESIAN_POINT('',(65.,-12.));
#6612 = VECTOR('',#6613,1.);
#6613 = DIRECTION('',(0.,1.));
#6614 = ( GEOMETRIC_REPRESENTATION_CONTEXT(2) 
PARAMETRIC_REPRESENTATION_CONTEXT() REPRESENTATION_CONTEXT('2D SPACE',''
  ) );
#6615 = PCURVE('',#6408,#6616);
#6616 = DEFINITIONAL_REPRESENTATION('',(#6617),#6621);
#6617 = LINE('',#6618,#6619);
#6618 = CARTESIAN_POINT('',(22.,0.));
#6619 = VECTOR('',#6620,1.);
#6620 = DIRECTION('',(0.,-1.));
#6621 = ( GEOMETRIC_REPRESENTATION_CONTEXT(2) 
PARAMETRIC_REPRESENTATION_CONTEXT() REPRESENTATION_CONTEXT('2D SPACE',''
  ) );
#6622 = ORIENTED_EDGE('',*,*,#6623,.T.);
#6623 = EDGE_CURVE('',#6601,#6093,#6624,.T.);
#6624 = SURFACE_CURVE('',#6625,(#6629,#6636),.PCURVE_S1.);
#6625 = LINE('',#6626,#6627);
#6626 = CARTESIAN_POINT('',(2.9838E+04,12.,-289.));
#6627 = VECTOR('',#6628,1.);
#6628 = DIRECTION('',(1.,0.,-0.));
#6629 = PCURVE('',#6136,#6630);
#6630 = DEFINITIONAL_REPRESENTATION('',(#6631),#6635);
#6631 = LINE('',#6632,#6633);
#6632 = CARTESIAN_POINT('',(65.,12.));
#6633 = VECTOR('',#6634,1.);
#6634 = DIRECTION('',(1.,0.));
#6635 = ( GEOMETRIC_REPRESENTATION_CONTEXT(2) 
PARAMETRIC_REPRESENTATION_CONTEXT() REPRESENTATION_CONTEXT('2D SPACE',''
  ) );
#6636 = PCURVE('',#6108,#6637);
#6637 = DEFINITIONAL_REPRESENTATION('',(#6638),#6642);
#6638 = LINE('',#6639,#6640);
#6639 = CARTESIAN_POINT('',(22.,0.));
#6640 = VECTOR('',#6641,1.);
#6641 = DIRECTION('',(0.,1.));
#6642 = ( GEOMETRIC_REPRESENTATION_CONTEXT(2) 
PARAMETRIC_REPRESENTATION_CONTEXT() REPRESENTATION_CONTEXT('2D SPACE',''
  ) );
#6643 = ORIENTED_EDGE('',*,*,#6120,.T.);
#6644 = FACE_BOUND('',#6645,.F.);
#6645 = EDGE_LOOP('',(#6646));
#6646 = ORIENTED_EDGE('',*,*,#6647,.F.);
#6647 = EDGE_CURVE('',#6648,#6648,#6650,.T.);
#6648 = VERTEX_POINT('',#6649);
#6649 = CARTESIAN_POINT('',(2.9779E+04,-1.469576158977E-15,-289.));
#6650 = SURFACE_CURVE('',#6651,(#6656,#6663),.PCURVE_S1.);
#6651 = CIRCLE('',#6652,6.);
#6652 = AXIS2_PLACEMENT_3D('',#6653,#6654,#6655);
#6653 = CARTESIAN_POINT('',(2.9773E+04,0.,-289.));
#6654 = DIRECTION('',(0.,0.,1.));
#6655 = DIRECTION('',(1.,0.,-0.));
#6656 = PCURVE('',#6136,#6657);
#6657 = DEFINITIONAL_REPRESENTATION('',(#6658),#6662);
#6658 = CIRCLE('',#6659,6.);
#6659 = AXIS2_PLACEMENT_2D('',#6660,#6661);
#6660 = CARTESIAN_POINT('',(0.,0.));
#6661 = DIRECTION('',(1.,0.));
#6662 = ( GEOMETRIC_REPRESENTATION_CONTEXT(2) 
PARAMETRIC_REPRESENTATION_CONTEXT() REPRESENTATION_CONTEXT('2D SPACE',''
  ) );
#6663 = PCURVE('',#6461,#6664);
#6664 = DEFINITIONAL_REPRESENTATION('',(#6665),#6669);
#6665 = LINE('',#6666,#6667);
#6666 = CARTESIAN_POINT('',(0.,25.));
#6667 = VECTOR('',#6668,1.);
#6668 = DIRECTION('',(1.,0.));
#6669 = ( GEOMETRIC_REPRESENTATION_CONTEXT(2) 
PARAMETRIC_REPRESENTATION_CONTEXT() REPRESENTATION_CONTEXT('2D SPACE',''
  ) );
#6670 = ADVANCED_FACE('',(#6671),#6220,.F.);
#6671 = FACE_BOUND('',#6672,.F.);
#6672 = EDGE_LOOP('',(#6673,#6674,#6695,#6716));
#6673 = ORIENTED_EDGE('',*,*,#6577,.F.);
#6674 = ORIENTED_EDGE('',*,*,#6675,.T.);
#6675 = EDGE_CURVE('',#6549,#6676,#6678,.T.);
#6676 = VERTEX_POINT('',#6677);
#6677 = CARTESIAN_POINT('',(2.983484658438E+04,-19.99999999999,-286.));
#6678 = SURFACE_CURVE('',#6679,(#6683,#6689),.PCURVE_S1.);
#6679 = LINE('',#6680,#6681);
#6680 = CARTESIAN_POINT('',(2.983484658438E+04,-20.,-289.));
#6681 = VECTOR('',#6682,1.);
#6682 = DIRECTION('',(0.,0.,1.));
#6683 = PCURVE('',#6220,#6684);
#6684 = DEFINITIONAL_REPRESENTATION('',(#6685),#6688);
#6685 = B_SPLINE_CURVE_WITH_KNOTS('',1,(#6686,#6687),.UNSPECIFIED.,.F.,
  .F.,(2,2),(-2.400000028047E-06,3.0000024),.PIECEWISE_BEZIER_KNOTS.);
#6686 = CARTESIAN_POINT('',(-2.400000028047E-06,61.846584384265));
#6687 = CARTESIAN_POINT('',(3.0000024,61.846584384265));
#6688 = ( GEOMETRIC_REPRESENTATION_CONTEXT(2) 
PARAMETRIC_REPRESENTATION_CONTEXT() REPRESENTATION_CONTEXT('2D SPACE',''
  ) );
#6689 = PCURVE('',#6565,#6690);
#6690 = DEFINITIONAL_REPRESENTATION('',(#6691),#6694);
#6691 = B_SPLINE_CURVE_WITH_KNOTS('',1,(#6692,#6693),.UNSPECIFIED.,.F.,
  .F.,(2,2),(-2.400000028047E-06,3.0000024),.PIECEWISE_BEZIER_KNOTS.);
#6692 = CARTESIAN_POINT('',(5.970418585238,-2.400000028047E-06));
#6693 = CARTESIAN_POINT('',(5.970418585238,3.0000024));
#6694 = ( GEOMETRIC_REPRESENTATION_CONTEXT(2) 
PARAMETRIC_REPRESENTATION_CONTEXT() REPRESENTATION_CONTEXT('2D SPACE',''
  ) );
#6695 = ORIENTED_EDGE('',*,*,#6696,.T.);
#6696 = EDGE_CURVE('',#6676,#6177,#6697,.T.);
#6697 = SURFACE_CURVE('',#6698,(#6702,#6709),.PCURVE_S1.);
#6698 = LINE('',#6699,#6700);
#6699 = CARTESIAN_POINT('',(2.9773E+04,-20.,-286.));
#6700 = VECTOR('',#6701,1.);
#6701 = DIRECTION('',(1.,0.,-0.));
#6702 = PCURVE('',#6220,#6703);
#6703 = DEFINITIONAL_REPRESENTATION('',(#6704),#6708);
#6704 = LINE('',#6705,#6706);
#6705 = CARTESIAN_POINT('',(3.,0.));
#6706 = VECTOR('',#6707,1.);
#6707 = DIRECTION('',(0.,1.));
#6708 = ( GEOMETRIC_REPRESENTATION_CONTEXT(2) 
PARAMETRIC_REPRESENTATION_CONTEXT() REPRESENTATION_CONTEXT('2D SPACE',''
  ) );
#6709 = PCURVE('',#6192,#6710);
#6710 = DEFINITIONAL_REPRESENTATION('',(#6711),#6715);
#6711 = LINE('',#6712,#6713);
#6712 = CARTESIAN_POINT('',(0.,0.));
#6713 = VECTOR('',#6714,1.);
#6714 = DIRECTION('',(1.,0.));
#6715 = ( GEOMETRIC_REPRESENTATION_CONTEXT(2) 
PARAMETRIC_REPRESENTATION_CONTEXT() REPRESENTATION_CONTEXT('2D SPACE',''
  ) );
#6716 = ORIENTED_EDGE('',*,*,#6204,.F.);
#6717 = ADVANCED_FACE('',(#6718),#6108,.T.);
#6718 = FACE_BOUND('',#6719,.T.);
#6719 = EDGE_LOOP('',(#6720,#6721,#6742,#6743));
#6720 = ORIENTED_EDGE('',*,*,#6420,.F.);
#6721 = ORIENTED_EDGE('',*,*,#6722,.T.);
#6722 = EDGE_CURVE('',#6393,#6601,#6723,.T.);
#6723 = SURFACE_CURVE('',#6724,(#6728,#6735),.PCURVE_S1.);
#6724 = LINE('',#6725,#6726);
#6725 = CARTESIAN_POINT('',(2.9838E+04,12.,-311.));
#6726 = VECTOR('',#6727,1.);
#6727 = DIRECTION('',(0.,0.,1.));
#6728 = PCURVE('',#6108,#6729);
#6729 = DEFINITIONAL_REPRESENTATION('',(#6730),#6734);
#6730 = LINE('',#6731,#6732);
#6731 = CARTESIAN_POINT('',(0.,0.));
#6732 = VECTOR('',#6733,1.);
#6733 = DIRECTION('',(1.,0.));
#6734 = ( GEOMETRIC_REPRESENTATION_CONTEXT(2) 
PARAMETRIC_REPRESENTATION_CONTEXT() REPRESENTATION_CONTEXT('2D SPACE',''
  ) );
#6735 = PCURVE('',#6408,#6736);
#6736 = DEFINITIONAL_REPRESENTATION('',(#6737),#6741);
#6737 = LINE('',#6738,#6739);
#6738 = CARTESIAN_POINT('',(0.,-24.));
#6739 = VECTOR('',#6740,1.);
#6740 = DIRECTION('',(1.,0.));
#6741 = ( GEOMETRIC_REPRESENTATION_CONTEXT(2) 
PARAMETRIC_REPRESENTATION_CONTEXT() REPRESENTATION_CONTEXT('2D SPACE',''
  ) );
#6742 = ORIENTED_EDGE('',*,*,#6623,.T.);
#6743 = ORIENTED_EDGE('',*,*,#6092,.F.);
#6744 = ADVANCED_FACE('',(#6745),#6192,.T.);
#6745 = FACE_BOUND('',#6746,.T.);
#6746 = EDGE_LOOP('',(#6747,#6770,#6792,#6793));
#6747 = ORIENTED_EDGE('',*,*,#6748,.F.);
#6748 = EDGE_CURVE('',#6749,#6149,#6751,.T.);
#6749 = VERTEX_POINT('',#6750);
#6750 = CARTESIAN_POINT('',(2.983484658438E+04,19.999999999998,-286.));
#6751 = SURFACE_CURVE('',#6752,(#6756,#6763),.PCURVE_S1.);
#6752 = LINE('',#6753,#6754);
#6753 = CARTESIAN_POINT('',(2.9773E+04,20.,-286.));
#6754 = VECTOR('',#6755,1.);
#6755 = DIRECTION('',(1.,0.,-0.));
#6756 = PCURVE('',#6192,#6757);
#6757 = DEFINITIONAL_REPRESENTATION('',(#6758),#6762);
#6758 = LINE('',#6759,#6760);
#6759 = CARTESIAN_POINT('',(0.,40.));
#6760 = VECTOR('',#6761,1.);
#6761 = DIRECTION('',(1.,0.));
#6762 = ( GEOMETRIC_REPRESENTATION_CONTEXT(2) 
PARAMETRIC_REPRESENTATION_CONTEXT() REPRESENTATION_CONTEXT('2D SPACE',''
  ) );
#6763 = PCURVE('',#6164,#6764);
#6764 = DEFINITIONAL_REPRESENTATION('',(#6765),#6769);
#6765 = LINE('',#6766,#6767);
#6766 = CARTESIAN_POINT('',(3.,0.));
#6767 = VECTOR('',#6768,1.);
#6768 = DIRECTION('',(0.,1.));
#6769 = ( GEOMETRIC_REPRESENTATION_CONTEXT(2) 
PARAMETRIC_REPRESENTATION_CONTEXT() REPRESENTATION_CONTEXT('2D SPACE',''
  ) );
#6770 = ORIENTED_EDGE('',*,*,#6771,.T.);
#6771 = EDGE_CURVE('',#6749,#6676,#6772,.T.);
#6772 = SURFACE_CURVE('',#6773,(#6778,#6785),.PCURVE_S1.);
#6773 = CIRCLE('',#6774,65.);
#6774 = AXIS2_PLACEMENT_3D('',#6775,#6776,#6777);
#6775 = CARTESIAN_POINT('',(2.9773E+04,0.,-286.));
#6776 = DIRECTION('',(0.,0.,1.));
#6777 = DIRECTION('',(1.,0.,-0.));
#6778 = PCURVE('',#6192,#6779);
#6779 = DEFINITIONAL_REPRESENTATION('',(#6780),#6784);
#6780 = CIRCLE('',#6781,65.);
#6781 = AXIS2_PLACEMENT_2D('',#6782,#6783);
#6782 = CARTESIAN_POINT('',(0.,20.));
#6783 = DIRECTION('',(1.,0.));
#6784 = ( GEOMETRIC_REPRESENTATION_CONTEXT(2) 
PARAMETRIC_REPRESENTATION_CONTEXT() REPRESENTATION_CONTEXT('2D SPACE',''
  ) );
#6785 = PCURVE('',#6565,#6786);
#6786 = DEFINITIONAL_REPRESENTATION('',(#6787),#6791);
#6787 = LINE('',#6788,#6789);
#6788 = CARTESIAN_POINT('',(0.,3.));
#6789 = VECTOR('',#6790,1.);
#6790 = DIRECTION('',(1.,0.));
#6791 = ( GEOMETRIC_REPRESENTATION_CONTEXT(2) 
PARAMETRIC_REPRESENTATION_CONTEXT() REPRESENTATION_CONTEXT('2D SPACE',''
  ) );
#6792 = ORIENTED_EDGE('',*,*,#6696,.T.);
#6793 = ORIENTED_EDGE('',*,*,#6176,.T.);
#6794 = ADVANCED_FACE('',(#6795),#6164,.T.);
#6795 = FACE_BOUND('',#6796,.T.);
#6796 = EDGE_LOOP('',(#6797,#6798,#6817,#6818));
#6797 = ORIENTED_EDGE('',*,*,#6525,.F.);
#6798 = ORIENTED_EDGE('',*,*,#6799,.T.);
#6799 = EDGE_CURVE('',#6526,#6749,#6800,.T.);
#6800 = SURFACE_CURVE('',#6801,(#6805,#6811),.PCURVE_S1.);
#6801 = LINE('',#6802,#6803);
#6802 = CARTESIAN_POINT('',(2.983484658438E+04,20.,-289.));
#6803 = VECTOR('',#6804,1.);
#6804 = DIRECTION('',(0.,0.,1.));
#6805 = PCURVE('',#6164,#6806);
#6806 = DEFINITIONAL_REPRESENTATION('',(#6807),#6810);
#6807 = B_SPLINE_CURVE_WITH_KNOTS('',1,(#6808,#6809),.UNSPECIFIED.,.F.,
  .F.,(2,2),(-2.400000028047E-06,3.0000024),.PIECEWISE_BEZIER_KNOTS.);
#6808 = CARTESIAN_POINT('',(-2.400000028047E-06,61.846584384265));
#6809 = CARTESIAN_POINT('',(3.0000024,61.846584384265));
#6810 = ( GEOMETRIC_REPRESENTATION_CONTEXT(2) 
PARAMETRIC_REPRESENTATION_CONTEXT() REPRESENTATION_CONTEXT('2D SPACE',''
  ) );
#6811 = PCURVE('',#6565,#6812);
#6812 = DEFINITIONAL_REPRESENTATION('',(#6813),#6816);
#6813 = B_SPLINE_CURVE_WITH_KNOTS('',1,(#6814,#6815),.UNSPECIFIED.,.F.,
  .F.,(2,2),(-2.400000028047E-06,3.0000024),.PIECEWISE_BEZIER_KNOTS.);
#6814 = CARTESIAN_POINT('',(0.312766721942,-2.400000028047E-06));
#6815 = CARTESIAN_POINT('',(0.312766721942,3.0000024));
#6816 = ( GEOMETRIC_REPRESENTATION_CONTEXT(2) 
PARAMETRIC_REPRESENTATION_CONTEXT() REPRESENTATION_CONTEXT('2D SPACE',''
  ) );
#6817 = ORIENTED_EDGE('',*,*,#6748,.T.);
#6818 = ORIENTED_EDGE('',*,*,#6148,.F.);
#6819 = ADVANCED_FACE('',(#6820),#6323,.T.);
#6820 = FACE_BOUND('',#6821,.T.);
#6821 = EDGE_LOOP('',(#6822,#6851,#6872,#6873));
#6822 = ORIENTED_EDGE('',*,*,#6823,.F.);
#6823 = EDGE_CURVE('',#6824,#6824,#6826,.T.);
#6824 = VERTEX_POINT('',#6825);
#6825 = CARTESIAN_POINT('',(2.986E+04,-1.469576158977E-15,-306.));
#6826 = SURFACE_CURVE('',#6827,(#6832,#6839),.PCURVE_S1.);
#6827 = CIRCLE('',#6828,6.);
#6828 = AXIS2_PLACEMENT_3D('',#6829,#6830,#6831);
#6829 = CARTESIAN_POINT('',(2.986E+04,0.,-300.));
#6830 = DIRECTION('',(1.,-0.,2.22044604925E-16));
#6831 = DIRECTION('',(2.22044604925E-16,0.,-1.));
#6832 = PCURVE('',#6323,#6833);
#6833 = DEFINITIONAL_REPRESENTATION('',(#6834),#6838);
#6834 = LINE('',#6835,#6836);
#6835 = CARTESIAN_POINT('',(0.,8.));
#6836 = VECTOR('',#6837,1.);
#6837 = DIRECTION('',(1.,0.));
#6838 = ( GEOMETRIC_REPRESENTATION_CONTEXT(2) 
PARAMETRIC_REPRESENTATION_CONTEXT() REPRESENTATION_CONTEXT('2D SPACE',''
  ) );
#6839 = PCURVE('',#6840,#6845);
#6840 = PLANE('',#6841);
#6841 = AXIS2_PLACEMENT_3D('',#6842,#6843,#6844);
#6842 = CARTESIAN_POINT('',(2.986E+04,0.,-300.));
#6843 = DIRECTION('',(1.,0.,2.22044604925E-16));
#6844 = DIRECTION('',(2.22044604925E-16,0.,-1.));
#6845 = DEFINITIONAL_REPRESENTATION('',(#6846),#6850);
#6846 = CIRCLE('',#6847,6.);
#6847 = AXIS2_PLACEMENT_2D('',#6848,#6849);
#6848 = CARTESIAN_POINT('',(0.,0.));
#6849 = DIRECTION('',(1.,0.));
#6850 = ( GEOMETRIC_REPRESENTATION_CONTEXT(2) 
PARAMETRIC_REPRESENTATION_CONTEXT() REPRESENTATION_CONTEXT('2D SPACE',''
  ) );
#6851 = ORIENTED_EDGE('',*,*,#6852,.F.);
#6852 = EDGE_CURVE('',#6307,#6824,#6853,.T.);
#6853 = SEAM_CURVE('',#6854,(#6858,#6865),.PCURVE_S1.);
#6854 = LINE('',#6855,#6856);
#6855 = CARTESIAN_POINT('',(2.9852E+04,-1.469576158977E-15,-306.));
#6856 = VECTOR('',#6857,1.);
#6857 = DIRECTION('',(1.,0.,2.22044604925E-16));
#6858 = PCURVE('',#6323,#6859);
#6859 = DEFINITIONAL_REPRESENTATION('',(#6860),#6864);
#6860 = LINE('',#6861,#6862);
#6861 = CARTESIAN_POINT('',(6.28318530718,-0.));
#6862 = VECTOR('',#6863,1.);
#6863 = DIRECTION('',(0.,1.));
#6864 = ( GEOMETRIC_REPRESENTATION_CONTEXT(2) 
PARAMETRIC_REPRESENTATION_CONTEXT() REPRESENTATION_CONTEXT('2D SPACE',''
  ) );
#6865 = PCURVE('',#6323,#6866);
#6866 = DEFINITIONAL_REPRESENTATION('',(#6867),#6871);
#6867 = LINE('',#6868,#6869);
#6868 = CARTESIAN_POINT('',(0.,-0.));
#6869 = VECTOR('',#6870,1.);
#6870 = DIRECTION('',(0.,1.));
#6871 = ( GEOMETRIC_REPRESENTATION_CONTEXT(2) 
PARAMETRIC_REPRESENTATION_CONTEXT() REPRESENTATION_CONTEXT('2D SPACE',''
  ) );
#6872 = ORIENTED_EDGE('',*,*,#6306,.T.);
#6873 = ORIENTED_EDGE('',*,*,#6852,.T.);
#6874 = ADVANCED_FACE('',(#6875),#6408,.F.);
#6875 = FACE_BOUND('',#6876,.F.);
#6876 = EDGE_LOOP('',(#6877,#6878,#6879,#6880));
#6877 = ORIENTED_EDGE('',*,*,#6477,.F.);
#6878 = ORIENTED_EDGE('',*,*,#6392,.T.);
#6879 = ORIENTED_EDGE('',*,*,#6722,.T.);
#6880 = ORIENTED_EDGE('',*,*,#6600,.F.);
#6881 = ADVANCED_FACE('',(#6882),#6461,.T.);
#6882 = FACE_BOUND('',#6883,.T.);
#6883 = EDGE_LOOP('',(#6884,#6885,#6906,#6907));
#6884 = ORIENTED_EDGE('',*,*,#6647,.F.);
#6885 = ORIENTED_EDGE('',*,*,#6886,.F.);
#6886 = EDGE_CURVE('',#6445,#6648,#6887,.T.);
#6887 = SEAM_CURVE('',#6888,(#6892,#6899),.PCURVE_S1.);
#6888 = LINE('',#6889,#6890);
#6889 = CARTESIAN_POINT('',(2.9779E+04,-1.469576158977E-15,-314.));
#6890 = VECTOR('',#6891,1.);
#6891 = DIRECTION('',(0.,0.,1.));
#6892 = PCURVE('',#6461,#6893);
#6893 = DEFINITIONAL_REPRESENTATION('',(#6894),#6898);
#6894 = LINE('',#6895,#6896);
#6895 = CARTESIAN_POINT('',(6.28318530718,-0.));
#6896 = VECTOR('',#6897,1.);
#6897 = DIRECTION('',(0.,1.));
#6898 = ( GEOMETRIC_REPRESENTATION_CONTEXT(2) 
PARAMETRIC_REPRESENTATION_CONTEXT() REPRESENTATION_CONTEXT('2D SPACE',''
  ) );
#6899 = PCURVE('',#6461,#6900);
#6900 = DEFINITIONAL_REPRESENTATION('',(#6901),#6905);
#6901 = LINE('',#6902,#6903);
#6902 = CARTESIAN_POINT('',(0.,-0.));
#6903 = VECTOR('',#6904,1.);
#6904 = DIRECTION('',(0.,1.));
#6905 = ( GEOMETRIC_REPRESENTATION_CONTEXT(2) 
PARAMETRIC_REPRESENTATION_CONTEXT() REPRESENTATION_CONTEXT('2D SPACE',''
  ) );
#6906 = ORIENTED_EDGE('',*,*,#6444,.T.);
#6907 = ORIENTED_EDGE('',*,*,#6886,.T.);
#6908 = ADVANCED_FACE('',(#6909),#6565,.T.);
#6909 = FACE_BOUND('',#6910,.T.);
#6910 = EDGE_LOOP('',(#6911,#6912,#6913,#6914));
#6911 = ORIENTED_EDGE('',*,*,#6771,.F.);
#6912 = ORIENTED_EDGE('',*,*,#6799,.F.);
#6913 = ORIENTED_EDGE('',*,*,#6548,.T.);
#6914 = ORIENTED_EDGE('',*,*,#6675,.T.);
#6915 = ADVANCED_FACE('',(#6916),#6840,.T.);
#6916 = FACE_BOUND('',#6917,.T.);
#6917 = EDGE_LOOP('',(#6918));
#6918 = ORIENTED_EDGE('',*,*,#6823,.T.);
#6919 = MANIFOLD_SOLID_BREP('',#6920);
#6920 = CLOSED_SHELL('',(#6921,#7036,#7085,#7121,#7152));
#6921 = ADVANCED_FACE('',(#6922),#6936,.T.);
#6922 = FACE_BOUND('',#6923,.T.);
#6923 = EDGE_LOOP('',(#6924,#6959,#6988,#7009));
#6924 = ORIENTED_EDGE('',*,*,#6925,.T.);
#6925 = EDGE_CURVE('',#6926,#6928,#6930,.T.);
#6926 = VERTEX_POINT('',#6927);
#6927 = CARTESIAN_POINT('',(2.9888E+04,3.,-300.));
#6928 = VERTEX_POINT('',#6929);
#6929 = CARTESIAN_POINT('',(2.9888E+04,-3.,-300.));
#6930 = SURFACE_CURVE('',#6931,(#6935,#6947),.PCURVE_S1.);
#6931 = LINE('',#6932,#6933);
#6932 = CARTESIAN_POINT('',(2.9888E+04,3.,-300.));
#6933 = VECTOR('',#6934,1.);
#6934 = DIRECTION('',(0.,-1.,2.22044604925E-16));
#6935 = PCURVE('',#6936,#6941);
#6936 = CYLINDRICAL_SURFACE('',#6937,14.);
#6937 = AXIS2_PLACEMENT_3D('',#6938,#6939,#6940);
#6938 = CARTESIAN_POINT('',(2.9874E+04,3.,-300.));
#6939 = DIRECTION('',(0.,-1.,2.22044604925E-16));
#6940 = DIRECTION('',(1.,0.,0.));
#6941 = DEFINITIONAL_REPRESENTATION('',(#6942),#6946);
#6942 = LINE('',#6943,#6944);
#6943 = CARTESIAN_POINT('',(6.28318530718,-0.));
#6944 = VECTOR('',#6945,1.);
#6945 = DIRECTION('',(0.,1.));
#6946 = ( GEOMETRIC_REPRESENTATION_CONTEXT(2) 
PARAMETRIC_REPRESENTATION_CONTEXT() REPRESENTATION_CONTEXT('2D SPACE',''
  ) );
#6947 = PCURVE('',#6948,#6953);
#6948 = CYLINDRICAL_SURFACE('',#6949,14.);
#6949 = AXIS2_PLACEMENT_3D('',#6950,#6951,#6952);
#6950 = CARTESIAN_POINT('',(2.9874E+04,3.,-300.));
#6951 = DIRECTION('',(0.,-1.,2.22044604925E-16));
#6952 = DIRECTION('',(1.,0.,0.));
#6953 = DEFINITIONAL_REPRESENTATION('',(#6954),#6958);
#6954 = LINE('',#6955,#6956);
#6955 = CARTESIAN_POINT('',(0.,-0.));
#6956 = VECTOR('',#6957,1.);
#6957 = DIRECTION('',(0.,1.));
#6958 = ( GEOMETRIC_REPRESENTATION_CONTEXT(2) 
PARAMETRIC_REPRESENTATION_CONTEXT() REPRESENTATION_CONTEXT('2D SPACE',''
  ) );
#6959 = ORIENTED_EDGE('',*,*,#6960,.F.);
#6960 = EDGE_CURVE('',#6961,#6928,#6963,.T.);
#6961 = VERTEX_POINT('',#6962);
#6962 = CARTESIAN_POINT('',(2.986E+04,-3.,-300.));
#6963 = SURFACE_CURVE('',#6964,(#6969,#6976),.PCURVE_S1.);
#6964 = CIRCLE('',#6965,14.);
#6965 = AXIS2_PLACEMENT_3D('',#6966,#6967,#6968);
#6966 = CARTESIAN_POINT('',(2.9874E+04,-3.,-300.));
#6967 = DIRECTION('',(0.,-1.,2.22044604925E-16));
#6968 = DIRECTION('',(1.,0.,0.));
#6969 = PCURVE('',#6936,#6970);
#6970 = DEFINITIONAL_REPRESENTATION('',(#6971),#6975);
#6971 = LINE('',#6972,#6973);
#6972 = CARTESIAN_POINT('',(0.,6.));
#6973 = VECTOR('',#6974,1.);
#6974 = DIRECTION('',(1.,0.));
#6975 = ( GEOMETRIC_REPRESENTATION_CONTEXT(2) 
PARAMETRIC_REPRESENTATION_CONTEXT() REPRESENTATION_CONTEXT('2D SPACE',''
  ) );
#6976 = PCURVE('',#6977,#6982);
#6977 = PLANE('',#6978);
#6978 = AXIS2_PLACEMENT_3D('',#6979,#6980,#6981);
#6979 = CARTESIAN_POINT('',(2.9874E+04,-3.,-300.));
#6980 = DIRECTION('',(0.,-1.,2.22044604925E-16));
#6981 = DIRECTION('',(1.,0.,0.));
#6982 = DEFINITIONAL_REPRESENTATION('',(#6983),#6987);
#6983 = CIRCLE('',#6984,14.);
#6984 = AXIS2_PLACEMENT_2D('',#6985,#6986);
#6985 = CARTESIAN_POINT('',(0.,0.));
#6986 = DIRECTION('',(1.,0.));
#6987 = ( GEOMETRIC_REPRESENTATION_CONTEXT(2) 
PARAMETRIC_REPRESENTATION_CONTEXT() REPRESENTATION_CONTEXT('2D SPACE',''
  ) );
#6988 = ORIENTED_EDGE('',*,*,#6989,.F.);
#6989 = EDGE_CURVE('',#6990,#6961,#6992,.T.);
#6990 = VERTEX_POINT('',#6991);
#6991 = CARTESIAN_POINT('',(2.986E+04,3.,-300.));
#6992 = SURFACE_CURVE('',#6993,(#6997,#7003),.PCURVE_S1.);
#6993 = LINE('',#6994,#6995);
#6994 = CARTESIAN_POINT('',(2.986E+04,3.,-300.));
#6995 = VECTOR('',#6996,1.);
#6996 = DIRECTION('',(0.,-1.,2.22044604925E-16));
#6997 = PCURVE('',#6936,#6998);
#6998 = DEFINITIONAL_REPRESENTATION('',(#6999),#7002);
#6999 = B_SPLINE_CURVE_WITH_KNOTS('',1,(#7000,#7001),.UNSPECIFIED.,.F.,
  .F.,(2,2),(-5.999999999062E-07,6.0000006),.PIECEWISE_BEZIER_KNOTS.);
#7000 = CARTESIAN_POINT('',(3.14159265359,-5.999999999062E-07));
#7001 = CARTESIAN_POINT('',(3.14159265359,6.0000006));
#7002 = ( GEOMETRIC_REPRESENTATION_CONTEXT(2) 
PARAMETRIC_REPRESENTATION_CONTEXT() REPRESENTATION_CONTEXT('2D SPACE',''
  ) );
#7003 = PCURVE('',#6948,#7004);
#7004 = DEFINITIONAL_REPRESENTATION('',(#7005),#7008);
#7005 = B_SPLINE_CURVE_WITH_KNOTS('',1,(#7006,#7007),.UNSPECIFIED.,.F.,
  .F.,(2,2),(-5.999999999062E-07,6.0000006),.PIECEWISE_BEZIER_KNOTS.);
#7006 = CARTESIAN_POINT('',(3.14159265359,-5.999999999062E-07));
#7007 = CARTESIAN_POINT('',(3.14159265359,6.0000006));
#7008 = ( GEOMETRIC_REPRESENTATION_CONTEXT(2) 
PARAMETRIC_REPRESENTATION_CONTEXT() REPRESENTATION_CONTEXT('2D SPACE',''
  ) );
#7009 = ORIENTED_EDGE('',*,*,#7010,.T.);
#7010 = EDGE_CURVE('',#6990,#6926,#7011,.T.);
#7011 = SURFACE_CURVE('',#7012,(#7017,#7024),.PCURVE_S1.);
#7012 = CIRCLE('',#7013,14.);
#7013 = AXIS2_PLACEMENT_3D('',#7014,#7015,#7016);
#7014 = CARTESIAN_POINT('',(2.9874E+04,3.,-300.));
#7015 = DIRECTION('',(0.,-1.,2.22044604925E-16));
#7016 = DIRECTION('',(1.,0.,0.));
#7017 = PCURVE('',#6936,#7018);
#7018 = DEFINITIONAL_REPRESENTATION('',(#7019),#7023);
#7019 = LINE('',#7020,#7021);
#7020 = CARTESIAN_POINT('',(0.,0.));
#7021 = VECTOR('',#7022,1.);
#7022 = DIRECTION('',(1.,0.));
#7023 = ( GEOMETRIC_REPRESENTATION_CONTEXT(2) 
PARAMETRIC_REPRESENTATION_CONTEXT() REPRESENTATION_CONTEXT('2D SPACE',''
  ) );
#7024 = PCURVE('',#7025,#7030);
#7025 = PLANE('',#7026);
#7026 = AXIS2_PLACEMENT_3D('',#7027,#7028,#7029);
#7027 = CARTESIAN_POINT('',(2.9874E+04,3.,-300.));
#7028 = DIRECTION('',(0.,-1.,2.22044604925E-16));
#7029 = DIRECTION('',(1.,0.,0.));
#7030 = DEFINITIONAL_REPRESENTATION('',(#7031),#7035);
#7031 = CIRCLE('',#7032,14.);
#7032 = AXIS2_PLACEMENT_2D('',#7033,#7034);
#7033 = CARTESIAN_POINT('',(0.,0.));
#7034 = DIRECTION('',(1.,0.));
#7035 = ( GEOMETRIC_REPRESENTATION_CONTEXT(2) 
PARAMETRIC_REPRESENTATION_CONTEXT() REPRESENTATION_CONTEXT('2D SPACE',''
  ) );
#7036 = ADVANCED_FACE('',(#7037),#6948,.T.);
#7037 = FACE_BOUND('',#7038,.T.);
#7038 = EDGE_LOOP('',(#7039,#7061,#7062,#7084));
#7039 = ORIENTED_EDGE('',*,*,#7040,.F.);
#7040 = EDGE_CURVE('',#6928,#6961,#7041,.T.);
#7041 = SURFACE_CURVE('',#7042,(#7047,#7054),.PCURVE_S1.);
#7042 = CIRCLE('',#7043,14.);
#7043 = AXIS2_PLACEMENT_3D('',#7044,#7045,#7046);
#7044 = CARTESIAN_POINT('',(2.9874E+04,-3.,-300.));
#7045 = DIRECTION('',(0.,-1.,2.22044604925E-16));
#7046 = DIRECTION('',(1.,0.,0.));
#7047 = PCURVE('',#6948,#7048);
#7048 = DEFINITIONAL_REPRESENTATION('',(#7049),#7053);
#7049 = LINE('',#7050,#7051);
#7050 = CARTESIAN_POINT('',(0.,6.));
#7051 = VECTOR('',#7052,1.);
#7052 = DIRECTION('',(1.,0.));
#7053 = ( GEOMETRIC_REPRESENTATION_CONTEXT(2) 
PARAMETRIC_REPRESENTATION_CONTEXT() REPRESENTATION_CONTEXT('2D SPACE',''
  ) );
#7054 = PCURVE('',#6977,#7055);
#7055 = DEFINITIONAL_REPRESENTATION('',(#7056),#7060);
#7056 = CIRCLE('',#7057,14.);
#7057 = AXIS2_PLACEMENT_2D('',#7058,#7059);
#7058 = CARTESIAN_POINT('',(0.,0.));
#7059 = DIRECTION('',(1.,0.));
#7060 = ( GEOMETRIC_REPRESENTATION_CONTEXT(2) 
PARAMETRIC_REPRESENTATION_CONTEXT() REPRESENTATION_CONTEXT('2D SPACE',''
  ) );
#7061 = ORIENTED_EDGE('',*,*,#6925,.F.);
#7062 = ORIENTED_EDGE('',*,*,#7063,.T.);
#7063 = EDGE_CURVE('',#6926,#6990,#7064,.T.);
#7064 = SURFACE_CURVE('',#7065,(#7070,#7077),.PCURVE_S1.);
#7065 = CIRCLE('',#7066,14.);
#7066 = AXIS2_PLACEMENT_3D('',#7067,#7068,#7069);
#7067 = CARTESIAN_POINT('',(2.9874E+04,3.,-300.));
#7068 = DIRECTION('',(0.,-1.,2.22044604925E-16));
#7069 = DIRECTION('',(1.,0.,0.));
#7070 = PCURVE('',#6948,#7071);
#7071 = DEFINITIONAL_REPRESENTATION('',(#7072),#7076);
#7072 = LINE('',#7073,#7074);
#7073 = CARTESIAN_POINT('',(0.,0.));
#7074 = VECTOR('',#7075,1.);
#7075 = DIRECTION('',(1.,0.));
#7076 = ( GEOMETRIC_REPRESENTATION_CONTEXT(2) 
PARAMETRIC_REPRESENTATION_CONTEXT() REPRESENTATION_CONTEXT('2D SPACE',''
  ) );
#7077 = PCURVE('',#7025,#7078);
#7078 = DEFINITIONAL_REPRESENTATION('',(#7079),#7083);
#7079 = CIRCLE('',#7080,14.);
#7080 = AXIS2_PLACEMENT_2D('',#7081,#7082);
#7081 = CARTESIAN_POINT('',(0.,0.));
#7082 = DIRECTION('',(1.,0.));
#7083 = ( GEOMETRIC_REPRESENTATION_CONTEXT(2) 
PARAMETRIC_REPRESENTATION_CONTEXT() REPRESENTATION_CONTEXT('2D SPACE',''
  ) );
#7084 = ORIENTED_EDGE('',*,*,#6989,.T.);
#7085 = ADVANCED_FACE('',(#7086,#7090),#7025,.F.);
#7086 = FACE_BOUND('',#7087,.F.);
#7087 = EDGE_LOOP('',(#7088,#7089));
#7088 = ORIENTED_EDGE('',*,*,#7063,.T.);
#7089 = ORIENTED_EDGE('',*,*,#7010,.T.);
#7090 = FACE_BOUND('',#7091,.F.);
#7091 = EDGE_LOOP('',(#7092));
#7092 = ORIENTED_EDGE('',*,*,#7093,.F.);
#7093 = EDGE_CURVE('',#7094,#7094,#7096,.T.);
#7094 = VERTEX_POINT('',#7095);
#7095 = CARTESIAN_POINT('',(2.9882E+04,3.,-300.));
#7096 = SURFACE_CURVE('',#7097,(#7102,#7109),.PCURVE_S1.);
#7097 = CIRCLE('',#7098,8.);
#7098 = AXIS2_PLACEMENT_3D('',#7099,#7100,#7101);
#7099 = CARTESIAN_POINT('',(2.9874E+04,3.,-300.));
#7100 = DIRECTION('',(0.,-1.,2.22044604925E-16));
#7101 = DIRECTION('',(1.,0.,0.));
#7102 = PCURVE('',#7025,#7103);
#7103 = DEFINITIONAL_REPRESENTATION('',(#7104),#7108);
#7104 = CIRCLE('',#7105,8.);
#7105 = AXIS2_PLACEMENT_2D('',#7106,#7107);
#7106 = CARTESIAN_POINT('',(0.,0.));
#7107 = DIRECTION('',(1.,0.));
#7108 = ( GEOMETRIC_REPRESENTATION_CONTEXT(2) 
PARAMETRIC_REPRESENTATION_CONTEXT() REPRESENTATION_CONTEXT('2D SPACE',''
  ) );
#7109 = PCURVE('',#7110,#7115);
#7110 = CYLINDRICAL_SURFACE('',#7111,8.);
#7111 = AXIS2_PLACEMENT_3D('',#7112,#7113,#7114);
#7112 = CARTESIAN_POINT('',(2.9874E+04,6.,-300.));
#7113 = DIRECTION('',(0.,-1.,2.22044604925E-16));
#7114 = DIRECTION('',(1.,0.,0.));
#7115 = DEFINITIONAL_REPRESENTATION('',(#7116),#7120);
#7116 = LINE('',#7117,#7118);
#7117 = CARTESIAN_POINT('',(0.,3.));
#7118 = VECTOR('',#7119,1.);
#7119 = DIRECTION('',(1.,0.));
#7120 = ( GEOMETRIC_REPRESENTATION_CONTEXT(2) 
PARAMETRIC_REPRESENTATION_CONTEXT() REPRESENTATION_CONTEXT('2D SPACE',''
  ) );
#7121 = ADVANCED_FACE('',(#7122,#7126),#6977,.T.);
#7122 = FACE_BOUND('',#7123,.T.);
#7123 = EDGE_LOOP('',(#7124,#7125));
#7124 = ORIENTED_EDGE('',*,*,#7040,.T.);
#7125 = ORIENTED_EDGE('',*,*,#6960,.T.);
#7126 = FACE_BOUND('',#7127,.T.);
#7127 = EDGE_LOOP('',(#7128));
#7128 = ORIENTED_EDGE('',*,*,#7129,.F.);
#7129 = EDGE_CURVE('',#7130,#7130,#7132,.T.);
#7130 = VERTEX_POINT('',#7131);
#7131 = CARTESIAN_POINT('',(2.9882E+04,-3.,-300.));
#7132 = SURFACE_CURVE('',#7133,(#7138,#7145),.PCURVE_S1.);
#7133 = CIRCLE('',#7134,8.);
#7134 = AXIS2_PLACEMENT_3D('',#7135,#7136,#7137);
#7135 = CARTESIAN_POINT('',(2.9874E+04,-3.,-300.));
#7136 = DIRECTION('',(0.,-1.,2.22044604925E-16));
#7137 = DIRECTION('',(1.,0.,0.));
#7138 = PCURVE('',#6977,#7139);
#7139 = DEFINITIONAL_REPRESENTATION('',(#7140),#7144);
#7140 = CIRCLE('',#7141,8.);
#7141 = AXIS2_PLACEMENT_2D('',#7142,#7143);
#7142 = CARTESIAN_POINT('',(0.,0.));
#7143 = DIRECTION('',(1.,0.));
#7144 = ( GEOMETRIC_REPRESENTATION_CONTEXT(2) 
PARAMETRIC_REPRESENTATION_CONTEXT() REPRESENTATION_CONTEXT('2D SPACE',''
  ) );
#7145 = PCURVE('',#7110,#7146);
#7146 = DEFINITIONAL_REPRESENTATION('',(#7147),#7151);
#7147 = LINE('',#7148,#7149);
#7148 = CARTESIAN_POINT('',(0.,9.));
#7149 = VECTOR('',#7150,1.);
#7150 = DIRECTION('',(1.,0.));
#7151 = ( GEOMETRIC_REPRESENTATION_CONTEXT(2) 
PARAMETRIC_REPRESENTATION_CONTEXT() REPRESENTATION_CONTEXT('2D SPACE',''
  ) );
#7152 = ADVANCED_FACE('',(#7153),#7110,.F.);
#7153 = FACE_BOUND('',#7154,.F.);
#7154 = EDGE_LOOP('',(#7155,#7156,#7177,#7178));
#7155 = ORIENTED_EDGE('',*,*,#7129,.F.);
#7156 = ORIENTED_EDGE('',*,*,#7157,.F.);
#7157 = EDGE_CURVE('',#7094,#7130,#7158,.T.);
#7158 = SEAM_CURVE('',#7159,(#7163,#7170),.PCURVE_S1.);
#7159 = LINE('',#7160,#7161);
#7160 = CARTESIAN_POINT('',(2.9882E+04,6.,-300.));
#7161 = VECTOR('',#7162,1.);
#7162 = DIRECTION('',(0.,-1.,2.22044604925E-16));
#7163 = PCURVE('',#7110,#7164);
#7164 = DEFINITIONAL_REPRESENTATION('',(#7165),#7169);
#7165 = LINE('',#7166,#7167);
#7166 = CARTESIAN_POINT('',(6.28318530718,-0.));
#7167 = VECTOR('',#7168,1.);
#7168 = DIRECTION('',(0.,1.));
#7169 = ( GEOMETRIC_REPRESENTATION_CONTEXT(2) 
PARAMETRIC_REPRESENTATION_CONTEXT() REPRESENTATION_CONTEXT('2D SPACE',''
  ) );
#7170 = PCURVE('',#7110,#7171);
#7171 = DEFINITIONAL_REPRESENTATION('',(#7172),#7176);
#7172 = LINE('',#7173,#7174);
#7173 = CARTESIAN_POINT('',(0.,-0.));
#7174 = VECTOR('',#7175,1.);
#7175 = DIRECTION('',(0.,1.));
#7176 = ( GEOMETRIC_REPRESENTATION_CONTEXT(2) 
PARAMETRIC_REPRESENTATION_CONTEXT() REPRESENTATION_CONTEXT('2D SPACE',''
  ) );
#7177 = ORIENTED_EDGE('',*,*,#7093,.T.);
#7178 = ORIENTED_EDGE('',*,*,#7157,.T.);
#7179 = MANIFOLD_SOLID_BREP('',#7180);
#7180 = CLOSED_SHELL('',(#7181,#7269,#7325,#7360,#7415,#7465));
#7181 = ADVANCED_FACE('',(#7182),#7196,.T.);
#7182 = FACE_BOUND('',#7183,.T.);
#7183 = EDGE_LOOP('',(#7184,#7214,#7241,#7242));
#7184 = ORIENTED_EDGE('',*,*,#7185,.T.);
#7185 = EDGE_CURVE('',#7186,#7188,#7190,.T.);
#7186 = VERTEX_POINT('',#7187);
#7187 = CARTESIAN_POINT('',(2.9823E+04,-1.224646799147E-14,
    -298.0790627287));
#7188 = VERTEX_POINT('',#7189);
#7189 = CARTESIAN_POINT('',(2.9823E+04,-1.224646799147E-14,-292.));
#7190 = SEAM_CURVE('',#7191,(#7195,#7207),.PCURVE_S1.);
#7191 = LINE('',#7192,#7193);
#7192 = CARTESIAN_POINT('',(2.9823E+04,-1.224646799147E-14,-308.));
#7193 = VECTOR('',#7194,1.);
#7194 = DIRECTION('',(0.,0.,1.));
#7195 = PCURVE('',#7196,#7201);
#7196 = CYLINDRICAL_SURFACE('',#7197,50.);
#7197 = AXIS2_PLACEMENT_3D('',#7198,#7199,#7200);
#7198 = CARTESIAN_POINT('',(2.9773E+04,0.,-308.));
#7199 = DIRECTION('',(0.,0.,1.));
#7200 = DIRECTION('',(1.,0.,-0.));
#7201 = DEFINITIONAL_REPRESENTATION('',(#7202),#7206);
#7202 = LINE('',#7203,#7204);
#7203 = CARTESIAN_POINT('',(6.28318530718,-0.));
#7204 = VECTOR('',#7205,1.);
#7205 = DIRECTION('',(0.,1.));
#7206 = ( GEOMETRIC_REPRESENTATION_CONTEXT(2) 
PARAMETRIC_REPRESENTATION_CONTEXT() REPRESENTATION_CONTEXT('2D SPACE',''
  ) );
#7207 = PCURVE('',#7196,#7208);
#7208 = DEFINITIONAL_REPRESENTATION('',(#7209),#7213);
#7209 = LINE('',#7210,#7211);
#7210 = CARTESIAN_POINT('',(0.,-0.));
#7211 = VECTOR('',#7212,1.);
#7212 = DIRECTION('',(0.,1.));
#7213 = ( GEOMETRIC_REPRESENTATION_CONTEXT(2) 
PARAMETRIC_REPRESENTATION_CONTEXT() REPRESENTATION_CONTEXT('2D SPACE',''
  ) );
#7214 = ORIENTED_EDGE('',*,*,#7215,.F.);
#7215 = EDGE_CURVE('',#7188,#7188,#7216,.T.);
#7216 = SURFACE_CURVE('',#7217,(#7222,#7229),.PCURVE_S1.);
#7217 = CIRCLE('',#7218,50.);
#7218 = AXIS2_PLACEMENT_3D('',#7219,#7220,#7221);
#7219 = CARTESIAN_POINT('',(2.9773E+04,0.,-292.));
#7220 = DIRECTION('',(0.,0.,1.));
#7221 = DIRECTION('',(1.,0.,-0.));
#7222 = PCURVE('',#7196,#7223);
#7223 = DEFINITIONAL_REPRESENTATION('',(#7224),#7228);
#7224 = LINE('',#7225,#7226);
#7225 = CARTESIAN_POINT('',(0.,16.));
#7226 = VECTOR('',#7227,1.);
#7227 = DIRECTION('',(1.,0.));
#7228 = ( GEOMETRIC_REPRESENTATION_CONTEXT(2) 
PARAMETRIC_REPRESENTATION_CONTEXT() REPRESENTATION_CONTEXT('2D SPACE',''
  ) );
#7229 = PCURVE('',#7230,#7235);
#7230 = PLANE('',#7231);
#7231 = AXIS2_PLACEMENT_3D('',#7232,#7233,#7234);
#7232 = CARTESIAN_POINT('',(2.9773E+04,0.,-292.));
#7233 = DIRECTION('',(0.,0.,1.));
#7234 = DIRECTION('',(1.,0.,-0.));
#7235 = DEFINITIONAL_REPRESENTATION('',(#7236),#7240);
#7236 = CIRCLE('',#7237,50.);
#7237 = AXIS2_PLACEMENT_2D('',#7238,#7239);
#7238 = CARTESIAN_POINT('',(0.,0.));
#7239 = DIRECTION('',(1.,0.));
#7240 = ( GEOMETRIC_REPRESENTATION_CONTEXT(2) 
PARAMETRIC_REPRESENTATION_CONTEXT() REPRESENTATION_CONTEXT('2D SPACE',''
  ) );
#7241 = ORIENTED_EDGE('',*,*,#7185,.F.);
#7242 = ORIENTED_EDGE('',*,*,#7243,.T.);
#7243 = EDGE_CURVE('',#7186,#7186,#7244,.T.);
#7244 = SURFACE_CURVE('',#7245,(#7250,#7257),.PCURVE_S1.);
#7245 = CIRCLE('',#7246,50.);
#7246 = AXIS2_PLACEMENT_3D('',#7247,#7248,#7249);
#7247 = CARTESIAN_POINT('',(2.9773E+04,0.,-298.0790627287));
#7248 = DIRECTION('',(0.,0.,1.));
#7249 = DIRECTION('',(0.,-1.,0.));
#7250 = PCURVE('',#7196,#7251);
#7251 = DEFINITIONAL_REPRESENTATION('',(#7252),#7256);
#7252 = LINE('',#7253,#7254);
#7253 = CARTESIAN_POINT('',(-1.570796326795,9.92093727123));
#7254 = VECTOR('',#7255,1.);
#7255 = DIRECTION('',(1.,0.));
#7256 = ( GEOMETRIC_REPRESENTATION_CONTEXT(2) 
PARAMETRIC_REPRESENTATION_CONTEXT() REPRESENTATION_CONTEXT('2D SPACE',''
  ) );
#7257 = PCURVE('',#7258,#7263);
#7258 = TOROIDAL_SURFACE('',#7259,56.,6.3);
#7259 = AXIS2_PLACEMENT_3D('',#7260,#7261,#7262);
#7260 = CARTESIAN_POINT('',(2.9773E+04,0.,-300.));
#7261 = DIRECTION('',(0.,0.,1.));
#7262 = DIRECTION('',(1.,0.,-0.));
#7263 = DEFINITIONAL_REPRESENTATION('',(#7264),#7268);
#7264 = LINE('',#7265,#7266);
#7265 = CARTESIAN_POINT('',(-1.570796326795,2.831748013848));
#7266 = VECTOR('',#7267,1.);
#7267 = DIRECTION('',(1.,0.));
#7268 = ( GEOMETRIC_REPRESENTATION_CONTEXT(2) 
PARAMETRIC_REPRESENTATION_CONTEXT() REPRESENTATION_CONTEXT('2D SPACE',''
  ) );
#7269 = ADVANCED_FACE('',(#7270),#7258,.F.);
#7270 = FACE_BOUND('',#7271,.F.);
#7271 = EDGE_LOOP('',(#7272,#7273,#7297,#7324));
#7272 = ORIENTED_EDGE('',*,*,#7243,.T.);
#7273 = ORIENTED_EDGE('',*,*,#7274,.T.);
#7274 = EDGE_CURVE('',#7186,#7275,#7277,.T.);
#7275 = VERTEX_POINT('',#7276);
#7276 = CARTESIAN_POINT('',(2.9823E+04,-1.224646799147E-14,
    -301.9209372712));
#7277 = SEAM_CURVE('',#7278,(#7283,#7290),.PCURVE_S1.);
#7278 = CIRCLE('',#7279,6.3);
#7279 = AXIS2_PLACEMENT_3D('',#7280,#7281,#7282);
#7280 = CARTESIAN_POINT('',(2.9829E+04,-1.371604415045E-14,-300.));
#7281 = DIRECTION('',(-2.449293598295E-16,-1.,0.));
#7282 = DIRECTION('',(1.,-2.449293598295E-16,0.));
#7283 = PCURVE('',#7258,#7284);
#7284 = DEFINITIONAL_REPRESENTATION('',(#7285),#7289);
#7285 = LINE('',#7286,#7287);
#7286 = CARTESIAN_POINT('',(0.,-0.));
#7287 = VECTOR('',#7288,1.);
#7288 = DIRECTION('',(0.,1.));
#7289 = ( GEOMETRIC_REPRESENTATION_CONTEXT(2) 
PARAMETRIC_REPRESENTATION_CONTEXT() REPRESENTATION_CONTEXT('2D SPACE',''
  ) );
#7290 = PCURVE('',#7258,#7291);
#7291 = DEFINITIONAL_REPRESENTATION('',(#7292),#7296);
#7292 = LINE('',#7293,#7294);
#7293 = CARTESIAN_POINT('',(6.28318530718,-0.));
#7294 = VECTOR('',#7295,1.);
#7295 = DIRECTION('',(0.,1.));
#7296 = ( GEOMETRIC_REPRESENTATION_CONTEXT(2) 
PARAMETRIC_REPRESENTATION_CONTEXT() REPRESENTATION_CONTEXT('2D SPACE',''
  ) );
#7297 = ORIENTED_EDGE('',*,*,#7298,.F.);
#7298 = EDGE_CURVE('',#7275,#7275,#7299,.T.);
#7299 = SURFACE_CURVE('',#7300,(#7305,#7312),.PCURVE_S1.);
#7300 = CIRCLE('',#7301,50.);
#7301 = AXIS2_PLACEMENT_3D('',#7302,#7303,#7304);
#7302 = CARTESIAN_POINT('',(2.9773E+04,0.,-301.9209372712));
#7303 = DIRECTION('',(0.,0.,1.));
#7304 = DIRECTION('',(0.,-1.,0.));
#7305 = PCURVE('',#7258,#7306);
#7306 = DEFINITIONAL_REPRESENTATION('',(#7307),#7311);
#7307 = LINE('',#7308,#7309);
#7308 = CARTESIAN_POINT('',(-1.570796326795,3.451437293331));
#7309 = VECTOR('',#7310,1.);
#7310 = DIRECTION('',(1.,0.));
#7311 = ( GEOMETRIC_REPRESENTATION_CONTEXT(2) 
PARAMETRIC_REPRESENTATION_CONTEXT() REPRESENTATION_CONTEXT('2D SPACE',''
  ) );
#7312 = PCURVE('',#7313,#7318);
#7313 = CYLINDRICAL_SURFACE('',#7314,50.);
#7314 = AXIS2_PLACEMENT_3D('',#7315,#7316,#7317);
#7315 = CARTESIAN_POINT('',(2.9773E+04,0.,-308.));
#7316 = DIRECTION('',(0.,0.,1.));
#7317 = DIRECTION('',(1.,0.,-0.));
#7318 = DEFINITIONAL_REPRESENTATION('',(#7319),#7323);
#7319 = LINE('',#7320,#7321);
#7320 = CARTESIAN_POINT('',(-1.570796326795,6.07906272877));
#7321 = VECTOR('',#7322,1.);
#7322 = DIRECTION('',(1.,0.));
#7323 = ( GEOMETRIC_REPRESENTATION_CONTEXT(2) 
PARAMETRIC_REPRESENTATION_CONTEXT() REPRESENTATION_CONTEXT('2D SPACE',''
  ) );
#7324 = ORIENTED_EDGE('',*,*,#7274,.F.);
#7325 = ADVANCED_FACE('',(#7326,#7329),#7230,.T.);
#7326 = FACE_BOUND('',#7327,.T.);
#7327 = EDGE_LOOP('',(#7328));
#7328 = ORIENTED_EDGE('',*,*,#7215,.T.);
#7329 = FACE_BOUND('',#7330,.T.);
#7330 = EDGE_LOOP('',(#7331));
#7331 = ORIENTED_EDGE('',*,*,#7332,.F.);
#7332 = EDGE_CURVE('',#7333,#7333,#7335,.T.);
#7333 = VERTEX_POINT('',#7334);
#7334 = CARTESIAN_POINT('',(2.97795E+04,-1.592040838892E-15,-292.));
#7335 = SURFACE_CURVE('',#7336,(#7341,#7348),.PCURVE_S1.);
#7336 = CIRCLE('',#7337,6.5);
#7337 = AXIS2_PLACEMENT_3D('',#7338,#7339,#7340);
#7338 = CARTESIAN_POINT('',(2.9773E+04,0.,-292.));
#7339 = DIRECTION('',(0.,0.,1.));
#7340 = DIRECTION('',(1.,0.,-0.));
#7341 = PCURVE('',#7230,#7342);
#7342 = DEFINITIONAL_REPRESENTATION('',(#7343),#7347);
#7343 = CIRCLE('',#7344,6.5);
#7344 = AXIS2_PLACEMENT_2D('',#7345,#7346);
#7345 = CARTESIAN_POINT('',(0.,0.));
#7346 = DIRECTION('',(1.,0.));
#7347 = ( GEOMETRIC_REPRESENTATION_CONTEXT(2) 
PARAMETRIC_REPRESENTATION_CONTEXT() REPRESENTATION_CONTEXT('2D SPACE',''
  ) );
#7348 = PCURVE('',#7349,#7354);
#7349 = CYLINDRICAL_SURFACE('',#7350,6.5);
#7350 = AXIS2_PLACEMENT_3D('',#7351,#7352,#7353);
#7351 = CARTESIAN_POINT('',(2.9773E+04,0.,-316.));
#7352 = DIRECTION('',(0.,0.,1.));
#7353 = DIRECTION('',(1.,0.,-0.));
#7354 = DEFINITIONAL_REPRESENTATION('',(#7355),#7359);
#7355 = LINE('',#7356,#7357);
#7356 = CARTESIAN_POINT('',(0.,24.));
#7357 = VECTOR('',#7358,1.);
#7358 = DIRECTION('',(1.,0.));
#7359 = ( GEOMETRIC_REPRESENTATION_CONTEXT(2) 
PARAMETRIC_REPRESENTATION_CONTEXT() REPRESENTATION_CONTEXT('2D SPACE',''
  ) );
#7360 = ADVANCED_FACE('',(#7361),#7313,.T.);
#7361 = FACE_BOUND('',#7362,.T.);
#7362 = EDGE_LOOP('',(#7363,#7364,#7387,#7414));
#7363 = ORIENTED_EDGE('',*,*,#7298,.F.);
#7364 = ORIENTED_EDGE('',*,*,#7365,.F.);
#7365 = EDGE_CURVE('',#7366,#7275,#7368,.T.);
#7366 = VERTEX_POINT('',#7367);
#7367 = CARTESIAN_POINT('',(2.9823E+04,-1.224646799147E-14,-308.));
#7368 = SEAM_CURVE('',#7369,(#7373,#7380),.PCURVE_S1.);
#7369 = LINE('',#7370,#7371);
#7370 = CARTESIAN_POINT('',(2.9823E+04,-1.224646799147E-14,-308.));
#7371 = VECTOR('',#7372,1.);
#7372 = DIRECTION('',(0.,0.,1.));
#7373 = PCURVE('',#7313,#7374);
#7374 = DEFINITIONAL_REPRESENTATION('',(#7375),#7379);
#7375 = LINE('',#7376,#7377);
#7376 = CARTESIAN_POINT('',(6.28318530718,-0.));
#7377 = VECTOR('',#7378,1.);
#7378 = DIRECTION('',(0.,1.));
#7379 = ( GEOMETRIC_REPRESENTATION_CONTEXT(2) 
PARAMETRIC_REPRESENTATION_CONTEXT() REPRESENTATION_CONTEXT('2D SPACE',''
  ) );
#7380 = PCURVE('',#7313,#7381);
#7381 = DEFINITIONAL_REPRESENTATION('',(#7382),#7386);
#7382 = LINE('',#7383,#7384);
#7383 = CARTESIAN_POINT('',(0.,-0.));
#7384 = VECTOR('',#7385,1.);
#7385 = DIRECTION('',(0.,1.));
#7386 = ( GEOMETRIC_REPRESENTATION_CONTEXT(2) 
PARAMETRIC_REPRESENTATION_CONTEXT() REPRESENTATION_CONTEXT('2D SPACE',''
  ) );
#7387 = ORIENTED_EDGE('',*,*,#7388,.T.);
#7388 = EDGE_CURVE('',#7366,#7366,#7389,.T.);
#7389 = SURFACE_CURVE('',#7390,(#7395,#7402),.PCURVE_S1.);
#7390 = CIRCLE('',#7391,50.);
#7391 = AXIS2_PLACEMENT_3D('',#7392,#7393,#7394);
#7392 = CARTESIAN_POINT('',(2.9773E+04,0.,-308.));
#7393 = DIRECTION('',(0.,0.,1.));
#7394 = DIRECTION('',(1.,0.,-0.));
#7395 = PCURVE('',#7313,#7396);
#7396 = DEFINITIONAL_REPRESENTATION('',(#7397),#7401);
#7397 = LINE('',#7398,#7399);
#7398 = CARTESIAN_POINT('',(0.,0.));
#7399 = VECTOR('',#7400,1.);
#7400 = DIRECTION('',(1.,0.));
#7401 = ( GEOMETRIC_REPRESENTATION_CONTEXT(2) 
PARAMETRIC_REPRESENTATION_CONTEXT() REPRESENTATION_CONTEXT('2D SPACE',''
  ) );
#7402 = PCURVE('',#7403,#7408);
#7403 = PLANE('',#7404);
#7404 = AXIS2_PLACEMENT_3D('',#7405,#7406,#7407);
#7405 = CARTESIAN_POINT('',(2.9773E+04,0.,-308.));
#7406 = DIRECTION('',(0.,0.,1.));
#7407 = DIRECTION('',(1.,0.,-0.));
#7408 = DEFINITIONAL_REPRESENTATION('',(#7409),#7413);
#7409 = CIRCLE('',#7410,50.);
#7410 = AXIS2_PLACEMENT_2D('',#7411,#7412);
#7411 = CARTESIAN_POINT('',(0.,0.));
#7412 = DIRECTION('',(1.,0.));
#7413 = ( GEOMETRIC_REPRESENTATION_CONTEXT(2) 
PARAMETRIC_REPRESENTATION_CONTEXT() REPRESENTATION_CONTEXT('2D SPACE',''
  ) );
#7414 = ORIENTED_EDGE('',*,*,#7365,.T.);
#7415 = ADVANCED_FACE('',(#7416),#7349,.F.);
#7416 = FACE_BOUND('',#7417,.F.);
#7417 = EDGE_LOOP('',(#7418,#7419,#7442,#7464));
#7418 = ORIENTED_EDGE('',*,*,#7332,.F.);
#7419 = ORIENTED_EDGE('',*,*,#7420,.F.);
#7420 = EDGE_CURVE('',#7421,#7333,#7423,.T.);
#7421 = VERTEX_POINT('',#7422);
#7422 = CARTESIAN_POINT('',(2.97795E+04,-1.592040838892E-15,-308.));
#7423 = SEAM_CURVE('',#7424,(#7428,#7435),.PCURVE_S1.);
#7424 = LINE('',#7425,#7426);
#7425 = CARTESIAN_POINT('',(2.97795E+04,-1.592040838892E-15,-316.));
#7426 = VECTOR('',#7427,1.);
#7427 = DIRECTION('',(0.,0.,1.));
#7428 = PCURVE('',#7349,#7429);
#7429 = DEFINITIONAL_REPRESENTATION('',(#7430),#7434);
#7430 = LINE('',#7431,#7432);
#7431 = CARTESIAN_POINT('',(6.28318530718,-0.));
#7432 = VECTOR('',#7433,1.);
#7433 = DIRECTION('',(0.,1.));
#7434 = ( GEOMETRIC_REPRESENTATION_CONTEXT(2) 
PARAMETRIC_REPRESENTATION_CONTEXT() REPRESENTATION_CONTEXT('2D SPACE',''
  ) );
#7435 = PCURVE('',#7349,#7436);
#7436 = DEFINITIONAL_REPRESENTATION('',(#7437),#7441);
#7437 = LINE('',#7438,#7439);
#7438 = CARTESIAN_POINT('',(0.,-0.));
#7439 = VECTOR('',#7440,1.);
#7440 = DIRECTION('',(0.,1.));
#7441 = ( GEOMETRIC_REPRESENTATION_CONTEXT(2) 
PARAMETRIC_REPRESENTATION_CONTEXT() REPRESENTATION_CONTEXT('2D SPACE',''
  ) );
#7442 = ORIENTED_EDGE('',*,*,#7443,.T.);
#7443 = EDGE_CURVE('',#7421,#7421,#7444,.T.);
#7444 = SURFACE_CURVE('',#7445,(#7450,#7457),.PCURVE_S1.);
#7445 = CIRCLE('',#7446,6.5);
#7446 = AXIS2_PLACEMENT_3D('',#7447,#7448,#7449);
#7447 = CARTESIAN_POINT('',(2.9773E+04,0.,-308.));
#7448 = DIRECTION('',(0.,0.,1.));
#7449 = DIRECTION('',(1.,0.,-0.));
#7450 = PCURVE('',#7349,#7451);
#7451 = DEFINITIONAL_REPRESENTATION('',(#7452),#7456);
#7452 = LINE('',#7453,#7454);
#7453 = CARTESIAN_POINT('',(0.,8.));
#7454 = VECTOR('',#7455,1.);
#7455 = DIRECTION('',(1.,0.));
#7456 = ( GEOMETRIC_REPRESENTATION_CONTEXT(2) 
PARAMETRIC_REPRESENTATION_CONTEXT() REPRESENTATION_CONTEXT('2D SPACE',''
  ) );
#7457 = PCURVE('',#7403,#7458);
#7458 = DEFINITIONAL_REPRESENTATION('',(#7459),#7463);
#7459 = CIRCLE('',#7460,6.5);
#7460 = AXIS2_PLACEMENT_2D('',#7461,#7462);
#7461 = CARTESIAN_POINT('',(0.,0.));
#7462 = DIRECTION('',(1.,0.));
#7463 = ( GEOMETRIC_REPRESENTATION_CONTEXT(2) 
PARAMETRIC_REPRESENTATION_CONTEXT() REPRESENTATION_CONTEXT('2D SPACE',''
  ) );
#7464 = ORIENTED_EDGE('',*,*,#7420,.T.);
#7465 = ADVANCED_FACE('',(#7466,#7469),#7403,.F.);
#7466 = FACE_BOUND('',#7467,.F.);
#7467 = EDGE_LOOP('',(#7468));
#7468 = ORIENTED_EDGE('',*,*,#7388,.T.);
#7469 = FACE_BOUND('',#7470,.F.);
#7470 = EDGE_LOOP('',(#7471));
#7471 = ORIENTED_EDGE('',*,*,#7443,.F.);
#7472 = MANIFOLD_SOLID_BREP('',#7473);
#7473 = CLOSED_SHELL('',(#7474,#7878,#7949,#8547,#8618,#9182,#9187,#9211
    ,#9346,#9371,#9376,#9381,#9386,#9392,#9397,#9422));
#7474 = ADVANCED_FACE('',(#7475),#7490,.T.);
#7475 = FACE_BOUND('',#7476,.T.);
#7476 = EDGE_LOOP('',(#7477,#7513,#7536,#7565,#7604,#7640,#7676,#7710,
    #7732,#7733,#7757,#7796,#7846));
#7477 = ORIENTED_EDGE('',*,*,#7478,.F.);
#7478 = EDGE_CURVE('',#7479,#7481,#7483,.T.);
#7479 = VERTEX_POINT('',#7480);
#7480 = CARTESIAN_POINT('',(2.993E+04,-16.,-300.));
#7481 = VERTEX_POINT('',#7482);
#7482 = CARTESIAN_POINT('',(2.9921E+04,-16.,-297.));
#7483 = SURFACE_CURVE('',#7484,(#7489,#7501),.PCURVE_S1.);
#7484 = CIRCLE('',#7485,5.);
#7485 = AXIS2_PLACEMENT_3D('',#7486,#7487,#7488);
#7486 = CARTESIAN_POINT('',(2.9925E+04,-16.,-300.));
#7487 = DIRECTION('',(0.,-1.,2.22044604925E-16));
#7488 = DIRECTION('',(1.,0.,0.));
#7489 = PCURVE('',#7490,#7495);
#7490 = CYLINDRICAL_SURFACE('',#7491,5.);
#7491 = AXIS2_PLACEMENT_3D('',#7492,#7493,#7494);
#7492 = CARTESIAN_POINT('',(2.9925E+04,16.,-300.));
#7493 = DIRECTION('',(0.,-1.,2.22044604925E-16));
#7494 = DIRECTION('',(1.,0.,0.));
#7495 = DEFINITIONAL_REPRESENTATION('',(#7496),#7500);
#7496 = LINE('',#7497,#7498);
#7497 = CARTESIAN_POINT('',(0.,32.));
#7498 = VECTOR('',#7499,1.);
#7499 = DIRECTION('',(1.,0.));
#7500 = ( GEOMETRIC_REPRESENTATION_CONTEXT(2) 
PARAMETRIC_REPRESENTATION_CONTEXT() REPRESENTATION_CONTEXT('2D SPACE',''
  ) );
#7501 = PCURVE('',#7502,#7507);
#7502 = PLANE('',#7503);
#7503 = AXIS2_PLACEMENT_3D('',#7504,#7505,#7506);
#7504 = CARTESIAN_POINT('',(2.9925E+04,-16.,-300.));
#7505 = DIRECTION('',(0.,-1.,2.22044604925E-16));
#7506 = DIRECTION('',(1.,0.,0.));
#7507 = DEFINITIONAL_REPRESENTATION('',(#7508),#7512);
#7508 = CIRCLE('',#7509,5.);
#7509 = AXIS2_PLACEMENT_2D('',#7510,#7511);
#7510 = CARTESIAN_POINT('',(0.,0.));
#7511 = DIRECTION('',(1.,0.));
#7512 = ( GEOMETRIC_REPRESENTATION_CONTEXT(2) 
PARAMETRIC_REPRESENTATION_CONTEXT() REPRESENTATION_CONTEXT('2D SPACE',''
  ) );
#7513 = ORIENTED_EDGE('',*,*,#7514,.F.);
#7514 = EDGE_CURVE('',#7515,#7479,#7517,.T.);
#7515 = VERTEX_POINT('',#7516);
#7516 = CARTESIAN_POINT('',(2.993E+04,16.,-300.));
#7517 = SEAM_CURVE('',#7518,(#7522,#7529),.PCURVE_S1.);
#7518 = LINE('',#7519,#7520);
#7519 = CARTESIAN_POINT('',(2.993E+04,16.,-300.));
#7520 = VECTOR('',#7521,1.);
#7521 = DIRECTION('',(0.,-1.,2.22044604925E-16));
#7522 = PCURVE('',#7490,#7523);
#7523 = DEFINITIONAL_REPRESENTATION('',(#7524),#7528);
#7524 = LINE('',#7525,#7526);
#7525 = CARTESIAN_POINT('',(6.28318530718,-0.));
#7526 = VECTOR('',#7527,1.);
#7527 = DIRECTION('',(0.,1.));
#7528 = ( GEOMETRIC_REPRESENTATION_CONTEXT(2) 
PARAMETRIC_REPRESENTATION_CONTEXT() REPRESENTATION_CONTEXT('2D SPACE',''
  ) );
#7529 = PCURVE('',#7490,#7530);
#7530 = DEFINITIONAL_REPRESENTATION('',(#7531),#7535);
#7531 = LINE('',#7532,#7533);
#7532 = CARTESIAN_POINT('',(0.,-0.));
#7533 = VECTOR('',#7534,1.);
#7534 = DIRECTION('',(0.,1.));
#7535 = ( GEOMETRIC_REPRESENTATION_CONTEXT(2) 
PARAMETRIC_REPRESENTATION_CONTEXT() REPRESENTATION_CONTEXT('2D SPACE',''
  ) );
#7536 = ORIENTED_EDGE('',*,*,#7537,.T.);
#7537 = EDGE_CURVE('',#7515,#7538,#7540,.T.);
#7538 = VERTEX_POINT('',#7539);
#7539 = CARTESIAN_POINT('',(2.9921E+04,16.,-297.));
#7540 = SURFACE_CURVE('',#7541,(#7546,#7553),.PCURVE_S1.);
#7541 = CIRCLE('',#7542,5.);
#7542 = AXIS2_PLACEMENT_3D('',#7543,#7544,#7545);
#7543 = CARTESIAN_POINT('',(2.9925E+04,16.,-300.));
#7544 = DIRECTION('',(0.,-1.,2.22044604925E-16));
#7545 = DIRECTION('',(1.,0.,0.));
#7546 = PCURVE('',#7490,#7547);
#7547 = DEFINITIONAL_REPRESENTATION('',(#7548),#7552);
#7548 = LINE('',#7549,#7550);
#7549 = CARTESIAN_POINT('',(0.,0.));
#7550 = VECTOR('',#7551,1.);
#7551 = DIRECTION('',(1.,0.));
#7552 = ( GEOMETRIC_REPRESENTATION_CONTEXT(2) 
PARAMETRIC_REPRESENTATION_CONTEXT() REPRESENTATION_CONTEXT('2D SPACE',''
  ) );
#7553 = PCURVE('',#7554,#7559);
#7554 = PLANE('',#7555);
#7555 = AXIS2_PLACEMENT_3D('',#7556,#7557,#7558);
#7556 = CARTESIAN_POINT('',(2.9925E+04,16.,-300.));
#7557 = DIRECTION('',(0.,-1.,2.22044604925E-16));
#7558 = DIRECTION('',(1.,0.,0.));
#7559 = DEFINITIONAL_REPRESENTATION('',(#7560),#7564);
#7560 = CIRCLE('',#7561,5.);
#7561 = AXIS2_PLACEMENT_2D('',#7562,#7563);
#7562 = CARTESIAN_POINT('',(0.,0.));
#7563 = DIRECTION('',(1.,0.));
#7564 = ( GEOMETRIC_REPRESENTATION_CONTEXT(2) 
PARAMETRIC_REPRESENTATION_CONTEXT() REPRESENTATION_CONTEXT('2D SPACE',''
  ) );
#7565 = ORIENTED_EDGE('',*,*,#7566,.F.);
#7566 = EDGE_CURVE('',#7567,#7538,#7569,.T.);
#7567 = VERTEX_POINT('',#7568);
#7568 = CARTESIAN_POINT('',(2.9925E+04,12.,-295.));
#7569 = SURFACE_CURVE('',#7570,(#7575,#7587),.PCURVE_S1.);
#7570 = ELLIPSE('',#7571,7.071067811865,5.);
#7571 = AXIS2_PLACEMENT_3D('',#7572,#7573,#7574);
#7572 = CARTESIAN_POINT('',(2.9925E+04,12.,-300.));
#7573 = DIRECTION('',(-0.707106781187,-0.707106781187,0.));
#7574 = DIRECTION('',(0.707106781187,-0.707106781187,3.140184917368E-16)
  );
#7575 = PCURVE('',#7490,#7576);
#7576 = DEFINITIONAL_REPRESENTATION('',(#7577),#7586);
#7577 = B_SPLINE_CURVE_WITH_KNOTS('',7,(#7578,#7579,#7580,#7581,#7582,
    #7583,#7584,#7585),.UNSPECIFIED.,.F.,.F.,(8,8),(1.570796266795,
    2.498091744797),.PIECEWISE_BEZIER_KNOTS.);
#7578 = CARTESIAN_POINT('',(1.570796266795,4.0000003));
#7579 = CARTESIAN_POINT('',(1.703267049367,3.337646387142));
#7580 = CARTESIAN_POINT('',(1.835737831939,2.67529251081));
#7581 = CARTESIAN_POINT('',(1.968208614509,2.031923093472));
#7582 = CARTESIAN_POINT('',(2.100679397083,1.426524161583));
#7583 = CARTESIAN_POINT('',(2.233150179653,0.876716983343));
#7584 = CARTESIAN_POINT('',(2.365620962225,0.397411641738));
#7585 = CARTESIAN_POINT('',(2.498091744797,-6.000007388707E-07));
#7586 = ( GEOMETRIC_REPRESENTATION_CONTEXT(2) 
PARAMETRIC_REPRESENTATION_CONTEXT() REPRESENTATION_CONTEXT('2D SPACE',''
  ) );
#7587 = PCURVE('',#7588,#7593);
#7588 = CYLINDRICAL_SURFACE('',#7589,5.);
#7589 = AXIS2_PLACEMENT_3D('',#7590,#7591,#7592);
#7590 = CARTESIAN_POINT('',(2.9874E+04,12.,-300.));
#7591 = DIRECTION('',(1.,0.,2.22044604925E-16));
#7592 = DIRECTION('',(2.22044604925E-16,0.,-1.));
#7593 = DEFINITIONAL_REPRESENTATION('',(#7594),#7603);
#7594 = B_SPLINE_CURVE_WITH_KNOTS('',7,(#7595,#7596,#7597,#7598,#7599,
    #7600,#7601,#7602),.UNSPECIFIED.,.F.,.F.,(8,8),(1.570796266795,
    2.498091744797),.PIECEWISE_BEZIER_KNOTS.);
#7595 = CARTESIAN_POINT('',(3.14159271359,51.0000003));
#7596 = CARTESIAN_POINT('',(3.009121931018,50.337646387142));
#7597 = CARTESIAN_POINT('',(2.876651148446,49.675292510821));
#7598 = CARTESIAN_POINT('',(2.744180365877,49.031923093447));
#7599 = CARTESIAN_POINT('',(2.611709583301,48.426524161616));
#7600 = CARTESIAN_POINT('',(2.479238800732,47.876716983334));
#7601 = CARTESIAN_POINT('',(2.34676801816,47.397411641738));
#7602 = CARTESIAN_POINT('',(2.214297235588,46.999999399999));
#7603 = ( GEOMETRIC_REPRESENTATION_CONTEXT(2) 
PARAMETRIC_REPRESENTATION_CONTEXT() REPRESENTATION_CONTEXT('2D SPACE',''
  ) );
#7604 = ORIENTED_EDGE('',*,*,#7605,.T.);
#7605 = EDGE_CURVE('',#7567,#7606,#7608,.T.);
#7606 = VERTEX_POINT('',#7607);
#7607 = CARTESIAN_POINT('',(2.992E+04,7.,-300.));
#7608 = SURFACE_CURVE('',#7609,(#7614,#7627),.PCURVE_S1.);
#7609 = ELLIPSE('',#7610,7.071067811865,5.);
#7610 = AXIS2_PLACEMENT_3D('',#7611,#7612,#7613);
#7611 = CARTESIAN_POINT('',(2.9925E+04,12.,-300.));
#7612 = DIRECTION('',(0.707106781187,-0.707106781187,3.140184917368E-16)
  );
#7613 = DIRECTION('',(-0.707106781187,-0.707106781187,0.));
#7614 = PCURVE('',#7490,#7615);
#7615 = DEFINITIONAL_REPRESENTATION('',(#7616),#7626);
#7616 = B_SPLINE_CURVE_WITH_KNOTS('',8,(#7617,#7618,#7619,#7620,#7621,
    #7622,#7623,#7624,#7625),.UNSPECIFIED.,.F.,.F.,(9,9),(4.712388920385
    ,6.28318530718),.PIECEWISE_BEZIER_KNOTS.);
#7617 = CARTESIAN_POINT('',(1.570796266795,3.9999997));
#7618 = CARTESIAN_POINT('',(1.767145815144,4.981747441747));
#7619 = CARTESIAN_POINT('',(1.963495363495,5.963495429806));
#7620 = CARTESIAN_POINT('',(2.15984491183,6.887566151559));
#7621 = CARTESIAN_POINT('',(2.356194460201,7.696293654692));
#7622 = CARTESIAN_POINT('',(2.552544008528,8.339090181184));
#7623 = CARTESIAN_POINT('',(2.748893556892,8.779696103234));
#7624 = CARTESIAN_POINT('',(2.94524310524,9.));
#7625 = CARTESIAN_POINT('',(3.14159265359,9.));
#7626 = ( GEOMETRIC_REPRESENTATION_CONTEXT(2) 
PARAMETRIC_REPRESENTATION_CONTEXT() REPRESENTATION_CONTEXT('2D SPACE',''
  ) );
#7627 = PCURVE('',#7588,#7628);
#7628 = DEFINITIONAL_REPRESENTATION('',(#7629),#7639);
#7629 = B_SPLINE_CURVE_WITH_KNOTS('',8,(#7630,#7631,#7632,#7633,#7634,
    #7635,#7636,#7637,#7638),.UNSPECIFIED.,.F.,.F.,(9,9),(4.712388920385
    ,6.28318530718),.PIECEWISE_BEZIER_KNOTS.);
#7630 = CARTESIAN_POINT('',(3.14159259359,51.0000003));
#7631 = CARTESIAN_POINT('',(3.337942141939,50.018252558253));
#7632 = CARTESIAN_POINT('',(3.534291690282,49.03650457022));
#7633 = CARTESIAN_POINT('',(3.730641238655,48.112433848204));
#7634 = CARTESIAN_POINT('',(3.926990786968,47.303706345294));
#7635 = CARTESIAN_POINT('',(4.12334033536,46.660909818689));
#7636 = CARTESIAN_POINT('',(4.31968988368,46.220303896778));
#7637 = CARTESIAN_POINT('',(4.516039432035,46.));
#7638 = CARTESIAN_POINT('',(4.712388980385,46.));
#7639 = ( GEOMETRIC_REPRESENTATION_CONTEXT(2) 
PARAMETRIC_REPRESENTATION_CONTEXT() REPRESENTATION_CONTEXT('2D SPACE',''
  ) );
#7640 = ORIENTED_EDGE('',*,*,#7641,.T.);
#7641 = EDGE_CURVE('',#7606,#7642,#7644,.T.);
#7642 = VERTEX_POINT('',#7643);
#7643 = CARTESIAN_POINT('',(2.9925E+04,12.,-305.));
#7644 = SURFACE_CURVE('',#7645,(#7650,#7663),.PCURVE_S1.);
#7645 = ELLIPSE('',#7646,7.071067811865,5.);
#7646 = AXIS2_PLACEMENT_3D('',#7647,#7648,#7649);
#7647 = CARTESIAN_POINT('',(2.9925E+04,12.,-300.));
#7648 = DIRECTION('',(0.707106781187,-0.707106781187,3.140184917368E-16)
  );
#7649 = DIRECTION('',(-0.707106781187,-0.707106781187,0.));
#7650 = PCURVE('',#7490,#7651);
#7651 = DEFINITIONAL_REPRESENTATION('',(#7652),#7662);
#7652 = B_SPLINE_CURVE_WITH_KNOTS('',8,(#7653,#7654,#7655,#7656,#7657,
    #7658,#7659,#7660,#7661),.UNSPECIFIED.,.F.,.F.,(9,9),(0.,
    1.570796326795),.PIECEWISE_BEZIER_KNOTS.);
#7653 = CARTESIAN_POINT('',(3.14159265359,9.));
#7654 = CARTESIAN_POINT('',(3.337942194439,9.));
#7655 = CARTESIAN_POINT('',(3.534291735288,8.779696120077));
#7656 = CARTESIAN_POINT('',(3.730641276125,8.339090231631));
#7657 = CARTESIAN_POINT('',(3.926990816977,7.696293752932));
#7658 = CARTESIAN_POINT('',(4.123340357823,6.887566306003));
#7659 = CARTESIAN_POINT('',(4.319689898686,5.963495641601));
#7660 = CARTESIAN_POINT('',(4.516039439535,4.981747704247));
#7661 = CARTESIAN_POINT('',(4.712388980385,4.));
#7662 = ( GEOMETRIC_REPRESENTATION_CONTEXT(2) 
PARAMETRIC_REPRESENTATION_CONTEXT() REPRESENTATION_CONTEXT('2D SPACE',''
  ) );
#7663 = PCURVE('',#7588,#7664);
#7664 = DEFINITIONAL_REPRESENTATION('',(#7665),#7675);
#7665 = B_SPLINE_CURVE_WITH_KNOTS('',8,(#7666,#7667,#7668,#7669,#7670,
    #7671,#7672,#7673,#7674),.UNSPECIFIED.,.F.,.F.,(9,9),(0.,
    1.570796326795),.PIECEWISE_BEZIER_KNOTS.);
#7666 = CARTESIAN_POINT('',(4.712388980385,46.));
#7667 = CARTESIAN_POINT('',(4.908738521234,46.));
#7668 = CARTESIAN_POINT('',(5.105088062081,46.220303879883));
#7669 = CARTESIAN_POINT('',(5.301437602942,46.660909768252));
#7670 = CARTESIAN_POINT('',(5.497787143762,47.303706246952));
#7671 = CARTESIAN_POINT('',(5.694136684637,48.112433693983));
#7672 = CARTESIAN_POINT('',(5.890486225479,49.036504358395));
#7673 = CARTESIAN_POINT('',(6.08683576633,50.018252295753));
#7674 = CARTESIAN_POINT('',(6.28318530718,51.));
#7675 = ( GEOMETRIC_REPRESENTATION_CONTEXT(2) 
PARAMETRIC_REPRESENTATION_CONTEXT() REPRESENTATION_CONTEXT('2D SPACE',''
  ) );
#7676 = ORIENTED_EDGE('',*,*,#7677,.F.);
#7677 = EDGE_CURVE('',#7678,#7642,#7680,.T.);
#7678 = VERTEX_POINT('',#7679);
#7679 = CARTESIAN_POINT('',(2.9921E+04,16.,-303.));
#7680 = SURFACE_CURVE('',#7681,(#7686,#7698),.PCURVE_S1.);
#7681 = ELLIPSE('',#7682,7.071067811865,5.);
#7682 = AXIS2_PLACEMENT_3D('',#7683,#7684,#7685);
#7683 = CARTESIAN_POINT('',(2.9925E+04,12.,-300.));
#7684 = DIRECTION('',(-0.707106781187,-0.707106781187,0.));
#7685 = DIRECTION('',(0.707106781187,-0.707106781187,3.140184917368E-16)
  );
#7686 = PCURVE('',#7490,#7687);
#7687 = DEFINITIONAL_REPRESENTATION('',(#7688),#7697);
#7688 = B_SPLINE_CURVE_WITH_KNOTS('',7,(#7689,#7690,#7691,#7692,#7693,
    #7694,#7695,#7696),.UNSPECIFIED.,.F.,.F.,(8,8),(3.785093562383,
    4.712388980385),.PIECEWISE_BEZIER_KNOTS.);
#7689 = CARTESIAN_POINT('',(3.785093562383,-6.00000710449E-07));
#7690 = CARTESIAN_POINT('',(3.917564336383,0.397411616023));
#7691 = CARTESIAN_POINT('',(4.050035110384,0.876716921317));
#7692 = CARTESIAN_POINT('',(4.182505884384,1.426524054859));
#7693 = CARTESIAN_POINT('',(4.314976658385,2.031922936782));
#7694 = CARTESIAN_POINT('',(4.447447432383,2.675292302666));
#7695 = CARTESIAN_POINT('',(4.579918206384,3.337646129999));
#7696 = CARTESIAN_POINT('',(4.712388980385,4.));
#7697 = ( GEOMETRIC_REPRESENTATION_CONTEXT(2) 
PARAMETRIC_REPRESENTATION_CONTEXT() REPRESENTATION_CONTEXT('2D SPACE',''
  ) );
#7698 = PCURVE('',#7588,#7699);
#7699 = DEFINITIONAL_REPRESENTATION('',(#7700),#7709);
#7700 = B_SPLINE_CURVE_WITH_KNOTS('',7,(#7701,#7702,#7703,#7704,#7705,
    #7706,#7707,#7708),.UNSPECIFIED.,.F.,.F.,(8,8),(3.785093562383,
    4.712388980385),.PIECEWISE_BEZIER_KNOTS.);
#7701 = CARTESIAN_POINT('',(0.927295418002,46.999999399999));
#7702 = CARTESIAN_POINT('',(0.794824644002,47.397411616023));
#7703 = CARTESIAN_POINT('',(0.662353870001,47.87671692131));
#7704 = CARTESIAN_POINT('',(0.529883096001,48.426524054878));
#7705 = CARTESIAN_POINT('',(0.397412322001,49.031922936767));
#7706 = CARTESIAN_POINT('',(0.264941548,49.675292302672));
#7707 = CARTESIAN_POINT('',(0.132470774,50.337646129999));
#7708 = CARTESIAN_POINT('',(0.,51.));
#7709 = ( GEOMETRIC_REPRESENTATION_CONTEXT(2) 
PARAMETRIC_REPRESENTATION_CONTEXT() REPRESENTATION_CONTEXT('2D SPACE',''
  ) );
#7710 = ORIENTED_EDGE('',*,*,#7711,.T.);
#7711 = EDGE_CURVE('',#7678,#7515,#7712,.T.);
#7712 = SURFACE_CURVE('',#7713,(#7718,#7725),.PCURVE_S1.);
#7713 = CIRCLE('',#7714,5.);
#7714 = AXIS2_PLACEMENT_3D('',#7715,#7716,#7717);
#7715 = CARTESIAN_POINT('',(2.9925E+04,16.,-300.));
#7716 = DIRECTION('',(0.,-1.,2.22044604925E-16));
#7717 = DIRECTION('',(1.,0.,0.));
#7718 = PCURVE('',#7490,#7719);
#7719 = DEFINITIONAL_REPRESENTATION('',(#7720),#7724);
#7720 = LINE('',#7721,#7722);
#7721 = CARTESIAN_POINT('',(0.,0.));
#7722 = VECTOR('',#7723,1.);
#7723 = DIRECTION('',(1.,0.));
#7724 = ( GEOMETRIC_REPRESENTATION_CONTEXT(2) 
PARAMETRIC_REPRESENTATION_CONTEXT() REPRESENTATION_CONTEXT('2D SPACE',''
  ) );
#7725 = PCURVE('',#7554,#7726);
#7726 = DEFINITIONAL_REPRESENTATION('',(#7727),#7731);
#7727 = CIRCLE('',#7728,5.);
#7728 = AXIS2_PLACEMENT_2D('',#7729,#7730);
#7729 = CARTESIAN_POINT('',(0.,0.));
#7730 = DIRECTION('',(1.,0.));
#7731 = ( GEOMETRIC_REPRESENTATION_CONTEXT(2) 
PARAMETRIC_REPRESENTATION_CONTEXT() REPRESENTATION_CONTEXT('2D SPACE',''
  ) );
#7732 = ORIENTED_EDGE('',*,*,#7514,.T.);
#7733 = ORIENTED_EDGE('',*,*,#7734,.F.);
#7734 = EDGE_CURVE('',#7735,#7479,#7737,.T.);
#7735 = VERTEX_POINT('',#7736);
#7736 = CARTESIAN_POINT('',(2.9921E+04,-16.,-303.));
#7737 = SURFACE_CURVE('',#7738,(#7743,#7750),.PCURVE_S1.);
#7738 = CIRCLE('',#7739,5.);
#7739 = AXIS2_PLACEMENT_3D('',#7740,#7741,#7742);
#7740 = CARTESIAN_POINT('',(2.9925E+04,-16.,-300.));
#7741 = DIRECTION('',(0.,-1.,2.22044604925E-16));
#7742 = DIRECTION('',(1.,0.,0.));
#7743 = PCURVE('',#7490,#7744);
#7744 = DEFINITIONAL_REPRESENTATION('',(#7745),#7749);
#7745 = LINE('',#7746,#7747);
#7746 = CARTESIAN_POINT('',(0.,32.));
#7747 = VECTOR('',#7748,1.);
#7748 = DIRECTION('',(1.,0.));
#7749 = ( GEOMETRIC_REPRESENTATION_CONTEXT(2) 
PARAMETRIC_REPRESENTATION_CONTEXT() REPRESENTATION_CONTEXT('2D SPACE',''
  ) );
#7750 = PCURVE('',#7502,#7751);
#7751 = DEFINITIONAL_REPRESENTATION('',(#7752),#7756);
#7752 = CIRCLE('',#7753,5.);
#7753 = AXIS2_PLACEMENT_2D('',#7754,#7755);
#7754 = CARTESIAN_POINT('',(0.,0.));
#7755 = DIRECTION('',(1.,0.));
#7756 = ( GEOMETRIC_REPRESENTATION_CONTEXT(2) 
PARAMETRIC_REPRESENTATION_CONTEXT() REPRESENTATION_CONTEXT('2D SPACE',''
  ) );
#7757 = ORIENTED_EDGE('',*,*,#7758,.T.);
#7758 = EDGE_CURVE('',#7735,#7759,#7761,.T.);
#7759 = VERTEX_POINT('',#7760);
#7760 = CARTESIAN_POINT('',(2.9925E+04,-12.,-305.));
#7761 = SURFACE_CURVE('',#7762,(#7767,#7779),.PCURVE_S1.);
#7762 = ELLIPSE('',#7763,7.071067811865,5.);
#7763 = AXIS2_PLACEMENT_3D('',#7764,#7765,#7766);
#7764 = CARTESIAN_POINT('',(2.9925E+04,-12.,-300.));
#7765 = DIRECTION('',(0.707106781187,-0.707106781187,3.140184917368E-16)
  );
#7766 = DIRECTION('',(-0.707106781187,-0.707106781187,0.));
#7767 = PCURVE('',#7490,#7768);
#7768 = DEFINITIONAL_REPRESENTATION('',(#7769),#7778);
#7769 = B_SPLINE_CURVE_WITH_KNOTS('',7,(#7770,#7771,#7772,#7773,#7774,
    #7775,#7776,#7777),.UNSPECIFIED.,.F.,.F.,(8,8),(0.643500908793,
    1.570796326795),.PIECEWISE_BEZIER_KNOTS.);
#7770 = CARTESIAN_POINT('',(3.785093562383,32.000000600001));
#7771 = CARTESIAN_POINT('',(3.917564336383,31.602588383977));
#7772 = CARTESIAN_POINT('',(4.050035110384,31.123283078686));
#7773 = CARTESIAN_POINT('',(4.182505884382,30.573475945141));
#7774 = CARTESIAN_POINT('',(4.314976658386,29.968077063222));
#7775 = CARTESIAN_POINT('',(4.447447432384,29.324707697328));
#7776 = CARTESIAN_POINT('',(4.579918206384,28.662353870001));
#7777 = CARTESIAN_POINT('',(4.712388980385,28.));
#7778 = ( GEOMETRIC_REPRESENTATION_CONTEXT(2) 
PARAMETRIC_REPRESENTATION_CONTEXT() REPRESENTATION_CONTEXT('2D SPACE',''
  ) );
#7779 = PCURVE('',#7780,#7785);
#7780 = CYLINDRICAL_SURFACE('',#7781,5.);
#7781 = AXIS2_PLACEMENT_3D('',#7782,#7783,#7784);
#7782 = CARTESIAN_POINT('',(2.9874E+04,-12.,-300.));
#7783 = DIRECTION('',(1.,0.,2.22044604925E-16));
#7784 = DIRECTION('',(2.22044604925E-16,0.,-1.));
#7785 = DEFINITIONAL_REPRESENTATION('',(#7786),#7795);
#7786 = B_SPLINE_CURVE_WITH_KNOTS('',7,(#7787,#7788,#7789,#7790,#7791,
    #7792,#7793,#7794),.UNSPECIFIED.,.F.,.F.,(8,8),(0.643500908793,
    1.570796326795),.PIECEWISE_BEZIER_KNOTS.);
#7787 = CARTESIAN_POINT('',(5.355889889178,46.999999399999));
#7788 = CARTESIAN_POINT('',(5.488360663178,47.397411616023));
#7789 = CARTESIAN_POINT('',(5.620831437179,47.87671692131));
#7790 = CARTESIAN_POINT('',(5.753302211176,48.426524054878));
#7791 = CARTESIAN_POINT('',(5.885772985181,49.031922936767));
#7792 = CARTESIAN_POINT('',(6.018243759178,49.67529230268));
#7793 = CARTESIAN_POINT('',(6.150714533179,50.337646129999));
#7794 = CARTESIAN_POINT('',(6.28318530718,51.));
#7795 = ( GEOMETRIC_REPRESENTATION_CONTEXT(2) 
PARAMETRIC_REPRESENTATION_CONTEXT() REPRESENTATION_CONTEXT('2D SPACE',''
  ) );
#7796 = ORIENTED_EDGE('',*,*,#7797,.F.);
#7797 = EDGE_CURVE('',#7798,#7759,#7800,.T.);
#7798 = VERTEX_POINT('',#7799);
#7799 = CARTESIAN_POINT('',(2.9925E+04,-12.,-295.));
#7800 = SURFACE_CURVE('',#7801,(#7806,#7826),.PCURVE_S1.);
#7801 = ELLIPSE('',#7802,7.071067811865,5.);
#7802 = AXIS2_PLACEMENT_3D('',#7803,#7804,#7805);
#7803 = CARTESIAN_POINT('',(2.9925E+04,-12.,-300.));
#7804 = DIRECTION('',(-0.707106781187,-0.707106781187,0.));
#7805 = DIRECTION('',(0.707106781187,-0.707106781187,3.140184917368E-16)
  );
#7806 = PCURVE('',#7490,#7807);
#7807 = DEFINITIONAL_REPRESENTATION('',(#7808),#7825);
#7808 = B_SPLINE_CURVE_WITH_KNOTS('',8,(#7809,#7810,#7811,#7812,#7813,
    #7814,#7815,#7816,#7817,#7818,#7819,#7820,#7821,#7822,#7823,#7824),
  .UNSPECIFIED.,.F.,.F.,(9,7,9),(1.570796266795,3.14159262359,
    4.712388980385),.UNSPECIFIED.);
#7809 = CARTESIAN_POINT('',(1.570796266795,28.0000003));
#7810 = CARTESIAN_POINT('',(1.767145811394,27.018252577003));
#7811 = CARTESIAN_POINT('',(1.963495355993,26.036504607673));
#7812 = CARTESIAN_POINT('',(2.159844900592,25.11243390142));
#7813 = CARTESIAN_POINT('',(2.356194445181,24.303706406994));
#7814 = CARTESIAN_POINT('',(2.552543989794,23.660909880156));
#7815 = CARTESIAN_POINT('',(2.748893534391,23.22030394723));
#7816 = CARTESIAN_POINT('',(2.94524307899,23.000000029452));
#7817 = CARTESIAN_POINT('',(3.337942168189,22.999999970548));
#7818 = CARTESIAN_POINT('',(3.534291712782,23.220303829406));
#7819 = CARTESIAN_POINT('',(3.730641257385,23.660909706945));
#7820 = CARTESIAN_POINT('',(3.92699080196,24.303706185252));
#7821 = CARTESIAN_POINT('',(4.123340346594,25.112433640985));
#7822 = CARTESIAN_POINT('',(4.319689891181,26.036504320869));
#7823 = CARTESIAN_POINT('',(4.516039435785,27.018252277003));
#7824 = CARTESIAN_POINT('',(4.712388980385,28.));
#7825 = ( GEOMETRIC_REPRESENTATION_CONTEXT(2) 
PARAMETRIC_REPRESENTATION_CONTEXT() REPRESENTATION_CONTEXT('2D SPACE',''
  ) );
#7826 = PCURVE('',#7780,#7827);
#7827 = DEFINITIONAL_REPRESENTATION('',(#7828),#7845);
#7828 = B_SPLINE_CURVE_WITH_KNOTS('',8,(#7829,#7830,#7831,#7832,#7833,
    #7834,#7835,#7836,#7837,#7838,#7839,#7840,#7841,#7842,#7843,#7844),
  .UNSPECIFIED.,.F.,.F.,(9,7,9),(1.570796266795,3.14159262359,
    4.712388980385),.UNSPECIFIED.);
#7829 = CARTESIAN_POINT('',(3.14159271359,51.0000003));
#7830 = CARTESIAN_POINT('',(2.94524316899,50.018252577003));
#7831 = CARTESIAN_POINT('',(2.748893624386,49.036504607655));
#7832 = CARTESIAN_POINT('',(2.552544079807,48.112433901348));
#7833 = CARTESIAN_POINT('',(2.356194535172,47.303706406849));
#7834 = CARTESIAN_POINT('',(2.159844990602,46.660909880331));
#7835 = CARTESIAN_POINT('',(1.963495445989,46.220303947201));
#7836 = CARTESIAN_POINT('',(1.767145901394,46.000000029452));
#7837 = CARTESIAN_POINT('',(1.374446812196,45.999999970548));
#7838 = CARTESIAN_POINT('',(1.178097267596,46.220303829403));
#7839 = CARTESIAN_POINT('',(0.981747722999,46.660909707018));
#7840 = CARTESIAN_POINT('',(0.785398178393,47.303706185194));
#7841 = CARTESIAN_POINT('',(0.589048633803,48.112433641101));
#7842 = CARTESIAN_POINT('',(0.392699089198,49.036504320888));
#7843 = CARTESIAN_POINT('',(0.196349544599,50.018252277003));
#7844 = CARTESIAN_POINT('',(0.,51.));
#7845 = ( GEOMETRIC_REPRESENTATION_CONTEXT(2) 
PARAMETRIC_REPRESENTATION_CONTEXT() REPRESENTATION_CONTEXT('2D SPACE',''
  ) );
#7846 = ORIENTED_EDGE('',*,*,#7847,.T.);
#7847 = EDGE_CURVE('',#7798,#7481,#7848,.T.);
#7848 = SURFACE_CURVE('',#7849,(#7854,#7866),.PCURVE_S1.);
#7849 = ELLIPSE('',#7850,7.071067811865,5.);
#7850 = AXIS2_PLACEMENT_3D('',#7851,#7852,#7853);
#7851 = CARTESIAN_POINT('',(2.9925E+04,-12.,-300.));
#7852 = DIRECTION('',(0.707106781187,-0.707106781187,3.140184917368E-16)
  );
#7853 = DIRECTION('',(-0.707106781187,-0.707106781187,0.));
#7854 = PCURVE('',#7490,#7855);
#7855 = DEFINITIONAL_REPRESENTATION('',(#7856),#7865);
#7856 = B_SPLINE_CURVE_WITH_KNOTS('',7,(#7857,#7858,#7859,#7860,#7861,
    #7862,#7863,#7864),.UNSPECIFIED.,.F.,.F.,(8,8),(4.712388920385,
    5.639684398387),.PIECEWISE_BEZIER_KNOTS.);
#7857 = CARTESIAN_POINT('',(1.570796266795,27.9999997));
#7858 = CARTESIAN_POINT('',(1.703267049367,28.662353612858));
#7859 = CARTESIAN_POINT('',(1.835737831939,29.324707489184));
#7860 = CARTESIAN_POINT('',(1.968208614509,29.968076906545));
#7861 = CARTESIAN_POINT('',(2.100679397083,30.573475838402));
#7862 = CARTESIAN_POINT('',(2.233150179653,31.123283016663));
#7863 = CARTESIAN_POINT('',(2.365620962225,31.602588358262));
#7864 = CARTESIAN_POINT('',(2.498091744797,32.000000600001));
#7865 = ( GEOMETRIC_REPRESENTATION_CONTEXT(2) 
PARAMETRIC_REPRESENTATION_CONTEXT() REPRESENTATION_CONTEXT('2D SPACE',''
  ) );
#7866 = PCURVE('',#7780,#7867);
#7867 = DEFINITIONAL_REPRESENTATION('',(#7868),#7877);
#7868 = B_SPLINE_CURVE_WITH_KNOTS('',7,(#7869,#7870,#7871,#7872,#7873,
    #7874,#7875,#7876),.UNSPECIFIED.,.F.,.F.,(8,8),(4.712388920385,
    5.639684398387),.PIECEWISE_BEZIER_KNOTS.);
#7869 = CARTESIAN_POINT('',(3.14159259359,51.0000003));
#7870 = CARTESIAN_POINT('',(3.274063376161,50.337646387142));
#7871 = CARTESIAN_POINT('',(3.406534158733,49.675292510821));
#7872 = CARTESIAN_POINT('',(3.539004941307,49.031923093447));
#7873 = CARTESIAN_POINT('',(3.671475723876,48.426524161616));
#7874 = CARTESIAN_POINT('',(3.803946506448,47.876716983334));
#7875 = CARTESIAN_POINT('',(3.93641728902,47.397411641738));
#7876 = CARTESIAN_POINT('',(4.068888071592,46.999999399999));
#7877 = ( GEOMETRIC_REPRESENTATION_CONTEXT(2) 
PARAMETRIC_REPRESENTATION_CONTEXT() REPRESENTATION_CONTEXT('2D SPACE',''
  ) );
#7878 = ADVANCED_FACE('',(#7879),#7502,.T.);
#7879 = FACE_BOUND('',#7880,.T.);
#7880 = EDGE_LOOP('',(#7881,#7882,#7883,#7904,#7930));
#7881 = ORIENTED_EDGE('',*,*,#7734,.T.);
#7882 = ORIENTED_EDGE('',*,*,#7478,.T.);
#7883 = ORIENTED_EDGE('',*,*,#7884,.T.);
#7884 = EDGE_CURVE('',#7481,#7885,#7887,.T.);
#7885 = VERTEX_POINT('',#7886);
#7886 = CARTESIAN_POINT('',(2.9925E+04,-16.,-297.));
#7887 = SURFACE_CURVE('',#7888,(#7892,#7898),.PCURVE_S1.);
#7888 = LINE('',#7889,#7890);
#7889 = CARTESIAN_POINT('',(2.9874E+04,-16.,-297.));
#7890 = VECTOR('',#7891,1.);
#7891 = DIRECTION('',(1.,0.,2.22044604925E-16));
#7892 = PCURVE('',#7502,#7893);
#7893 = DEFINITIONAL_REPRESENTATION('',(#7894),#7897);
#7894 = B_SPLINE_CURVE_WITH_KNOTS('',1,(#7895,#7896),.UNSPECIFIED.,.F.,
  .F.,(2,2),(45.,51.0000006),.PIECEWISE_BEZIER_KNOTS.);
#7895 = CARTESIAN_POINT('',(-6.,3.));
#7896 = CARTESIAN_POINT('',(5.999999928008E-07,3.));
#7897 = ( GEOMETRIC_REPRESENTATION_CONTEXT(2) 
PARAMETRIC_REPRESENTATION_CONTEXT() REPRESENTATION_CONTEXT('2D SPACE',''
  ) );
#7898 = PCURVE('',#7780,#7899);
#7899 = DEFINITIONAL_REPRESENTATION('',(#7900),#7903);
#7900 = B_SPLINE_CURVE_WITH_KNOTS('',1,(#7901,#7902),.UNSPECIFIED.,.F.,
  .F.,(2,2),(45.,51.0000006),.PIECEWISE_BEZIER_KNOTS.);
#7901 = CARTESIAN_POINT('',(4.068887871591,45.));
#7902 = CARTESIAN_POINT('',(4.068887871591,51.0000006));
#7903 = ( GEOMETRIC_REPRESENTATION_CONTEXT(2) 
PARAMETRIC_REPRESENTATION_CONTEXT() REPRESENTATION_CONTEXT('2D SPACE',''
  ) );
#7904 = ORIENTED_EDGE('',*,*,#7905,.F.);
#7905 = EDGE_CURVE('',#7906,#7885,#7908,.T.);
#7906 = VERTEX_POINT('',#7907);
#7907 = CARTESIAN_POINT('',(2.9925E+04,-16.,-303.));
#7908 = SURFACE_CURVE('',#7909,(#7913,#7919),.PCURVE_S1.);
#7909 = LINE('',#7910,#7911);
#7910 = CARTESIAN_POINT('',(2.9925E+04,-16.,-300.));
#7911 = VECTOR('',#7912,1.);
#7912 = DIRECTION('',(-2.22044604925E-16,2.22044604925E-16,1.));
#7913 = PCURVE('',#7502,#7914);
#7914 = DEFINITIONAL_REPRESENTATION('',(#7915),#7918);
#7915 = B_SPLINE_CURVE_WITH_KNOTS('',1,(#7916,#7917),.UNSPECIFIED.,.F.,
  .F.,(2,2),(-5.,5.),.PIECEWISE_BEZIER_KNOTS.);
#7916 = CARTESIAN_POINT('',(1.110223024625E-15,-5.));
#7917 = CARTESIAN_POINT('',(-1.110223024625E-15,5.));
#7918 = ( GEOMETRIC_REPRESENTATION_CONTEXT(2) 
PARAMETRIC_REPRESENTATION_CONTEXT() REPRESENTATION_CONTEXT('2D SPACE',''
  ) );
#7919 = PCURVE('',#7920,#7925);
#7920 = PLANE('',#7921);
#7921 = AXIS2_PLACEMENT_3D('',#7922,#7923,#7924);
#7922 = CARTESIAN_POINT('',(2.9925E+04,-12.,-300.));
#7923 = DIRECTION('',(1.,0.,2.22044604925E-16));
#7924 = DIRECTION('',(2.22044604925E-16,0.,-1.));
#7925 = DEFINITIONAL_REPRESENTATION('',(#7926),#7929);
#7926 = B_SPLINE_CURVE_WITH_KNOTS('',1,(#7927,#7928),.UNSPECIFIED.,.F.,
  .F.,(2,2),(-5.,5.),.PIECEWISE_BEZIER_KNOTS.);
#7927 = CARTESIAN_POINT('',(5.,-4.));
#7928 = CARTESIAN_POINT('',(-5.,-4.));
#7929 = ( GEOMETRIC_REPRESENTATION_CONTEXT(2) 
PARAMETRIC_REPRESENTATION_CONTEXT() REPRESENTATION_CONTEXT('2D SPACE',''
  ) );
#7930 = ORIENTED_EDGE('',*,*,#7931,.F.);
#7931 = EDGE_CURVE('',#7735,#7906,#7932,.T.);
#7932 = SURFACE_CURVE('',#7933,(#7937,#7943),.PCURVE_S1.);
#7933 = LINE('',#7934,#7935);
#7934 = CARTESIAN_POINT('',(2.9874E+04,-16.,-303.));
#7935 = VECTOR('',#7936,1.);
#7936 = DIRECTION('',(1.,0.,2.22044604925E-16));
#7937 = PCURVE('',#7502,#7938);
#7938 = DEFINITIONAL_REPRESENTATION('',(#7939),#7942);
#7939 = B_SPLINE_CURVE_WITH_KNOTS('',1,(#7940,#7941),.UNSPECIFIED.,.F.,
  .F.,(2,2),(45.,51.0000006),.PIECEWISE_BEZIER_KNOTS.);
#7940 = CARTESIAN_POINT('',(-6.,-3.));
#7941 = CARTESIAN_POINT('',(5.999999928008E-07,-3.));
#7942 = ( GEOMETRIC_REPRESENTATION_CONTEXT(2) 
PARAMETRIC_REPRESENTATION_CONTEXT() REPRESENTATION_CONTEXT('2D SPACE',''
  ) );
#7943 = PCURVE('',#7780,#7944);
#7944 = DEFINITIONAL_REPRESENTATION('',(#7945),#7948);
#7945 = B_SPLINE_CURVE_WITH_KNOTS('',1,(#7946,#7947),.UNSPECIFIED.,.F.,
  .F.,(2,2),(45.,51.0000006),.PIECEWISE_BEZIER_KNOTS.);
#7946 = CARTESIAN_POINT('',(5.355890089178,45.));
#7947 = CARTESIAN_POINT('',(5.355890089178,51.0000006));
#7948 = ( GEOMETRIC_REPRESENTATION_CONTEXT(2) 
PARAMETRIC_REPRESENTATION_CONTEXT() REPRESENTATION_CONTEXT('2D SPACE',''
  ) );
#7949 = ADVANCED_FACE('',(#7950),#7780,.T.);
#7950 = FACE_BOUND('',#7951,.T.);
#7951 = EDGE_LOOP('',(#7952,#7953,#7976,#8005,#8135,#8245,#8274,#8348,
    #8374,#8403,#8424,#8498,#8520,#8521,#8522,#8523,#8545,#8546));
#7952 = ORIENTED_EDGE('',*,*,#7797,.T.);
#7953 = ORIENTED_EDGE('',*,*,#7954,.F.);
#7954 = EDGE_CURVE('',#7955,#7759,#7957,.T.);
#7955 = VERTEX_POINT('',#7956);
#7956 = CARTESIAN_POINT('',(2.9874E+04,-12.,-305.));
#7957 = SEAM_CURVE('',#7958,(#7962,#7969),.PCURVE_S1.);
#7958 = LINE('',#7959,#7960);
#7959 = CARTESIAN_POINT('',(2.9874E+04,-12.,-305.));
#7960 = VECTOR('',#7961,1.);
#7961 = DIRECTION('',(1.,0.,2.22044604925E-16));
#7962 = PCURVE('',#7780,#7963);
#7963 = DEFINITIONAL_REPRESENTATION('',(#7964),#7968);
#7964 = LINE('',#7965,#7966);
#7965 = CARTESIAN_POINT('',(6.28318530718,-0.));
#7966 = VECTOR('',#7967,1.);
#7967 = DIRECTION('',(0.,1.));
#7968 = ( GEOMETRIC_REPRESENTATION_CONTEXT(2) 
PARAMETRIC_REPRESENTATION_CONTEXT() REPRESENTATION_CONTEXT('2D SPACE',''
  ) );
#7969 = PCURVE('',#7780,#7970);
#7970 = DEFINITIONAL_REPRESENTATION('',(#7971),#7975);
#7971 = LINE('',#7972,#7973);
#7972 = CARTESIAN_POINT('',(0.,-0.));
#7973 = VECTOR('',#7974,1.);
#7974 = DIRECTION('',(0.,1.));
#7975 = ( GEOMETRIC_REPRESENTATION_CONTEXT(2) 
PARAMETRIC_REPRESENTATION_CONTEXT() REPRESENTATION_CONTEXT('2D SPACE',''
  ) );
#7976 = ORIENTED_EDGE('',*,*,#7977,.T.);
#7977 = EDGE_CURVE('',#7955,#7978,#7980,.T.);
#7978 = VERTEX_POINT('',#7979);
#7979 = CARTESIAN_POINT('',(2.9874E+04,-9.,-304.));
#7980 = SURFACE_CURVE('',#7981,(#7986,#7993),.PCURVE_S1.);
#7981 = CIRCLE('',#7982,5.);
#7982 = AXIS2_PLACEMENT_3D('',#7983,#7984,#7985);
#7983 = CARTESIAN_POINT('',(2.9874E+04,-12.,-300.));
#7984 = DIRECTION('',(1.,-0.,2.22044604925E-16));
#7985 = DIRECTION('',(2.22044604925E-16,0.,-1.));
#7986 = PCURVE('',#7780,#7987);
#7987 = DEFINITIONAL_REPRESENTATION('',(#7988),#7992);
#7988 = LINE('',#7989,#7990);
#7989 = CARTESIAN_POINT('',(0.,0.));
#7990 = VECTOR('',#7991,1.);
#7991 = DIRECTION('',(1.,0.));
#7992 = ( GEOMETRIC_REPRESENTATION_CONTEXT(2) 
PARAMETRIC_REPRESENTATION_CONTEXT() REPRESENTATION_CONTEXT('2D SPACE',''
  ) );
#7993 = PCURVE('',#7994,#7999);
#7994 = PLANE('',#7995);
#7995 = AXIS2_PLACEMENT_3D('',#7996,#7997,#7998);
#7996 = CARTESIAN_POINT('',(2.9874E+04,-12.,-300.));
#7997 = DIRECTION('',(1.,0.,2.22044604925E-16));
#7998 = DIRECTION('',(2.22044604925E-16,0.,-1.));
#7999 = DEFINITIONAL_REPRESENTATION('',(#8000),#8004);
#8000 = CIRCLE('',#8001,5.);
#8001 = AXIS2_PLACEMENT_2D('',#8002,#8003);
#8002 = CARTESIAN_POINT('',(0.,0.));
#8003 = DIRECTION('',(1.,0.));
#8004 = ( GEOMETRIC_REPRESENTATION_CONTEXT(2) 
PARAMETRIC_REPRESENTATION_CONTEXT() REPRESENTATION_CONTEXT('2D SPACE',''
  ) );
#8005 = ORIENTED_EDGE('',*,*,#8006,.T.);
#8006 = EDGE_CURVE('',#7978,#8007,#8009,.T.);
#8007 = VERTEX_POINT('',#8008);
#8008 = CARTESIAN_POINT('',(2.9878E+04,-7.,-300.));
#8009 = SURFACE_CURVE('',#8010,(#8048,#8089),.PCURVE_S1.);
#8010 = B_SPLINE_CURVE_WITH_KNOTS('',6,(#8011,#8012,#8013,#8014,#8015,
    #8016,#8017,#8018,#8019,#8020,#8021,#8022,#8023,#8024,#8025,#8026,
    #8027,#8028,#8029,#8030,#8031,#8032,#8033,#8034,#8035,#8036,#8037,
    #8038,#8039,#8040,#8041,#8042,#8043,#8044,#8045,#8046,#8047),
  .UNSPECIFIED.,.F.,.F.,(7,5,5,5,5,5,5,7),(0.,0.142908594776,
    0.230405663479,0.427295273599,0.693786829114,0.793737962455,
    0.874738681152,1.),.UNSPECIFIED.);
#8011 = CARTESIAN_POINT('',(2.98739999994E+04,-9.,-304.));
#8012 = CARTESIAN_POINT('',(2.987414061572E+04,-9.000000028125,
    -304.000000021));
#8013 = CARTESIAN_POINT('',(2.987428094884E+04,-8.992090946096,
    -303.9940681774));
#8014 = CARTESIAN_POINT('',(2.987442056415E+04,-8.976332027113,
    -303.9822491345));
#8015 = CARTESIAN_POINT('',(2.987455899406E+04,-8.953103623684,
    -303.9646442382));
#8016 = CARTESIAN_POINT('',(2.987469565772E+04,-8.923113892155,
    -303.9414285973));
#8017 = CARTESIAN_POINT('',(2.987491190517E+04,-8.865465499973,
    -303.8955713308));
#8018 = CARTESIAN_POINT('',(2.987499318279E+04,-8.841382936129,
    -303.8761745355));
#8019 = CARTESIAN_POINT('',(2.987507360415E+04,-8.815282997936,
    -303.8548381074));
#8020 = CARTESIAN_POINT('',(2.987515314549E+04,-8.787344149852,
    -303.8316018405));
#8021 = CARTESIAN_POINT('',(2.987523177268E+04,-8.757748175533,
    -303.8065066016));
#8022 = CARTESIAN_POINT('',(2.987548421407E+04,-8.656762950487,
    -303.7190483283));
#8023 = CARTESIAN_POINT('',(2.987565419684E+04,-8.579357548282,
    -303.6492955623));
#8024 = CARTESIAN_POINT('',(2.987581950896E+04,-8.496288034101,
    -303.5706333464));
#8025 = CARTESIAN_POINT('',(2.987598023984E+04,-8.409091465863,
    -303.4831393381));
#8026 = CARTESIAN_POINT('',(2.987613642408E+04,-8.318998122056,
    -303.3867177953));
#8027 = CARTESIAN_POINT('',(2.987649324697E+04,-8.102609049337,
    -303.1378829992));
#8028 = CARTESIAN_POINT('',(2.987668971563E+04,-7.974996751957,
    -302.9779819371));
#8029 = CARTESIAN_POINT('',(2.987687781245E+04,-7.846598901523,
    -302.8001864232));
#8030 = CARTESIAN_POINT('',(2.987705687535E+04,-7.719521618936,
    -302.6027531874));
#8031 = CARTESIAN_POINT('',(2.987722503783E+04,-7.596541639149,
    -302.3836253029));
#8032 = CARTESIAN_POINT('',(2.987743648261E+04,-7.438427194647,
    -302.0499263743));
#8033 = CARTESIAN_POINT('',(2.987749216639E+04,-7.396398521449,
    -301.9555393079));
#8034 = CARTESIAN_POINT('',(2.987754566175E+04,-7.355683894383,
    -301.8576946511));
#8035 = CARTESIAN_POINT('',(2.987759673761E+04,-7.3165227354,
    -301.7563136883));
#8036 = CARTESIAN_POINT('',(2.987764513017E+04,-7.279178732408,
    -301.6513300461));
#8037 = CARTESIAN_POINT('',(2.987772734545E+04,-7.215382435409,
    -301.4546483042));
#8038 = CARTESIAN_POINT('',(2.987776219924E+04,-7.188200820211,
    -301.364185023));
#8039 = CARTESIAN_POINT('',(2.987779490782E+04,-7.162579089567,
    -301.2713585244));
#8040 = CARTESIAN_POINT('',(2.987782527755E+04,-7.138697958134,
    -301.1762360709));
#8041 = CARTESIAN_POINT('',(2.987785311744E+04,-7.116734929484,
    -301.0788941217));
#8042 = CARTESIAN_POINT('',(2.987791708819E+04,-7.06613590526,
    -300.8255867512));
#8043 = CARTESIAN_POINT('',(2.987794951643E+04,-7.040347317561,
    -300.6663345391));
#8044 = CARTESIAN_POINT('',(2.98779745407E+04,-7.020368282854,
    -300.5028791506));
#8045 = CARTESIAN_POINT('',(2.98779914905E+04,-7.006807135275,
    -300.3364765824));
#8046 = CARTESIAN_POINT('',(2.9878E+04,-7.,-300.1684136059));
#8047 = CARTESIAN_POINT('',(2.9878E+04,-7.,-300.));
#8048 = PCURVE('',#7780,#8049);
#8049 = DEFINITIONAL_REPRESENTATION('',(#8050),#8088);
#8050 = B_SPLINE_CURVE_WITH_KNOTS('',6,(#8051,#8052,#8053,#8054,#8055,
    #8056,#8057,#8058,#8059,#8060,#8061,#8062,#8063,#8064,#8065,#8066,
    #8067,#8068,#8069,#8070,#8071,#8072,#8073,#8074,#8075,#8076,#8077,
    #8078,#8079,#8080,#8081,#8082,#8083,#8084,#8085,#8086,#8087),
  .UNSPECIFIED.,.F.,.F.,(7,5,5,5,5,5,5,7),(0.,0.142908594776,
    0.230405663479,0.427295273599,0.693786829114,0.793737962455,
    0.874738681152,1.),.UNSPECIFIED.);
#8051 = CARTESIAN_POINT('',(0.643501108793,-6.E-07));
#8052 = CARTESIAN_POINT('',(0.643501101762,0.140615715625));
#8053 = CARTESIAN_POINT('',(0.645478367415,0.280948836945));
#8054 = CARTESIAN_POINT('',(0.649418120504,0.420564151688));
#8055 = CARTESIAN_POINT('',(0.655247152064,0.558994059027));
#8056 = CARTESIAN_POINT('',(0.662831596936,0.695657717298));
#8057 = CARTESIAN_POINT('',(0.677564181245,0.911905168756));
#8058 = CARTESIAN_POINT('',(0.683748583793,0.993182794354));
#8059 = CARTESIAN_POINT('',(0.690490548114,1.073604150675));
#8060 = CARTESIAN_POINT('',(0.697757850492,1.153145488067));
#8061 = CARTESIAN_POINT('',(0.705518075956,1.231772681025));
#8062 = CARTESIAN_POINT('',(0.732236582833,1.484214070906));
#8063 = CARTESIAN_POINT('',(0.753071993598,1.654196840692));
#8064 = CARTESIAN_POINT('',(0.775941499844,1.819508959662));
#8065 = CARTESIAN_POINT('',(0.800628994857,1.98023984213));
#8066 = CARTESIAN_POINT('',(0.827004563416,2.136424078435));
#8067 = CARTESIAN_POINT('',(0.892956966428,2.49324697034));
#8068 = CARTESIAN_POINT('',(0.933836682186,2.689715630523));
#8069 = CARTESIAN_POINT('',(0.977618191795,2.877812445595));
#8070 = CARTESIAN_POINT('',(1.024463253919,3.056875349793));
#8071 = CARTESIAN_POINT('',(1.074599706244,3.225037833209));
#8072 = CARTESIAN_POINT('',(1.148452303359,3.43648261376));
#8073 = CARTESIAN_POINT('',(1.169110856269,3.492166392541));
#8074 = CARTESIAN_POINT('',(1.190296525183,3.545661750231));
#8075 = CARTESIAN_POINT('',(1.212021464273,3.596737611559));
#8076 = CARTESIAN_POINT('',(1.234298218199,3.645130174));
#8077 = CARTESIAN_POINT('',(1.275652141887,3.727345454204));
#8078 = CARTESIAN_POINT('',(1.294539409681,3.762199235807));
#8079 = CARTESIAN_POINT('',(1.313791414364,3.794907824392));
#8080 = CARTESIAN_POINT('',(1.333397958078,3.825277546649));
#8081 = CARTESIAN_POINT('',(1.3533496355,3.853117440784));
#8082 = CARTESIAN_POINT('',(1.405011956458,3.917088192934));
#8083 = CARTESIAN_POINT('',(1.43725573309,3.949516425977));
#8084 = CARTESIAN_POINT('',(1.470151632455,3.974540698012));
#8085 = CARTESIAN_POINT('',(1.50350105763,3.991490498112));
#8086 = CARTESIAN_POINT('',(1.537113605599,4.));
#8087 = CARTESIAN_POINT('',(1.570796326795,4.));
#8088 = ( GEOMETRIC_REPRESENTATION_CONTEXT(2) 
PARAMETRIC_REPRESENTATION_CONTEXT() REPRESENTATION_CONTEXT('2D SPACE',''
  ) );
#8089 = PCURVE('',#8090,#8095);
#8090 = CYLINDRICAL_SURFACE('',#8091,4.);
#8091 = AXIS2_PLACEMENT_3D('',#8092,#8093,#8094);
#8092 = CARTESIAN_POINT('',(2.9874E+04,16.,-300.));
#8093 = DIRECTION('',(0.,-1.,2.22044604925E-16));
#8094 = DIRECTION('',(1.,0.,0.));
#8095 = DEFINITIONAL_REPRESENTATION('',(#8096),#8134);
#8096 = B_SPLINE_CURVE_WITH_KNOTS('',6,(#8097,#8098,#8099,#8100,#8101,
    #8102,#8103,#8104,#8105,#8106,#8107,#8108,#8109,#8110,#8111,#8112,
    #8113,#8114,#8115,#8116,#8117,#8118,#8119,#8120,#8121,#8122,#8123,
    #8124,#8125,#8126,#8127,#8128,#8129,#8130,#8131,#8132,#8133),
  .UNSPECIFIED.,.F.,.F.,(7,5,5,5,5,5,5,7),(0.,0.142908594776,
    0.230405663479,0.427295273599,0.693786829114,0.793737962455,
    0.874738681152,1.),.UNSPECIFIED.);
#8097 = CARTESIAN_POINT('',(4.712388830367,25.));
#8098 = CARTESIAN_POINT('',(4.747542909274,25.000000028125));
#8099 = CARTESIAN_POINT('',(4.782626170134,24.992090946096));
#8100 = CARTESIAN_POINT('',(4.817608291662,24.976332027113));
#8101 = CARTESIAN_POINT('',(4.852448532992,24.953103623684));
#8102 = CARTESIAN_POINT('',(4.887075197524,24.923113892155));
#8103 = CARTESIAN_POINT('',(4.942339250686,24.865465499973));
#8104 = CARTESIAN_POINT('',(4.963222591173,24.841382936129));
#8105 = CARTESIAN_POINT('',(4.984013728978,24.815282997936));
#8106 = CARTESIAN_POINT('',(5.004720666821,24.787344149852));
#8107 = CARTESIAN_POINT('',(5.025348157864,24.757748175533));
#8108 = CARTESIAN_POINT('',(5.092138690917,24.656762950487));
#8109 = CARTESIAN_POINT('',(5.138001467915,24.579357548282));
#8110 = CARTESIAN_POINT('',(5.183667797238,24.496288034101));
#8111 = CARTESIAN_POINT('',(5.229316830751,24.409091465863));
#8112 = CARTESIAN_POINT('',(5.275132789798,24.318998122056));
#8113 = CARTESIAN_POINT('',(5.383887482792,24.102609049337));
#8114 = CARTESIAN_POINT('',(5.447042113936,23.974996751957));
#8115 = CARTESIAN_POINT('',(5.511478208394,23.846598901523));
#8116 = CARTESIAN_POINT('',(5.577797327297,23.719521618936));
#8117 = CARTESIAN_POINT('',(5.646573681706,23.596541639149));
#8118 = CARTESIAN_POINT('',(5.745335981629,23.438427194647));
#8119 = CARTESIAN_POINT('',(5.772719211052,23.396398521449));
#8120 = CARTESIAN_POINT('',(5.80057499233,23.355683894383));
#8121 = CARTESIAN_POINT('',(5.828929944477,23.3165227354));
#8122 = CARTESIAN_POINT('',(5.857811289389,23.279178732408));
#8123 = CARTESIAN_POINT('',(5.911104734048,23.215382435409));
#8124 = CARTESIAN_POINT('',(5.935331448895,23.188200820211));
#8125 = CARTESIAN_POINT('',(5.959920838478,23.162579089567));
#8126 = CARTESIAN_POINT('',(5.984866962442,23.138697958134));
#8127 = CARTESIAN_POINT('',(6.010165870004,23.116734929484));
#8128 = CARTESIAN_POINT('',(6.075480914715,23.06613590526));
#8129 = CARTESIAN_POINT('',(6.116067127666,23.040347317561));
#8130 = CARTESIAN_POINT('',(6.157331165779,23.020368282854));
#8131 = CARTESIAN_POINT('',(6.199066161057,23.006807135275));
#8132 = CARTESIAN_POINT('',(6.241081905684,23.));
#8133 = CARTESIAN_POINT('',(6.28318530718,23.));
#8134 = ( GEOMETRIC_REPRESENTATION_CONTEXT(2) 
PARAMETRIC_REPRESENTATION_CONTEXT() REPRESENTATION_CONTEXT('2D SPACE',''
  ) );
#8135 = ORIENTED_EDGE('',*,*,#8136,.T.);
#8136 = EDGE_CURVE('',#8007,#8137,#8139,.T.);
#8137 = VERTEX_POINT('',#8138);
#8138 = CARTESIAN_POINT('',(2.9874E+04,-9.,-296.));
#8139 = SURFACE_CURVE('',#8140,(#8173,#8209),.PCURVE_S1.);
#8140 = B_SPLINE_CURVE_WITH_KNOTS('',7,(#8141,#8142,#8143,#8144,#8145,
    #8146,#8147,#8148,#8149,#8150,#8151,#8152,#8153,#8154,#8155,#8156,
    #8157,#8158,#8159,#8160,#8161,#8162,#8163,#8164,#8165,#8166,#8167,
    #8168,#8169,#8170,#8171,#8172),.UNSPECIFIED.,.F.,.F.,(8,6,6,6,6,8),(
    0.,0.126744097521,0.207710577546,0.573583014591,0.917389956445,1.),
  .UNSPECIFIED.);
#8141 = CARTESIAN_POINT('',(2.9878E+04,-7.,-300.));
#8142 = CARTESIAN_POINT('',(2.9878E+04,-7.,-299.8542647457));
#8143 = CARTESIAN_POINT('',(2.987799380516E+04,-7.004955512319,
    -299.7087959151));
#8144 = CARTESIAN_POINT('',(2.987798145706E+04,-7.014834644668,
    -299.5643547553));
#8145 = CARTESIAN_POINT('',(2.987796312894E+04,-7.029479762029,
    -299.4216981743));
#8146 = CARTESIAN_POINT('',(2.987793912766E+04,-7.04861113321,
    -299.2815724412));
#8147 = CARTESIAN_POINT('',(2.987790989564E+04,-7.071830577382,
    -299.1447068885));
#8148 = CARTESIAN_POINT('',(2.987785436793E+04,-7.115741955397,
    -298.9269090909));
#8149 = CARTESIAN_POINT('',(2.987783080051E+04,-7.134337529977,
    -298.843532211));
#8150 = CARTESIAN_POINT('',(2.987780541734E+04,-7.154312966068,
    -298.7617244171));
#8151 = CARTESIAN_POINT('',(2.987777832618E+04,-7.175568148607,
    -298.6815292612));
#8152 = CARTESIAN_POINT('',(2.987774963581E+04,-7.19800171578,
    -298.602986404));
#8153 = CARTESIAN_POINT('',(2.987771945603E+04,-7.221511059022,
    -298.5261316143));
#8154 = CARTESIAN_POINT('',(2.987754529115E+04,-7.356618593502,
    -298.1114764066));
#8155 = CARTESIAN_POINT('',(2.987737446644E+04,-7.487148430454,
    -297.8069112162));
#8156 = CARTESIAN_POINT('',(2.987718356603E+04,-7.629649015865,
    -297.5354235072));
#8157 = CARTESIAN_POINT('',(2.987697780819E+04,-7.778374745149,
    -297.2939914786));
#8158 = CARTESIAN_POINT('',(2.98767601163E+04,-7.929249053213,
    -297.0794479832));
#8159 = CARTESIAN_POINT('',(2.987653130677E+04,-8.079438486982,
    -296.8889016768));
#8160 = CARTESIAN_POINT('',(2.987606373656E+04,-8.363161847833,
    -296.5623662932));
#8161 = CARTESIAN_POINT('',(2.987582586379E+04,-8.497483604245,
    -296.4234002808));
#8162 = CARTESIAN_POINT('',(2.987557750144E+04,-8.624809145896,
    -296.3036615123));
#8163 = CARTESIAN_POINT('',(2.987531936439E+04,-8.740540615667,
    -296.2035992777));
#8164 = CARTESIAN_POINT('',(2.987505208333E+04,-8.839112950329,
    -296.1238580311));
#8165 = CARTESIAN_POINT('',(2.987477546513E+04,-8.914383329661,
    -296.065238858));
#8166 = CARTESIAN_POINT('',(2.987441934256E+04,-8.971599239141,
    -296.0214344653));
#8167 = CARTESIAN_POINT('',(2.987434996424E+04,-8.980966046629,
    -296.0143206087));
#8168 = CARTESIAN_POINT('',(2.987428028129E+04,-8.988538513936,
    -296.0086050632));
#8169 = CARTESIAN_POINT('',(2.987421037149E+04,-8.994258286161,
    -296.0043062124));
#8170 = CARTESIAN_POINT('',(2.987414030866E+04,-8.998085675933,
    -296.0014358282));
#8171 = CARTESIAN_POINT('',(2.987407016264E+04,-9.000000014033,
    -295.9999999894));
#8172 = CARTESIAN_POINT('',(2.98739999994E+04,-9.,-296.));
#8173 = PCURVE('',#7780,#8174);
#8174 = DEFINITIONAL_REPRESENTATION('',(#8175),#8208);
#8175 = B_SPLINE_CURVE_WITH_KNOTS('',7,(#8176,#8177,#8178,#8179,#8180,
    #8181,#8182,#8183,#8184,#8185,#8186,#8187,#8188,#8189,#8190,#8191,
    #8192,#8193,#8194,#8195,#8196,#8197,#8198,#8199,#8200,#8201,#8202,
    #8203,#8204,#8205,#8206,#8207),.UNSPECIFIED.,.F.,.F.,(8,6,6,6,6,8),(
    0.,0.126744097521,0.207710577546,0.573583014591,0.917389956445,1.),
  .UNSPECIFIED.);
#8176 = CARTESIAN_POINT('',(1.570796326795,4.));
#8177 = CARTESIAN_POINT('',(1.599943377637,4.));
#8178 = CARTESIAN_POINT('',(1.62903710438,3.993805156969));
#8179 = CARTESIAN_POINT('',(1.657965845248,3.98145705693));
#8180 = CARTESIAN_POINT('',(1.686617850706,3.963128938854));
#8181 = CARTESIAN_POINT('',(1.71487890137,3.939127657252));
#8182 = CARTESIAN_POINT('',(1.742629925912,3.909895644785));
#8183 = CARTESIAN_POINT('',(1.787065987744,3.85436793306));
#8184 = CARTESIAN_POINT('',(1.804147487202,3.830800506716));
#8185 = CARTESIAN_POINT('',(1.820984383918,3.805417336489));
#8186 = CARTESIAN_POINT('',(1.837571613265,3.77832618043));
#8187 = CARTESIAN_POINT('',(1.853903779406,3.749635813978));
#8188 = CARTESIAN_POINT('',(1.869975155301,3.719456029963));
#8189 = CARTESIAN_POINT('',(1.957197397222,3.545291148212));
#8190 = CARTESIAN_POINT('',(2.023201333862,3.374466438916));
#8191 = CARTESIAN_POINT('',(2.084251398762,3.183566028257));
#8192 = CARTESIAN_POINT('',(2.140757510827,2.977808193133));
#8193 = CARTESIAN_POINT('',(2.193083968006,2.760116295672));
#8194 = CARTESIAN_POINT('',(2.241552504999,2.53130677155));
#8195 = CARTESIAN_POINT('',(2.328068238191,2.06373656081));
#8196 = CARTESIAN_POINT('',(2.366668268682,1.825863790215));
#8197 = CARTESIAN_POINT('',(2.401567466263,1.577501442197));
#8198 = CARTESIAN_POINT('',(2.43213180724,1.319364389019));
#8199 = CARTESIAN_POINT('',(2.457483538158,1.052083330076));
#8200 = CARTESIAN_POINT('',(2.476563482072,0.775465134952));
#8201 = CARTESIAN_POINT('',(2.490975262149,0.419342556578));
#8202 = CARTESIAN_POINT('',(2.493327640658,0.349964237262));
#8203 = CARTESIAN_POINT('',(2.495225098526,0.280281285692));
#8204 = CARTESIAN_POINT('',(2.496656123759,0.210371492159));
#8205 = CARTESIAN_POINT('',(2.497612954942,0.140308657775));
#8206 = CARTESIAN_POINT('',(2.498091548305,7.016264030588E-02));
#8207 = CARTESIAN_POINT('',(2.498091544796,-6.E-07));
#8208 = ( GEOMETRIC_REPRESENTATION_CONTEXT(2) 
PARAMETRIC_REPRESENTATION_CONTEXT() REPRESENTATION_CONTEXT('2D SPACE',''
  ) );
#8209 = PCURVE('',#8090,#8210);
#8210 = DEFINITIONAL_REPRESENTATION('',(#8211),#8244);
#8211 = B_SPLINE_CURVE_WITH_KNOTS('',7,(#8212,#8213,#8214,#8215,#8216,
    #8217,#8218,#8219,#8220,#8221,#8222,#8223,#8224,#8225,#8226,#8227,
    #8228,#8229,#8230,#8231,#8232,#8233,#8234,#8235,#8236,#8237,#8238,
    #8239,#8240,#8241,#8242,#8243),.UNSPECIFIED.,.F.,.F.,(8,6,6,6,6,8),(
    0.,0.126744097521,0.207710577546,0.573583014591,0.917389956445,1.),
  .UNSPECIFIED.);
#8212 = CARTESIAN_POINT('',(0.,23.));
#8213 = CARTESIAN_POINT('',(3.643381355277E-02,23.));
#8214 = CARTESIAN_POINT('',(7.280101770663E-02,23.004955512319));
#8215 = CARTESIAN_POINT('',(0.108990307433,23.014834644668));
#8216 = CARTESIAN_POINT('',(0.144890128405,23.029479762029));
#8217 = CARTESIAN_POINT('',(0.180383878941,23.04861113321));
#8218 = CARTESIAN_POINT('',(0.215345111949,23.071830577382));
#8219 = CARTESIAN_POINT('',(0.27153630756,23.115741955397));
#8220 = CARTESIAN_POINT('',(0.293190008511,23.134337529977));
#8221 = CARTESIAN_POINT('',(0.314592884851,23.154312966068));
#8222 = CARTESIAN_POINT('',(0.335743147949,23.175568148607));
#8223 = CARTESIAN_POINT('',(0.356638175432,23.19800171578));
#8224 = CARTESIAN_POINT('',(0.377274511174,23.221511059022));
#8225 = CARTESIAN_POINT('',(0.489711256531,23.356618593502));
#8226 = CARTESIAN_POINT('',(0.576449676376,23.487148430454));
#8227 = CARTESIAN_POINT('',(0.658781360982,23.629649015865));
#8228 = CARTESIAN_POINT('',(0.73751195088,23.778374745149));
#8229 = CARTESIAN_POINT('',(0.813490058902,23.929249053213));
#8230 = CARTESIAN_POINT('',(0.887662925895,24.079438486982));
#8231 = CARTESIAN_POINT('',(1.030239058786,24.363161847833));
#8232 = CARTESIAN_POINT('',(1.098886299072,24.497483604245));
#8233 = CARTESIAN_POINT('',(1.167470147508,24.624809145896));
#8234 = CARTESIAN_POINT('',(1.236285891223,24.740540615667));
#8235 = CARTESIAN_POINT('',(1.305657226145,24.839112950329));
#8236 = CARTESIAN_POINT('',(1.376083732816,24.914383329661));
#8237 = CARTESIAN_POINT('',(1.465785361722,24.971599239141));
#8238 = CARTESIAN_POINT('',(1.483217319269,24.980966046629));
#8239 = CARTESIAN_POINT('',(1.500690767918,24.988538513936));
#8240 = CARTESIAN_POINT('',(1.518194641479,24.994258286161));
#8241 = CARTESIAN_POINT('',(1.535719159214,24.998085675933));
#8242 = CARTESIAN_POINT('',(1.553255666719,25.000000014033));
#8243 = CARTESIAN_POINT('',(1.570796476796,25.));
#8244 = ( GEOMETRIC_REPRESENTATION_CONTEXT(2) 
PARAMETRIC_REPRESENTATION_CONTEXT() REPRESENTATION_CONTEXT('2D SPACE',''
  ) );
#8245 = ORIENTED_EDGE('',*,*,#8246,.T.);
#8246 = EDGE_CURVE('',#8137,#8247,#8249,.T.);
#8247 = VERTEX_POINT('',#8248);
#8248 = CARTESIAN_POINT('',(2.9874E+04,-15.,-296.));
#8249 = SURFACE_CURVE('',#8250,(#8255,#8262),.PCURVE_S1.);
#8250 = CIRCLE('',#8251,5.);
#8251 = AXIS2_PLACEMENT_3D('',#8252,#8253,#8254);
#8252 = CARTESIAN_POINT('',(2.9874E+04,-12.,-300.));
#8253 = DIRECTION('',(1.,-0.,2.22044604925E-16));
#8254 = DIRECTION('',(2.22044604925E-16,0.,-1.));
#8255 = PCURVE('',#7780,#8256);
#8256 = DEFINITIONAL_REPRESENTATION('',(#8257),#8261);
#8257 = LINE('',#8258,#8259);
#8258 = CARTESIAN_POINT('',(0.,0.));
#8259 = VECTOR('',#8260,1.);
#8260 = DIRECTION('',(1.,0.));
#8261 = ( GEOMETRIC_REPRESENTATION_CONTEXT(2) 
PARAMETRIC_REPRESENTATION_CONTEXT() REPRESENTATION_CONTEXT('2D SPACE',''
  ) );
#8262 = PCURVE('',#8263,#8268);
#8263 = PLANE('',#8264);
#8264 = AXIS2_PLACEMENT_3D('',#8265,#8266,#8267);
#8265 = CARTESIAN_POINT('',(2.9874E+04,-12.,-300.));
#8266 = DIRECTION('',(1.,0.,2.22044604925E-16));
#8267 = DIRECTION('',(2.22044604925E-16,0.,-1.));
#8268 = DEFINITIONAL_REPRESENTATION('',(#8269),#8273);
#8269 = CIRCLE('',#8270,5.);
#8270 = AXIS2_PLACEMENT_2D('',#8271,#8272);
#8271 = CARTESIAN_POINT('',(0.,0.));
#8272 = DIRECTION('',(1.,0.));
#8273 = ( GEOMETRIC_REPRESENTATION_CONTEXT(2) 
PARAMETRIC_REPRESENTATION_CONTEXT() REPRESENTATION_CONTEXT('2D SPACE',''
  ) );
#8274 = ORIENTED_EDGE('',*,*,#8275,.F.);
#8275 = EDGE_CURVE('',#8276,#8247,#8278,.T.);
#8276 = VERTEX_POINT('',#8277);
#8277 = CARTESIAN_POINT('',(2.987664575131E+04,-16.,-297.));
#8278 = SURFACE_CURVE('',#8279,(#8300,#8324),.PCURVE_S1.);
#8279 = B_SPLINE_CURVE_WITH_KNOTS('',7,(#8280,#8281,#8282,#8283,#8284,
    #8285,#8286,#8287,#8288,#8289,#8290,#8291,#8292,#8293,#8294,#8295,
    #8296,#8297,#8298,#8299),.UNSPECIFIED.,.F.,.F.,(8,6,6,8),(0.,
    0.157736522437,0.921182565649,1.),.UNSPECIFIED.);
#8280 = CARTESIAN_POINT('',(2.987664575222E+04,-16.00000059965,
    -297.000000799));
#8281 = CARTESIAN_POINT('',(2.987659661932E+04,-15.9675022386,
    -296.9566696329));
#8282 = CARTESIAN_POINT('',(2.987654692017E+04,-15.93502556156,
    -296.9145079964));
#8283 = CARTESIAN_POINT('',(2.987649666651E+04,-15.90260787215,
    -296.8734943764));
#8284 = CARTESIAN_POINT('',(2.987644586754E+04,-15.87028693051,
    -296.8336091979));
#8285 = CARTESIAN_POINT('',(2.987639452993E+04,-15.83810095323,
    -296.7948348241));
#8286 = CARTESIAN_POINT('',(2.987634265781E+04,-15.80608861336,
    -296.7571555559));
#8287 = CARTESIAN_POINT('',(2.987603661197E+04,-15.62037885058,
    -296.5434233893));
#8288 = CARTESIAN_POINT('',(2.987576706867E+04,-15.46938263672,
    -296.3892335533));
#8289 = CARTESIAN_POINT('',(2.987548375131E+04,-15.327580211,
    -296.259426393));
#8290 = CARTESIAN_POINT('',(2.987518863973E+04,-15.20235996471,
    -296.1551812396));
#8291 = CARTESIAN_POINT('',(2.987488324236E+04,-15.10216938043,
    -296.0772991114));
#8292 = CARTESIAN_POINT('',(2.98745671101E+04,-15.03548360556,
    -296.0267265116));
#8293 = CARTESIAN_POINT('',(2.987420432892E+04,-15.00675989094,
    -296.0050774366));
#8294 = CARTESIAN_POINT('',(2.987417033527E+04,-15.00451235594,
    -296.0033867883));
#8295 = CARTESIAN_POINT('',(2.987413630508E+04,-15.00270974226,
    -296.002032813));
#8296 = CARTESIAN_POINT('',(2.987410224723E+04,-15.00135546918,
    -296.0010165958));
#8297 = CARTESIAN_POINT('',(2.987406817082E+04,-15.00045183024,
    -296.0003388656));
#8298 = CARTESIAN_POINT('',(2.987403408507E+04,-14.99999999318,
    -295.9999999948));
#8299 = CARTESIAN_POINT('',(2.98739999994E+04,-15.,-296.));
#8300 = PCURVE('',#7780,#8301);
#8301 = DEFINITIONAL_REPRESENTATION('',(#8302),#8323);
#8302 = B_SPLINE_CURVE_WITH_KNOTS('',7,(#8303,#8304,#8305,#8306,#8307,
    #8308,#8309,#8310,#8311,#8312,#8313,#8314,#8315,#8316,#8317,#8318,
    #8319,#8320,#8321,#8322),.UNSPECIFIED.,.F.,.F.,(8,6,6,8),(0.,
    0.157736522437,0.921182565649,1.),.UNSPECIFIED.);
#8303 = CARTESIAN_POINT('',(4.068888071364,2.645752217147));
#8304 = CARTESIAN_POINT('',(4.058055281461,2.596619322978));
#8305 = CARTESIAN_POINT('',(4.0474122064,2.54692017141));
#8306 = CARTESIAN_POINT('',(4.036957834007,2.496666507085));
#8307 = CARTESIAN_POINT('',(4.026691804268,2.445867536281));
#8308 = CARTESIAN_POINT('',(4.016614409327,2.394529926908));
#8309 = CARTESIAN_POINT('',(4.006726593491,2.34265780851));
#8310 = CARTESIAN_POINT('',(3.95009813597,2.036611973377));
#8311 = CARTESIAN_POINT('',(3.907012210337,1.767068673689));
#8312 = CARTESIAN_POINT('',(3.86864644071,1.483751307613));
#8313 = CARTESIAN_POINT('',(3.836096316017,1.188639726755));
#8314 = CARTESIAN_POINT('',(3.810716602692,0.883242355541));
#8315 = CARTESIAN_POINT('',(3.793978341094,0.56711009563));
#8316 = CARTESIAN_POINT('',(3.786784637651,0.204328924673));
#8317 = CARTESIAN_POINT('',(3.786222153762,0.170335272866));
#8318 = CARTESIAN_POINT('',(3.785771258638,0.136305076588));
#8319 = CARTESIAN_POINT('',(3.785432629068,0.10224723452));
#8320 = CARTESIAN_POINT('',(3.785206719226,6.817081731719E-02));
#8321 = CARTESIAN_POINT('',(3.785093760679,3.408506760944E-02));
#8322 = CARTESIAN_POINT('',(3.785093762383,-6.E-07));
#8323 = ( GEOMETRIC_REPRESENTATION_CONTEXT(2) 
PARAMETRIC_REPRESENTATION_CONTEXT() REPRESENTATION_CONTEXT('2D SPACE',''
  ) );
#8324 = PCURVE('',#8090,#8325);
#8325 = DEFINITIONAL_REPRESENTATION('',(#8326),#8347);
#8326 = B_SPLINE_CURVE_WITH_KNOTS('',7,(#8327,#8328,#8329,#8330,#8331,
    #8332,#8333,#8334,#8335,#8336,#8337,#8338,#8339,#8340,#8341,#8342,
    #8343,#8344,#8345,#8346),.UNSPECIFIED.,.F.,.F.,(8,6,6,8),(0.,
    0.157736522437,0.921182565649,1.),.UNSPECIFIED.);
#8327 = CARTESIAN_POINT('',(0.848061776954,32.0000006));
#8328 = CARTESIAN_POINT('',(0.864439412706,31.967502238949));
#8329 = CARTESIAN_POINT('',(0.880729872353,31.935025561683));
#8330 = CARTESIAN_POINT('',(0.896941581201,31.902607872067));
#8331 = CARTESIAN_POINT('',(0.913082909718,31.870286930341));
#8332 = CARTESIAN_POINT('',(0.929162173531,31.838100953113));
#8333 = CARTESIAN_POINT('',(0.945187633429,31.806088613365));
#8334 = CARTESIAN_POINT('',(1.038510156246,31.620378850588));
#8335 = CARTESIAN_POINT('',(1.115827816845,31.469382636728));
#8336 = CARTESIAN_POINT('',(1.19323529677,31.32758021101));
#8337 = CARTESIAN_POINT('',(1.270906940138,31.202359964717));
#8338 = CARTESIAN_POINT('',(1.349191103477,31.102169380434));
#8339 = CARTESIAN_POINT('',(1.428837268753,31.035483605561));
#8340 = CARTESIAN_POINT('',(1.519693907355,31.006759890942));
#8341 = CARTESIAN_POINT('',(1.528202404223,31.004512355941));
#8342 = CARTESIAN_POINT('',(1.536716013816,31.00270974226));
#8343 = CARTESIAN_POINT('',(1.545233508683,31.001355469186));
#8344 = CARTESIAN_POINT('',(1.553753624464,31.000451830242));
#8345 = CARTESIAN_POINT('',(1.562275059893,30.999999993183));
#8346 = CARTESIAN_POINT('',(1.570796476796,31.));
#8347 = ( GEOMETRIC_REPRESENTATION_CONTEXT(2) 
PARAMETRIC_REPRESENTATION_CONTEXT() REPRESENTATION_CONTEXT('2D SPACE',''
  ) );
#8348 = ORIENTED_EDGE('',*,*,#8349,.F.);
#8349 = EDGE_CURVE('',#8350,#8276,#8352,.T.);
#8350 = VERTEX_POINT('',#8351);
#8351 = CARTESIAN_POINT('',(2.9874E+04,-16.,-297.));
#8352 = SURFACE_CURVE('',#8353,(#8357,#8363),.PCURVE_S1.);
#8353 = LINE('',#8354,#8355);
#8354 = CARTESIAN_POINT('',(2.9874E+04,-16.,-297.));
#8355 = VECTOR('',#8356,1.);
#8356 = DIRECTION('',(1.,0.,2.22044604925E-16));
#8357 = PCURVE('',#7780,#8358);
#8358 = DEFINITIONAL_REPRESENTATION('',(#8359),#8362);
#8359 = B_SPLINE_CURVE_WITH_KNOTS('',1,(#8360,#8361),.UNSPECIFIED.,.F.,
  .F.,(2,2),(-6.000000070117E-07,4.8),.PIECEWISE_BEZIER_KNOTS.);
#8360 = CARTESIAN_POINT('',(4.068887871591,-6.000000063455E-07));
#8361 = CARTESIAN_POINT('',(4.068887871591,4.8));
#8362 = ( GEOMETRIC_REPRESENTATION_CONTEXT(2) 
PARAMETRIC_REPRESENTATION_CONTEXT() REPRESENTATION_CONTEXT('2D SPACE',''
  ) );
#8363 = PCURVE('',#8364,#8369);
#8364 = PLANE('',#8365);
#8365 = AXIS2_PLACEMENT_3D('',#8366,#8367,#8368);
#8366 = CARTESIAN_POINT('',(2.9874E+04,-16.,-300.));
#8367 = DIRECTION('',(0.,-1.,2.22044604925E-16));
#8368 = DIRECTION('',(1.,0.,0.));
#8369 = DEFINITIONAL_REPRESENTATION('',(#8370),#8373);
#8370 = B_SPLINE_CURVE_WITH_KNOTS('',1,(#8371,#8372),.UNSPECIFIED.,.F.,
  .F.,(2,2),(-6.000000070117E-07,4.8),.PIECEWISE_BEZIER_KNOTS.);
#8371 = CARTESIAN_POINT('',(-6.000000070117E-07,3.));
#8372 = CARTESIAN_POINT('',(4.8,3.));
#8373 = ( GEOMETRIC_REPRESENTATION_CONTEXT(2) 
PARAMETRIC_REPRESENTATION_CONTEXT() REPRESENTATION_CONTEXT('2D SPACE',''
  ) );
#8374 = ORIENTED_EDGE('',*,*,#8375,.T.);
#8375 = EDGE_CURVE('',#8350,#8376,#8378,.T.);
#8376 = VERTEX_POINT('',#8377);
#8377 = CARTESIAN_POINT('',(2.9874E+04,-16.,-303.));
#8378 = SURFACE_CURVE('',#8379,(#8384,#8391),.PCURVE_S1.);
#8379 = CIRCLE('',#8380,5.);
#8380 = AXIS2_PLACEMENT_3D('',#8381,#8382,#8383);
#8381 = CARTESIAN_POINT('',(2.9874E+04,-12.,-300.));
#8382 = DIRECTION('',(1.,-0.,2.22044604925E-16));
#8383 = DIRECTION('',(2.22044604925E-16,0.,-1.));
#8384 = PCURVE('',#7780,#8385);
#8385 = DEFINITIONAL_REPRESENTATION('',(#8386),#8390);
#8386 = LINE('',#8387,#8388);
#8387 = CARTESIAN_POINT('',(0.,0.));
#8388 = VECTOR('',#8389,1.);
#8389 = DIRECTION('',(1.,0.));
#8390 = ( GEOMETRIC_REPRESENTATION_CONTEXT(2) 
PARAMETRIC_REPRESENTATION_CONTEXT() REPRESENTATION_CONTEXT('2D SPACE',''
  ) );
#8391 = PCURVE('',#8392,#8397);
#8392 = PLANE('',#8393);
#8393 = AXIS2_PLACEMENT_3D('',#8394,#8395,#8396);
#8394 = CARTESIAN_POINT('',(2.9874E+04,-12.,-300.));
#8395 = DIRECTION('',(1.,0.,2.22044604925E-16));
#8396 = DIRECTION('',(2.22044604925E-16,0.,-1.));
#8397 = DEFINITIONAL_REPRESENTATION('',(#8398),#8402);
#8398 = CIRCLE('',#8399,5.);
#8399 = AXIS2_PLACEMENT_2D('',#8400,#8401);
#8400 = CARTESIAN_POINT('',(0.,0.));
#8401 = DIRECTION('',(1.,0.));
#8402 = ( GEOMETRIC_REPRESENTATION_CONTEXT(2) 
PARAMETRIC_REPRESENTATION_CONTEXT() REPRESENTATION_CONTEXT('2D SPACE',''
  ) );
#8403 = ORIENTED_EDGE('',*,*,#8404,.T.);
#8404 = EDGE_CURVE('',#8376,#8405,#8407,.T.);
#8405 = VERTEX_POINT('',#8406);
#8406 = CARTESIAN_POINT('',(2.987664575131E+04,-16.,-303.));
#8407 = SURFACE_CURVE('',#8408,(#8412,#8418),.PCURVE_S1.);
#8408 = LINE('',#8409,#8410);
#8409 = CARTESIAN_POINT('',(2.9874E+04,-16.,-303.));
#8410 = VECTOR('',#8411,1.);
#8411 = DIRECTION('',(1.,0.,2.22044604925E-16));
#8412 = PCURVE('',#7780,#8413);
#8413 = DEFINITIONAL_REPRESENTATION('',(#8414),#8417);
#8414 = B_SPLINE_CURVE_WITH_KNOTS('',1,(#8415,#8416),.UNSPECIFIED.,.F.,
  .F.,(2,2),(-5.999999928008E-07,4.8),.PIECEWISE_BEZIER_KNOTS.);
#8415 = CARTESIAN_POINT('',(5.355890089178,-5.999999934669E-07));
#8416 = CARTESIAN_POINT('',(5.355890089178,4.8));
#8417 = ( GEOMETRIC_REPRESENTATION_CONTEXT(2) 
PARAMETRIC_REPRESENTATION_CONTEXT() REPRESENTATION_CONTEXT('2D SPACE',''
  ) );
#8418 = PCURVE('',#8364,#8419);
#8419 = DEFINITIONAL_REPRESENTATION('',(#8420),#8423);
#8420 = B_SPLINE_CURVE_WITH_KNOTS('',1,(#8421,#8422),.UNSPECIFIED.,.F.,
  .F.,(2,2),(-5.999999928008E-07,4.8),.PIECEWISE_BEZIER_KNOTS.);
#8421 = CARTESIAN_POINT('',(-5.999999928008E-07,-3.));
#8422 = CARTESIAN_POINT('',(4.8,-3.));
#8423 = ( GEOMETRIC_REPRESENTATION_CONTEXT(2) 
PARAMETRIC_REPRESENTATION_CONTEXT() REPRESENTATION_CONTEXT('2D SPACE',''
  ) );
#8424 = ORIENTED_EDGE('',*,*,#8425,.F.);
#8425 = EDGE_CURVE('',#8426,#8405,#8428,.T.);
#8426 = VERTEX_POINT('',#8427);
#8427 = CARTESIAN_POINT('',(2.9874E+04,-15.,-304.));
#8428 = SURFACE_CURVE('',#8429,(#8450,#8474),.PCURVE_S1.);
#8429 = B_SPLINE_CURVE_WITH_KNOTS('',7,(#8430,#8431,#8432,#8433,#8434,
    #8435,#8436,#8437,#8438,#8439,#8440,#8441,#8442,#8443,#8444,#8445,
    #8446,#8447,#8448,#8449),.UNSPECIFIED.,.F.,.F.,(8,6,6,8),(0.,
    0.281343228188,0.842252341824,1.),.UNSPECIFIED.);
#8430 = CARTESIAN_POINT('',(2.98739999994E+04,-15.,-304.));
#8431 = CARTESIAN_POINT('',(2.987412052767E+04,-14.99999997589,
    -304.000000018));
#8432 = CARTESIAN_POINT('',(2.987424085366E+04,-15.00564931618,
    -303.9957629899));
#8433 = CARTESIAN_POINT('',(2.987436072902E+04,-15.01691415046,
    -303.9873144386));
#8434 = CARTESIAN_POINT('',(2.987447989125E+04,-15.03362300292,
    -303.974704179));
#8435 = CARTESIAN_POINT('',(2.987459804082E+04,-15.05546487103,
    -303.958011198));
#8436 = CARTESIAN_POINT('',(2.987471481872E+04,-15.08199414865,
    -303.9373653307));
#8437 = CARTESIAN_POINT('',(2.987505899043E+04,-15.17374526757,
    -303.8643805456));
#8438 = CARTESIAN_POINT('',(2.987528091625E+04,-15.25119884919,
    -303.8009514213));
#8439 = CARTESIAN_POINT('',(2.987549601097E+04,-15.34152494396,
    -303.7236193402));
#8440 = CARTESIAN_POINT('',(2.987570435305E+04,-15.44141291741,
    -303.6328479479));
#8441 = CARTESIAN_POINT('',(2.987590588142E+04,-15.54806861574,
    -303.5289028499));
#8442 = CARTESIAN_POINT('',(2.987610050468E+04,-15.65921917731,
    -303.4117666289));
#8443 = CARTESIAN_POINT('',(2.987634077819E+04,-15.80492889525,
    -303.244208963));
#8444 = CARTESIAN_POINT('',(2.98763929797E+04,-15.83712939877,
    -303.2063355136));
#8445 = CARTESIAN_POINT('',(2.987644464042E+04,-15.86950638506,
    -303.1673539617));
#8446 = CARTESIAN_POINT('',(2.987649575614E+04,-15.90202054876,
    -303.1272484097));
#8447 = CARTESIAN_POINT('',(2.987654632001E+04,-15.9346332086,
    -303.0860010502));
#8448 = CARTESIAN_POINT('',(2.987659632265E+04,-15.96730600538,
    -303.043592011));
#8449 = CARTESIAN_POINT('',(2.987664575222E+04,-16.00000059995,
    -302.9999992001));
#8450 = PCURVE('',#7780,#8451);
#8451 = DEFINITIONAL_REPRESENTATION('',(#8452),#8473);
#8452 = B_SPLINE_CURVE_WITH_KNOTS('',7,(#8453,#8454,#8455,#8456,#8457,
    #8458,#8459,#8460,#8461,#8462,#8463,#8464,#8465,#8466,#8467,#8468,
    #8469,#8470,#8471,#8472),.UNSPECIFIED.,.F.,.F.,(8,6,6,8),(0.,
    0.281343228188,0.842252341824,1.),.UNSPECIFIED.);
#8453 = CARTESIAN_POINT('',(5.639684198386,-6.E-07));
#8454 = CARTESIAN_POINT('',(5.639684204413,0.12052767054));
#8455 = CARTESIAN_POINT('',(5.638271872808,0.240853659426));
#8456 = CARTESIAN_POINT('',(5.635455652285,0.360729016795));
#8457 = CARTESIAN_POINT('',(5.631269030293,0.479891254829));
#8458 = CARTESIAN_POINT('',(5.625771170867,0.598040818534));
#8459 = CARTESIAN_POINT('',(5.619048302773,0.714818716675));
#8460 = CARTESIAN_POINT('',(5.595600448568,1.058990425279));
#8461 = CARTESIAN_POINT('',(5.575580186192,1.280916248517));
#8462 = CARTESIAN_POINT('',(5.551807803102,1.496010969542));
#8463 = CARTESIAN_POINT('',(5.524837694634,1.704353051143));
#8464 = CARTESIAN_POINT('',(5.495085109255,1.905881421888));
#8465 = CARTESIAN_POINT('',(5.462819810296,2.100504675788));
#8466 = CARTESIAN_POINT('',(5.418409499185,2.340778189974));
#8467 = CARTESIAN_POINT('',(5.408467742862,2.392979704862));
#8468 = CARTESIAN_POINT('',(5.39833407764,2.444640420658));
#8469 = CARTESIAN_POINT('',(5.388009482331,2.495756138739));
#8470 = CARTESIAN_POINT('',(5.377494272841,2.546320011103));
#8471 = CARTESIAN_POINT('',(5.366788090304,2.596322646746));
#8472 = CARTESIAN_POINT('',(5.355889889206,2.645752218051));
#8473 = ( GEOMETRIC_REPRESENTATION_CONTEXT(2) 
PARAMETRIC_REPRESENTATION_CONTEXT() REPRESENTATION_CONTEXT('2D SPACE',''
  ) );
#8474 = PCURVE('',#8090,#8475);
#8475 = DEFINITIONAL_REPRESENTATION('',(#8476),#8497);
#8476 = B_SPLINE_CURVE_WITH_KNOTS('',7,(#8477,#8478,#8479,#8480,#8481,
    #8482,#8483,#8484,#8485,#8486,#8487,#8488,#8489,#8490,#8491,#8492,
    #8493,#8494,#8495,#8496),.UNSPECIFIED.,.F.,.F.,(8,6,6,8),(0.,
    0.281343228188,0.842252341824,1.),.UNSPECIFIED.);
#8477 = CARTESIAN_POINT('',(4.712388830367,31.));
#8478 = CARTESIAN_POINT('',(4.742520898002,30.999999975893));
#8479 = CARTESIAN_POINT('',(4.772602381317,31.005649316182));
#8480 = CARTESIAN_POINT('',(4.802615953864,31.016914150466));
#8481 = CARTESIAN_POINT('',(4.83253982366,31.033623002927));
#8482 = CARTESIAN_POINT('',(4.862341865716,31.055464871038));
#8483 = CARTESIAN_POINT('',(4.891971969629,31.081994148653));
#8484 = CARTESIAN_POINT('',(4.979928259857,31.173745267577));
#8485 = CARTESIAN_POINT('',(5.037492352207,31.251198849199));
#8486 = CARTESIAN_POINT('',(5.094434946562,31.341524943963));
#8487 = CARTESIAN_POINT('',(5.151029239335,31.441412917417));
#8488 = CARTESIAN_POINT('',(5.207524537985,31.548068615743));
#8489 = CARTESIAN_POINT('',(5.264185051589,31.659219177316));
#8490 = CARTESIAN_POINT('',(5.337417102735,31.804928895255));
#8491 = CARTESIAN_POINT('',(5.353537629175,31.837129398805));
#8492 = CARTESIAN_POINT('',(5.369712505522,31.869506385069));
#8493 = CARTESIAN_POINT('',(5.385950100434,31.902020548729));
#8494 = CARTESIAN_POINT('',(5.402258772122,31.934633208578));
#8495 = CARTESIAN_POINT('',(5.418647002366,31.967306005424));
#8496 = CARTESIAN_POINT('',(5.435123530527,32.0000006));
#8497 = ( GEOMETRIC_REPRESENTATION_CONTEXT(2) 
PARAMETRIC_REPRESENTATION_CONTEXT() REPRESENTATION_CONTEXT('2D SPACE',''
  ) );
#8498 = ORIENTED_EDGE('',*,*,#8499,.T.);
#8499 = EDGE_CURVE('',#8426,#7955,#8500,.T.);
#8500 = SURFACE_CURVE('',#8501,(#8506,#8513),.PCURVE_S1.);
#8501 = CIRCLE('',#8502,5.);
#8502 = AXIS2_PLACEMENT_3D('',#8503,#8504,#8505);
#8503 = CARTESIAN_POINT('',(2.9874E+04,-12.,-300.));
#8504 = DIRECTION('',(1.,-0.,2.22044604925E-16));
#8505 = DIRECTION('',(2.22044604925E-16,0.,-1.));
#8506 = PCURVE('',#7780,#8507);
#8507 = DEFINITIONAL_REPRESENTATION('',(#8508),#8512);
#8508 = LINE('',#8509,#8510);
#8509 = CARTESIAN_POINT('',(0.,0.));
#8510 = VECTOR('',#8511,1.);
#8511 = DIRECTION('',(1.,0.));
#8512 = ( GEOMETRIC_REPRESENTATION_CONTEXT(2) 
PARAMETRIC_REPRESENTATION_CONTEXT() REPRESENTATION_CONTEXT('2D SPACE',''
  ) );
#8513 = PCURVE('',#7994,#8514);
#8514 = DEFINITIONAL_REPRESENTATION('',(#8515),#8519);
#8515 = CIRCLE('',#8516,5.);
#8516 = AXIS2_PLACEMENT_2D('',#8517,#8518);
#8517 = CARTESIAN_POINT('',(0.,0.));
#8518 = DIRECTION('',(1.,0.));
#8519 = ( GEOMETRIC_REPRESENTATION_CONTEXT(2) 
PARAMETRIC_REPRESENTATION_CONTEXT() REPRESENTATION_CONTEXT('2D SPACE',''
  ) );
#8520 = ORIENTED_EDGE('',*,*,#7954,.T.);
#8521 = ORIENTED_EDGE('',*,*,#7758,.F.);
#8522 = ORIENTED_EDGE('',*,*,#7931,.T.);
#8523 = ORIENTED_EDGE('',*,*,#8524,.F.);
#8524 = EDGE_CURVE('',#7885,#7906,#8525,.T.);
#8525 = SURFACE_CURVE('',#8526,(#8531,#8538),.PCURVE_S1.);
#8526 = CIRCLE('',#8527,5.);
#8527 = AXIS2_PLACEMENT_3D('',#8528,#8529,#8530);
#8528 = CARTESIAN_POINT('',(2.9925E+04,-12.,-300.));
#8529 = DIRECTION('',(1.,-0.,2.22044604925E-16));
#8530 = DIRECTION('',(2.22044604925E-16,0.,-1.));
#8531 = PCURVE('',#7780,#8532);
#8532 = DEFINITIONAL_REPRESENTATION('',(#8533),#8537);
#8533 = LINE('',#8534,#8535);
#8534 = CARTESIAN_POINT('',(0.,51.));
#8535 = VECTOR('',#8536,1.);
#8536 = DIRECTION('',(1.,0.));
#8537 = ( GEOMETRIC_REPRESENTATION_CONTEXT(2) 
PARAMETRIC_REPRESENTATION_CONTEXT() REPRESENTATION_CONTEXT('2D SPACE',''
  ) );
#8538 = PCURVE('',#7920,#8539);
#8539 = DEFINITIONAL_REPRESENTATION('',(#8540),#8544);
#8540 = CIRCLE('',#8541,5.);
#8541 = AXIS2_PLACEMENT_2D('',#8542,#8543);
#8542 = CARTESIAN_POINT('',(0.,0.));
#8543 = DIRECTION('',(1.,0.));
#8544 = ( GEOMETRIC_REPRESENTATION_CONTEXT(2) 
PARAMETRIC_REPRESENTATION_CONTEXT() REPRESENTATION_CONTEXT('2D SPACE',''
  ) );
#8545 = ORIENTED_EDGE('',*,*,#7884,.F.);
#8546 = ORIENTED_EDGE('',*,*,#7847,.F.);
#8547 = ADVANCED_FACE('',(#8548),#7554,.F.);
#8548 = FACE_BOUND('',#8549,.F.);
#8549 = EDGE_LOOP('',(#8550,#8551,#8552,#8573,#8599));
#8550 = ORIENTED_EDGE('',*,*,#7711,.T.);
#8551 = ORIENTED_EDGE('',*,*,#7537,.T.);
#8552 = ORIENTED_EDGE('',*,*,#8553,.T.);
#8553 = EDGE_CURVE('',#7538,#8554,#8556,.T.);
#8554 = VERTEX_POINT('',#8555);
#8555 = CARTESIAN_POINT('',(2.9925E+04,16.,-297.));
#8556 = SURFACE_CURVE('',#8557,(#8561,#8567),.PCURVE_S1.);
#8557 = LINE('',#8558,#8559);
#8558 = CARTESIAN_POINT('',(2.9874E+04,16.,-297.));
#8559 = VECTOR('',#8560,1.);
#8560 = DIRECTION('',(1.,0.,2.22044604925E-16));
#8561 = PCURVE('',#7554,#8562);
#8562 = DEFINITIONAL_REPRESENTATION('',(#8563),#8566);
#8563 = B_SPLINE_CURVE_WITH_KNOTS('',1,(#8564,#8565),.UNSPECIFIED.,.F.,
  .F.,(2,2),(45.,51.0000006),.PIECEWISE_BEZIER_KNOTS.);
#8564 = CARTESIAN_POINT('',(-6.,3.));
#8565 = CARTESIAN_POINT('',(5.999999928008E-07,3.));
#8566 = ( GEOMETRIC_REPRESENTATION_CONTEXT(2) 
PARAMETRIC_REPRESENTATION_CONTEXT() REPRESENTATION_CONTEXT('2D SPACE',''
  ) );
#8567 = PCURVE('',#7588,#8568);
#8568 = DEFINITIONAL_REPRESENTATION('',(#8569),#8572);
#8569 = B_SPLINE_CURVE_WITH_KNOTS('',1,(#8570,#8571),.UNSPECIFIED.,.F.,
  .F.,(2,2),(45.,51.0000006),.PIECEWISE_BEZIER_KNOTS.);
#8570 = CARTESIAN_POINT('',(2.214297435588,45.));
#8571 = CARTESIAN_POINT('',(2.214297435588,51.0000006));
#8572 = ( GEOMETRIC_REPRESENTATION_CONTEXT(2) 
PARAMETRIC_REPRESENTATION_CONTEXT() REPRESENTATION_CONTEXT('2D SPACE',''
  ) );
#8573 = ORIENTED_EDGE('',*,*,#8574,.F.);
#8574 = EDGE_CURVE('',#8575,#8554,#8577,.T.);
#8575 = VERTEX_POINT('',#8576);
#8576 = CARTESIAN_POINT('',(2.9925E+04,16.,-303.));
#8577 = SURFACE_CURVE('',#8578,(#8582,#8588),.PCURVE_S1.);
#8578 = LINE('',#8579,#8580);
#8579 = CARTESIAN_POINT('',(2.9925E+04,16.,-300.));
#8580 = VECTOR('',#8581,1.);
#8581 = DIRECTION('',(-2.22044604925E-16,2.22044604925E-16,1.));
#8582 = PCURVE('',#7554,#8583);
#8583 = DEFINITIONAL_REPRESENTATION('',(#8584),#8587);
#8584 = B_SPLINE_CURVE_WITH_KNOTS('',1,(#8585,#8586),.UNSPECIFIED.,.F.,
  .F.,(2,2),(-5.,5.),.PIECEWISE_BEZIER_KNOTS.);
#8585 = CARTESIAN_POINT('',(1.110223024625E-15,-5.));
#8586 = CARTESIAN_POINT('',(-1.110223024625E-15,5.));
#8587 = ( GEOMETRIC_REPRESENTATION_CONTEXT(2) 
PARAMETRIC_REPRESENTATION_CONTEXT() REPRESENTATION_CONTEXT('2D SPACE',''
  ) );
#8588 = PCURVE('',#8589,#8594);
#8589 = PLANE('',#8590);
#8590 = AXIS2_PLACEMENT_3D('',#8591,#8592,#8593);
#8591 = CARTESIAN_POINT('',(2.9925E+04,12.,-300.));
#8592 = DIRECTION('',(1.,0.,2.22044604925E-16));
#8593 = DIRECTION('',(2.22044604925E-16,0.,-1.));
#8594 = DEFINITIONAL_REPRESENTATION('',(#8595),#8598);
#8595 = B_SPLINE_CURVE_WITH_KNOTS('',1,(#8596,#8597),.UNSPECIFIED.,.F.,
  .F.,(2,2),(-5.,5.),.PIECEWISE_BEZIER_KNOTS.);
#8596 = CARTESIAN_POINT('',(5.,4.));
#8597 = CARTESIAN_POINT('',(-5.,4.));
#8598 = ( GEOMETRIC_REPRESENTATION_CONTEXT(2) 
PARAMETRIC_REPRESENTATION_CONTEXT() REPRESENTATION_CONTEXT('2D SPACE',''
  ) );
#8599 = ORIENTED_EDGE('',*,*,#8600,.F.);
#8600 = EDGE_CURVE('',#7678,#8575,#8601,.T.);
#8601 = SURFACE_CURVE('',#8602,(#8606,#8612),.PCURVE_S1.);
#8602 = LINE('',#8603,#8604);
#8603 = CARTESIAN_POINT('',(2.9874E+04,16.,-303.));
#8604 = VECTOR('',#8605,1.);
#8605 = DIRECTION('',(1.,0.,2.22044604925E-16));
#8606 = PCURVE('',#7554,#8607);
#8607 = DEFINITIONAL_REPRESENTATION('',(#8608),#8611);
#8608 = B_SPLINE_CURVE_WITH_KNOTS('',1,(#8609,#8610),.UNSPECIFIED.,.F.,
  .F.,(2,2),(45.,51.0000006),.PIECEWISE_BEZIER_KNOTS.);
#8609 = CARTESIAN_POINT('',(-6.,-3.));
#8610 = CARTESIAN_POINT('',(5.999999928008E-07,-3.));
#8611 = ( GEOMETRIC_REPRESENTATION_CONTEXT(2) 
PARAMETRIC_REPRESENTATION_CONTEXT() REPRESENTATION_CONTEXT('2D SPACE',''
  ) );
#8612 = PCURVE('',#7588,#8613);
#8613 = DEFINITIONAL_REPRESENTATION('',(#8614),#8617);
#8614 = B_SPLINE_CURVE_WITH_KNOTS('',1,(#8615,#8616),.UNSPECIFIED.,.F.,
  .F.,(2,2),(45.,51.0000006),.PIECEWISE_BEZIER_KNOTS.);
#8615 = CARTESIAN_POINT('',(0.927295218002,45.));
#8616 = CARTESIAN_POINT('',(0.927295218002,51.0000006));
#8617 = ( GEOMETRIC_REPRESENTATION_CONTEXT(2) 
PARAMETRIC_REPRESENTATION_CONTEXT() REPRESENTATION_CONTEXT('2D SPACE',''
  ) );
#8618 = ADVANCED_FACE('',(#8619),#7588,.T.);
#8619 = FACE_BOUND('',#8620,.T.);
#8620 = EDGE_LOOP('',(#8621,#8622,#8645,#8674,#8739,#8765,#8794,#8815,
    #8889,#8918,#9022,#9132,#9154,#9155,#9156,#9157,#9158,#9159,#9181));
#8621 = ORIENTED_EDGE('',*,*,#7677,.T.);
#8622 = ORIENTED_EDGE('',*,*,#8623,.F.);
#8623 = EDGE_CURVE('',#8624,#7642,#8626,.T.);
#8624 = VERTEX_POINT('',#8625);
#8625 = CARTESIAN_POINT('',(2.9874E+04,12.,-305.));
#8626 = SEAM_CURVE('',#8627,(#8631,#8638),.PCURVE_S1.);
#8627 = LINE('',#8628,#8629);
#8628 = CARTESIAN_POINT('',(2.9874E+04,12.,-305.));
#8629 = VECTOR('',#8630,1.);
#8630 = DIRECTION('',(1.,0.,2.22044604925E-16));
#8631 = PCURVE('',#7588,#8632);
#8632 = DEFINITIONAL_REPRESENTATION('',(#8633),#8637);
#8633 = LINE('',#8634,#8635);
#8634 = CARTESIAN_POINT('',(6.28318530718,-0.));
#8635 = VECTOR('',#8636,1.);
#8636 = DIRECTION('',(0.,1.));
#8637 = ( GEOMETRIC_REPRESENTATION_CONTEXT(2) 
PARAMETRIC_REPRESENTATION_CONTEXT() REPRESENTATION_CONTEXT('2D SPACE',''
  ) );
#8638 = PCURVE('',#7588,#8639);
#8639 = DEFINITIONAL_REPRESENTATION('',(#8640),#8644);
#8640 = LINE('',#8641,#8642);
#8641 = CARTESIAN_POINT('',(0.,-0.));
#8642 = VECTOR('',#8643,1.);
#8643 = DIRECTION('',(0.,1.));
#8644 = ( GEOMETRIC_REPRESENTATION_CONTEXT(2) 
PARAMETRIC_REPRESENTATION_CONTEXT() REPRESENTATION_CONTEXT('2D SPACE',''
  ) );
#8645 = ORIENTED_EDGE('',*,*,#8646,.T.);
#8646 = EDGE_CURVE('',#8624,#8647,#8649,.T.);
#8647 = VERTEX_POINT('',#8648);
#8648 = CARTESIAN_POINT('',(2.9874E+04,15.,-304.));
#8649 = SURFACE_CURVE('',#8650,(#8655,#8662),.PCURVE_S1.);
#8650 = CIRCLE('',#8651,5.);
#8651 = AXIS2_PLACEMENT_3D('',#8652,#8653,#8654);
#8652 = CARTESIAN_POINT('',(2.9874E+04,12.,-300.));
#8653 = DIRECTION('',(1.,-0.,2.22044604925E-16));
#8654 = DIRECTION('',(2.22044604925E-16,0.,-1.));
#8655 = PCURVE('',#7588,#8656);
#8656 = DEFINITIONAL_REPRESENTATION('',(#8657),#8661);
#8657 = LINE('',#8658,#8659);
#8658 = CARTESIAN_POINT('',(0.,0.));
#8659 = VECTOR('',#8660,1.);
#8660 = DIRECTION('',(1.,0.));
#8661 = ( GEOMETRIC_REPRESENTATION_CONTEXT(2) 
PARAMETRIC_REPRESENTATION_CONTEXT() REPRESENTATION_CONTEXT('2D SPACE',''
  ) );
#8662 = PCURVE('',#8663,#8668);
#8663 = PLANE('',#8664);
#8664 = AXIS2_PLACEMENT_3D('',#8665,#8666,#8667);
#8665 = CARTESIAN_POINT('',(2.9874E+04,12.,-300.));
#8666 = DIRECTION('',(1.,0.,2.22044604925E-16));
#8667 = DIRECTION('',(2.22044604925E-16,0.,-1.));
#8668 = DEFINITIONAL_REPRESENTATION('',(#8669),#8673);
#8669 = CIRCLE('',#8670,5.);
#8670 = AXIS2_PLACEMENT_2D('',#8671,#8672);
#8671 = CARTESIAN_POINT('',(0.,0.));
#8672 = DIRECTION('',(1.,0.));
#8673 = ( GEOMETRIC_REPRESENTATION_CONTEXT(2) 
PARAMETRIC_REPRESENTATION_CONTEXT() REPRESENTATION_CONTEXT('2D SPACE',''
  ) );
#8674 = ORIENTED_EDGE('',*,*,#8675,.T.);
#8675 = EDGE_CURVE('',#8647,#8676,#8678,.T.);
#8676 = VERTEX_POINT('',#8677);
#8677 = CARTESIAN_POINT('',(2.987664575131E+04,16.,-303.));
#8678 = SURFACE_CURVE('',#8679,(#8697,#8718),.PCURVE_S1.);
#8679 = B_SPLINE_CURVE_WITH_KNOTS('',6,(#8680,#8681,#8682,#8683,#8684,
    #8685,#8686,#8687,#8688,#8689,#8690,#8691,#8692,#8693,#8694,#8695,
    #8696),.UNSPECIFIED.,.F.,.F.,(7,5,5,7),(0.,0.355572451512,
    0.842306276644,1.),.UNSPECIFIED.);
#8680 = CARTESIAN_POINT('',(2.98739999994E+04,15.,-304.));
#8681 = CARTESIAN_POINT('',(2.987417785978E+04,14.999999964426,
    -304.0000000266));
#8682 = CARTESIAN_POINT('',(2.987435491641E+04,15.012653271971,
    -303.9905098846));
#8683 = CARTESIAN_POINT('',(2.987453053959E+04,15.03774805559,
    -303.9716895403));
#8684 = CARTESIAN_POINT('',(2.987470398612E+04,15.074364218752,
    -303.9437566252));
#8685 = CARTESIAN_POINT('',(2.987487420302E+04,15.12086402986,
    -303.907061034));
#8686 = CARTESIAN_POINT('',(2.987526613275E+04,15.249199697934,
    -303.8015677231));
#8687 = CARTESIAN_POINT('',(2.987548497352E+04,15.338166219346,
    -303.7255743604));
#8688 = CARTESIAN_POINT('',(2.987569655764E+04,15.438052923367,
    -303.6353870248));
#8689 = CARTESIAN_POINT('',(2.987590091946E+04,15.545436646072,
    -303.5313413479));
#8690 = CARTESIAN_POINT('',(2.98760981171E+04,15.657771271409,
    -303.4134316362));
#8691 = CARTESIAN_POINT('',(2.987634956834E+04,15.810259526807,
    -303.238079048));
#8692 = CARTESIAN_POINT('',(2.987641034425E+04,15.847877347564,
    -303.1936380999));
#8693 = CARTESIAN_POINT('',(2.987647036255E+04,15.885728163191,
    -303.1476408581));
#8694 = CARTESIAN_POINT('',(2.987652961426E+04,15.923743729535,
    -303.1000584784));
#8695 = CARTESIAN_POINT('',(2.987658808438E+04,15.961856906286,
    -303.0508574795));
#8696 = CARTESIAN_POINT('',(2.987664575222E+04,16.000000599958,
    -302.9999992001));
#8697 = PCURVE('',#7588,#8698);
#8698 = DEFINITIONAL_REPRESENTATION('',(#8699),#8717);
#8699 = B_SPLINE_CURVE_WITH_KNOTS('',6,(#8700,#8701,#8702,#8703,#8704,
    #8705,#8706,#8707,#8708,#8709,#8710,#8711,#8712,#8713,#8714,#8715,
    #8716),.UNSPECIFIED.,.F.,.F.,(7,5,5,7),(0.,0.355572451512,
    0.842306276644,1.),.UNSPECIFIED.);
#8700 = CARTESIAN_POINT('',(0.643501108793,-6.E-07));
#8701 = CARTESIAN_POINT('',(0.6435010999,0.177859778569));
#8702 = CARTESIAN_POINT('',(0.646664400387,0.354916409998));
#8703 = CARTESIAN_POINT('',(0.652938223864,0.530539591976));
#8704 = CARTESIAN_POINT('',(0.662148218053,0.703986121757));
#8705 = CARTESIAN_POINT('',(0.673992836181,0.874203017088));
#8706 = CARTESIAN_POINT('',(0.707218658877,1.266132752903));
#8707 = CARTESIAN_POINT('',(0.730615481993,1.484973518237));
#8708 = CARTESIAN_POINT('',(0.75751419322,1.696557644994));
#8709 = CARTESIAN_POINT('',(0.787386617396,1.900919460568));
#8710 = CARTESIAN_POINT('',(0.819924195146,2.098117096941));
#8711 = CARTESIAN_POINT('',(0.866400510924,2.349568335161));
#8712 = CARTESIAN_POINT('',(0.878044385675,2.410344252742));
#8713 = CARTESIAN_POINT('',(0.889956362438,2.470362546595));
#8714 = CARTESIAN_POINT('',(0.902135108063,2.5296142616));
#8715 = CARTESIAN_POINT('',(0.914580850026,2.588084384862));
#8716 = CARTESIAN_POINT('',(0.927295417973,2.645752218051));
#8717 = ( GEOMETRIC_REPRESENTATION_CONTEXT(2) 
PARAMETRIC_REPRESENTATION_CONTEXT() REPRESENTATION_CONTEXT('2D SPACE',''
  ) );
#8718 = PCURVE('',#8090,#8719);
#8719 = DEFINITIONAL_REPRESENTATION('',(#8720),#8738);
#8720 = B_SPLINE_CURVE_WITH_KNOTS('',6,(#8721,#8722,#8723,#8724,#8725,
    #8726,#8727,#8728,#8729,#8730,#8731,#8732,#8733,#8734,#8735,#8736,
    #8737),.UNSPECIFIED.,.F.,.F.,(7,5,5,7),(0.,0.355572451512,
    0.842306276644,1.),.UNSPECIFIED.);
#8721 = CARTESIAN_POINT('',(4.712388830367,1.));
#8722 = CARTESIAN_POINT('',(4.756853925009,1.000000035574));
#8723 = CARTESIAN_POINT('',(4.801118006584,0.987346728029));
#8724 = CARTESIAN_POINT('',(4.845182416944,0.96225194441));
#8725 = CARTESIAN_POINT('',(4.889010640854,0.925635781248));
#8726 = CARTESIAN_POINT('',(4.932486707347,0.87913597014));
#8727 = CARTESIAN_POINT('',(5.033956455444,0.750800302066));
#8728 = CARTESIAN_POINT('',(5.091724503901,0.661833780654));
#8729 = CARTESIAN_POINT('',(5.149024581171,0.561947076633));
#8730 = CARTESIAN_POINT('',(5.206158028513,0.454563353928));
#8731 = CARTESIAN_POINT('',(5.263457350507,0.342228728591));
#8732 = CARTESIAN_POINT('',(5.340096217676,0.189740473193));
#8733 = CARTESIAN_POINT('',(5.358914193775,0.152122652396));
#8734 = CARTESIAN_POINT('',(5.377811239333,0.114271836832));
#8735 = CARTESIAN_POINT('',(5.396801915235,7.625627052246E-02));
#8736 = CARTESIAN_POINT('',(5.415900914339,3.814309367206E-02));
#8737 = CARTESIAN_POINT('',(5.435123530527,-6.E-07));
#8738 = ( GEOMETRIC_REPRESENTATION_CONTEXT(2) 
PARAMETRIC_REPRESENTATION_CONTEXT() REPRESENTATION_CONTEXT('2D SPACE',''
  ) );
#8739 = ORIENTED_EDGE('',*,*,#8740,.F.);
#8740 = EDGE_CURVE('',#8741,#8676,#8743,.T.);
#8741 = VERTEX_POINT('',#8742);
#8742 = CARTESIAN_POINT('',(2.9874E+04,16.,-303.));
#8743 = SURFACE_CURVE('',#8744,(#8748,#8754),.PCURVE_S1.);
#8744 = LINE('',#8745,#8746);
#8745 = CARTESIAN_POINT('',(2.9874E+04,16.,-303.));
#8746 = VECTOR('',#8747,1.);
#8747 = DIRECTION('',(1.,0.,2.22044604925E-16));
#8748 = PCURVE('',#7588,#8749);
#8749 = DEFINITIONAL_REPRESENTATION('',(#8750),#8753);
#8750 = B_SPLINE_CURVE_WITH_KNOTS('',1,(#8751,#8752),.UNSPECIFIED.,.F.,
  .F.,(2,2),(-5.999999928008E-07,4.8),.PIECEWISE_BEZIER_KNOTS.);
#8751 = CARTESIAN_POINT('',(0.927295218002,-5.999999934669E-07));
#8752 = CARTESIAN_POINT('',(0.927295218002,4.8));
#8753 = ( GEOMETRIC_REPRESENTATION_CONTEXT(2) 
PARAMETRIC_REPRESENTATION_CONTEXT() REPRESENTATION_CONTEXT('2D SPACE',''
  ) );
#8754 = PCURVE('',#8755,#8760);
#8755 = PLANE('',#8756);
#8756 = AXIS2_PLACEMENT_3D('',#8757,#8758,#8759);
#8757 = CARTESIAN_POINT('',(2.9874E+04,16.,-300.));
#8758 = DIRECTION('',(0.,-1.,2.22044604925E-16));
#8759 = DIRECTION('',(1.,0.,0.));
#8760 = DEFINITIONAL_REPRESENTATION('',(#8761),#8764);
#8761 = B_SPLINE_CURVE_WITH_KNOTS('',1,(#8762,#8763),.UNSPECIFIED.,.F.,
  .F.,(2,2),(-5.999999928008E-07,4.8),.PIECEWISE_BEZIER_KNOTS.);
#8762 = CARTESIAN_POINT('',(-5.999999928008E-07,-3.));
#8763 = CARTESIAN_POINT('',(4.8,-3.));
#8764 = ( GEOMETRIC_REPRESENTATION_CONTEXT(2) 
PARAMETRIC_REPRESENTATION_CONTEXT() REPRESENTATION_CONTEXT('2D SPACE',''
  ) );
#8765 = ORIENTED_EDGE('',*,*,#8766,.T.);
#8766 = EDGE_CURVE('',#8741,#8767,#8769,.T.);
#8767 = VERTEX_POINT('',#8768);
#8768 = CARTESIAN_POINT('',(2.9874E+04,16.,-297.));
#8769 = SURFACE_CURVE('',#8770,(#8775,#8782),.PCURVE_S1.);
#8770 = CIRCLE('',#8771,5.);
#8771 = AXIS2_PLACEMENT_3D('',#8772,#8773,#8774);
#8772 = CARTESIAN_POINT('',(2.9874E+04,12.,-300.));
#8773 = DIRECTION('',(1.,-0.,2.22044604925E-16));
#8774 = DIRECTION('',(2.22044604925E-16,0.,-1.));
#8775 = PCURVE('',#7588,#8776);
#8776 = DEFINITIONAL_REPRESENTATION('',(#8777),#8781);
#8777 = LINE('',#8778,#8779);
#8778 = CARTESIAN_POINT('',(0.,0.));
#8779 = VECTOR('',#8780,1.);
#8780 = DIRECTION('',(1.,0.));
#8781 = ( GEOMETRIC_REPRESENTATION_CONTEXT(2) 
PARAMETRIC_REPRESENTATION_CONTEXT() REPRESENTATION_CONTEXT('2D SPACE',''
  ) );
#8782 = PCURVE('',#8783,#8788);
#8783 = PLANE('',#8784);
#8784 = AXIS2_PLACEMENT_3D('',#8785,#8786,#8787);
#8785 = CARTESIAN_POINT('',(2.9874E+04,12.,-300.));
#8786 = DIRECTION('',(1.,0.,2.22044604925E-16));
#8787 = DIRECTION('',(2.22044604925E-16,0.,-1.));
#8788 = DEFINITIONAL_REPRESENTATION('',(#8789),#8793);
#8789 = CIRCLE('',#8790,5.);
#8790 = AXIS2_PLACEMENT_2D('',#8791,#8792);
#8791 = CARTESIAN_POINT('',(0.,0.));
#8792 = DIRECTION('',(1.,0.));
#8793 = ( GEOMETRIC_REPRESENTATION_CONTEXT(2) 
PARAMETRIC_REPRESENTATION_CONTEXT() REPRESENTATION_CONTEXT('2D SPACE',''
  ) );
#8794 = ORIENTED_EDGE('',*,*,#8795,.T.);
#8795 = EDGE_CURVE('',#8767,#8796,#8798,.T.);
#8796 = VERTEX_POINT('',#8797);
#8797 = CARTESIAN_POINT('',(2.987664575131E+04,16.,-297.));
#8798 = SURFACE_CURVE('',#8799,(#8803,#8809),.PCURVE_S1.);
#8799 = LINE('',#8800,#8801);
#8800 = CARTESIAN_POINT('',(2.9874E+04,16.,-297.));
#8801 = VECTOR('',#8802,1.);
#8802 = DIRECTION('',(1.,0.,2.22044604925E-16));
#8803 = PCURVE('',#7588,#8804);
#8804 = DEFINITIONAL_REPRESENTATION('',(#8805),#8808);
#8805 = B_SPLINE_CURVE_WITH_KNOTS('',1,(#8806,#8807),.UNSPECIFIED.,.F.,
  .F.,(2,2),(-6.000000070117E-07,4.8),.PIECEWISE_BEZIER_KNOTS.);
#8806 = CARTESIAN_POINT('',(2.214297435588,-6.000000063455E-07));
#8807 = CARTESIAN_POINT('',(2.214297435588,4.8));
#8808 = ( GEOMETRIC_REPRESENTATION_CONTEXT(2) 
PARAMETRIC_REPRESENTATION_CONTEXT() REPRESENTATION_CONTEXT('2D SPACE',''
  ) );
#8809 = PCURVE('',#8755,#8810);
#8810 = DEFINITIONAL_REPRESENTATION('',(#8811),#8814);
#8811 = B_SPLINE_CURVE_WITH_KNOTS('',1,(#8812,#8813),.UNSPECIFIED.,.F.,
  .F.,(2,2),(-6.000000070117E-07,4.8),.PIECEWISE_BEZIER_KNOTS.);
#8812 = CARTESIAN_POINT('',(-6.000000070117E-07,3.));
#8813 = CARTESIAN_POINT('',(4.8,3.));
#8814 = ( GEOMETRIC_REPRESENTATION_CONTEXT(2) 
PARAMETRIC_REPRESENTATION_CONTEXT() REPRESENTATION_CONTEXT('2D SPACE',''
  ) );
#8815 = ORIENTED_EDGE('',*,*,#8816,.T.);
#8816 = EDGE_CURVE('',#8796,#8817,#8819,.T.);
#8817 = VERTEX_POINT('',#8818);
#8818 = CARTESIAN_POINT('',(2.9874E+04,15.,-296.));
#8819 = SURFACE_CURVE('',#8820,(#8841,#8865),.PCURVE_S1.);
#8820 = B_SPLINE_CURVE_WITH_KNOTS('',7,(#8821,#8822,#8823,#8824,#8825,
    #8826,#8827,#8828,#8829,#8830,#8831,#8832,#8833,#8834,#8835,#8836,
    #8837,#8838,#8839,#8840),.UNSPECIFIED.,.F.,.F.,(8,6,6,8),(0.,
    0.15768781694,0.91449052032,1.),.UNSPECIFIED.);
#8821 = CARTESIAN_POINT('',(2.987664575222E+04,16.000000599659,
    -297.000000799));
#8822 = CARTESIAN_POINT('',(2.987659661932E+04,15.967502238607,
    -296.9566696329));
#8823 = CARTESIAN_POINT('',(2.987654692017E+04,15.93502556156,
    -296.9145079964));
#8824 = CARTESIAN_POINT('',(2.987649666651E+04,15.902607872158,
    -296.8734943764));
#8825 = CARTESIAN_POINT('',(2.987644586754E+04,15.870286930519,
    -296.8336091979));
#8826 = CARTESIAN_POINT('',(2.987639452993E+04,15.838100953234,
    -296.7948348241));
#8827 = CARTESIAN_POINT('',(2.987634265781E+04,15.806088613365,
    -296.7571555559));
#8828 = CARTESIAN_POINT('',(2.987603874144E+04,15.621671018246,
    -296.5449105368));
#8829 = CARTESIAN_POINT('',(2.987577175063E+04,15.472013609025,
    -296.3919338733));
#8830 = CARTESIAN_POINT('',(2.987549127244E+04,15.331361402492,
    -296.2628969844));
#8831 = CARTESIAN_POINT('',(2.987519914945E+04,15.206835352562,
    -296.1589080098));
#8832 = CARTESIAN_POINT('',(2.98748968028E+04,15.106624214894,
    -296.080766114));
#8833 = CARTESIAN_POINT('',(2.987458381317E+04,15.039020567238,
    -296.0294109554));
#8834 = CARTESIAN_POINT('',(2.987422149931E+04,15.007942659086,
    -296.005967379));
#8835 = CARTESIAN_POINT('',(2.987418466063E+04,15.005303055397,
    -296.0039807778));
#8836 = CARTESIAN_POINT('',(2.987414777549E+04,15.003185053781,
    -296.002389491));
#8837 = CARTESIAN_POINT('',(2.987411085515E+04,15.001593360414,
    -296.0011950105));
#8838 = CARTESIAN_POINT('',(2.987407391113E+04,15.000531135368,
    -296.00039834));
#8839 = CARTESIAN_POINT('',(2.987403695521E+04,14.999999992609,
    -295.9999999944));
#8840 = CARTESIAN_POINT('',(2.98739999994E+04,15.,-296.));
#8841 = PCURVE('',#7588,#8842);
#8842 = DEFINITIONAL_REPRESENTATION('',(#8843),#8864);
#8843 = B_SPLINE_CURVE_WITH_KNOTS('',7,(#8844,#8845,#8846,#8847,#8848,
    #8849,#8850,#8851,#8852,#8853,#8854,#8855,#8856,#8857,#8858,#8859,
    #8860,#8861,#8862,#8863),.UNSPECIFIED.,.F.,.F.,(8,6,6,8),(0.,
    0.15768781694,0.91449052032,1.),.UNSPECIFIED.);
#8844 = CARTESIAN_POINT('',(2.214297235816,2.645752217147));
#8845 = CARTESIAN_POINT('',(2.225130025718,2.596619322978));
#8846 = CARTESIAN_POINT('',(2.235773100779,2.54692017141));
#8847 = CARTESIAN_POINT('',(2.246227473172,2.496666507085));
#8848 = CARTESIAN_POINT('',(2.256493502912,2.445867536281));
#8849 = CARTESIAN_POINT('',(2.266570897852,2.394529926908));
#8850 = CARTESIAN_POINT('',(2.276458713689,2.34265780851));
#8851 = CARTESIAN_POINT('',(2.332693150668,2.038741438862));
#8852 = CARTESIAN_POINT('',(2.375420275793,1.771750626952));
#8853 = CARTESIAN_POINT('',(2.413514783655,1.491272440028));
#8854 = CARTESIAN_POINT('',(2.445925390912,1.199149452123));
#8855 = CARTESIAN_POINT('',(2.471339796008,0.896802802051));
#8856 = CARTESIAN_POINT('',(2.488318908829,0.583813167352));
#8857 = CARTESIAN_POINT('',(2.496104633339,0.221499310902));
#8858 = CARTESIAN_POINT('',(2.496765362876,0.184660627518));
#8859 = CARTESIAN_POINT('',(2.497295197392,0.147775486407));
#8860 = CARTESIAN_POINT('',(2.497693205681,0.110855148904));
#8861 = CARTESIAN_POINT('',(2.497958762115,7.391113158521E-02));
#8862 = CARTESIAN_POINT('',(2.498091546644,3.695520626539E-02));
#8863 = CARTESIAN_POINT('',(2.498091544796,-6.E-07));
#8864 = ( GEOMETRIC_REPRESENTATION_CONTEXT(2) 
PARAMETRIC_REPRESENTATION_CONTEXT() REPRESENTATION_CONTEXT('2D SPACE',''
  ) );
#8865 = PCURVE('',#8090,#8866);
#8866 = DEFINITIONAL_REPRESENTATION('',(#8867),#8888);
#8867 = B_SPLINE_CURVE_WITH_KNOTS('',7,(#8868,#8869,#8870,#8871,#8872,
    #8873,#8874,#8875,#8876,#8877,#8878,#8879,#8880,#8881,#8882,#8883,
    #8884,#8885,#8886,#8887),.UNSPECIFIED.,.F.,.F.,(8,6,6,8),(0.,
    0.15768781694,0.91449052032,1.),.UNSPECIFIED.);
#8868 = CARTESIAN_POINT('',(0.848061776954,-6.E-07));
#8869 = CARTESIAN_POINT('',(0.864439412706,3.249776105138E-02));
#8870 = CARTESIAN_POINT('',(0.880729872353,6.49744383175E-02));
#8871 = CARTESIAN_POINT('',(0.896941581201,9.739212793267E-02));
#8872 = CARTESIAN_POINT('',(0.913082909718,0.129713069659));
#8873 = CARTESIAN_POINT('',(0.929162173531,0.161899046887));
#8874 = CARTESIAN_POINT('',(0.945187633429,0.193911386635));
#8875 = CARTESIAN_POINT('',(1.03786081857,0.378328981754));
#8876 = CARTESIAN_POINT('',(1.114481660423,0.527986390975));
#8877 = CARTESIAN_POINT('',(1.191178042033,0.668638597508));
#8878 = CARTESIAN_POINT('',(1.268139862347,0.793164647438));
#8879 = CARTESIAN_POINT('',(1.345714482574,0.893375785106));
#8880 = CARTESIAN_POINT('',(1.424627893991,0.960979432762));
#8881 = CARTESIAN_POINT('',(1.515395775099,0.992057340914));
#8882 = CARTESIAN_POINT('',(1.524618292657,0.994696944603));
#8883 = CARTESIAN_POINT('',(1.533847301145,0.996814946219));
#8884 = CARTESIAN_POINT('',(1.543081253234,0.998406639586));
#8885 = CARTESIAN_POINT('',(1.552318546862,0.999468864632));
#8886 = CARTESIAN_POINT('',(1.561557525229,1.000000007391));
#8887 = CARTESIAN_POINT('',(1.570796476796,1.));
#8888 = ( GEOMETRIC_REPRESENTATION_CONTEXT(2) 
PARAMETRIC_REPRESENTATION_CONTEXT() REPRESENTATION_CONTEXT('2D SPACE',''
  ) );
#8889 = ORIENTED_EDGE('',*,*,#8890,.T.);
#8890 = EDGE_CURVE('',#8817,#8891,#8893,.T.);
#8891 = VERTEX_POINT('',#8892);
#8892 = CARTESIAN_POINT('',(2.9874E+04,9.,-296.));
#8893 = SURFACE_CURVE('',#8894,(#8899,#8906),.PCURVE_S1.);
#8894 = CIRCLE('',#8895,5.);
#8895 = AXIS2_PLACEMENT_3D('',#8896,#8897,#8898);
#8896 = CARTESIAN_POINT('',(2.9874E+04,12.,-300.));
#8897 = DIRECTION('',(1.,-0.,2.22044604925E-16));
#8898 = DIRECTION('',(2.22044604925E-16,0.,-1.));
#8899 = PCURVE('',#7588,#8900);
#8900 = DEFINITIONAL_REPRESENTATION('',(#8901),#8905);
#8901 = LINE('',#8902,#8903);
#8902 = CARTESIAN_POINT('',(0.,0.));
#8903 = VECTOR('',#8904,1.);
#8904 = DIRECTION('',(1.,0.));
#8905 = ( GEOMETRIC_REPRESENTATION_CONTEXT(2) 
PARAMETRIC_REPRESENTATION_CONTEXT() REPRESENTATION_CONTEXT('2D SPACE',''
  ) );
#8906 = PCURVE('',#8907,#8912);
#8907 = PLANE('',#8908);
#8908 = AXIS2_PLACEMENT_3D('',#8909,#8910,#8911);
#8909 = CARTESIAN_POINT('',(2.9874E+04,12.,-300.));
#8910 = DIRECTION('',(1.,0.,2.22044604925E-16));
#8911 = DIRECTION('',(2.22044604925E-16,0.,-1.));
#8912 = DEFINITIONAL_REPRESENTATION('',(#8913),#8917);
#8913 = CIRCLE('',#8914,5.);
#8914 = AXIS2_PLACEMENT_2D('',#8915,#8916);
#8915 = CARTESIAN_POINT('',(0.,0.));
#8916 = DIRECTION('',(1.,0.));
#8917 = ( GEOMETRIC_REPRESENTATION_CONTEXT(2) 
PARAMETRIC_REPRESENTATION_CONTEXT() REPRESENTATION_CONTEXT('2D SPACE',''
  ) );
#8918 = ORIENTED_EDGE('',*,*,#8919,.F.);
#8919 = EDGE_CURVE('',#8920,#8891,#8922,.T.);
#8920 = VERTEX_POINT('',#8921);
#8921 = CARTESIAN_POINT('',(2.9878E+04,7.,-300.));
#8922 = SURFACE_CURVE('',#8923,(#8954,#8988),.PCURVE_S1.);
#8923 = B_SPLINE_CURVE_WITH_KNOTS('',8,(#8924,#8925,#8926,#8927,#8928,
    #8929,#8930,#8931,#8932,#8933,#8934,#8935,#8936,#8937,#8938,#8939,
    #8940,#8941,#8942,#8943,#8944,#8945,#8946,#8947,#8948,#8949,#8950,
    #8951,#8952,#8953),.UNSPECIFIED.,.F.,.F.,(9,7,7,7,9),(0.,
    0.127224222259,0.208497414825,0.575755828515,1.),.UNSPECIFIED.);
#8924 = CARTESIAN_POINT('',(2.9878E+04,7.,-300.));
#8925 = CARTESIAN_POINT('',(2.9878E+04,7.,-299.8724816525));
#8926 = CARTESIAN_POINT('',(2.987799535387E+04,7.00371663424,
    -299.7451631227));
#8927 = CARTESIAN_POINT('',(2.987798608759E+04,7.011129970037,
    -299.6185201902));
#8928 = CARTESIAN_POINT('',(2.9877972293E+04,7.022157203349,
    -299.4930264648));
#8929 = CARTESIAN_POINT('',(2.987795412846E+04,7.036654026222,
    -299.3691510244));
#8930 = CARTESIAN_POINT('',(2.987793181965E+04,7.054415994253,
    -299.2473560531));
#8931 = CARTESIAN_POINT('',(2.98779056603E+04,7.075179894039,
    -299.1280944791));
#8932 = CARTESIAN_POINT('',(2.987785707355E+04,7.113602349793,
    -298.9375214062));
#8933 = CARTESIAN_POINT('',(2.987783669236E+04,7.12968863633,
    -298.864376431));
#8934 = CARTESIAN_POINT('',(2.987781493603E+04,7.14682217754,
    -298.7924023398));
#8935 = CARTESIAN_POINT('',(2.987779187176E+04,7.164940557346,
    -298.7216268391));
#8936 = CARTESIAN_POINT('',(2.987776756729E+04,7.183980736301,
    -298.6520756897));
#8937 = CARTESIAN_POINT('',(2.987774209087E+04,7.203879051586,
    -298.5837727066));
#8938 = CARTESIAN_POINT('',(2.987771551123E+04,7.224571217011,
    -298.5167397588));
#8939 = CARTESIAN_POINT('',(2.987756311696E+04,7.342790309691,
    -298.153916452));
#8940 = CARTESIAN_POINT('',(2.987741717262E+04,7.454515971216,
    -297.8830525138));
#8941 = CARTESIAN_POINT('',(2.987725515368E+04,7.576211296336,
    -297.637231398));
#8942 = CARTESIAN_POINT('',(2.987708068711E+04,7.704011880507,
    -297.4147074929));
#8943 = CARTESIAN_POINT('',(2.987689617373E+04,7.834952610673,
    -297.2135376678));
#8944 = CARTESIAN_POINT('',(2.987670291391E+04,7.966796411655,
    -297.0318114066));
#8945 = CARTESIAN_POINT('',(2.987650117502E+04,8.097722546053,
    -296.8678586713));
#8946 = CARTESIAN_POINT('',(2.987604660271E+04,8.373558732177,
    -296.5504005862));
#8947 = CARTESIAN_POINT('',(2.987578651922E+04,8.520021363749,
    -296.3995456191));
#8948 = CARTESIAN_POINT('',(2.987551273463E+04,8.658980914581,
    -296.270776169));
#8949 = CARTESIAN_POINT('',(2.987522791909E+04,8.783550904857,
    -296.1657180544));
#8950 = CARTESIAN_POINT('',(2.987493416569E+04,8.886461484063,
    -296.0851561632));
#8951 = CARTESIAN_POINT('',(2.987463227395E+04,8.960640518644,
    -296.029519208));
#8952 = CARTESIAN_POINT('',(2.987432143133E+04,9.000000064286,
    -295.9999999517));
#8953 = CARTESIAN_POINT('',(2.98739999994E+04,9.,-296.));
#8954 = PCURVE('',#7588,#8955);
#8955 = DEFINITIONAL_REPRESENTATION('',(#8956),#8987);
#8956 = B_SPLINE_CURVE_WITH_KNOTS('',8,(#8957,#8958,#8959,#8960,#8961,
    #8962,#8963,#8964,#8965,#8966,#8967,#8968,#8969,#8970,#8971,#8972,
    #8973,#8974,#8975,#8976,#8977,#8978,#8979,#8980,#8981,#8982,#8983,
    #8984,#8985,#8986),.UNSPECIFIED.,.F.,.F.,(9,7,7,7,9),(0.,
    0.127224222259,0.208497414825,0.575755828515,1.),.UNSPECIFIED.);
#8957 = CARTESIAN_POINT('',(4.712388980385,4.));
#8958 = CARTESIAN_POINT('',(4.686885310898,4.));
#8959 = CARTESIAN_POINT('',(4.661421634485,3.995353867726));
#8960 = CARTESIAN_POINT('',(4.636067739757,3.986087594445));
#8961 = CARTESIAN_POINT('',(4.610893459203,3.972292997892));
#8962 = CARTESIAN_POINT('',(4.585969562475,3.954128458253));
#8963 = CARTESIAN_POINT('',(4.561368649674,3.931819654135));
#8964 = CARTESIAN_POINT('',(4.537166044635,3.905660298544));
#8965 = CARTESIAN_POINT('',(4.498284490542,3.857073550796));
#8966 = CARTESIAN_POINT('',(4.483308194846,3.836692363305));
#8967 = CARTESIAN_POINT('',(4.468514759527,3.814936025317));
#8968 = CARTESIAN_POINT('',(4.453907308581,3.791871758449));
#8969 = CARTESIAN_POINT('',(4.439489131607,3.767567293005));
#8970 = CARTESIAN_POINT('',(4.425263683802,3.742090867981));
#8971 = CARTESIAN_POINT('',(4.41123458596,3.715511231057));
#8972 = CARTESIAN_POINT('',(4.334915124273,3.563116959511));
#8973 = CARTESIAN_POINT('',(4.276484957478,3.41717261624));
#8974 = CARTESIAN_POINT('',(4.221827682755,3.255153682254));
#8975 = CARTESIAN_POINT('',(4.170680852385,3.080687110695));
#8976 = CARTESIAN_POINT('',(4.12280537491,2.896173731585));
#8977 = CARTESIAN_POINT('',(4.077984204925,2.702913914641));
#8978 = CARTESIAN_POINT('',(4.036057446061,2.50117502164));
#8979 = CARTESIAN_POINT('',(3.95194674819,2.046602711171));
#8980 = CARTESIAN_POINT('',(3.909959346202,1.786519218955));
#8981 = CARTESIAN_POINT('',(3.872150558823,1.512734627878));
#8982 = CARTESIAN_POINT('',(3.839611417458,1.227919086258));
#8983 = CARTESIAN_POINT('',(3.813478817592,0.934165691229));
#8984 = CARTESIAN_POINT('',(3.794933551843,0.632273951371));
#8985 = CARTESIAN_POINT('',(3.785093746311,0.321431327906));
#8986 = CARTESIAN_POINT('',(3.785093762383,-6.E-07));
#8987 = ( GEOMETRIC_REPRESENTATION_CONTEXT(2) 
PARAMETRIC_REPRESENTATION_CONTEXT() REPRESENTATION_CONTEXT('2D SPACE',''
  ) );
#8988 = PCURVE('',#8090,#8989);
#8989 = DEFINITIONAL_REPRESENTATION('',(#8990),#9021);
#8990 = B_SPLINE_CURVE_WITH_KNOTS('',8,(#8991,#8992,#8993,#8994,#8995,
    #8996,#8997,#8998,#8999,#9000,#9001,#9002,#9003,#9004,#9005,#9006,
    #9007,#9008,#9009,#9010,#9011,#9012,#9013,#9014,#9015,#9016,#9017,
    #9018,#9019,#9020),.UNSPECIFIED.,.F.,.F.,(9,7,7,7,9),(0.,
    0.127224222259,0.208497414825,0.575755828515,1.),.UNSPECIFIED.);
#8991 = CARTESIAN_POINT('',(0.,9.));
#8992 = CARTESIAN_POINT('',(3.187958685868E-02,9.));
#8993 = CARTESIAN_POINT('',(6.370921666816E-02,8.99628336576));
#8994 = CARTESIAN_POINT('',(9.541932378586E-02,8.988870029963));
#8995 = CARTESIAN_POINT('',(0.126940217919,8.977842796651));
#8996 = CARTESIAN_POINT('',(0.158200284856,8.963345973778));
#8997 = CARTESIAN_POINT('',(0.189124187193,8.945584005747));
#8998 = CARTESIAN_POINT('',(0.219631065065,8.924820105961));
#8999 = CARTESIAN_POINT('',(0.268798361213,8.886397650207));
#9000 = CARTESIAN_POINT('',(0.287776583268,8.87031136367));
#9001 = CARTESIAN_POINT('',(0.306566806228,8.85317782246));
#9002 = CARTESIAN_POINT('',(0.325168016409,8.835059442654));
#9003 = CARTESIAN_POINT('',(0.343578783261,8.816019263699));
#9004 = CARTESIAN_POINT('',(0.361797259365,8.796120948414));
#9005 = CARTESIAN_POINT('',(0.379821180432,8.775428782989));
#9006 = CARTESIAN_POINT('',(0.478203332627,8.657209690309));
#9007 = CARTESIAN_POINT('',(0.554765071415,8.545484028784));
#9008 = CARTESIAN_POINT('',(0.627906979255,8.423788703664));
#9009 = CARTESIAN_POINT('',(0.698146655931,8.295988119493));
#9010 = CARTESIAN_POINT('',(0.766003741388,8.165047389327));
#9011 = CARTESIAN_POINT('',(0.83203327565,8.033203588345));
#9012 = CARTESIAN_POINT('',(0.896850997078,7.902277453947));
#9013 = CARTESIAN_POINT('',(1.035463681671,7.626441267823));
#9014 = CARTESIAN_POINT('',(1.11036527514,7.479978636251));
#9015 = CARTESIAN_POINT('',(1.185538444476,7.341019085418));
#9016 = CARTESIAN_POINT('',(1.260871898517,7.216449095143));
#9017 = CARTESIAN_POINT('',(1.33646436865,7.113538515937));
#9018 = CARTESIAN_POINT('',(1.412727812116,7.039359481357));
#9019 = CARTESIAN_POINT('',(1.490438494819,6.999999935714));
#9020 = CARTESIAN_POINT('',(1.570796476796,7.));
#9021 = ( GEOMETRIC_REPRESENTATION_CONTEXT(2) 
PARAMETRIC_REPRESENTATION_CONTEXT() REPRESENTATION_CONTEXT('2D SPACE',''
  ) );
#9022 = ORIENTED_EDGE('',*,*,#9023,.F.);
#9023 = EDGE_CURVE('',#9024,#8920,#9026,.T.);
#9024 = VERTEX_POINT('',#9025);
#9025 = CARTESIAN_POINT('',(2.9874E+04,9.,-304.));
#9026 = SURFACE_CURVE('',#9027,(#9060,#9096),.PCURVE_S1.);
#9027 = B_SPLINE_CURVE_WITH_KNOTS('',6,(#9028,#9029,#9030,#9031,#9032,
    #9033,#9034,#9035,#9036,#9037,#9038,#9039,#9040,#9041,#9042,#9043,
    #9044,#9045,#9046,#9047,#9048,#9049,#9050,#9051,#9052,#9053,#9054,
    #9055,#9056,#9057,#9058,#9059),.UNSPECIFIED.,.F.,.F.,(7,5,5,5,5,5,7)
  ,(0.,0.180261888436,0.427017670868,0.693638400388,0.793637982124,
    0.874677963742,1.),.UNSPECIFIED.);
#9028 = CARTESIAN_POINT('',(2.98739999994E+04,9.,-304.));
#9029 = CARTESIAN_POINT('',(2.987417785978E+04,9.000000035574,
    -304.0000000266));
#9030 = CARTESIAN_POINT('',(2.987435491641E+04,8.987346728029,
    -303.9905098846));
#9031 = CARTESIAN_POINT('',(2.987453053959E+04,8.96225194441,
    -303.9716895403));
#9032 = CARTESIAN_POINT('',(2.987470398612E+04,8.925635781248,
    -303.9437566252));
#9033 = CARTESIAN_POINT('',(2.987487420302E+04,8.87913597014,
    -303.907061034));
#9034 = CARTESIAN_POINT('',(2.987526613275E+04,8.750800302066,
    -303.8015677231));
#9035 = CARTESIAN_POINT('',(2.987548497352E+04,8.661833780654,
    -303.7255743604));
#9036 = CARTESIAN_POINT('',(2.987569655764E+04,8.561947076633,
    -303.6353870248));
#9037 = CARTESIAN_POINT('',(2.987590091946E+04,8.454563353928,
    -303.5313413479));
#9038 = CARTESIAN_POINT('',(2.98760981171E+04,8.342228728591,
    -303.4134316362));
#9039 = CARTESIAN_POINT('',(2.987649324697E+04,8.102609049337,
    -303.1378829992));
#9040 = CARTESIAN_POINT('',(2.987668971563E+04,7.974996751957,
    -302.9779819371));
#9041 = CARTESIAN_POINT('',(2.987687781245E+04,7.846598901523,
    -302.8001864232));
#9042 = CARTESIAN_POINT('',(2.987705687535E+04,7.719521618936,
    -302.6027531874));
#9043 = CARTESIAN_POINT('',(2.987722503783E+04,7.596541639149,
    -302.3836253029));
#9044 = CARTESIAN_POINT('',(2.987743648261E+04,7.438427194647,
    -302.0499263743));
#9045 = CARTESIAN_POINT('',(2.987749216639E+04,7.396398521449,
    -301.9555393079));
#9046 = CARTESIAN_POINT('',(2.987754566175E+04,7.355683894383,
    -301.8576946511));
#9047 = CARTESIAN_POINT('',(2.987759673761E+04,7.3165227354,
    -301.7563136883));
#9048 = CARTESIAN_POINT('',(2.987764513017E+04,7.279178732408,
    -301.6513300461));
#9049 = CARTESIAN_POINT('',(2.987772734545E+04,7.215382435343,
    -301.4546483039));
#9050 = CARTESIAN_POINT('',(2.987776219924E+04,7.188200820223,
    -301.3641850231));
#9051 = CARTESIAN_POINT('',(2.987779490782E+04,7.162579089628,
    -301.2713585246));
#9052 = CARTESIAN_POINT('',(2.987782527755E+04,7.138697958154,
    -301.1762360709));
#9053 = CARTESIAN_POINT('',(2.987785311744E+04,7.116734929429,
    -301.0788941214));
#9054 = CARTESIAN_POINT('',(2.987791708819E+04,7.06613590526,
    -300.8255867512));
#9055 = CARTESIAN_POINT('',(2.987794951643E+04,7.040347317561,
    -300.6663345391));
#9056 = CARTESIAN_POINT('',(2.98779745407E+04,7.020368282854,
    -300.5028791506));
#9057 = CARTESIAN_POINT('',(2.98779914905E+04,7.006807135275,
    -300.3364765824));
#9058 = CARTESIAN_POINT('',(2.9878E+04,7.,-300.1684136059));
#9059 = CARTESIAN_POINT('',(2.9878E+04,7.,-300.));
#9060 = PCURVE('',#7588,#9061);
#9061 = DEFINITIONAL_REPRESENTATION('',(#9062),#9095);
#9062 = B_SPLINE_CURVE_WITH_KNOTS('',6,(#9063,#9064,#9065,#9066,#9067,
    #9068,#9069,#9070,#9071,#9072,#9073,#9074,#9075,#9076,#9077,#9078,
    #9079,#9080,#9081,#9082,#9083,#9084,#9085,#9086,#9087,#9088,#9089,
    #9090,#9091,#9092,#9093,#9094),.UNSPECIFIED.,.F.,.F.,(7,5,5,5,5,5,7)
  ,(0.,0.180261888436,0.427017670868,0.693638400388,0.793637982124,
    0.874677963742,1.),.UNSPECIFIED.);
#9063 = CARTESIAN_POINT('',(5.639684198386,-6.E-07));
#9064 = CARTESIAN_POINT('',(5.63968420728,0.177859778569));
#9065 = CARTESIAN_POINT('',(5.636520906792,0.354916409998));
#9066 = CARTESIAN_POINT('',(5.630247083316,0.530539591976));
#9067 = CARTESIAN_POINT('',(5.621037089127,0.703986121757));
#9068 = CARTESIAN_POINT('',(5.609192470998,0.874203017088));
#9069 = CARTESIAN_POINT('',(5.575966648303,1.266132752903));
#9070 = CARTESIAN_POINT('',(5.552569825186,1.484973518238));
#9071 = CARTESIAN_POINT('',(5.52567111396,1.696557644994));
#9072 = CARTESIAN_POINT('',(5.495798689784,1.900919460568));
#9073 = CARTESIAN_POINT('',(5.463261112034,2.098117096941));
#9074 = CARTESIAN_POINT('',(5.390228340752,2.493246970339));
#9075 = CARTESIAN_POINT('',(5.349348624994,2.689715630523));
#9076 = CARTESIAN_POINT('',(5.305567115384,2.877812445595));
#9077 = CARTESIAN_POINT('',(5.258722053261,3.056875349793));
#9078 = CARTESIAN_POINT('',(5.208585600936,3.225037833209));
#9079 = CARTESIAN_POINT('',(5.13473300382,3.43648261376));
#9080 = CARTESIAN_POINT('',(5.114074450911,3.492166392541));
#9081 = CARTESIAN_POINT('',(5.092888781997,3.545661750231));
#9082 = CARTESIAN_POINT('',(5.071163842907,3.596737611559));
#9083 = CARTESIAN_POINT('',(5.048887088981,3.645130174));
#9084 = CARTESIAN_POINT('',(5.00753316525,3.727345454288));
#9085 = CARTESIAN_POINT('',(4.988645897517,3.762199235793));
#9086 = CARTESIAN_POINT('',(4.969393892864,3.794907824315));
#9087 = CARTESIAN_POINT('',(4.949787349108,3.825277546623));
#9088 = CARTESIAN_POINT('',(4.929835671623,3.853117440854));
#9089 = CARTESIAN_POINT('',(4.878173350721,3.917088192934));
#9090 = CARTESIAN_POINT('',(4.845929574089,3.949516425977));
#9091 = CARTESIAN_POINT('',(4.813033674725,3.974540698012));
#9092 = CARTESIAN_POINT('',(4.779684249549,3.991490498112));
#9093 = CARTESIAN_POINT('',(4.746071701581,4.));
#9094 = CARTESIAN_POINT('',(4.712388980385,4.));
#9095 = ( GEOMETRIC_REPRESENTATION_CONTEXT(2) 
PARAMETRIC_REPRESENTATION_CONTEXT() REPRESENTATION_CONTEXT('2D SPACE',''
  ) );
#9096 = PCURVE('',#8090,#9097);
#9097 = DEFINITIONAL_REPRESENTATION('',(#9098),#9131);
#9098 = B_SPLINE_CURVE_WITH_KNOTS('',6,(#9099,#9100,#9101,#9102,#9103,
    #9104,#9105,#9106,#9107,#9108,#9109,#9110,#9111,#9112,#9113,#9114,
    #9115,#9116,#9117,#9118,#9119,#9120,#9121,#9122,#9123,#9124,#9125,
    #9126,#9127,#9128,#9129,#9130),.UNSPECIFIED.,.F.,.F.,(7,5,5,5,5,5,7)
  ,(0.,0.180261888436,0.427017670868,0.693638400388,0.793637982124,
    0.874677963742,1.),.UNSPECIFIED.);
#9099 = CARTESIAN_POINT('',(4.712388830367,7.));
#9100 = CARTESIAN_POINT('',(4.756853925009,6.999999964426));
#9101 = CARTESIAN_POINT('',(4.801118006584,7.012653271971));
#9102 = CARTESIAN_POINT('',(4.845182416944,7.03774805559));
#9103 = CARTESIAN_POINT('',(4.889010640854,7.074364218752));
#9104 = CARTESIAN_POINT('',(4.932486707347,7.12086402986));
#9105 = CARTESIAN_POINT('',(5.033956455444,7.249199697934));
#9106 = CARTESIAN_POINT('',(5.091724503901,7.338166219346));
#9107 = CARTESIAN_POINT('',(5.149024581171,7.438052923367));
#9108 = CARTESIAN_POINT('',(5.206158028513,7.545436646072));
#9109 = CARTESIAN_POINT('',(5.263457350507,7.657771271409));
#9110 = CARTESIAN_POINT('',(5.383887482792,7.897390950663));
#9111 = CARTESIAN_POINT('',(5.447042113937,8.025003248043));
#9112 = CARTESIAN_POINT('',(5.511478208394,8.153401098477));
#9113 = CARTESIAN_POINT('',(5.577797327297,8.280478381064));
#9114 = CARTESIAN_POINT('',(5.646573681706,8.403458360851));
#9115 = CARTESIAN_POINT('',(5.745335981629,8.561572805353));
#9116 = CARTESIAN_POINT('',(5.772719211052,8.603601478551));
#9117 = CARTESIAN_POINT('',(5.80057499233,8.644316105617));
#9118 = CARTESIAN_POINT('',(5.828929944477,8.6834772646));
#9119 = CARTESIAN_POINT('',(5.857811289389,8.720821267592));
#9120 = CARTESIAN_POINT('',(5.911104734103,8.784617564657));
#9121 = CARTESIAN_POINT('',(5.935331448873,8.811799179777));
#9122 = CARTESIAN_POINT('',(5.959920838417,8.837420910372));
#9123 = CARTESIAN_POINT('',(5.984866962433,8.861302041846));
#9124 = CARTESIAN_POINT('',(6.010165870077,8.883265070571));
#9125 = CARTESIAN_POINT('',(6.075480914715,8.93386409474));
#9126 = CARTESIAN_POINT('',(6.116067127666,8.959652682439));
#9127 = CARTESIAN_POINT('',(6.157331165779,8.979631717146));
#9128 = CARTESIAN_POINT('',(6.199066161057,8.993192864725));
#9129 = CARTESIAN_POINT('',(6.241081905684,9.));
#9130 = CARTESIAN_POINT('',(6.28318530718,9.));
#9131 = ( GEOMETRIC_REPRESENTATION_CONTEXT(2) 
PARAMETRIC_REPRESENTATION_CONTEXT() REPRESENTATION_CONTEXT('2D SPACE',''
  ) );
#9132 = ORIENTED_EDGE('',*,*,#9133,.T.);
#9133 = EDGE_CURVE('',#9024,#8624,#9134,.T.);
#9134 = SURFACE_CURVE('',#9135,(#9140,#9147),.PCURVE_S1.);
#9135 = CIRCLE('',#9136,5.);
#9136 = AXIS2_PLACEMENT_3D('',#9137,#9138,#9139);
#9137 = CARTESIAN_POINT('',(2.9874E+04,12.,-300.));
#9138 = DIRECTION('',(1.,-0.,2.22044604925E-16));
#9139 = DIRECTION('',(2.22044604925E-16,0.,-1.));
#9140 = PCURVE('',#7588,#9141);
#9141 = DEFINITIONAL_REPRESENTATION('',(#9142),#9146);
#9142 = LINE('',#9143,#9144);
#9143 = CARTESIAN_POINT('',(0.,0.));
#9144 = VECTOR('',#9145,1.);
#9145 = DIRECTION('',(1.,0.));
#9146 = ( GEOMETRIC_REPRESENTATION_CONTEXT(2) 
PARAMETRIC_REPRESENTATION_CONTEXT() REPRESENTATION_CONTEXT('2D SPACE',''
  ) );
#9147 = PCURVE('',#8663,#9148);
#9148 = DEFINITIONAL_REPRESENTATION('',(#9149),#9153);
#9149 = CIRCLE('',#9150,5.);
#9150 = AXIS2_PLACEMENT_2D('',#9151,#9152);
#9151 = CARTESIAN_POINT('',(0.,0.));
#9152 = DIRECTION('',(1.,0.));
#9153 = ( GEOMETRIC_REPRESENTATION_CONTEXT(2) 
PARAMETRIC_REPRESENTATION_CONTEXT() REPRESENTATION_CONTEXT('2D SPACE',''
  ) );
#9154 = ORIENTED_EDGE('',*,*,#8623,.T.);
#9155 = ORIENTED_EDGE('',*,*,#7641,.F.);
#9156 = ORIENTED_EDGE('',*,*,#7605,.F.);
#9157 = ORIENTED_EDGE('',*,*,#7566,.T.);
#9158 = ORIENTED_EDGE('',*,*,#8553,.T.);
#9159 = ORIENTED_EDGE('',*,*,#9160,.F.);
#9160 = EDGE_CURVE('',#8575,#8554,#9161,.T.);
#9161 = SURFACE_CURVE('',#9162,(#9167,#9174),.PCURVE_S1.);
#9162 = CIRCLE('',#9163,5.);
#9163 = AXIS2_PLACEMENT_3D('',#9164,#9165,#9166);
#9164 = CARTESIAN_POINT('',(2.9925E+04,12.,-300.));
#9165 = DIRECTION('',(1.,-0.,2.22044604925E-16));
#9166 = DIRECTION('',(2.22044604925E-16,0.,-1.));
#9167 = PCURVE('',#7588,#9168);
#9168 = DEFINITIONAL_REPRESENTATION('',(#9169),#9173);
#9169 = LINE('',#9170,#9171);
#9170 = CARTESIAN_POINT('',(0.,51.));
#9171 = VECTOR('',#9172,1.);
#9172 = DIRECTION('',(1.,0.));
#9173 = ( GEOMETRIC_REPRESENTATION_CONTEXT(2) 
PARAMETRIC_REPRESENTATION_CONTEXT() REPRESENTATION_CONTEXT('2D SPACE',''
  ) );
#9174 = PCURVE('',#8589,#9175);
#9175 = DEFINITIONAL_REPRESENTATION('',(#9176),#9180);
#9176 = CIRCLE('',#9177,5.);
#9177 = AXIS2_PLACEMENT_2D('',#9178,#9179);
#9178 = CARTESIAN_POINT('',(0.,0.));
#9179 = DIRECTION('',(1.,0.));
#9180 = ( GEOMETRIC_REPRESENTATION_CONTEXT(2) 
PARAMETRIC_REPRESENTATION_CONTEXT() REPRESENTATION_CONTEXT('2D SPACE',''
  ) );
#9181 = ORIENTED_EDGE('',*,*,#8600,.F.);
#9182 = ADVANCED_FACE('',(#9183),#7920,.T.);
#9183 = FACE_BOUND('',#9184,.T.);
#9184 = EDGE_LOOP('',(#9185,#9186));
#9185 = ORIENTED_EDGE('',*,*,#8524,.T.);
#9186 = ORIENTED_EDGE('',*,*,#7905,.T.);
#9187 = ADVANCED_FACE('',(#9188),#7994,.F.);
#9188 = FACE_BOUND('',#9189,.F.);
#9189 = EDGE_LOOP('',(#9190,#9191,#9192));
#9190 = ORIENTED_EDGE('',*,*,#8499,.T.);
#9191 = ORIENTED_EDGE('',*,*,#7977,.T.);
#9192 = ORIENTED_EDGE('',*,*,#9193,.T.);
#9193 = EDGE_CURVE('',#7978,#8426,#9194,.T.);
#9194 = SURFACE_CURVE('',#9195,(#9199,#9205),.PCURVE_S1.);
#9195 = LINE('',#9196,#9197);
#9196 = CARTESIAN_POINT('',(2.9874E+04,16.,-304.));
#9197 = VECTOR('',#9198,1.);
#9198 = DIRECTION('',(0.,-1.,2.22044604925E-16));
#9199 = PCURVE('',#7994,#9200);
#9200 = DEFINITIONAL_REPRESENTATION('',(#9201),#9204);
#9201 = B_SPLINE_CURVE_WITH_KNOTS('',1,(#9202,#9203),.UNSPECIFIED.,.F.,
  .F.,(2,2),(22.,32.0000006),.PIECEWISE_BEZIER_KNOTS.);
#9202 = CARTESIAN_POINT('',(4.,6.));
#9203 = CARTESIAN_POINT('',(4.,-4.0000006));
#9204 = ( GEOMETRIC_REPRESENTATION_CONTEXT(2) 
PARAMETRIC_REPRESENTATION_CONTEXT() REPRESENTATION_CONTEXT('2D SPACE',''
  ) );
#9205 = PCURVE('',#8090,#9206);
#9206 = DEFINITIONAL_REPRESENTATION('',(#9207),#9210);
#9207 = B_SPLINE_CURVE_WITH_KNOTS('',1,(#9208,#9209),.UNSPECIFIED.,.F.,
  .F.,(2,2),(22.,32.0000006),.PIECEWISE_BEZIER_KNOTS.);
#9208 = CARTESIAN_POINT('',(4.712388980385,22.));
#9209 = CARTESIAN_POINT('',(4.712388980385,32.0000006));
#9210 = ( GEOMETRIC_REPRESENTATION_CONTEXT(2) 
PARAMETRIC_REPRESENTATION_CONTEXT() REPRESENTATION_CONTEXT('2D SPACE',''
  ) );
#9211 = ADVANCED_FACE('',(#9212),#8090,.T.);
#9212 = FACE_BOUND('',#9213,.T.);
#9213 = EDGE_LOOP('',(#9214,#9236,#9237,#9256,#9257,#9278,#9279,#9298,
    #9299,#9321,#9322,#9341,#9342,#9343,#9344,#9345));
#9214 = ORIENTED_EDGE('',*,*,#9215,.F.);
#9215 = EDGE_CURVE('',#8276,#8405,#9216,.T.);
#9216 = SURFACE_CURVE('',#9217,(#9222,#9229),.PCURVE_S1.);
#9217 = CIRCLE('',#9218,4.);
#9218 = AXIS2_PLACEMENT_3D('',#9219,#9220,#9221);
#9219 = CARTESIAN_POINT('',(2.9874E+04,-16.,-300.));
#9220 = DIRECTION('',(0.,-1.,2.22044604925E-16));
#9221 = DIRECTION('',(1.,0.,0.));
#9222 = PCURVE('',#8090,#9223);
#9223 = DEFINITIONAL_REPRESENTATION('',(#9224),#9228);
#9224 = LINE('',#9225,#9226);
#9225 = CARTESIAN_POINT('',(0.,32.));
#9226 = VECTOR('',#9227,1.);
#9227 = DIRECTION('',(1.,0.));
#9228 = ( GEOMETRIC_REPRESENTATION_CONTEXT(2) 
PARAMETRIC_REPRESENTATION_CONTEXT() REPRESENTATION_CONTEXT('2D SPACE',''
  ) );
#9229 = PCURVE('',#8364,#9230);
#9230 = DEFINITIONAL_REPRESENTATION('',(#9231),#9235);
#9231 = CIRCLE('',#9232,4.);
#9232 = AXIS2_PLACEMENT_2D('',#9233,#9234);
#9233 = CARTESIAN_POINT('',(0.,0.));
#9234 = DIRECTION('',(1.,0.));
#9235 = ( GEOMETRIC_REPRESENTATION_CONTEXT(2) 
PARAMETRIC_REPRESENTATION_CONTEXT() REPRESENTATION_CONTEXT('2D SPACE',''
  ) );
#9236 = ORIENTED_EDGE('',*,*,#8275,.T.);
#9237 = ORIENTED_EDGE('',*,*,#9238,.F.);
#9238 = EDGE_CURVE('',#8137,#8247,#9239,.T.);
#9239 = SURFACE_CURVE('',#9240,(#9244,#9250),.PCURVE_S1.);
#9240 = LINE('',#9241,#9242);
#9241 = CARTESIAN_POINT('',(2.9874E+04,16.,-296.));
#9242 = VECTOR('',#9243,1.);
#9243 = DIRECTION('',(0.,-1.,2.22044604925E-16));
#9244 = PCURVE('',#8090,#9245);
#9245 = DEFINITIONAL_REPRESENTATION('',(#9246),#9249);
#9246 = B_SPLINE_CURVE_WITH_KNOTS('',1,(#9247,#9248),.UNSPECIFIED.,.F.,
  .F.,(2,2),(22.,32.0000006),.PIECEWISE_BEZIER_KNOTS.);
#9247 = CARTESIAN_POINT('',(1.570796326795,22.));
#9248 = CARTESIAN_POINT('',(1.570796326795,32.0000006));
#9249 = ( GEOMETRIC_REPRESENTATION_CONTEXT(2) 
PARAMETRIC_REPRESENTATION_CONTEXT() REPRESENTATION_CONTEXT('2D SPACE',''
  ) );
#9250 = PCURVE('',#8263,#9251);
#9251 = DEFINITIONAL_REPRESENTATION('',(#9252),#9255);
#9252 = B_SPLINE_CURVE_WITH_KNOTS('',1,(#9253,#9254),.UNSPECIFIED.,.F.,
  .F.,(2,2),(22.,32.0000006),.PIECEWISE_BEZIER_KNOTS.);
#9253 = CARTESIAN_POINT('',(-4.,6.));
#9254 = CARTESIAN_POINT('',(-4.,-4.0000006));
#9255 = ( GEOMETRIC_REPRESENTATION_CONTEXT(2) 
PARAMETRIC_REPRESENTATION_CONTEXT() REPRESENTATION_CONTEXT('2D SPACE',''
  ) );
#9256 = ORIENTED_EDGE('',*,*,#8136,.F.);
#9257 = ORIENTED_EDGE('',*,*,#9258,.F.);
#9258 = EDGE_CURVE('',#8920,#8007,#9259,.T.);
#9259 = SEAM_CURVE('',#9260,(#9264,#9271),.PCURVE_S1.);
#9260 = LINE('',#9261,#9262);
#9261 = CARTESIAN_POINT('',(2.9878E+04,16.,-300.));
#9262 = VECTOR('',#9263,1.);
#9263 = DIRECTION('',(0.,-1.,2.22044604925E-16));
#9264 = PCURVE('',#8090,#9265);
#9265 = DEFINITIONAL_REPRESENTATION('',(#9266),#9270);
#9266 = LINE('',#9267,#9268);
#9267 = CARTESIAN_POINT('',(6.28318530718,-0.));
#9268 = VECTOR('',#9269,1.);
#9269 = DIRECTION('',(0.,1.));
#9270 = ( GEOMETRIC_REPRESENTATION_CONTEXT(2) 
PARAMETRIC_REPRESENTATION_CONTEXT() REPRESENTATION_CONTEXT('2D SPACE',''
  ) );
#9271 = PCURVE('',#8090,#9272);
#9272 = DEFINITIONAL_REPRESENTATION('',(#9273),#9277);
#9273 = LINE('',#9274,#9275);
#9274 = CARTESIAN_POINT('',(0.,-0.));
#9275 = VECTOR('',#9276,1.);
#9276 = DIRECTION('',(0.,1.));
#9277 = ( GEOMETRIC_REPRESENTATION_CONTEXT(2) 
PARAMETRIC_REPRESENTATION_CONTEXT() REPRESENTATION_CONTEXT('2D SPACE',''
  ) );
#9278 = ORIENTED_EDGE('',*,*,#8919,.T.);
#9279 = ORIENTED_EDGE('',*,*,#9280,.F.);
#9280 = EDGE_CURVE('',#8817,#8891,#9281,.T.);
#9281 = SURFACE_CURVE('',#9282,(#9286,#9292),.PCURVE_S1.);
#9282 = LINE('',#9283,#9284);
#9283 = CARTESIAN_POINT('',(2.9874E+04,16.,-296.));
#9284 = VECTOR('',#9285,1.);
#9285 = DIRECTION('',(0.,-1.,2.22044604925E-16));
#9286 = PCURVE('',#8090,#9287);
#9287 = DEFINITIONAL_REPRESENTATION('',(#9288),#9291);
#9288 = B_SPLINE_CURVE_WITH_KNOTS('',1,(#9289,#9290),.UNSPECIFIED.,.F.,
  .F.,(2,2),(-5.999999999062E-07,10.),.PIECEWISE_BEZIER_KNOTS.);
#9289 = CARTESIAN_POINT('',(1.570796326795,-5.999999990181E-07));
#9290 = CARTESIAN_POINT('',(1.570796326795,10.));
#9291 = ( GEOMETRIC_REPRESENTATION_CONTEXT(2) 
PARAMETRIC_REPRESENTATION_CONTEXT() REPRESENTATION_CONTEXT('2D SPACE',''
  ) );
#9292 = PCURVE('',#8907,#9293);
#9293 = DEFINITIONAL_REPRESENTATION('',(#9294),#9297);
#9294 = B_SPLINE_CURVE_WITH_KNOTS('',1,(#9295,#9296),.UNSPECIFIED.,.F.,
  .F.,(2,2),(-5.999999999062E-07,10.),.PIECEWISE_BEZIER_KNOTS.);
#9295 = CARTESIAN_POINT('',(-4.,4.0000006));
#9296 = CARTESIAN_POINT('',(-4.,-6.));
#9297 = ( GEOMETRIC_REPRESENTATION_CONTEXT(2) 
PARAMETRIC_REPRESENTATION_CONTEXT() REPRESENTATION_CONTEXT('2D SPACE',''
  ) );
#9298 = ORIENTED_EDGE('',*,*,#8816,.F.);
#9299 = ORIENTED_EDGE('',*,*,#9300,.T.);
#9300 = EDGE_CURVE('',#8796,#8676,#9301,.T.);
#9301 = SURFACE_CURVE('',#9302,(#9307,#9314),.PCURVE_S1.);
#9302 = CIRCLE('',#9303,4.);
#9303 = AXIS2_PLACEMENT_3D('',#9304,#9305,#9306);
#9304 = CARTESIAN_POINT('',(2.9874E+04,16.,-300.));
#9305 = DIRECTION('',(0.,-1.,2.22044604925E-16));
#9306 = DIRECTION('',(1.,0.,0.));
#9307 = PCURVE('',#8090,#9308);
#9308 = DEFINITIONAL_REPRESENTATION('',(#9309),#9313);
#9309 = LINE('',#9310,#9311);
#9310 = CARTESIAN_POINT('',(0.,0.));
#9311 = VECTOR('',#9312,1.);
#9312 = DIRECTION('',(1.,0.));
#9313 = ( GEOMETRIC_REPRESENTATION_CONTEXT(2) 
PARAMETRIC_REPRESENTATION_CONTEXT() REPRESENTATION_CONTEXT('2D SPACE',''
  ) );
#9314 = PCURVE('',#8755,#9315);
#9315 = DEFINITIONAL_REPRESENTATION('',(#9316),#9320);
#9316 = CIRCLE('',#9317,4.);
#9317 = AXIS2_PLACEMENT_2D('',#9318,#9319);
#9318 = CARTESIAN_POINT('',(0.,0.));
#9319 = DIRECTION('',(1.,0.));
#9320 = ( GEOMETRIC_REPRESENTATION_CONTEXT(2) 
PARAMETRIC_REPRESENTATION_CONTEXT() REPRESENTATION_CONTEXT('2D SPACE',''
  ) );
#9321 = ORIENTED_EDGE('',*,*,#8675,.F.);
#9322 = ORIENTED_EDGE('',*,*,#9323,.T.);
#9323 = EDGE_CURVE('',#8647,#9024,#9324,.T.);
#9324 = SURFACE_CURVE('',#9325,(#9329,#9335),.PCURVE_S1.);
#9325 = LINE('',#9326,#9327);
#9326 = CARTESIAN_POINT('',(2.9874E+04,16.,-304.));
#9327 = VECTOR('',#9328,1.);
#9328 = DIRECTION('',(0.,-1.,2.22044604925E-16));
#9329 = PCURVE('',#8090,#9330);
#9330 = DEFINITIONAL_REPRESENTATION('',(#9331),#9334);
#9331 = B_SPLINE_CURVE_WITH_KNOTS('',1,(#9332,#9333),.UNSPECIFIED.,.F.,
  .F.,(2,2),(-5.999999999062E-07,10.),.PIECEWISE_BEZIER_KNOTS.);
#9332 = CARTESIAN_POINT('',(4.712388980385,-6.000000007944E-07));
#9333 = CARTESIAN_POINT('',(4.712388980385,10.));
#9334 = ( GEOMETRIC_REPRESENTATION_CONTEXT(2) 
PARAMETRIC_REPRESENTATION_CONTEXT() REPRESENTATION_CONTEXT('2D SPACE',''
  ) );
#9335 = PCURVE('',#8663,#9336);
#9336 = DEFINITIONAL_REPRESENTATION('',(#9337),#9340);
#9337 = B_SPLINE_CURVE_WITH_KNOTS('',1,(#9338,#9339),.UNSPECIFIED.,.F.,
  .F.,(2,2),(-5.999999999062E-07,10.),.PIECEWISE_BEZIER_KNOTS.);
#9338 = CARTESIAN_POINT('',(4.,4.0000006));
#9339 = CARTESIAN_POINT('',(4.,-6.));
#9340 = ( GEOMETRIC_REPRESENTATION_CONTEXT(2) 
PARAMETRIC_REPRESENTATION_CONTEXT() REPRESENTATION_CONTEXT('2D SPACE',''
  ) );
#9341 = ORIENTED_EDGE('',*,*,#9023,.T.);
#9342 = ORIENTED_EDGE('',*,*,#9258,.T.);
#9343 = ORIENTED_EDGE('',*,*,#8006,.F.);
#9344 = ORIENTED_EDGE('',*,*,#9193,.T.);
#9345 = ORIENTED_EDGE('',*,*,#8425,.T.);
#9346 = ADVANCED_FACE('',(#9347),#8364,.T.);
#9347 = FACE_BOUND('',#9348,.T.);
#9348 = EDGE_LOOP('',(#9349,#9350,#9351,#9352));
#9349 = ORIENTED_EDGE('',*,*,#8349,.T.);
#9350 = ORIENTED_EDGE('',*,*,#9215,.T.);
#9351 = ORIENTED_EDGE('',*,*,#8404,.F.);
#9352 = ORIENTED_EDGE('',*,*,#9353,.T.);
#9353 = EDGE_CURVE('',#8376,#8350,#9354,.T.);
#9354 = SURFACE_CURVE('',#9355,(#9359,#9365),.PCURVE_S1.);
#9355 = LINE('',#9356,#9357);
#9356 = CARTESIAN_POINT('',(2.9874E+04,-16.,-300.));
#9357 = VECTOR('',#9358,1.);
#9358 = DIRECTION('',(-2.22044604925E-16,2.22044604925E-16,1.));
#9359 = PCURVE('',#8364,#9360);
#9360 = DEFINITIONAL_REPRESENTATION('',(#9361),#9364);
#9361 = B_SPLINE_CURVE_WITH_KNOTS('',1,(#9362,#9363),.UNSPECIFIED.,.F.,
  .F.,(2,2),(-4.,4.),.PIECEWISE_BEZIER_KNOTS.);
#9362 = CARTESIAN_POINT('',(8.881784197001E-16,-4.));
#9363 = CARTESIAN_POINT('',(-8.881784197001E-16,4.));
#9364 = ( GEOMETRIC_REPRESENTATION_CONTEXT(2) 
PARAMETRIC_REPRESENTATION_CONTEXT() REPRESENTATION_CONTEXT('2D SPACE',''
  ) );
#9365 = PCURVE('',#8392,#9366);
#9366 = DEFINITIONAL_REPRESENTATION('',(#9367),#9370);
#9367 = B_SPLINE_CURVE_WITH_KNOTS('',1,(#9368,#9369),.UNSPECIFIED.,.F.,
  .F.,(2,2),(-4.,4.),.PIECEWISE_BEZIER_KNOTS.);
#9368 = CARTESIAN_POINT('',(4.,-4.));
#9369 = CARTESIAN_POINT('',(-4.,-4.));
#9370 = ( GEOMETRIC_REPRESENTATION_CONTEXT(2) 
PARAMETRIC_REPRESENTATION_CONTEXT() REPRESENTATION_CONTEXT('2D SPACE',''
  ) );
#9371 = ADVANCED_FACE('',(#9372),#8392,.F.);
#9372 = FACE_BOUND('',#9373,.F.);
#9373 = EDGE_LOOP('',(#9374,#9375));
#9374 = ORIENTED_EDGE('',*,*,#8375,.T.);
#9375 = ORIENTED_EDGE('',*,*,#9353,.T.);
#9376 = ADVANCED_FACE('',(#9377),#8263,.F.);
#9377 = FACE_BOUND('',#9378,.F.);
#9378 = EDGE_LOOP('',(#9379,#9380));
#9379 = ORIENTED_EDGE('',*,*,#9238,.F.);
#9380 = ORIENTED_EDGE('',*,*,#8246,.T.);
#9381 = ADVANCED_FACE('',(#9382),#8589,.T.);
#9382 = FACE_BOUND('',#9383,.T.);
#9383 = EDGE_LOOP('',(#9384,#9385));
#9384 = ORIENTED_EDGE('',*,*,#8574,.F.);
#9385 = ORIENTED_EDGE('',*,*,#9160,.T.);
#9386 = ADVANCED_FACE('',(#9387),#8663,.F.);
#9387 = FACE_BOUND('',#9388,.F.);
#9388 = EDGE_LOOP('',(#9389,#9390,#9391));
#9389 = ORIENTED_EDGE('',*,*,#9133,.T.);
#9390 = ORIENTED_EDGE('',*,*,#8646,.T.);
#9391 = ORIENTED_EDGE('',*,*,#9323,.T.);
#9392 = ADVANCED_FACE('',(#9393),#8907,.F.);
#9393 = FACE_BOUND('',#9394,.F.);
#9394 = EDGE_LOOP('',(#9395,#9396));
#9395 = ORIENTED_EDGE('',*,*,#8890,.T.);
#9396 = ORIENTED_EDGE('',*,*,#9280,.F.);
#9397 = ADVANCED_FACE('',(#9398),#8755,.F.);
#9398 = FACE_BOUND('',#9399,.F.);
#9399 = EDGE_LOOP('',(#9400,#9401,#9402,#9403));
#9400 = ORIENTED_EDGE('',*,*,#8795,.T.);
#9401 = ORIENTED_EDGE('',*,*,#9300,.T.);
#9402 = ORIENTED_EDGE('',*,*,#8740,.F.);
#9403 = ORIENTED_EDGE('',*,*,#9404,.T.);
#9404 = EDGE_CURVE('',#8741,#8767,#9405,.T.);
#9405 = SURFACE_CURVE('',#9406,(#9410,#9416),.PCURVE_S1.);
#9406 = LINE('',#9407,#9408);
#9407 = CARTESIAN_POINT('',(2.9874E+04,16.,-300.));
#9408 = VECTOR('',#9409,1.);
#9409 = DIRECTION('',(-2.22044604925E-16,2.22044604925E-16,1.));
#9410 = PCURVE('',#8755,#9411);
#9411 = DEFINITIONAL_REPRESENTATION('',(#9412),#9415);
#9412 = B_SPLINE_CURVE_WITH_KNOTS('',1,(#9413,#9414),.UNSPECIFIED.,.F.,
  .F.,(2,2),(-4.,4.),.PIECEWISE_BEZIER_KNOTS.);
#9413 = CARTESIAN_POINT('',(8.881784197001E-16,-4.));
#9414 = CARTESIAN_POINT('',(-8.881784197001E-16,4.));
#9415 = ( GEOMETRIC_REPRESENTATION_CONTEXT(2) 
PARAMETRIC_REPRESENTATION_CONTEXT() REPRESENTATION_CONTEXT('2D SPACE',''
  ) );
#9416 = PCURVE('',#8783,#9417);
#9417 = DEFINITIONAL_REPRESENTATION('',(#9418),#9421);
#9418 = B_SPLINE_CURVE_WITH_KNOTS('',1,(#9419,#9420),.UNSPECIFIED.,.F.,
  .F.,(2,2),(-4.,4.),.PIECEWISE_BEZIER_KNOTS.);
#9419 = CARTESIAN_POINT('',(4.,4.));
#9420 = CARTESIAN_POINT('',(-4.,4.));
#9421 = ( GEOMETRIC_REPRESENTATION_CONTEXT(2) 
PARAMETRIC_REPRESENTATION_CONTEXT() REPRESENTATION_CONTEXT('2D SPACE',''
  ) );
#9422 = ADVANCED_FACE('',(#9423),#8783,.F.);
#9423 = FACE_BOUND('',#9424,.F.);
#9424 = EDGE_LOOP('',(#9425,#9426));
#9425 = ORIENTED_EDGE('',*,*,#9404,.F.);
#9426 = ORIENTED_EDGE('',*,*,#8766,.T.);
#9427 = ( GEOMETRIC_REPRESENTATION_CONTEXT(3) 
GLOBAL_UNCERTAINTY_ASSIGNED_CONTEXT((#9431)) 
GLOBAL_UNIT_ASSIGNED_CONTEXT((#9428,#9429,#9430)) REPRESENTATION_CONTEXT
('Context #1','3D Context with UNIT and UNCERTAINTY') );
#9428 = ( LENGTH_UNIT() NAMED_UNIT(*) SI_UNIT(.MILLI.,.METRE.) );
#9429 = ( NAMED_UNIT(*) PLANE_ANGLE_UNIT() SI_UNIT($,.RADIAN.) );
#9430 = ( NAMED_UNIT(*) SI_UNIT($,.STERADIAN.) SOLID_ANGLE_UNIT() );
#9431 = UNCERTAINTY_MEASURE_WITH_UNIT(LENGTH_MEASURE(1.E-07),#9428,
  'distance_accuracy_value','confusion accuracy');
#9432 = PRODUCT_RELATED_PRODUCT_CATEGORY('part',$,(#7));
ENDSEC;
END-ISO-10303-21;
