ISO-10303-21;
HEADER;
FILE_DESCRIPTION(('Open CASCADE Model'),'2;1');
FILE_NAME('Open CASCADE Shape Model','2026-10-03T20:11:45',('Author'),(
    'Open CASCADE'),'Open CASCADE STEP processor 8.0','build123d',
  'Unknown');
FILE_SCHEMA(('AUTOMOTIVE_DESIGN { 1 0 10303 214 1 1 1 1 }'));
ENDSEC;
DATA;
#1 = APPLICATION_PROTOCOL_DEFINITION('international standard',
  'automotive_design',2000,#2);
#2 = APPLICATION_CONTEXT(
  'core data for automotive mechanical design processes');
#3 = SHAPE_DEFINITION_REPRESENTATION(#4,#10);
#4 = PRODUCT_DEFINITION_SHAPE('','',#5);
#5 = PRODUCT_DEFINITION('design','',#6,#9);
#6 = PRODUCT_DEFINITION_FORMATION('','',#7);
#7 = PRODUCT('COMPOUND','COMPOUND','',(#8));
#8 = PRODUCT_CONTEXT('',#2,'mechanical');
#9 = PRODUCT_DEFINITION_CONTEXT('part definition',#2,'design');
#10 = SHAPE_REPRESENTATION('',(#11,#15,#2293,#3127,#3753,#4379,#5456,
    #6533,#6631,#6729,#6827,#6925,#8057,#8239,#8532,#10444,#10542),
  #10640);
#11 = AXIS2_PLACEMENT_3D('',#12,#13,#14);
#12 = CARTESIAN_POINT('',(0.,0.,0.));
#13 = DIRECTION('',(0.,0.,1.));
#14 = DIRECTION('',(1.,0.,-0.));
#15 = BREP_WITH_VOIDS('',#16,(#2195));
#16 = CLOSED_SHELL('',(#17,#274,#361,#443,#524,#601,#682,#754,#758,#868,
    #917,#995,#1238,#1323,#1372,#1430,#1515,#1564,#1622,#1630,#1657,
    #1664,#1671,#1789,#1816,#1843,#1919,#1968,#2017,#2044,#2082,#2136,
    #2191));
#17 = ADVANCED_FACE('',(#18),#32,.T.);
#18 = FACE_BOUND('',#19,.T.);
#19 = EDGE_LOOP('',(#20,#50,#77,#78,#107,#136,#165,#194,#223,#252));
#20 = ORIENTED_EDGE('',*,*,#21,.T.);
#21 = EDGE_CURVE('',#22,#24,#26,.T.);
#22 = VERTEX_POINT('',#23);
#23 = CARTESIAN_POINT('',(30.15,-7.384620198859E-15,1.E+03));
#24 = VERTEX_POINT('',#25);
#25 = CARTESIAN_POINT('',(30.15,-7.384620198859E-15,1.008E+03));
#26 = SEAM_CURVE('',#27,(#31,#43),.PCURVE_S1.);
#27 = LINE('',#28,#29);
#28 = CARTESIAN_POINT('',(30.15,-7.384620198859E-15,1.E+03));
#29 = VECTOR('',#30,1.);
#30 = DIRECTION('',(0.,0.,1.));
#31 = PCURVE('',#32,#37);
#32 = CYLINDRICAL_SURFACE('',#33,30.15);
#33 = AXIS2_PLACEMENT_3D('',#34,#35,#36);
#34 = CARTESIAN_POINT('',(0.,0.,1.E+03));
#35 = DIRECTION('',(0.,0.,1.));
#36 = DIRECTION('',(1.,0.,-0.));
#37 = DEFINITIONAL_REPRESENTATION('',(#38),#42);
#38 = LINE('',#39,#40);
#39 = CARTESIAN_POINT('',(6.28318530718,-0.));
#40 = VECTOR('',#41,1.);
#41 = DIRECTION('',(0.,1.));
#42 = ( GEOMETRIC_REPRESENTATION_CONTEXT(2) 
PARAMETRIC_REPRESENTATION_CONTEXT() REPRESENTATION_CONTEXT('2D SPACE',''
  ) );
#43 = PCURVE('',#32,#44);
#44 = DEFINITIONAL_REPRESENTATION('',(#45),#49);
#45 = LINE('',#46,#47);
#46 = CARTESIAN_POINT('',(0.,-0.));
#47 = VECTOR('',#48,1.);
#48 = DIRECTION('',(0.,1.));
#49 = ( GEOMETRIC_REPRESENTATION_CONTEXT(2) 
PARAMETRIC_REPRESENTATION_CONTEXT() REPRESENTATION_CONTEXT('2D SPACE',''
  ) );
#50 = ORIENTED_EDGE('',*,*,#51,.F.);
#51 = EDGE_CURVE('',#24,#24,#52,.T.);
#52 = SURFACE_CURVE('',#53,(#58,#65),.PCURVE_S1.);
#53 = CIRCLE('',#54,30.15);
#54 = AXIS2_PLACEMENT_3D('',#55,#56,#57);
#55 = CARTESIAN_POINT('',(0.,0.,1.008E+03));
#56 = DIRECTION('',(0.,0.,1.));
#57 = DIRECTION('',(1.,0.,-0.));
#58 = PCURVE('',#32,#59);
#59 = DEFINITIONAL_REPRESENTATION('',(#60),#64);
#60 = LINE('',#61,#62);
#61 = CARTESIAN_POINT('',(0.,8.));
#62 = VECTOR('',#63,1.);
#63 = DIRECTION('',(1.,0.));
#64 = ( GEOMETRIC_REPRESENTATION_CONTEXT(2) 
PARAMETRIC_REPRESENTATION_CONTEXT() REPRESENTATION_CONTEXT('2D SPACE',''
  ) );
#65 = PCURVE('',#66,#71);
#66 = PLANE('',#67);
#67 = AXIS2_PLACEMENT_3D('',#68,#69,#70);
#68 = CARTESIAN_POINT('',(0.,0.,1.008E+03));
#69 = DIRECTION('',(0.,0.,1.));
#70 = DIRECTION('',(1.,0.,-0.));
#71 = DEFINITIONAL_REPRESENTATION('',(#72),#76);
#72 = CIRCLE('',#73,30.15);
#73 = AXIS2_PLACEMENT_2D('',#74,#75);
#74 = CARTESIAN_POINT('',(0.,0.));
#75 = DIRECTION('',(1.,0.));
#76 = ( GEOMETRIC_REPRESENTATION_CONTEXT(2) 
PARAMETRIC_REPRESENTATION_CONTEXT() REPRESENTATION_CONTEXT('2D SPACE',''
  ) );
#77 = ORIENTED_EDGE('',*,*,#21,.F.);
#78 = ORIENTED_EDGE('',*,*,#79,.T.);
#79 = EDGE_CURVE('',#22,#80,#82,.T.);
#80 = VERTEX_POINT('',#81);
#81 = CARTESIAN_POINT('',(29.883482059492,4.,1.E+03));
#82 = SURFACE_CURVE('',#83,(#88,#95),.PCURVE_S1.);
#83 = CIRCLE('',#84,30.15);
#84 = AXIS2_PLACEMENT_3D('',#85,#86,#87);
#85 = CARTESIAN_POINT('',(0.,0.,1.E+03));
#86 = DIRECTION('',(0.,0.,1.));
#87 = DIRECTION('',(1.,0.,-0.));
#88 = PCURVE('',#32,#89);
#89 = DEFINITIONAL_REPRESENTATION('',(#90),#94);
#90 = LINE('',#91,#92);
#91 = CARTESIAN_POINT('',(0.,0.));
#92 = VECTOR('',#93,1.);
#93 = DIRECTION('',(1.,0.));
#94 = ( GEOMETRIC_REPRESENTATION_CONTEXT(2) 
PARAMETRIC_REPRESENTATION_CONTEXT() REPRESENTATION_CONTEXT('2D SPACE',''
  ) );
#95 = PCURVE('',#96,#101);
#96 = PLANE('',#97);
#97 = AXIS2_PLACEMENT_3D('',#98,#99,#100);
#98 = CARTESIAN_POINT('',(23.15,-4.,1.E+03));
#99 = DIRECTION('',(0.,0.,1.));
#100 = DIRECTION('',(1.,0.,-0.));
#101 = DEFINITIONAL_REPRESENTATION('',(#102),#106);
#102 = CIRCLE('',#103,30.15);
#103 = AXIS2_PLACEMENT_2D('',#104,#105);
#104 = CARTESIAN_POINT('',(-23.15,4.));
#105 = DIRECTION('',(1.,0.));
#106 = ( GEOMETRIC_REPRESENTATION_CONTEXT(2) 
PARAMETRIC_REPRESENTATION_CONTEXT() REPRESENTATION_CONTEXT('2D SPACE',''
  ) );
#107 = ORIENTED_EDGE('',*,*,#108,.T.);
#108 = EDGE_CURVE('',#80,#109,#111,.T.);
#109 = VERTEX_POINT('',#110);
#110 = CARTESIAN_POINT('',(-26.1440344781,15.017055677046,1.E+03));
#111 = SURFACE_CURVE('',#112,(#117,#124),.PCURVE_S1.);
#112 = CIRCLE('',#113,30.15);
#113 = AXIS2_PLACEMENT_3D('',#114,#115,#116);
#114 = CARTESIAN_POINT('',(0.,0.,1.E+03));
#115 = DIRECTION('',(0.,0.,1.));
#116 = DIRECTION('',(1.,0.,-0.));
#117 = PCURVE('',#32,#118);
#118 = DEFINITIONAL_REPRESENTATION('',(#119),#123);
#119 = LINE('',#120,#121);
#120 = CARTESIAN_POINT('',(0.,0.));
#121 = VECTOR('',#122,1.);
#122 = DIRECTION('',(1.,0.));
#123 = ( GEOMETRIC_REPRESENTATION_CONTEXT(2) 
PARAMETRIC_REPRESENTATION_CONTEXT() REPRESENTATION_CONTEXT('2D SPACE',''
  ) );
#124 = PCURVE('',#125,#130);
#125 = PLANE('',#126);
#126 = AXIS2_PLACEMENT_3D('',#127,#128,#129);
#127 = CARTESIAN_POINT('',(0.,0.,1.E+03));
#128 = DIRECTION('',(0.,0.,1.));
#129 = DIRECTION('',(1.,0.,-0.));
#130 = DEFINITIONAL_REPRESENTATION('',(#131),#135);
#131 = CIRCLE('',#132,30.15);
#132 = AXIS2_PLACEMENT_2D('',#133,#134);
#133 = CARTESIAN_POINT('',(0.,0.));
#134 = DIRECTION('',(1.,0.));
#135 = ( GEOMETRIC_REPRESENTATION_CONTEXT(2) 
PARAMETRIC_REPRESENTATION_CONTEXT() REPRESENTATION_CONTEXT('2D SPACE',''
  ) );
#136 = ORIENTED_EDGE('',*,*,#137,.T.);
#137 = EDGE_CURVE('',#109,#138,#140,.T.);
#138 = VERTEX_POINT('',#139);
#139 = CARTESIAN_POINT('',(-29.17309724387,7.612680027401,1.E+03));
#140 = SURFACE_CURVE('',#141,(#146,#153),.PCURVE_S1.);
#141 = CIRCLE('',#142,30.15);
#142 = AXIS2_PLACEMENT_3D('',#143,#144,#145);
#143 = CARTESIAN_POINT('',(0.,0.,1.E+03));
#144 = DIRECTION('',(0.,0.,1.));
#145 = DIRECTION('',(1.,0.,-0.));
#146 = PCURVE('',#32,#147);
#147 = DEFINITIONAL_REPRESENTATION('',(#148),#152);
#148 = LINE('',#149,#150);
#149 = CARTESIAN_POINT('',(0.,0.));
#150 = VECTOR('',#151,1.);
#151 = DIRECTION('',(1.,0.));
#152 = ( GEOMETRIC_REPRESENTATION_CONTEXT(2) 
PARAMETRIC_REPRESENTATION_CONTEXT() REPRESENTATION_CONTEXT('2D SPACE',''
  ) );
#153 = PCURVE('',#154,#159);
#154 = PLANE('',#155);
#155 = AXIS2_PLACEMENT_3D('',#156,#157,#158);
#156 = CARTESIAN_POINT('',(-19.91188065327,12.467538203252,1.E+03));
#157 = DIRECTION('',(0.,0.,1.));
#158 = DIRECTION('',(-0.925546956206,0.378632845721,0.));
#159 = DEFINITIONAL_REPRESENTATION('',(#160),#164);
#160 = CIRCLE('',#161,30.15);
#161 = AXIS2_PLACEMENT_2D('',#162,#163);
#162 = CARTESIAN_POINT('',(-23.15,4.));
#163 = DIRECTION('',(-0.925546956206,-0.378632845721));
#164 = ( GEOMETRIC_REPRESENTATION_CONTEXT(2) 
PARAMETRIC_REPRESENTATION_CONTEXT() REPRESENTATION_CONTEXT('2D SPACE',''
  ) );
#165 = ORIENTED_EDGE('',*,*,#166,.T.);
#166 = EDGE_CURVE('',#138,#167,#169,.T.);
#167 = VERTEX_POINT('',#168);
#168 = CARTESIAN_POINT('',(-29.17309724387,-7.612680027401,1.E+03));
#169 = SURFACE_CURVE('',#170,(#175,#182),.PCURVE_S1.);
#170 = CIRCLE('',#171,30.15);
#171 = AXIS2_PLACEMENT_3D('',#172,#173,#174);
#172 = CARTESIAN_POINT('',(0.,0.,1.E+03));
#173 = DIRECTION('',(0.,0.,1.));
#174 = DIRECTION('',(1.,0.,-0.));
#175 = PCURVE('',#32,#176);
#176 = DEFINITIONAL_REPRESENTATION('',(#177),#181);
#177 = LINE('',#178,#179);
#178 = CARTESIAN_POINT('',(0.,0.));
#179 = VECTOR('',#180,1.);
#180 = DIRECTION('',(1.,0.));
#181 = ( GEOMETRIC_REPRESENTATION_CONTEXT(2) 
PARAMETRIC_REPRESENTATION_CONTEXT() REPRESENTATION_CONTEXT('2D SPACE',''
  ) );
#182 = PCURVE('',#183,#188);
#183 = PLANE('',#184);
#184 = AXIS2_PLACEMENT_3D('',#185,#186,#187);
#185 = CARTESIAN_POINT('',(0.,0.,1.E+03));
#186 = DIRECTION('',(0.,0.,1.));
#187 = DIRECTION('',(1.,0.,-0.));
#188 = DEFINITIONAL_REPRESENTATION('',(#189),#193);
#189 = CIRCLE('',#190,30.15);
#190 = AXIS2_PLACEMENT_2D('',#191,#192);
#191 = CARTESIAN_POINT('',(0.,0.));
#192 = DIRECTION('',(1.,0.));
#193 = ( GEOMETRIC_REPRESENTATION_CONTEXT(2) 
PARAMETRIC_REPRESENTATION_CONTEXT() REPRESENTATION_CONTEXT('2D SPACE',''
  ) );
#194 = ORIENTED_EDGE('',*,*,#195,.T.);
#195 = EDGE_CURVE('',#167,#196,#198,.T.);
#196 = VERTEX_POINT('',#197);
#197 = CARTESIAN_POINT('',(-26.1440344781,-15.01705567704,1.E+03));
#198 = SURFACE_CURVE('',#199,(#204,#211),.PCURVE_S1.);
#199 = CIRCLE('',#200,30.15);
#200 = AXIS2_PLACEMENT_3D('',#201,#202,#203);
#201 = CARTESIAN_POINT('',(0.,0.,1.E+03));
#202 = DIRECTION('',(0.,0.,1.));
#203 = DIRECTION('',(1.,0.,-0.));
#204 = PCURVE('',#32,#205);
#205 = DEFINITIONAL_REPRESENTATION('',(#206),#210);
#206 = LINE('',#207,#208);
#207 = CARTESIAN_POINT('',(0.,0.));
#208 = VECTOR('',#209,1.);
#209 = DIRECTION('',(1.,0.));
#210 = ( GEOMETRIC_REPRESENTATION_CONTEXT(2) 
PARAMETRIC_REPRESENTATION_CONTEXT() REPRESENTATION_CONTEXT('2D SPACE',''
  ) );
#211 = PCURVE('',#212,#217);
#212 = PLANE('',#213);
#213 = AXIS2_PLACEMENT_3D('',#214,#215,#216);
#214 = CARTESIAN_POINT('',(-22.94094341904,-5.063162553607,1.E+03));
#215 = DIRECTION('',(0.,0.,1.));
#216 = DIRECTION('',(-0.925546956206,-0.378632845721,0.));
#217 = DEFINITIONAL_REPRESENTATION('',(#218),#222);
#218 = CIRCLE('',#219,30.15);
#219 = AXIS2_PLACEMENT_2D('',#220,#221);
#220 = CARTESIAN_POINT('',(-23.15,4.));
#221 = DIRECTION('',(-0.925546956206,0.378632845721));
#222 = ( GEOMETRIC_REPRESENTATION_CONTEXT(2) 
PARAMETRIC_REPRESENTATION_CONTEXT() REPRESENTATION_CONTEXT('2D SPACE',''
  ) );
#223 = ORIENTED_EDGE('',*,*,#224,.T.);
#224 = EDGE_CURVE('',#196,#225,#227,.T.);
#225 = VERTEX_POINT('',#226);
#226 = CARTESIAN_POINT('',(29.883482059492,-4.,1.E+03));
#227 = SURFACE_CURVE('',#228,(#233,#240),.PCURVE_S1.);
#228 = CIRCLE('',#229,30.15);
#229 = AXIS2_PLACEMENT_3D('',#230,#231,#232);
#230 = CARTESIAN_POINT('',(0.,0.,1.E+03));
#231 = DIRECTION('',(0.,0.,1.));
#232 = DIRECTION('',(1.,0.,-0.));
#233 = PCURVE('',#32,#234);
#234 = DEFINITIONAL_REPRESENTATION('',(#235),#239);
#235 = LINE('',#236,#237);
#236 = CARTESIAN_POINT('',(0.,0.));
#237 = VECTOR('',#238,1.);
#238 = DIRECTION('',(1.,0.));
#239 = ( GEOMETRIC_REPRESENTATION_CONTEXT(2) 
PARAMETRIC_REPRESENTATION_CONTEXT() REPRESENTATION_CONTEXT('2D SPACE',''
  ) );
#240 = PCURVE('',#241,#246);
#241 = PLANE('',#242);
#242 = AXIS2_PLACEMENT_3D('',#243,#244,#245);
#243 = CARTESIAN_POINT('',(0.,0.,1.E+03));
#244 = DIRECTION('',(0.,0.,1.));
#245 = DIRECTION('',(1.,0.,-0.));
#246 = DEFINITIONAL_REPRESENTATION('',(#247),#251);
#247 = CIRCLE('',#248,30.15);
#248 = AXIS2_PLACEMENT_2D('',#249,#250);
#249 = CARTESIAN_POINT('',(0.,0.));
#250 = DIRECTION('',(1.,0.));
#251 = ( GEOMETRIC_REPRESENTATION_CONTEXT(2) 
PARAMETRIC_REPRESENTATION_CONTEXT() REPRESENTATION_CONTEXT('2D SPACE',''
  ) );
#252 = ORIENTED_EDGE('',*,*,#253,.T.);
#253 = EDGE_CURVE('',#225,#22,#254,.T.);
#254 = SURFACE_CURVE('',#255,(#260,#267),.PCURVE_S1.);
#255 = CIRCLE('',#256,30.15);
#256 = AXIS2_PLACEMENT_3D('',#257,#258,#259);
#257 = CARTESIAN_POINT('',(0.,0.,1.E+03));
#258 = DIRECTION('',(0.,0.,1.));
#259 = DIRECTION('',(1.,0.,-0.));
#260 = PCURVE('',#32,#261);
#261 = DEFINITIONAL_REPRESENTATION('',(#262),#266);
#262 = LINE('',#263,#264);
#263 = CARTESIAN_POINT('',(0.,0.));
#264 = VECTOR('',#265,1.);
#265 = DIRECTION('',(1.,0.));
#266 = ( GEOMETRIC_REPRESENTATION_CONTEXT(2) 
PARAMETRIC_REPRESENTATION_CONTEXT() REPRESENTATION_CONTEXT('2D SPACE',''
  ) );
#267 = PCURVE('',#96,#268);
#268 = DEFINITIONAL_REPRESENTATION('',(#269),#273);
#269 = CIRCLE('',#270,30.15);
#270 = AXIS2_PLACEMENT_2D('',#271,#272);
#271 = CARTESIAN_POINT('',(-23.15,4.));
#272 = DIRECTION('',(1.,0.));
#273 = ( GEOMETRIC_REPRESENTATION_CONTEXT(2) 
PARAMETRIC_REPRESENTATION_CONTEXT() REPRESENTATION_CONTEXT('2D SPACE',''
  ) );
#274 = ADVANCED_FACE('',(#275),#96,.T.);
#275 = FACE_BOUND('',#276,.T.);
#276 = EDGE_LOOP('',(#277,#305,#306,#307,#335));
#277 = ORIENTED_EDGE('',*,*,#278,.F.);
#278 = EDGE_CURVE('',#80,#279,#281,.T.);
#279 = VERTEX_POINT('',#280);
#280 = CARTESIAN_POINT('',(84.15,4.,1.E+03));
#281 = SURFACE_CURVE('',#282,(#286,#293),.PCURVE_S1.);
#282 = LINE('',#283,#284);
#283 = CARTESIAN_POINT('',(23.15,4.,1.E+03));
#284 = VECTOR('',#285,1.);
#285 = DIRECTION('',(1.,0.,-0.));
#286 = PCURVE('',#96,#287);
#287 = DEFINITIONAL_REPRESENTATION('',(#288),#292);
#288 = LINE('',#289,#290);
#289 = CARTESIAN_POINT('',(0.,8.));
#290 = VECTOR('',#291,1.);
#291 = DIRECTION('',(1.,0.));
#292 = ( GEOMETRIC_REPRESENTATION_CONTEXT(2) 
PARAMETRIC_REPRESENTATION_CONTEXT() REPRESENTATION_CONTEXT('2D SPACE',''
  ) );
#293 = PCURVE('',#294,#299);
#294 = PLANE('',#295);
#295 = AXIS2_PLACEMENT_3D('',#296,#297,#298);
#296 = CARTESIAN_POINT('',(23.15,4.,900.));
#297 = DIRECTION('',(-0.,1.,0.));
#298 = DIRECTION('',(0.,0.,1.));
#299 = DEFINITIONAL_REPRESENTATION('',(#300),#304);
#300 = LINE('',#301,#302);
#301 = CARTESIAN_POINT('',(100.,0.));
#302 = VECTOR('',#303,1.);
#303 = DIRECTION('',(0.,1.));
#304 = ( GEOMETRIC_REPRESENTATION_CONTEXT(2) 
PARAMETRIC_REPRESENTATION_CONTEXT() REPRESENTATION_CONTEXT('2D SPACE',''
  ) );
#305 = ORIENTED_EDGE('',*,*,#79,.F.);
#306 = ORIENTED_EDGE('',*,*,#253,.F.);
#307 = ORIENTED_EDGE('',*,*,#308,.T.);
#308 = EDGE_CURVE('',#225,#309,#311,.T.);
#309 = VERTEX_POINT('',#310);
#310 = CARTESIAN_POINT('',(84.15,-4.,1.E+03));
#311 = SURFACE_CURVE('',#312,(#316,#323),.PCURVE_S1.);
#312 = LINE('',#313,#314);
#313 = CARTESIAN_POINT('',(23.15,-4.,1.E+03));
#314 = VECTOR('',#315,1.);
#315 = DIRECTION('',(1.,0.,-0.));
#316 = PCURVE('',#96,#317);
#317 = DEFINITIONAL_REPRESENTATION('',(#318),#322);
#318 = LINE('',#319,#320);
#319 = CARTESIAN_POINT('',(0.,0.));
#320 = VECTOR('',#321,1.);
#321 = DIRECTION('',(1.,0.));
#322 = ( GEOMETRIC_REPRESENTATION_CONTEXT(2) 
PARAMETRIC_REPRESENTATION_CONTEXT() REPRESENTATION_CONTEXT('2D SPACE',''
  ) );
#323 = PCURVE('',#324,#329);
#324 = PLANE('',#325);
#325 = AXIS2_PLACEMENT_3D('',#326,#327,#328);
#326 = CARTESIAN_POINT('',(23.15,-4.,900.));
#327 = DIRECTION('',(-0.,1.,0.));
#328 = DIRECTION('',(0.,0.,1.));
#329 = DEFINITIONAL_REPRESENTATION('',(#330),#334);
#330 = LINE('',#331,#332);
#331 = CARTESIAN_POINT('',(100.,0.));
#332 = VECTOR('',#333,1.);
#333 = DIRECTION('',(0.,1.));
#334 = ( GEOMETRIC_REPRESENTATION_CONTEXT(2) 
PARAMETRIC_REPRESENTATION_CONTEXT() REPRESENTATION_CONTEXT('2D SPACE',''
  ) );
#335 = ORIENTED_EDGE('',*,*,#336,.T.);
#336 = EDGE_CURVE('',#309,#279,#337,.T.);
#337 = SURFACE_CURVE('',#338,(#342,#349),.PCURVE_S1.);
#338 = LINE('',#339,#340);
#339 = CARTESIAN_POINT('',(84.15,-4.,1.E+03));
#340 = VECTOR('',#341,1.);
#341 = DIRECTION('',(-0.,1.,0.));
#342 = PCURVE('',#96,#343);
#343 = DEFINITIONAL_REPRESENTATION('',(#344),#348);
#344 = LINE('',#345,#346);
#345 = CARTESIAN_POINT('',(61.,0.));
#346 = VECTOR('',#347,1.);
#347 = DIRECTION('',(0.,1.));
#348 = ( GEOMETRIC_REPRESENTATION_CONTEXT(2) 
PARAMETRIC_REPRESENTATION_CONTEXT() REPRESENTATION_CONTEXT('2D SPACE',''
  ) );
#349 = PCURVE('',#350,#355);
#350 = PLANE('',#351);
#351 = AXIS2_PLACEMENT_3D('',#352,#353,#354);
#352 = CARTESIAN_POINT('',(84.15,-4.,900.));
#353 = DIRECTION('',(1.,0.,-0.));
#354 = DIRECTION('',(0.,0.,1.));
#355 = DEFINITIONAL_REPRESENTATION('',(#356),#360);
#356 = LINE('',#357,#358);
#357 = CARTESIAN_POINT('',(100.,0.));
#358 = VECTOR('',#359,1.);
#359 = DIRECTION('',(0.,-1.));
#360 = ( GEOMETRIC_REPRESENTATION_CONTEXT(2) 
PARAMETRIC_REPRESENTATION_CONTEXT() REPRESENTATION_CONTEXT('2D SPACE',''
  ) );
#361 = ADVANCED_FACE('',(#362),#241,.F.);
#362 = FACE_BOUND('',#363,.F.);
#363 = EDGE_LOOP('',(#364,#395,#421,#422));
#364 = ORIENTED_EDGE('',*,*,#365,.F.);
#365 = EDGE_CURVE('',#366,#368,#370,.T.);
#366 = VERTEX_POINT('',#367);
#367 = CARTESIAN_POINT('',(-20.52869606017,-12.71987177879,1.E+03));
#368 = VERTEX_POINT('',#369);
#369 = CARTESIAN_POINT('',(23.81643340217,-4.,1.E+03));
#370 = SURFACE_CURVE('',#371,(#376,#383),.PCURVE_S1.);
#371 = CIRCLE('',#372,24.15);
#372 = AXIS2_PLACEMENT_3D('',#373,#374,#375);
#373 = CARTESIAN_POINT('',(0.,0.,1.E+03));
#374 = DIRECTION('',(0.,0.,1.));
#375 = DIRECTION('',(1.,0.,-0.));
#376 = PCURVE('',#241,#377);
#377 = DEFINITIONAL_REPRESENTATION('',(#378),#382);
#378 = CIRCLE('',#379,24.15);
#379 = AXIS2_PLACEMENT_2D('',#380,#381);
#380 = CARTESIAN_POINT('',(0.,0.));
#381 = DIRECTION('',(1.,0.));
#382 = ( GEOMETRIC_REPRESENTATION_CONTEXT(2) 
PARAMETRIC_REPRESENTATION_CONTEXT() REPRESENTATION_CONTEXT('2D SPACE',''
  ) );
#383 = PCURVE('',#384,#389);
#384 = CYLINDRICAL_SURFACE('',#385,24.15);
#385 = AXIS2_PLACEMENT_3D('',#386,#387,#388);
#386 = CARTESIAN_POINT('',(0.,0.,8.));
#387 = DIRECTION('',(0.,0.,1.));
#388 = DIRECTION('',(1.,0.,-0.));
#389 = DEFINITIONAL_REPRESENTATION('',(#390),#394);
#390 = LINE('',#391,#392);
#391 = CARTESIAN_POINT('',(0.,992.));
#392 = VECTOR('',#393,1.);
#393 = DIRECTION('',(1.,0.));
#394 = ( GEOMETRIC_REPRESENTATION_CONTEXT(2) 
PARAMETRIC_REPRESENTATION_CONTEXT() REPRESENTATION_CONTEXT('2D SPACE',''
  ) );
#395 = ORIENTED_EDGE('',*,*,#396,.T.);
#396 = EDGE_CURVE('',#366,#196,#397,.T.);
#397 = SURFACE_CURVE('',#398,(#402,#409),.PCURVE_S1.);
#398 = LINE('',#399,#400);
#399 = CARTESIAN_POINT('',(-19.91188065327,-12.46753820325,1.E+03));
#400 = VECTOR('',#401,1.);
#401 = DIRECTION('',(-0.925546956206,-0.378632845721,0.));
#402 = PCURVE('',#241,#403);
#403 = DEFINITIONAL_REPRESENTATION('',(#404),#408);
#404 = LINE('',#405,#406);
#405 = CARTESIAN_POINT('',(-19.91188065327,-12.46753820325));
#406 = VECTOR('',#407,1.);
#407 = DIRECTION('',(-0.925546956206,-0.378632845721));
#408 = ( GEOMETRIC_REPRESENTATION_CONTEXT(2) 
PARAMETRIC_REPRESENTATION_CONTEXT() REPRESENTATION_CONTEXT('2D SPACE',''
  ) );
#409 = PCURVE('',#410,#415);
#410 = PLANE('',#411);
#411 = AXIS2_PLACEMENT_3D('',#412,#413,#414);
#412 = CARTESIAN_POINT('',(-19.91188065327,-12.46753820325,920.));
#413 = DIRECTION('',(0.378632845721,-0.925546956206,0.));
#414 = DIRECTION('',(0.,0.,1.));
#415 = DEFINITIONAL_REPRESENTATION('',(#416),#420);
#416 = LINE('',#417,#418);
#417 = CARTESIAN_POINT('',(80.,0.));
#418 = VECTOR('',#419,1.);
#419 = DIRECTION('',(0.,1.));
#420 = ( GEOMETRIC_REPRESENTATION_CONTEXT(2) 
PARAMETRIC_REPRESENTATION_CONTEXT() REPRESENTATION_CONTEXT('2D SPACE',''
  ) );
#421 = ORIENTED_EDGE('',*,*,#224,.T.);
#422 = ORIENTED_EDGE('',*,*,#423,.F.);
#423 = EDGE_CURVE('',#368,#225,#424,.T.);
#424 = SURFACE_CURVE('',#425,(#429,#436),.PCURVE_S1.);
#425 = LINE('',#426,#427);
#426 = CARTESIAN_POINT('',(23.15,-4.,1.E+03));
#427 = VECTOR('',#428,1.);
#428 = DIRECTION('',(1.,0.,-0.));
#429 = PCURVE('',#241,#430);
#430 = DEFINITIONAL_REPRESENTATION('',(#431),#435);
#431 = LINE('',#432,#433);
#432 = CARTESIAN_POINT('',(23.15,-4.));
#433 = VECTOR('',#434,1.);
#434 = DIRECTION('',(1.,0.));
#435 = ( GEOMETRIC_REPRESENTATION_CONTEXT(2) 
PARAMETRIC_REPRESENTATION_CONTEXT() REPRESENTATION_CONTEXT('2D SPACE',''
  ) );
#436 = PCURVE('',#324,#437);
#437 = DEFINITIONAL_REPRESENTATION('',(#438),#442);
#438 = LINE('',#439,#440);
#439 = CARTESIAN_POINT('',(100.,0.));
#440 = VECTOR('',#441,1.);
#441 = DIRECTION('',(0.,1.));
#442 = ( GEOMETRIC_REPRESENTATION_CONTEXT(2) 
PARAMETRIC_REPRESENTATION_CONTEXT() REPRESENTATION_CONTEXT('2D SPACE',''
  ) );
#443 = ADVANCED_FACE('',(#444),#212,.T.);
#444 = FACE_BOUND('',#445,.T.);
#445 = EDGE_LOOP('',(#446,#469,#470,#498));
#446 = ORIENTED_EDGE('',*,*,#447,.F.);
#447 = EDGE_CURVE('',#196,#448,#450,.T.);
#448 = VERTEX_POINT('',#449);
#449 = CARTESIAN_POINT('',(-76.37024498182,-35.5641417922,1.E+03));
#450 = SURFACE_CURVE('',#451,(#455,#462),.PCURVE_S1.);
#451 = LINE('',#452,#453);
#452 = CARTESIAN_POINT('',(-19.91188065327,-12.46753820325,1.E+03));
#453 = VECTOR('',#454,1.);
#454 = DIRECTION('',(-0.925546956206,-0.378632845721,0.));
#455 = PCURVE('',#212,#456);
#456 = DEFINITIONAL_REPRESENTATION('',(#457),#461);
#457 = LINE('',#458,#459);
#458 = CARTESIAN_POINT('',(0.,8.));
#459 = VECTOR('',#460,1.);
#460 = DIRECTION('',(1.,0.));
#461 = ( GEOMETRIC_REPRESENTATION_CONTEXT(2) 
PARAMETRIC_REPRESENTATION_CONTEXT() REPRESENTATION_CONTEXT('2D SPACE',''
  ) );
#462 = PCURVE('',#410,#463);
#463 = DEFINITIONAL_REPRESENTATION('',(#464),#468);
#464 = LINE('',#465,#466);
#465 = CARTESIAN_POINT('',(80.,0.));
#466 = VECTOR('',#467,1.);
#467 = DIRECTION('',(0.,1.));
#468 = ( GEOMETRIC_REPRESENTATION_CONTEXT(2) 
PARAMETRIC_REPRESENTATION_CONTEXT() REPRESENTATION_CONTEXT('2D SPACE',''
  ) );
#469 = ORIENTED_EDGE('',*,*,#195,.F.);
#470 = ORIENTED_EDGE('',*,*,#471,.T.);
#471 = EDGE_CURVE('',#167,#472,#474,.T.);
#472 = VERTEX_POINT('',#473);
#473 = CARTESIAN_POINT('',(-79.39930774759,-28.15976614255,1.E+03));
#474 = SURFACE_CURVE('',#475,(#479,#486),.PCURVE_S1.);
#475 = LINE('',#476,#477);
#476 = CARTESIAN_POINT('',(-22.94094341904,-5.063162553607,1.E+03));
#477 = VECTOR('',#478,1.);
#478 = DIRECTION('',(-0.925546956206,-0.378632845721,0.));
#479 = PCURVE('',#212,#480);
#480 = DEFINITIONAL_REPRESENTATION('',(#481),#485);
#481 = LINE('',#482,#483);
#482 = CARTESIAN_POINT('',(0.,0.));
#483 = VECTOR('',#484,1.);
#484 = DIRECTION('',(1.,0.));
#485 = ( GEOMETRIC_REPRESENTATION_CONTEXT(2) 
PARAMETRIC_REPRESENTATION_CONTEXT() REPRESENTATION_CONTEXT('2D SPACE',''
  ) );
#486 = PCURVE('',#487,#492);
#487 = PLANE('',#488);
#488 = AXIS2_PLACEMENT_3D('',#489,#490,#491);
#489 = CARTESIAN_POINT('',(-22.94094341904,-5.063162553607,920.));
#490 = DIRECTION('',(0.378632845721,-0.925546956206,0.));
#491 = DIRECTION('',(0.,0.,1.));
#492 = DEFINITIONAL_REPRESENTATION('',(#493),#497);
#493 = LINE('',#494,#495);
#494 = CARTESIAN_POINT('',(80.,0.));
#495 = VECTOR('',#496,1.);
#496 = DIRECTION('',(0.,1.));
#497 = ( GEOMETRIC_REPRESENTATION_CONTEXT(2) 
PARAMETRIC_REPRESENTATION_CONTEXT() REPRESENTATION_CONTEXT('2D SPACE',''
  ) );
#498 = ORIENTED_EDGE('',*,*,#499,.T.);
#499 = EDGE_CURVE('',#472,#448,#500,.T.);
#500 = SURFACE_CURVE('',#501,(#505,#512),.PCURVE_S1.);
#501 = LINE('',#502,#503);
#502 = CARTESIAN_POINT('',(-79.39930774759,-28.15976614255,1.E+03));
#503 = VECTOR('',#504,1.);
#504 = DIRECTION('',(0.378632845721,-0.925546956206,0.));
#505 = PCURVE('',#212,#506);
#506 = DEFINITIONAL_REPRESENTATION('',(#507),#511);
#507 = LINE('',#508,#509);
#508 = CARTESIAN_POINT('',(61.,0.));
#509 = VECTOR('',#510,1.);
#510 = DIRECTION('',(0.,1.));
#511 = ( GEOMETRIC_REPRESENTATION_CONTEXT(2) 
PARAMETRIC_REPRESENTATION_CONTEXT() REPRESENTATION_CONTEXT('2D SPACE',''
  ) );
#512 = PCURVE('',#513,#518);
#513 = PLANE('',#514);
#514 = AXIS2_PLACEMENT_3D('',#515,#516,#517);
#515 = CARTESIAN_POINT('',(-79.39930774759,-28.15976614255,920.));
#516 = DIRECTION('',(-0.925546956206,-0.378632845721,0.));
#517 = DIRECTION('',(0.,0.,1.));
#518 = DEFINITIONAL_REPRESENTATION('',(#519),#523);
#519 = LINE('',#520,#521);
#520 = CARTESIAN_POINT('',(80.,0.));
#521 = VECTOR('',#522,1.);
#522 = DIRECTION('',(0.,-1.));
#523 = ( GEOMETRIC_REPRESENTATION_CONTEXT(2) 
PARAMETRIC_REPRESENTATION_CONTEXT() REPRESENTATION_CONTEXT('2D SPACE',''
  ) );
#524 = ADVANCED_FACE('',(#525),#183,.F.);
#525 = FACE_BOUND('',#526,.F.);
#526 = EDGE_LOOP('',(#527,#553,#579,#580));
#527 = ORIENTED_EDGE('',*,*,#528,.F.);
#528 = EDGE_CURVE('',#529,#531,#533,.T.);
#529 = VERTEX_POINT('',#530);
#530 = CARTESIAN_POINT('',(-23.55775882593,5.315496129153,1.E+03));
#531 = VERTEX_POINT('',#532);
#532 = CARTESIAN_POINT('',(-23.55775882593,-5.315496129153,1.E+03));
#533 = SURFACE_CURVE('',#534,(#539,#546),.PCURVE_S1.);
#534 = CIRCLE('',#535,24.15);
#535 = AXIS2_PLACEMENT_3D('',#536,#537,#538);
#536 = CARTESIAN_POINT('',(0.,0.,1.E+03));
#537 = DIRECTION('',(0.,0.,1.));
#538 = DIRECTION('',(1.,0.,-0.));
#539 = PCURVE('',#183,#540);
#540 = DEFINITIONAL_REPRESENTATION('',(#541),#545);
#541 = CIRCLE('',#542,24.15);
#542 = AXIS2_PLACEMENT_2D('',#543,#544);
#543 = CARTESIAN_POINT('',(0.,0.));
#544 = DIRECTION('',(1.,0.));
#545 = ( GEOMETRIC_REPRESENTATION_CONTEXT(2) 
PARAMETRIC_REPRESENTATION_CONTEXT() REPRESENTATION_CONTEXT('2D SPACE',''
  ) );
#546 = PCURVE('',#384,#547);
#547 = DEFINITIONAL_REPRESENTATION('',(#548),#552);
#548 = LINE('',#549,#550);
#549 = CARTESIAN_POINT('',(0.,992.));
#550 = VECTOR('',#551,1.);
#551 = DIRECTION('',(1.,0.));
#552 = ( GEOMETRIC_REPRESENTATION_CONTEXT(2) 
PARAMETRIC_REPRESENTATION_CONTEXT() REPRESENTATION_CONTEXT('2D SPACE',''
  ) );
#553 = ORIENTED_EDGE('',*,*,#554,.T.);
#554 = EDGE_CURVE('',#529,#138,#555,.T.);
#555 = SURFACE_CURVE('',#556,(#560,#567),.PCURVE_S1.);
#556 = LINE('',#557,#558);
#557 = CARTESIAN_POINT('',(-22.94094341904,5.063162553607,1.E+03));
#558 = VECTOR('',#559,1.);
#559 = DIRECTION('',(-0.925546956206,0.378632845721,0.));
#560 = PCURVE('',#183,#561);
#561 = DEFINITIONAL_REPRESENTATION('',(#562),#566);
#562 = LINE('',#563,#564);
#563 = CARTESIAN_POINT('',(-22.94094341904,5.063162553607));
#564 = VECTOR('',#565,1.);
#565 = DIRECTION('',(-0.925546956206,0.378632845721));
#566 = ( GEOMETRIC_REPRESENTATION_CONTEXT(2) 
PARAMETRIC_REPRESENTATION_CONTEXT() REPRESENTATION_CONTEXT('2D SPACE',''
  ) );
#567 = PCURVE('',#568,#573);
#568 = PLANE('',#569);
#569 = AXIS2_PLACEMENT_3D('',#570,#571,#572);
#570 = CARTESIAN_POINT('',(-22.94094341904,5.063162553607,920.));
#571 = DIRECTION('',(-0.378632845721,-0.925546956206,0.));
#572 = DIRECTION('',(0.,0.,1.));
#573 = DEFINITIONAL_REPRESENTATION('',(#574),#578);
#574 = LINE('',#575,#576);
#575 = CARTESIAN_POINT('',(80.,0.));
#576 = VECTOR('',#577,1.);
#577 = DIRECTION('',(0.,1.));
#578 = ( GEOMETRIC_REPRESENTATION_CONTEXT(2) 
PARAMETRIC_REPRESENTATION_CONTEXT() REPRESENTATION_CONTEXT('2D SPACE',''
  ) );
#579 = ORIENTED_EDGE('',*,*,#166,.T.);
#580 = ORIENTED_EDGE('',*,*,#581,.F.);
#581 = EDGE_CURVE('',#531,#167,#582,.T.);
#582 = SURFACE_CURVE('',#583,(#587,#594),.PCURVE_S1.);
#583 = LINE('',#584,#585);
#584 = CARTESIAN_POINT('',(-22.94094341904,-5.063162553607,1.E+03));
#585 = VECTOR('',#586,1.);
#586 = DIRECTION('',(-0.925546956206,-0.378632845721,0.));
#587 = PCURVE('',#183,#588);
#588 = DEFINITIONAL_REPRESENTATION('',(#589),#593);
#589 = LINE('',#590,#591);
#590 = CARTESIAN_POINT('',(-22.94094341904,-5.063162553607));
#591 = VECTOR('',#592,1.);
#592 = DIRECTION('',(-0.925546956206,-0.378632845721));
#593 = ( GEOMETRIC_REPRESENTATION_CONTEXT(2) 
PARAMETRIC_REPRESENTATION_CONTEXT() REPRESENTATION_CONTEXT('2D SPACE',''
  ) );
#594 = PCURVE('',#487,#595);
#595 = DEFINITIONAL_REPRESENTATION('',(#596),#600);
#596 = LINE('',#597,#598);
#597 = CARTESIAN_POINT('',(80.,0.));
#598 = VECTOR('',#599,1.);
#599 = DIRECTION('',(0.,1.));
#600 = ( GEOMETRIC_REPRESENTATION_CONTEXT(2) 
PARAMETRIC_REPRESENTATION_CONTEXT() REPRESENTATION_CONTEXT('2D SPACE',''
  ) );
#601 = ADVANCED_FACE('',(#602),#154,.T.);
#602 = FACE_BOUND('',#603,.T.);
#603 = EDGE_LOOP('',(#604,#627,#628,#656));
#604 = ORIENTED_EDGE('',*,*,#605,.F.);
#605 = EDGE_CURVE('',#138,#606,#608,.T.);
#606 = VERTEX_POINT('',#607);
#607 = CARTESIAN_POINT('',(-79.39930774759,28.159766142558,1.E+03));
#608 = SURFACE_CURVE('',#609,(#613,#620),.PCURVE_S1.);
#609 = LINE('',#610,#611);
#610 = CARTESIAN_POINT('',(-22.94094341904,5.063162553607,1.E+03));
#611 = VECTOR('',#612,1.);
#612 = DIRECTION('',(-0.925546956206,0.378632845721,0.));
#613 = PCURVE('',#154,#614);
#614 = DEFINITIONAL_REPRESENTATION('',(#615),#619);
#615 = LINE('',#616,#617);
#616 = CARTESIAN_POINT('',(0.,8.));
#617 = VECTOR('',#618,1.);
#618 = DIRECTION('',(1.,0.));
#619 = ( GEOMETRIC_REPRESENTATION_CONTEXT(2) 
PARAMETRIC_REPRESENTATION_CONTEXT() REPRESENTATION_CONTEXT('2D SPACE',''
  ) );
#620 = PCURVE('',#568,#621);
#621 = DEFINITIONAL_REPRESENTATION('',(#622),#626);
#622 = LINE('',#623,#624);
#623 = CARTESIAN_POINT('',(80.,0.));
#624 = VECTOR('',#625,1.);
#625 = DIRECTION('',(0.,1.));
#626 = ( GEOMETRIC_REPRESENTATION_CONTEXT(2) 
PARAMETRIC_REPRESENTATION_CONTEXT() REPRESENTATION_CONTEXT('2D SPACE',''
  ) );
#627 = ORIENTED_EDGE('',*,*,#137,.F.);
#628 = ORIENTED_EDGE('',*,*,#629,.T.);
#629 = EDGE_CURVE('',#109,#630,#632,.T.);
#630 = VERTEX_POINT('',#631);
#631 = CARTESIAN_POINT('',(-76.37024498182,35.564141792203,1.E+03));
#632 = SURFACE_CURVE('',#633,(#637,#644),.PCURVE_S1.);
#633 = LINE('',#634,#635);
#634 = CARTESIAN_POINT('',(-19.91188065327,12.467538203252,1.E+03));
#635 = VECTOR('',#636,1.);
#636 = DIRECTION('',(-0.925546956206,0.378632845721,0.));
#637 = PCURVE('',#154,#638);
#638 = DEFINITIONAL_REPRESENTATION('',(#639),#643);
#639 = LINE('',#640,#641);
#640 = CARTESIAN_POINT('',(0.,0.));
#641 = VECTOR('',#642,1.);
#642 = DIRECTION('',(1.,0.));
#643 = ( GEOMETRIC_REPRESENTATION_CONTEXT(2) 
PARAMETRIC_REPRESENTATION_CONTEXT() REPRESENTATION_CONTEXT('2D SPACE',''
  ) );
#644 = PCURVE('',#645,#650);
#645 = PLANE('',#646);
#646 = AXIS2_PLACEMENT_3D('',#647,#648,#649);
#647 = CARTESIAN_POINT('',(-19.91188065327,12.467538203252,920.));
#648 = DIRECTION('',(-0.378632845721,-0.925546956206,0.));
#649 = DIRECTION('',(0.,0.,1.));
#650 = DEFINITIONAL_REPRESENTATION('',(#651),#655);
#651 = LINE('',#652,#653);
#652 = CARTESIAN_POINT('',(80.,0.));
#653 = VECTOR('',#654,1.);
#654 = DIRECTION('',(0.,1.));
#655 = ( GEOMETRIC_REPRESENTATION_CONTEXT(2) 
PARAMETRIC_REPRESENTATION_CONTEXT() REPRESENTATION_CONTEXT('2D SPACE',''
  ) );
#656 = ORIENTED_EDGE('',*,*,#657,.T.);
#657 = EDGE_CURVE('',#630,#606,#658,.T.);
#658 = SURFACE_CURVE('',#659,(#663,#670),.PCURVE_S1.);
#659 = LINE('',#660,#661);
#660 = CARTESIAN_POINT('',(-76.37024498182,35.564141792203,1.E+03));
#661 = VECTOR('',#662,1.);
#662 = DIRECTION('',(-0.378632845721,-0.925546956206,0.));
#663 = PCURVE('',#154,#664);
#664 = DEFINITIONAL_REPRESENTATION('',(#665),#669);
#665 = LINE('',#666,#667);
#666 = CARTESIAN_POINT('',(61.,0.));
#667 = VECTOR('',#668,1.);
#668 = DIRECTION('',(0.,1.));
#669 = ( GEOMETRIC_REPRESENTATION_CONTEXT(2) 
PARAMETRIC_REPRESENTATION_CONTEXT() REPRESENTATION_CONTEXT('2D SPACE',''
  ) );
#670 = PCURVE('',#671,#676);
#671 = PLANE('',#672);
#672 = AXIS2_PLACEMENT_3D('',#673,#674,#675);
#673 = CARTESIAN_POINT('',(-76.37024498182,35.564141792203,920.));
#674 = DIRECTION('',(-0.925546956206,0.378632845721,0.));
#675 = DIRECTION('',(0.,0.,1.));
#676 = DEFINITIONAL_REPRESENTATION('',(#677),#681);
#677 = LINE('',#678,#679);
#678 = CARTESIAN_POINT('',(80.,0.));
#679 = VECTOR('',#680,1.);
#680 = DIRECTION('',(0.,-1.));
#681 = ( GEOMETRIC_REPRESENTATION_CONTEXT(2) 
PARAMETRIC_REPRESENTATION_CONTEXT() REPRESENTATION_CONTEXT('2D SPACE',''
  ) );
#682 = ADVANCED_FACE('',(#683),#125,.F.);
#683 = FACE_BOUND('',#684,.F.);
#684 = EDGE_LOOP('',(#685,#711,#732,#733));
#685 = ORIENTED_EDGE('',*,*,#686,.F.);
#686 = EDGE_CURVE('',#687,#689,#691,.T.);
#687 = VERTEX_POINT('',#688);
#688 = CARTESIAN_POINT('',(23.81643340217,4.,1.E+03));
#689 = VERTEX_POINT('',#690);
#690 = CARTESIAN_POINT('',(-20.52869606017,12.719871778799,1.E+03));
#691 = SURFACE_CURVE('',#692,(#697,#704),.PCURVE_S1.);
#692 = CIRCLE('',#693,24.15);
#693 = AXIS2_PLACEMENT_3D('',#694,#695,#696);
#694 = CARTESIAN_POINT('',(0.,0.,1.E+03));
#695 = DIRECTION('',(0.,0.,1.));
#696 = DIRECTION('',(1.,0.,-0.));
#697 = PCURVE('',#125,#698);
#698 = DEFINITIONAL_REPRESENTATION('',(#699),#703);
#699 = CIRCLE('',#700,24.15);
#700 = AXIS2_PLACEMENT_2D('',#701,#702);
#701 = CARTESIAN_POINT('',(0.,0.));
#702 = DIRECTION('',(1.,0.));
#703 = ( GEOMETRIC_REPRESENTATION_CONTEXT(2) 
PARAMETRIC_REPRESENTATION_CONTEXT() REPRESENTATION_CONTEXT('2D SPACE',''
  ) );
#704 = PCURVE('',#384,#705);
#705 = DEFINITIONAL_REPRESENTATION('',(#706),#710);
#706 = LINE('',#707,#708);
#707 = CARTESIAN_POINT('',(0.,992.));
#708 = VECTOR('',#709,1.);
#709 = DIRECTION('',(1.,0.));
#710 = ( GEOMETRIC_REPRESENTATION_CONTEXT(2) 
PARAMETRIC_REPRESENTATION_CONTEXT() REPRESENTATION_CONTEXT('2D SPACE',''
  ) );
#711 = ORIENTED_EDGE('',*,*,#712,.T.);
#712 = EDGE_CURVE('',#687,#80,#713,.T.);
#713 = SURFACE_CURVE('',#714,(#718,#725),.PCURVE_S1.);
#714 = LINE('',#715,#716);
#715 = CARTESIAN_POINT('',(23.15,4.,1.E+03));
#716 = VECTOR('',#717,1.);
#717 = DIRECTION('',(1.,0.,-0.));
#718 = PCURVE('',#125,#719);
#719 = DEFINITIONAL_REPRESENTATION('',(#720),#724);
#720 = LINE('',#721,#722);
#721 = CARTESIAN_POINT('',(23.15,4.));
#722 = VECTOR('',#723,1.);
#723 = DIRECTION('',(1.,0.));
#724 = ( GEOMETRIC_REPRESENTATION_CONTEXT(2) 
PARAMETRIC_REPRESENTATION_CONTEXT() REPRESENTATION_CONTEXT('2D SPACE',''
  ) );
#725 = PCURVE('',#294,#726);
#726 = DEFINITIONAL_REPRESENTATION('',(#727),#731);
#727 = LINE('',#728,#729);
#728 = CARTESIAN_POINT('',(100.,0.));
#729 = VECTOR('',#730,1.);
#730 = DIRECTION('',(0.,1.));
#731 = ( GEOMETRIC_REPRESENTATION_CONTEXT(2) 
PARAMETRIC_REPRESENTATION_CONTEXT() REPRESENTATION_CONTEXT('2D SPACE',''
  ) );
#732 = ORIENTED_EDGE('',*,*,#108,.T.);
#733 = ORIENTED_EDGE('',*,*,#734,.F.);
#734 = EDGE_CURVE('',#689,#109,#735,.T.);
#735 = SURFACE_CURVE('',#736,(#740,#747),.PCURVE_S1.);
#736 = LINE('',#737,#738);
#737 = CARTESIAN_POINT('',(-19.91188065327,12.467538203252,1.E+03));
#738 = VECTOR('',#739,1.);
#739 = DIRECTION('',(-0.925546956206,0.378632845721,0.));
#740 = PCURVE('',#125,#741);
#741 = DEFINITIONAL_REPRESENTATION('',(#742),#746);
#742 = LINE('',#743,#744);
#743 = CARTESIAN_POINT('',(-19.91188065327,12.467538203252));
#744 = VECTOR('',#745,1.);
#745 = DIRECTION('',(-0.925546956206,0.378632845721));
#746 = ( GEOMETRIC_REPRESENTATION_CONTEXT(2) 
PARAMETRIC_REPRESENTATION_CONTEXT() REPRESENTATION_CONTEXT('2D SPACE',''
  ) );
#747 = PCURVE('',#645,#748);
#748 = DEFINITIONAL_REPRESENTATION('',(#749),#753);
#749 = LINE('',#750,#751);
#750 = CARTESIAN_POINT('',(80.,0.));
#751 = VECTOR('',#752,1.);
#752 = DIRECTION('',(0.,1.));
#753 = ( GEOMETRIC_REPRESENTATION_CONTEXT(2) 
PARAMETRIC_REPRESENTATION_CONTEXT() REPRESENTATION_CONTEXT('2D SPACE',''
  ) );
#754 = ADVANCED_FACE('',(#755),#66,.T.);
#755 = FACE_BOUND('',#756,.T.);
#756 = EDGE_LOOP('',(#757));
#757 = ORIENTED_EDGE('',*,*,#51,.T.);
#758 = ADVANCED_FACE('',(#759,#833),#294,.T.);
#759 = FACE_BOUND('',#760,.T.);
#760 = EDGE_LOOP('',(#761,#791,#810,#811,#812));
#761 = ORIENTED_EDGE('',*,*,#762,.F.);
#762 = EDGE_CURVE('',#763,#765,#767,.T.);
#763 = VERTEX_POINT('',#764);
#764 = CARTESIAN_POINT('',(23.81643340217,4.,900.));
#765 = VERTEX_POINT('',#766);
#766 = CARTESIAN_POINT('',(84.15,4.,900.));
#767 = SURFACE_CURVE('',#768,(#772,#779),.PCURVE_S1.);
#768 = LINE('',#769,#770);
#769 = CARTESIAN_POINT('',(23.15,4.,900.));
#770 = VECTOR('',#771,1.);
#771 = DIRECTION('',(1.,0.,-0.));
#772 = PCURVE('',#294,#773);
#773 = DEFINITIONAL_REPRESENTATION('',(#774),#778);
#774 = LINE('',#775,#776);
#775 = CARTESIAN_POINT('',(0.,0.));
#776 = VECTOR('',#777,1.);
#777 = DIRECTION('',(0.,1.));
#778 = ( GEOMETRIC_REPRESENTATION_CONTEXT(2) 
PARAMETRIC_REPRESENTATION_CONTEXT() REPRESENTATION_CONTEXT('2D SPACE',''
  ) );
#779 = PCURVE('',#780,#785);
#780 = PLANE('',#781);
#781 = AXIS2_PLACEMENT_3D('',#782,#783,#784);
#782 = CARTESIAN_POINT('',(23.15,-4.,900.));
#783 = DIRECTION('',(0.,0.,1.));
#784 = DIRECTION('',(1.,0.,-0.));
#785 = DEFINITIONAL_REPRESENTATION('',(#786),#790);
#786 = LINE('',#787,#788);
#787 = CARTESIAN_POINT('',(0.,8.));
#788 = VECTOR('',#789,1.);
#789 = DIRECTION('',(1.,0.));
#790 = ( GEOMETRIC_REPRESENTATION_CONTEXT(2) 
PARAMETRIC_REPRESENTATION_CONTEXT() REPRESENTATION_CONTEXT('2D SPACE',''
  ) );
#791 = ORIENTED_EDGE('',*,*,#792,.T.);
#792 = EDGE_CURVE('',#763,#687,#793,.T.);
#793 = SURFACE_CURVE('',#794,(#798,#804),.PCURVE_S1.);
#794 = LINE('',#795,#796);
#795 = CARTESIAN_POINT('',(23.81643340217,4.,8.));
#796 = VECTOR('',#797,1.);
#797 = DIRECTION('',(0.,0.,1.));
#798 = PCURVE('',#294,#799);
#799 = DEFINITIONAL_REPRESENTATION('',(#800),#803);
#800 = B_SPLINE_CURVE_WITH_KNOTS('',1,(#801,#802),.UNSPECIFIED.,.F.,.F.,
  (2,2),(882.,992.0000006),.PIECEWISE_BEZIER_KNOTS.);
#801 = CARTESIAN_POINT('',(-10.,0.66643340217));
#802 = CARTESIAN_POINT('',(100.0000006,0.66643340217));
#803 = ( GEOMETRIC_REPRESENTATION_CONTEXT(2) 
PARAMETRIC_REPRESENTATION_CONTEXT() REPRESENTATION_CONTEXT('2D SPACE',''
  ) );
#804 = PCURVE('',#384,#805);
#805 = DEFINITIONAL_REPRESENTATION('',(#806),#809);
#806 = B_SPLINE_CURVE_WITH_KNOTS('',1,(#807,#808),.UNSPECIFIED.,.F.,.F.,
  (2,2),(882.,992.0000006),.PIECEWISE_BEZIER_KNOTS.);
#807 = CARTESIAN_POINT('',(0.166398291106,882.));
#808 = CARTESIAN_POINT('',(0.166398291106,992.0000006));
#809 = ( GEOMETRIC_REPRESENTATION_CONTEXT(2) 
PARAMETRIC_REPRESENTATION_CONTEXT() REPRESENTATION_CONTEXT('2D SPACE',''
  ) );
#810 = ORIENTED_EDGE('',*,*,#712,.T.);
#811 = ORIENTED_EDGE('',*,*,#278,.T.);
#812 = ORIENTED_EDGE('',*,*,#813,.F.);
#813 = EDGE_CURVE('',#765,#279,#814,.T.);
#814 = SURFACE_CURVE('',#815,(#819,#826),.PCURVE_S1.);
#815 = LINE('',#816,#817);
#816 = CARTESIAN_POINT('',(84.15,4.,900.));
#817 = VECTOR('',#818,1.);
#818 = DIRECTION('',(0.,0.,1.));
#819 = PCURVE('',#294,#820);
#820 = DEFINITIONAL_REPRESENTATION('',(#821),#825);
#821 = LINE('',#822,#823);
#822 = CARTESIAN_POINT('',(0.,61.));
#823 = VECTOR('',#824,1.);
#824 = DIRECTION('',(1.,0.));
#825 = ( GEOMETRIC_REPRESENTATION_CONTEXT(2) 
PARAMETRIC_REPRESENTATION_CONTEXT() REPRESENTATION_CONTEXT('2D SPACE',''
  ) );
#826 = PCURVE('',#350,#827);
#827 = DEFINITIONAL_REPRESENTATION('',(#828),#832);
#828 = LINE('',#829,#830);
#829 = CARTESIAN_POINT('',(0.,-8.));
#830 = VECTOR('',#831,1.);
#831 = DIRECTION('',(1.,0.));
#832 = ( GEOMETRIC_REPRESENTATION_CONTEXT(2) 
PARAMETRIC_REPRESENTATION_CONTEXT() REPRESENTATION_CONTEXT('2D SPACE',''
  ) );
#833 = FACE_BOUND('',#834,.T.);
#834 = EDGE_LOOP('',(#835));
#835 = ORIENTED_EDGE('',*,*,#836,.T.);
#836 = EDGE_CURVE('',#837,#837,#839,.T.);
#837 = VERTEX_POINT('',#838);
#838 = CARTESIAN_POINT('',(73.,4.,950.));
#839 = SURFACE_CURVE('',#840,(#845,#856),.PCURVE_S1.);
#840 = CIRCLE('',#841,9.);
#841 = AXIS2_PLACEMENT_3D('',#842,#843,#844);
#842 = CARTESIAN_POINT('',(64.,4.,950.));
#843 = DIRECTION('',(0.,-1.,2.22044604925E-16));
#844 = DIRECTION('',(1.,0.,0.));
#845 = PCURVE('',#294,#846);
#846 = DEFINITIONAL_REPRESENTATION('',(#847),#855);
#847 = ( BOUNDED_CURVE() B_SPLINE_CURVE(2,(#848,#849,#850,#851,#852,#853
,#854),.UNSPECIFIED.,.T.,.F.) B_SPLINE_CURVE_WITH_KNOTS((1,2,2,2,2,1),(
    -2.094395102393,0.,2.094395102393,4.188790204786,6.28318530718,
8.377580409573),.UNSPECIFIED.) CURVE() GEOMETRIC_REPRESENTATION_ITEM() 
RATIONAL_B_SPLINE_CURVE((1.,0.5,1.,0.5,1.,0.5,1.)) REPRESENTATION_ITEM(
  '') );
#848 = CARTESIAN_POINT('',(50.,49.85));
#849 = CARTESIAN_POINT('',(65.58845726812,49.85));
#850 = CARTESIAN_POINT('',(57.79422863406,36.35));
#851 = CARTESIAN_POINT('',(50.,22.85));
#852 = CARTESIAN_POINT('',(42.20577136594,36.35));
#853 = CARTESIAN_POINT('',(34.41154273188,49.85));
#854 = CARTESIAN_POINT('',(50.,49.85));
#855 = ( GEOMETRIC_REPRESENTATION_CONTEXT(2) 
PARAMETRIC_REPRESENTATION_CONTEXT() REPRESENTATION_CONTEXT('2D SPACE',''
  ) );
#856 = PCURVE('',#857,#862);
#857 = CYLINDRICAL_SURFACE('',#858,9.);
#858 = AXIS2_PLACEMENT_3D('',#859,#860,#861);
#859 = CARTESIAN_POINT('',(64.,8.,950.));
#860 = DIRECTION('',(0.,-1.,2.22044604925E-16));
#861 = DIRECTION('',(1.,0.,0.));
#862 = DEFINITIONAL_REPRESENTATION('',(#863),#867);
#863 = LINE('',#864,#865);
#864 = CARTESIAN_POINT('',(0.,4.));
#865 = VECTOR('',#866,1.);
#866 = DIRECTION('',(1.,0.));
#867 = ( GEOMETRIC_REPRESENTATION_CONTEXT(2) 
PARAMETRIC_REPRESENTATION_CONTEXT() REPRESENTATION_CONTEXT('2D SPACE',''
  ) );
#868 = ADVANCED_FACE('',(#869),#350,.T.);
#869 = FACE_BOUND('',#870,.T.);
#870 = EDGE_LOOP('',(#871,#894,#915,#916));
#871 = ORIENTED_EDGE('',*,*,#872,.F.);
#872 = EDGE_CURVE('',#873,#309,#875,.T.);
#873 = VERTEX_POINT('',#874);
#874 = CARTESIAN_POINT('',(84.15,-4.,900.));
#875 = SURFACE_CURVE('',#876,(#880,#887),.PCURVE_S1.);
#876 = LINE('',#877,#878);
#877 = CARTESIAN_POINT('',(84.15,-4.,900.));
#878 = VECTOR('',#879,1.);
#879 = DIRECTION('',(0.,0.,1.));
#880 = PCURVE('',#350,#881);
#881 = DEFINITIONAL_REPRESENTATION('',(#882),#886);
#882 = LINE('',#883,#884);
#883 = CARTESIAN_POINT('',(0.,0.));
#884 = VECTOR('',#885,1.);
#885 = DIRECTION('',(1.,0.));
#886 = ( GEOMETRIC_REPRESENTATION_CONTEXT(2) 
PARAMETRIC_REPRESENTATION_CONTEXT() REPRESENTATION_CONTEXT('2D SPACE',''
  ) );
#887 = PCURVE('',#324,#888);
#888 = DEFINITIONAL_REPRESENTATION('',(#889),#893);
#889 = LINE('',#890,#891);
#890 = CARTESIAN_POINT('',(0.,61.));
#891 = VECTOR('',#892,1.);
#892 = DIRECTION('',(1.,0.));
#893 = ( GEOMETRIC_REPRESENTATION_CONTEXT(2) 
PARAMETRIC_REPRESENTATION_CONTEXT() REPRESENTATION_CONTEXT('2D SPACE',''
  ) );
#894 = ORIENTED_EDGE('',*,*,#895,.T.);
#895 = EDGE_CURVE('',#873,#765,#896,.T.);
#896 = SURFACE_CURVE('',#897,(#901,#908),.PCURVE_S1.);
#897 = LINE('',#898,#899);
#898 = CARTESIAN_POINT('',(84.15,-4.,900.));
#899 = VECTOR('',#900,1.);
#900 = DIRECTION('',(-0.,1.,0.));
#901 = PCURVE('',#350,#902);
#902 = DEFINITIONAL_REPRESENTATION('',(#903),#907);
#903 = LINE('',#904,#905);
#904 = CARTESIAN_POINT('',(0.,0.));
#905 = VECTOR('',#906,1.);
#906 = DIRECTION('',(0.,-1.));
#907 = ( GEOMETRIC_REPRESENTATION_CONTEXT(2) 
PARAMETRIC_REPRESENTATION_CONTEXT() REPRESENTATION_CONTEXT('2D SPACE',''
  ) );
#908 = PCURVE('',#780,#909);
#909 = DEFINITIONAL_REPRESENTATION('',(#910),#914);
#910 = LINE('',#911,#912);
#911 = CARTESIAN_POINT('',(61.,0.));
#912 = VECTOR('',#913,1.);
#913 = DIRECTION('',(0.,1.));
#914 = ( GEOMETRIC_REPRESENTATION_CONTEXT(2) 
PARAMETRIC_REPRESENTATION_CONTEXT() REPRESENTATION_CONTEXT('2D SPACE',''
  ) );
#915 = ORIENTED_EDGE('',*,*,#813,.T.);
#916 = ORIENTED_EDGE('',*,*,#336,.F.);
#917 = ADVANCED_FACE('',(#918,#965),#324,.F.);
#918 = FACE_BOUND('',#919,.F.);
#919 = EDGE_LOOP('',(#920,#943,#962,#963,#964));
#920 = ORIENTED_EDGE('',*,*,#921,.F.);
#921 = EDGE_CURVE('',#922,#873,#924,.T.);
#922 = VERTEX_POINT('',#923);
#923 = CARTESIAN_POINT('',(23.81643340217,-4.,900.));
#924 = SURFACE_CURVE('',#925,(#929,#936),.PCURVE_S1.);
#925 = LINE('',#926,#927);
#926 = CARTESIAN_POINT('',(23.15,-4.,900.));
#927 = VECTOR('',#928,1.);
#928 = DIRECTION('',(1.,0.,-0.));
#929 = PCURVE('',#324,#930);
#930 = DEFINITIONAL_REPRESENTATION('',(#931),#935);
#931 = LINE('',#932,#933);
#932 = CARTESIAN_POINT('',(0.,0.));
#933 = VECTOR('',#934,1.);
#934 = DIRECTION('',(0.,1.));
#935 = ( GEOMETRIC_REPRESENTATION_CONTEXT(2) 
PARAMETRIC_REPRESENTATION_CONTEXT() REPRESENTATION_CONTEXT('2D SPACE',''
  ) );
#936 = PCURVE('',#780,#937);
#937 = DEFINITIONAL_REPRESENTATION('',(#938),#942);
#938 = LINE('',#939,#940);
#939 = CARTESIAN_POINT('',(0.,0.));
#940 = VECTOR('',#941,1.);
#941 = DIRECTION('',(1.,0.));
#942 = ( GEOMETRIC_REPRESENTATION_CONTEXT(2) 
PARAMETRIC_REPRESENTATION_CONTEXT() REPRESENTATION_CONTEXT('2D SPACE',''
  ) );
#943 = ORIENTED_EDGE('',*,*,#944,.T.);
#944 = EDGE_CURVE('',#922,#368,#945,.T.);
#945 = SURFACE_CURVE('',#946,(#950,#956),.PCURVE_S1.);
#946 = LINE('',#947,#948);
#947 = CARTESIAN_POINT('',(23.81643340217,-4.,8.));
#948 = VECTOR('',#949,1.);
#949 = DIRECTION('',(0.,0.,1.));
#950 = PCURVE('',#324,#951);
#951 = DEFINITIONAL_REPRESENTATION('',(#952),#955);
#952 = B_SPLINE_CURVE_WITH_KNOTS('',1,(#953,#954),.UNSPECIFIED.,.F.,.F.,
  (2,2),(882.,992.0000006),.PIECEWISE_BEZIER_KNOTS.);
#953 = CARTESIAN_POINT('',(-10.,0.66643340217));
#954 = CARTESIAN_POINT('',(100.0000006,0.66643340217));
#955 = ( GEOMETRIC_REPRESENTATION_CONTEXT(2) 
PARAMETRIC_REPRESENTATION_CONTEXT() REPRESENTATION_CONTEXT('2D SPACE',''
  ) );
#956 = PCURVE('',#384,#957);
#957 = DEFINITIONAL_REPRESENTATION('',(#958),#961);
#958 = B_SPLINE_CURVE_WITH_KNOTS('',1,(#959,#960),.UNSPECIFIED.,.F.,.F.,
  (2,2),(882.,992.0000006),.PIECEWISE_BEZIER_KNOTS.);
#959 = CARTESIAN_POINT('',(6.116787016074,882.));
#960 = CARTESIAN_POINT('',(6.116787016074,992.0000006));
#961 = ( GEOMETRIC_REPRESENTATION_CONTEXT(2) 
PARAMETRIC_REPRESENTATION_CONTEXT() REPRESENTATION_CONTEXT('2D SPACE',''
  ) );
#962 = ORIENTED_EDGE('',*,*,#423,.T.);
#963 = ORIENTED_EDGE('',*,*,#308,.T.);
#964 = ORIENTED_EDGE('',*,*,#872,.F.);
#965 = FACE_BOUND('',#966,.F.);
#966 = EDGE_LOOP('',(#967));
#967 = ORIENTED_EDGE('',*,*,#968,.T.);
#968 = EDGE_CURVE('',#969,#969,#971,.T.);
#969 = VERTEX_POINT('',#970);
#970 = CARTESIAN_POINT('',(73.,-4.,950.));
#971 = SURFACE_CURVE('',#972,(#977,#988),.PCURVE_S1.);
#972 = CIRCLE('',#973,9.);
#973 = AXIS2_PLACEMENT_3D('',#974,#975,#976);
#974 = CARTESIAN_POINT('',(64.,-4.,950.));
#975 = DIRECTION('',(0.,-1.,2.22044604925E-16));
#976 = DIRECTION('',(1.,0.,0.));
#977 = PCURVE('',#324,#978);
#978 = DEFINITIONAL_REPRESENTATION('',(#979),#987);
#979 = ( BOUNDED_CURVE() B_SPLINE_CURVE(2,(#980,#981,#982,#983,#984,#985
,#986),.UNSPECIFIED.,.T.,.F.) B_SPLINE_CURVE_WITH_KNOTS((1,2,2,2,2,1),(
    -2.094395102393,0.,2.094395102393,4.188790204786,6.28318530718,
8.377580409573),.UNSPECIFIED.) CURVE() GEOMETRIC_REPRESENTATION_ITEM() 
RATIONAL_B_SPLINE_CURVE((1.,0.5,1.,0.5,1.,0.5,1.)) REPRESENTATION_ITEM(
  '') );
#980 = CARTESIAN_POINT('',(50.,49.85));
#981 = CARTESIAN_POINT('',(65.58845726812,49.85));
#982 = CARTESIAN_POINT('',(57.79422863406,36.35));
#983 = CARTESIAN_POINT('',(50.,22.85));
#984 = CARTESIAN_POINT('',(42.20577136594,36.35));
#985 = CARTESIAN_POINT('',(34.41154273188,49.85));
#986 = CARTESIAN_POINT('',(50.,49.85));
#987 = ( GEOMETRIC_REPRESENTATION_CONTEXT(2) 
PARAMETRIC_REPRESENTATION_CONTEXT() REPRESENTATION_CONTEXT('2D SPACE',''
  ) );
#988 = PCURVE('',#857,#989);
#989 = DEFINITIONAL_REPRESENTATION('',(#990),#994);
#990 = LINE('',#991,#992);
#991 = CARTESIAN_POINT('',(0.,12.));
#992 = VECTOR('',#993,1.);
#993 = DIRECTION('',(1.,0.));
#994 = ( GEOMETRIC_REPRESENTATION_CONTEXT(2) 
PARAMETRIC_REPRESENTATION_CONTEXT() REPRESENTATION_CONTEXT('2D SPACE',''
  ) );
#995 = ADVANCED_FACE('',(#996),#384,.T.);
#996 = FACE_BOUND('',#997,.T.);
#997 = EDGE_LOOP('',(#998,#999,#1000,#1024,#1047,#1074,#1075,#1097,#1098
    ,#1099,#1120,#1149,#1168,#1169,#1190,#1219));
#998 = ORIENTED_EDGE('',*,*,#686,.F.);
#999 = ORIENTED_EDGE('',*,*,#792,.F.);
#1000 = ORIENTED_EDGE('',*,*,#1001,.F.);
#1001 = EDGE_CURVE('',#1002,#763,#1004,.T.);
#1002 = VERTEX_POINT('',#1003);
#1003 = CARTESIAN_POINT('',(24.15,-5.915044039882E-15,900.));
#1004 = SURFACE_CURVE('',#1005,(#1010,#1017),.PCURVE_S1.);
#1005 = CIRCLE('',#1006,24.15);
#1006 = AXIS2_PLACEMENT_3D('',#1007,#1008,#1009);
#1007 = CARTESIAN_POINT('',(0.,0.,900.));
#1008 = DIRECTION('',(0.,0.,1.));
#1009 = DIRECTION('',(1.,0.,-0.));
#1010 = PCURVE('',#384,#1011);
#1011 = DEFINITIONAL_REPRESENTATION('',(#1012),#1016);
#1012 = LINE('',#1013,#1014);
#1013 = CARTESIAN_POINT('',(0.,892.));
#1014 = VECTOR('',#1015,1.);
#1015 = DIRECTION('',(1.,0.));
#1016 = ( GEOMETRIC_REPRESENTATION_CONTEXT(2) 
PARAMETRIC_REPRESENTATION_CONTEXT() REPRESENTATION_CONTEXT('2D SPACE',''
  ) );
#1017 = PCURVE('',#780,#1018);
#1018 = DEFINITIONAL_REPRESENTATION('',(#1019),#1023);
#1019 = CIRCLE('',#1020,24.15);
#1020 = AXIS2_PLACEMENT_2D('',#1021,#1022);
#1021 = CARTESIAN_POINT('',(-23.15,4.));
#1022 = DIRECTION('',(1.,0.));
#1023 = ( GEOMETRIC_REPRESENTATION_CONTEXT(2) 
PARAMETRIC_REPRESENTATION_CONTEXT() REPRESENTATION_CONTEXT('2D SPACE',''
  ) );
#1024 = ORIENTED_EDGE('',*,*,#1025,.F.);
#1025 = EDGE_CURVE('',#1026,#1002,#1028,.T.);
#1026 = VERTEX_POINT('',#1027);
#1027 = CARTESIAN_POINT('',(24.15,-5.915044039882E-15,8.));
#1028 = SEAM_CURVE('',#1029,(#1033,#1040),.PCURVE_S1.);
#1029 = LINE('',#1030,#1031);
#1030 = CARTESIAN_POINT('',(24.15,-5.915044039882E-15,8.));
#1031 = VECTOR('',#1032,1.);
#1032 = DIRECTION('',(0.,0.,1.));
#1033 = PCURVE('',#384,#1034);
#1034 = DEFINITIONAL_REPRESENTATION('',(#1035),#1039);
#1035 = LINE('',#1036,#1037);
#1036 = CARTESIAN_POINT('',(6.28318530718,-0.));
#1037 = VECTOR('',#1038,1.);
#1038 = DIRECTION('',(0.,1.));
#1039 = ( GEOMETRIC_REPRESENTATION_CONTEXT(2) 
PARAMETRIC_REPRESENTATION_CONTEXT() REPRESENTATION_CONTEXT('2D SPACE',''
  ) );
#1040 = PCURVE('',#384,#1041);
#1041 = DEFINITIONAL_REPRESENTATION('',(#1042),#1046);
#1042 = LINE('',#1043,#1044);
#1043 = CARTESIAN_POINT('',(0.,-0.));
#1044 = VECTOR('',#1045,1.);
#1045 = DIRECTION('',(0.,1.));
#1046 = ( GEOMETRIC_REPRESENTATION_CONTEXT(2) 
PARAMETRIC_REPRESENTATION_CONTEXT() REPRESENTATION_CONTEXT('2D SPACE',''
  ) );
#1047 = ORIENTED_EDGE('',*,*,#1048,.T.);
#1048 = EDGE_CURVE('',#1026,#1026,#1049,.T.);
#1049 = SURFACE_CURVE('',#1050,(#1055,#1062),.PCURVE_S1.);
#1050 = CIRCLE('',#1051,24.15);
#1051 = AXIS2_PLACEMENT_3D('',#1052,#1053,#1054);
#1052 = CARTESIAN_POINT('',(0.,0.,8.));
#1053 = DIRECTION('',(0.,0.,1.));
#1054 = DIRECTION('',(1.,0.,-0.));
#1055 = PCURVE('',#384,#1056);
#1056 = DEFINITIONAL_REPRESENTATION('',(#1057),#1061);
#1057 = LINE('',#1058,#1059);
#1058 = CARTESIAN_POINT('',(0.,0.));
#1059 = VECTOR('',#1060,1.);
#1060 = DIRECTION('',(1.,0.));
#1061 = ( GEOMETRIC_REPRESENTATION_CONTEXT(2) 
PARAMETRIC_REPRESENTATION_CONTEXT() REPRESENTATION_CONTEXT('2D SPACE',''
  ) );
#1062 = PCURVE('',#1063,#1068);
#1063 = PLANE('',#1064);
#1064 = AXIS2_PLACEMENT_3D('',#1065,#1066,#1067);
#1065 = CARTESIAN_POINT('',(-175.,-175.,8.));
#1066 = DIRECTION('',(0.,0.,1.));
#1067 = DIRECTION('',(1.,0.,-0.));
#1068 = DEFINITIONAL_REPRESENTATION('',(#1069),#1073);
#1069 = CIRCLE('',#1070,24.15);
#1070 = AXIS2_PLACEMENT_2D('',#1071,#1072);
#1071 = CARTESIAN_POINT('',(175.,175.));
#1072 = DIRECTION('',(1.,0.));
#1073 = ( GEOMETRIC_REPRESENTATION_CONTEXT(2) 
PARAMETRIC_REPRESENTATION_CONTEXT() REPRESENTATION_CONTEXT('2D SPACE',''
  ) );
#1074 = ORIENTED_EDGE('',*,*,#1025,.T.);
#1075 = ORIENTED_EDGE('',*,*,#1076,.F.);
#1076 = EDGE_CURVE('',#922,#1002,#1077,.T.);
#1077 = SURFACE_CURVE('',#1078,(#1083,#1090),.PCURVE_S1.);
#1078 = CIRCLE('',#1079,24.15);
#1079 = AXIS2_PLACEMENT_3D('',#1080,#1081,#1082);
#1080 = CARTESIAN_POINT('',(0.,0.,900.));
#1081 = DIRECTION('',(0.,0.,1.));
#1082 = DIRECTION('',(1.,0.,-0.));
#1083 = PCURVE('',#384,#1084);
#1084 = DEFINITIONAL_REPRESENTATION('',(#1085),#1089);
#1085 = LINE('',#1086,#1087);
#1086 = CARTESIAN_POINT('',(0.,892.));
#1087 = VECTOR('',#1088,1.);
#1088 = DIRECTION('',(1.,0.));
#1089 = ( GEOMETRIC_REPRESENTATION_CONTEXT(2) 
PARAMETRIC_REPRESENTATION_CONTEXT() REPRESENTATION_CONTEXT('2D SPACE',''
  ) );
#1090 = PCURVE('',#780,#1091);
#1091 = DEFINITIONAL_REPRESENTATION('',(#1092),#1096);
#1092 = CIRCLE('',#1093,24.15);
#1093 = AXIS2_PLACEMENT_2D('',#1094,#1095);
#1094 = CARTESIAN_POINT('',(-23.15,4.));
#1095 = DIRECTION('',(1.,0.));
#1096 = ( GEOMETRIC_REPRESENTATION_CONTEXT(2) 
PARAMETRIC_REPRESENTATION_CONTEXT() REPRESENTATION_CONTEXT('2D SPACE',''
  ) );
#1097 = ORIENTED_EDGE('',*,*,#944,.T.);
#1098 = ORIENTED_EDGE('',*,*,#365,.F.);
#1099 = ORIENTED_EDGE('',*,*,#1100,.F.);
#1100 = EDGE_CURVE('',#1101,#366,#1103,.T.);
#1101 = VERTEX_POINT('',#1102);
#1102 = CARTESIAN_POINT('',(-20.52869606017,-12.71987177879,920.));
#1103 = SURFACE_CURVE('',#1104,(#1108,#1114),.PCURVE_S1.);
#1104 = LINE('',#1105,#1106);
#1105 = CARTESIAN_POINT('',(-20.52869606017,-12.71987177879,8.));
#1106 = VECTOR('',#1107,1.);
#1107 = DIRECTION('',(0.,0.,1.));
#1108 = PCURVE('',#384,#1109);
#1109 = DEFINITIONAL_REPRESENTATION('',(#1110),#1113);
#1110 = B_SPLINE_CURVE_WITH_KNOTS('',1,(#1111,#1112),.UNSPECIFIED.,.F.,
  .F.,(2,2),(904.,992.0000006),.PIECEWISE_BEZIER_KNOTS.);
#1111 = CARTESIAN_POINT('',(3.696309662868,904.));
#1112 = CARTESIAN_POINT('',(3.696309662868,992.0000006));
#1113 = ( GEOMETRIC_REPRESENTATION_CONTEXT(2) 
PARAMETRIC_REPRESENTATION_CONTEXT() REPRESENTATION_CONTEXT('2D SPACE',''
  ) );
#1114 = PCURVE('',#410,#1115);
#1115 = DEFINITIONAL_REPRESENTATION('',(#1116),#1119);
#1116 = B_SPLINE_CURVE_WITH_KNOTS('',1,(#1117,#1118),.UNSPECIFIED.,.F.,
  .F.,(2,2),(904.,992.0000006),.PIECEWISE_BEZIER_KNOTS.);
#1117 = CARTESIAN_POINT('',(-8.,0.66643340217));
#1118 = CARTESIAN_POINT('',(80.0000006,0.66643340217));
#1119 = ( GEOMETRIC_REPRESENTATION_CONTEXT(2) 
PARAMETRIC_REPRESENTATION_CONTEXT() REPRESENTATION_CONTEXT('2D SPACE',''
  ) );
#1120 = ORIENTED_EDGE('',*,*,#1121,.F.);
#1121 = EDGE_CURVE('',#1122,#1101,#1124,.T.);
#1122 = VERTEX_POINT('',#1123);
#1123 = CARTESIAN_POINT('',(-23.55775882593,-5.315496129154,920.));
#1124 = SURFACE_CURVE('',#1125,(#1130,#1137),.PCURVE_S1.);
#1125 = CIRCLE('',#1126,24.15);
#1126 = AXIS2_PLACEMENT_3D('',#1127,#1128,#1129);
#1127 = CARTESIAN_POINT('',(0.,0.,920.));
#1128 = DIRECTION('',(0.,0.,1.));
#1129 = DIRECTION('',(1.,0.,-0.));
#1130 = PCURVE('',#384,#1131);
#1131 = DEFINITIONAL_REPRESENTATION('',(#1132),#1136);
#1132 = LINE('',#1133,#1134);
#1133 = CARTESIAN_POINT('',(0.,912.));
#1134 = VECTOR('',#1135,1.);
#1135 = DIRECTION('',(1.,0.));
#1136 = ( GEOMETRIC_REPRESENTATION_CONTEXT(2) 
PARAMETRIC_REPRESENTATION_CONTEXT() REPRESENTATION_CONTEXT('2D SPACE',''
  ) );
#1137 = PCURVE('',#1138,#1143);
#1138 = PLANE('',#1139);
#1139 = AXIS2_PLACEMENT_3D('',#1140,#1141,#1142);
#1140 = CARTESIAN_POINT('',(-22.94094341904,-5.063162553607,920.));
#1141 = DIRECTION('',(0.,0.,1.));
#1142 = DIRECTION('',(-0.925546956206,-0.378632845721,0.));
#1143 = DEFINITIONAL_REPRESENTATION('',(#1144),#1148);
#1144 = CIRCLE('',#1145,24.15);
#1145 = AXIS2_PLACEMENT_2D('',#1146,#1147);
#1146 = CARTESIAN_POINT('',(-23.15,4.));
#1147 = DIRECTION('',(-0.925546956206,0.378632845721));
#1148 = ( GEOMETRIC_REPRESENTATION_CONTEXT(2) 
PARAMETRIC_REPRESENTATION_CONTEXT() REPRESENTATION_CONTEXT('2D SPACE',''
  ) );
#1149 = ORIENTED_EDGE('',*,*,#1150,.T.);
#1150 = EDGE_CURVE('',#1122,#531,#1151,.T.);
#1151 = SURFACE_CURVE('',#1152,(#1156,#1162),.PCURVE_S1.);
#1152 = LINE('',#1153,#1154);
#1153 = CARTESIAN_POINT('',(-23.55775882593,-5.315496129154,8.));
#1154 = VECTOR('',#1155,1.);
#1155 = DIRECTION('',(0.,0.,1.));
#1156 = PCURVE('',#384,#1157);
#1157 = DEFINITIONAL_REPRESENTATION('',(#1158),#1161);
#1158 = B_SPLINE_CURVE_WITH_KNOTS('',1,(#1159,#1160),.UNSPECIFIED.,.F.,
  .F.,(2,2),(904.,992.0000006),.PIECEWISE_BEZIER_KNOTS.);
#1159 = CARTESIAN_POINT('',(3.363513080657,904.));
#1160 = CARTESIAN_POINT('',(3.363513080657,992.0000006));
#1161 = ( GEOMETRIC_REPRESENTATION_CONTEXT(2) 
PARAMETRIC_REPRESENTATION_CONTEXT() REPRESENTATION_CONTEXT('2D SPACE',''
  ) );
#1162 = PCURVE('',#487,#1163);
#1163 = DEFINITIONAL_REPRESENTATION('',(#1164),#1167);
#1164 = B_SPLINE_CURVE_WITH_KNOTS('',1,(#1165,#1166),.UNSPECIFIED.,.F.,
  .F.,(2,2),(904.,992.0000006),.PIECEWISE_BEZIER_KNOTS.);
#1165 = CARTESIAN_POINT('',(-8.,0.66643340217));
#1166 = CARTESIAN_POINT('',(80.0000006,0.66643340217));
#1167 = ( GEOMETRIC_REPRESENTATION_CONTEXT(2) 
PARAMETRIC_REPRESENTATION_CONTEXT() REPRESENTATION_CONTEXT('2D SPACE',''
  ) );
#1168 = ORIENTED_EDGE('',*,*,#528,.F.);
#1169 = ORIENTED_EDGE('',*,*,#1170,.F.);
#1170 = EDGE_CURVE('',#1171,#529,#1173,.T.);
#1171 = VERTEX_POINT('',#1172);
#1172 = CARTESIAN_POINT('',(-23.55775882593,5.315496129154,920.));
#1173 = SURFACE_CURVE('',#1174,(#1178,#1184),.PCURVE_S1.);
#1174 = LINE('',#1175,#1176);
#1175 = CARTESIAN_POINT('',(-23.55775882593,5.315496129154,8.));
#1176 = VECTOR('',#1177,1.);
#1177 = DIRECTION('',(0.,0.,1.));
#1178 = PCURVE('',#384,#1179);
#1179 = DEFINITIONAL_REPRESENTATION('',(#1180),#1183);
#1180 = B_SPLINE_CURVE_WITH_KNOTS('',1,(#1181,#1182),.UNSPECIFIED.,.F.,
  .F.,(2,2),(904.,992.0000006),.PIECEWISE_BEZIER_KNOTS.);
#1181 = CARTESIAN_POINT('',(2.919672226523,904.));
#1182 = CARTESIAN_POINT('',(2.919672226523,992.0000006));
#1183 = ( GEOMETRIC_REPRESENTATION_CONTEXT(2) 
PARAMETRIC_REPRESENTATION_CONTEXT() REPRESENTATION_CONTEXT('2D SPACE',''
  ) );
#1184 = PCURVE('',#568,#1185);
#1185 = DEFINITIONAL_REPRESENTATION('',(#1186),#1189);
#1186 = B_SPLINE_CURVE_WITH_KNOTS('',1,(#1187,#1188),.UNSPECIFIED.,.F.,
  .F.,(2,2),(904.,992.0000006),.PIECEWISE_BEZIER_KNOTS.);
#1187 = CARTESIAN_POINT('',(-8.,0.66643340217));
#1188 = CARTESIAN_POINT('',(80.0000006,0.66643340217));
#1189 = ( GEOMETRIC_REPRESENTATION_CONTEXT(2) 
PARAMETRIC_REPRESENTATION_CONTEXT() REPRESENTATION_CONTEXT('2D SPACE',''
  ) );
#1190 = ORIENTED_EDGE('',*,*,#1191,.F.);
#1191 = EDGE_CURVE('',#1192,#1171,#1194,.T.);
#1192 = VERTEX_POINT('',#1193);
#1193 = CARTESIAN_POINT('',(-20.52869606017,12.719871778799,920.));
#1194 = SURFACE_CURVE('',#1195,(#1200,#1207),.PCURVE_S1.);
#1195 = CIRCLE('',#1196,24.15);
#1196 = AXIS2_PLACEMENT_3D('',#1197,#1198,#1199);
#1197 = CARTESIAN_POINT('',(0.,0.,920.));
#1198 = DIRECTION('',(0.,0.,1.));
#1199 = DIRECTION('',(1.,0.,-0.));
#1200 = PCURVE('',#384,#1201);
#1201 = DEFINITIONAL_REPRESENTATION('',(#1202),#1206);
#1202 = LINE('',#1203,#1204);
#1203 = CARTESIAN_POINT('',(0.,912.));
#1204 = VECTOR('',#1205,1.);
#1205 = DIRECTION('',(1.,0.));
#1206 = ( GEOMETRIC_REPRESENTATION_CONTEXT(2) 
PARAMETRIC_REPRESENTATION_CONTEXT() REPRESENTATION_CONTEXT('2D SPACE',''
  ) );
#1207 = PCURVE('',#1208,#1213);
#1208 = PLANE('',#1209);
#1209 = AXIS2_PLACEMENT_3D('',#1210,#1211,#1212);
#1210 = CARTESIAN_POINT('',(-19.91188065327,12.467538203252,920.));
#1211 = DIRECTION('',(0.,0.,1.));
#1212 = DIRECTION('',(-0.925546956206,0.378632845721,0.));
#1213 = DEFINITIONAL_REPRESENTATION('',(#1214),#1218);
#1214 = CIRCLE('',#1215,24.15);
#1215 = AXIS2_PLACEMENT_2D('',#1216,#1217);
#1216 = CARTESIAN_POINT('',(-23.15,4.));
#1217 = DIRECTION('',(-0.925546956206,-0.378632845721));
#1218 = ( GEOMETRIC_REPRESENTATION_CONTEXT(2) 
PARAMETRIC_REPRESENTATION_CONTEXT() REPRESENTATION_CONTEXT('2D SPACE',''
  ) );
#1219 = ORIENTED_EDGE('',*,*,#1220,.T.);
#1220 = EDGE_CURVE('',#1192,#689,#1221,.T.);
#1221 = SURFACE_CURVE('',#1222,(#1226,#1232),.PCURVE_S1.);
#1222 = LINE('',#1223,#1224);
#1223 = CARTESIAN_POINT('',(-20.52869606017,12.719871778799,8.));
#1224 = VECTOR('',#1225,1.);
#1225 = DIRECTION('',(0.,0.,1.));
#1226 = PCURVE('',#384,#1227);
#1227 = DEFINITIONAL_REPRESENTATION('',(#1228),#1231);
#1228 = B_SPLINE_CURVE_WITH_KNOTS('',1,(#1229,#1230),.UNSPECIFIED.,.F.,
  .F.,(2,2),(904.,992.0000006),.PIECEWISE_BEZIER_KNOTS.);
#1229 = CARTESIAN_POINT('',(2.586875644312,904.));
#1230 = CARTESIAN_POINT('',(2.586875644312,992.0000006));
#1231 = ( GEOMETRIC_REPRESENTATION_CONTEXT(2) 
PARAMETRIC_REPRESENTATION_CONTEXT() REPRESENTATION_CONTEXT('2D SPACE',''
  ) );
#1232 = PCURVE('',#645,#1233);
#1233 = DEFINITIONAL_REPRESENTATION('',(#1234),#1237);
#1234 = B_SPLINE_CURVE_WITH_KNOTS('',1,(#1235,#1236),.UNSPECIFIED.,.F.,
  .F.,(2,2),(904.,992.0000006),.PIECEWISE_BEZIER_KNOTS.);
#1235 = CARTESIAN_POINT('',(-8.,0.66643340217));
#1236 = CARTESIAN_POINT('',(80.0000006,0.66643340217));
#1237 = ( GEOMETRIC_REPRESENTATION_CONTEXT(2) 
PARAMETRIC_REPRESENTATION_CONTEXT() REPRESENTATION_CONTEXT('2D SPACE',''
  ) );
#1238 = ADVANCED_FACE('',(#1239,#1288),#410,.T.);
#1239 = FACE_BOUND('',#1240,.T.);
#1240 = EDGE_LOOP('',(#1241,#1264,#1265,#1266,#1267));
#1241 = ORIENTED_EDGE('',*,*,#1242,.F.);
#1242 = EDGE_CURVE('',#1101,#1243,#1245,.T.);
#1243 = VERTEX_POINT('',#1244);
#1244 = CARTESIAN_POINT('',(-76.37024498182,-35.5641417922,920.));
#1245 = SURFACE_CURVE('',#1246,(#1250,#1257),.PCURVE_S1.);
#1246 = LINE('',#1247,#1248);
#1247 = CARTESIAN_POINT('',(-19.91188065327,-12.46753820325,920.));
#1248 = VECTOR('',#1249,1.);
#1249 = DIRECTION('',(-0.925546956206,-0.378632845721,0.));
#1250 = PCURVE('',#410,#1251);
#1251 = DEFINITIONAL_REPRESENTATION('',(#1252),#1256);
#1252 = LINE('',#1253,#1254);
#1253 = CARTESIAN_POINT('',(0.,0.));
#1254 = VECTOR('',#1255,1.);
#1255 = DIRECTION('',(0.,1.));
#1256 = ( GEOMETRIC_REPRESENTATION_CONTEXT(2) 
PARAMETRIC_REPRESENTATION_CONTEXT() REPRESENTATION_CONTEXT('2D SPACE',''
  ) );
#1257 = PCURVE('',#1138,#1258);
#1258 = DEFINITIONAL_REPRESENTATION('',(#1259),#1263);
#1259 = LINE('',#1260,#1261);
#1260 = CARTESIAN_POINT('',(0.,8.));
#1261 = VECTOR('',#1262,1.);
#1262 = DIRECTION('',(1.,0.));
#1263 = ( GEOMETRIC_REPRESENTATION_CONTEXT(2) 
PARAMETRIC_REPRESENTATION_CONTEXT() REPRESENTATION_CONTEXT('2D SPACE',''
  ) );
#1264 = ORIENTED_EDGE('',*,*,#1100,.T.);
#1265 = ORIENTED_EDGE('',*,*,#396,.T.);
#1266 = ORIENTED_EDGE('',*,*,#447,.T.);
#1267 = ORIENTED_EDGE('',*,*,#1268,.F.);
#1268 = EDGE_CURVE('',#1243,#448,#1269,.T.);
#1269 = SURFACE_CURVE('',#1270,(#1274,#1281),.PCURVE_S1.);
#1270 = LINE('',#1271,#1272);
#1271 = CARTESIAN_POINT('',(-76.37024498182,-35.5641417922,920.));
#1272 = VECTOR('',#1273,1.);
#1273 = DIRECTION('',(0.,0.,1.));
#1274 = PCURVE('',#410,#1275);
#1275 = DEFINITIONAL_REPRESENTATION('',(#1276),#1280);
#1276 = LINE('',#1277,#1278);
#1277 = CARTESIAN_POINT('',(0.,61.));
#1278 = VECTOR('',#1279,1.);
#1279 = DIRECTION('',(1.,0.));
#1280 = ( GEOMETRIC_REPRESENTATION_CONTEXT(2) 
PARAMETRIC_REPRESENTATION_CONTEXT() REPRESENTATION_CONTEXT('2D SPACE',''
  ) );
#1281 = PCURVE('',#513,#1282);
#1282 = DEFINITIONAL_REPRESENTATION('',(#1283),#1287);
#1283 = LINE('',#1284,#1285);
#1284 = CARTESIAN_POINT('',(0.,-8.));
#1285 = VECTOR('',#1286,1.);
#1286 = DIRECTION('',(1.,0.));
#1287 = ( GEOMETRIC_REPRESENTATION_CONTEXT(2) 
PARAMETRIC_REPRESENTATION_CONTEXT() REPRESENTATION_CONTEXT('2D SPACE',''
  ) );
#1288 = FACE_BOUND('',#1289,.T.);
#1289 = EDGE_LOOP('',(#1290));
#1290 = ORIENTED_EDGE('',*,*,#1291,.T.);
#1291 = EDGE_CURVE('',#1292,#1292,#1294,.T.);
#1292 = VERTEX_POINT('',#1293);
#1293 = CARTESIAN_POINT('',(-64.80090802925,-30.83123122069,960.));
#1294 = SURFACE_CURVE('',#1295,(#1300,#1311),.PCURVE_S1.);
#1295 = CIRCLE('',#1296,7.5);
#1296 = AXIS2_PLACEMENT_3D('',#1297,#1298,#1299);
#1297 = CARTESIAN_POINT('',(-57.85930585771,-27.99148487779,960.));
#1298 = DIRECTION('',(-0.378632845721,0.925546956206,2.22044604925E-16)
  );
#1299 = DIRECTION('',(-0.925546956206,-0.378632845721,0.));
#1300 = PCURVE('',#410,#1301);
#1301 = DEFINITIONAL_REPRESENTATION('',(#1302),#1310);
#1302 = ( BOUNDED_CURVE() B_SPLINE_CURVE(2,(#1303,#1304,#1305,#1306,
#1307,#1308,#1309),.UNSPECIFIED.,.T.,.F.) B_SPLINE_CURVE_WITH_KNOTS((1,2
    ,2,2,2,1),(-2.094395102393,0.,2.094395102393,4.188790204786,
6.28318530718,8.377580409573),.UNSPECIFIED.) CURVE() 
GEOMETRIC_REPRESENTATION_ITEM() RATIONAL_B_SPLINE_CURVE((1.,0.5,1.,0.5,
1.,0.5,1.)) REPRESENTATION_ITEM('') );
#1303 = CARTESIAN_POINT('',(40.,48.5));
#1304 = CARTESIAN_POINT('',(52.990381056767,48.5));
#1305 = CARTESIAN_POINT('',(46.495190528383,37.25));
#1306 = CARTESIAN_POINT('',(40.,26.));
#1307 = CARTESIAN_POINT('',(33.504809471617,37.25));
#1308 = CARTESIAN_POINT('',(27.009618943233,48.5));
#1309 = CARTESIAN_POINT('',(40.,48.5));
#1310 = ( GEOMETRIC_REPRESENTATION_CONTEXT(2) 
PARAMETRIC_REPRESENTATION_CONTEXT() REPRESENTATION_CONTEXT('2D SPACE',''
  ) );
#1311 = PCURVE('',#1312,#1317);
#1312 = CYLINDRICAL_SURFACE('',#1313,7.5);
#1313 = AXIS2_PLACEMENT_3D('',#1314,#1315,#1316);
#1314 = CARTESIAN_POINT('',(-56.34477447483,-31.69367270261,960.));
#1315 = DIRECTION('',(-0.378632845721,0.925546956206,2.22044604925E-16)
  );
#1316 = DIRECTION('',(-0.925546956206,-0.378632845721,0.));
#1317 = DEFINITIONAL_REPRESENTATION('',(#1318),#1322);
#1318 = LINE('',#1319,#1320);
#1319 = CARTESIAN_POINT('',(0.,4.));
#1320 = VECTOR('',#1321,1.);
#1321 = DIRECTION('',(1.,0.));
#1322 = ( GEOMETRIC_REPRESENTATION_CONTEXT(2) 
PARAMETRIC_REPRESENTATION_CONTEXT() REPRESENTATION_CONTEXT('2D SPACE',''
  ) );
#1323 = ADVANCED_FACE('',(#1324),#513,.T.);
#1324 = FACE_BOUND('',#1325,.T.);
#1325 = EDGE_LOOP('',(#1326,#1349,#1370,#1371));
#1326 = ORIENTED_EDGE('',*,*,#1327,.F.);
#1327 = EDGE_CURVE('',#1328,#472,#1330,.T.);
#1328 = VERTEX_POINT('',#1329);
#1329 = CARTESIAN_POINT('',(-79.39930774759,-28.15976614255,920.));
#1330 = SURFACE_CURVE('',#1331,(#1335,#1342),.PCURVE_S1.);
#1331 = LINE('',#1332,#1333);
#1332 = CARTESIAN_POINT('',(-79.39930774759,-28.15976614255,920.));
#1333 = VECTOR('',#1334,1.);
#1334 = DIRECTION('',(0.,0.,1.));
#1335 = PCURVE('',#513,#1336);
#1336 = DEFINITIONAL_REPRESENTATION('',(#1337),#1341);
#1337 = LINE('',#1338,#1339);
#1338 = CARTESIAN_POINT('',(0.,0.));
#1339 = VECTOR('',#1340,1.);
#1340 = DIRECTION('',(1.,0.));
#1341 = ( GEOMETRIC_REPRESENTATION_CONTEXT(2) 
PARAMETRIC_REPRESENTATION_CONTEXT() REPRESENTATION_CONTEXT('2D SPACE',''
  ) );
#1342 = PCURVE('',#487,#1343);
#1343 = DEFINITIONAL_REPRESENTATION('',(#1344),#1348);
#1344 = LINE('',#1345,#1346);
#1345 = CARTESIAN_POINT('',(0.,61.));
#1346 = VECTOR('',#1347,1.);
#1347 = DIRECTION('',(1.,0.));
#1348 = ( GEOMETRIC_REPRESENTATION_CONTEXT(2) 
PARAMETRIC_REPRESENTATION_CONTEXT() REPRESENTATION_CONTEXT('2D SPACE',''
  ) );
#1349 = ORIENTED_EDGE('',*,*,#1350,.T.);
#1350 = EDGE_CURVE('',#1328,#1243,#1351,.T.);
#1351 = SURFACE_CURVE('',#1352,(#1356,#1363),.PCURVE_S1.);
#1352 = LINE('',#1353,#1354);
#1353 = CARTESIAN_POINT('',(-79.39930774759,-28.15976614255,920.));
#1354 = VECTOR('',#1355,1.);
#1355 = DIRECTION('',(0.378632845721,-0.925546956206,0.));
#1356 = PCURVE('',#513,#1357);
#1357 = DEFINITIONAL_REPRESENTATION('',(#1358),#1362);
#1358 = LINE('',#1359,#1360);
#1359 = CARTESIAN_POINT('',(0.,0.));
#1360 = VECTOR('',#1361,1.);
#1361 = DIRECTION('',(0.,-1.));
#1362 = ( GEOMETRIC_REPRESENTATION_CONTEXT(2) 
PARAMETRIC_REPRESENTATION_CONTEXT() REPRESENTATION_CONTEXT('2D SPACE',''
  ) );
#1363 = PCURVE('',#1138,#1364);
#1364 = DEFINITIONAL_REPRESENTATION('',(#1365),#1369);
#1365 = LINE('',#1366,#1367);
#1366 = CARTESIAN_POINT('',(61.,0.));
#1367 = VECTOR('',#1368,1.);
#1368 = DIRECTION('',(0.,1.));
#1369 = ( GEOMETRIC_REPRESENTATION_CONTEXT(2) 
PARAMETRIC_REPRESENTATION_CONTEXT() REPRESENTATION_CONTEXT('2D SPACE',''
  ) );
#1370 = ORIENTED_EDGE('',*,*,#1268,.T.);
#1371 = ORIENTED_EDGE('',*,*,#499,.F.);
#1372 = ADVANCED_FACE('',(#1373,#1400),#487,.F.);
#1373 = FACE_BOUND('',#1374,.F.);
#1374 = EDGE_LOOP('',(#1375,#1396,#1397,#1398,#1399));
#1375 = ORIENTED_EDGE('',*,*,#1376,.F.);
#1376 = EDGE_CURVE('',#1122,#1328,#1377,.T.);
#1377 = SURFACE_CURVE('',#1378,(#1382,#1389),.PCURVE_S1.);
#1378 = LINE('',#1379,#1380);
#1379 = CARTESIAN_POINT('',(-22.94094341904,-5.063162553607,920.));
#1380 = VECTOR('',#1381,1.);
#1381 = DIRECTION('',(-0.925546956206,-0.378632845721,0.));
#1382 = PCURVE('',#487,#1383);
#1383 = DEFINITIONAL_REPRESENTATION('',(#1384),#1388);
#1384 = LINE('',#1385,#1386);
#1385 = CARTESIAN_POINT('',(0.,0.));
#1386 = VECTOR('',#1387,1.);
#1387 = DIRECTION('',(0.,1.));
#1388 = ( GEOMETRIC_REPRESENTATION_CONTEXT(2) 
PARAMETRIC_REPRESENTATION_CONTEXT() REPRESENTATION_CONTEXT('2D SPACE',''
  ) );
#1389 = PCURVE('',#1138,#1390);
#1390 = DEFINITIONAL_REPRESENTATION('',(#1391),#1395);
#1391 = LINE('',#1392,#1393);
#1392 = CARTESIAN_POINT('',(0.,0.));
#1393 = VECTOR('',#1394,1.);
#1394 = DIRECTION('',(1.,0.));
#1395 = ( GEOMETRIC_REPRESENTATION_CONTEXT(2) 
PARAMETRIC_REPRESENTATION_CONTEXT() REPRESENTATION_CONTEXT('2D SPACE',''
  ) );
#1396 = ORIENTED_EDGE('',*,*,#1150,.T.);
#1397 = ORIENTED_EDGE('',*,*,#581,.T.);
#1398 = ORIENTED_EDGE('',*,*,#471,.T.);
#1399 = ORIENTED_EDGE('',*,*,#1327,.F.);
#1400 = FACE_BOUND('',#1401,.F.);
#1401 = EDGE_LOOP('',(#1402));
#1402 = ORIENTED_EDGE('',*,*,#1403,.T.);
#1403 = EDGE_CURVE('',#1404,#1404,#1406,.T.);
#1404 = VERTEX_POINT('',#1405);
#1405 = CARTESIAN_POINT('',(-67.82997079501,-23.42685557105,960.));
#1406 = SURFACE_CURVE('',#1407,(#1412,#1423),.PCURVE_S1.);
#1407 = CIRCLE('',#1408,7.5);
#1408 = AXIS2_PLACEMENT_3D('',#1409,#1410,#1411);
#1409 = CARTESIAN_POINT('',(-60.88836862347,-20.58710922814,960.));
#1410 = DIRECTION('',(-0.378632845721,0.925546956206,2.22044604925E-16)
  );
#1411 = DIRECTION('',(-0.925546956206,-0.378632845721,0.));
#1412 = PCURVE('',#487,#1413);
#1413 = DEFINITIONAL_REPRESENTATION('',(#1414),#1422);
#1414 = ( BOUNDED_CURVE() B_SPLINE_CURVE(2,(#1415,#1416,#1417,#1418,
#1419,#1420,#1421),.UNSPECIFIED.,.T.,.F.) B_SPLINE_CURVE_WITH_KNOTS((1,2
    ,2,2,2,1),(-2.094395102393,0.,2.094395102393,4.188790204786,
6.28318530718,8.377580409573),.UNSPECIFIED.) CURVE() 
GEOMETRIC_REPRESENTATION_ITEM() RATIONAL_B_SPLINE_CURVE((1.,0.5,1.,0.5,
1.,0.5,1.)) REPRESENTATION_ITEM('') );
#1415 = CARTESIAN_POINT('',(40.,48.5));
#1416 = CARTESIAN_POINT('',(52.990381056767,48.5));
#1417 = CARTESIAN_POINT('',(46.495190528383,37.25));
#1418 = CARTESIAN_POINT('',(40.,26.));
#1419 = CARTESIAN_POINT('',(33.504809471617,37.25));
#1420 = CARTESIAN_POINT('',(27.009618943233,48.5));
#1421 = CARTESIAN_POINT('',(40.,48.5));
#1422 = ( GEOMETRIC_REPRESENTATION_CONTEXT(2) 
PARAMETRIC_REPRESENTATION_CONTEXT() REPRESENTATION_CONTEXT('2D SPACE',''
  ) );
#1423 = PCURVE('',#1312,#1424);
#1424 = DEFINITIONAL_REPRESENTATION('',(#1425),#1429);
#1425 = LINE('',#1426,#1427);
#1426 = CARTESIAN_POINT('',(0.,12.));
#1427 = VECTOR('',#1428,1.);
#1428 = DIRECTION('',(1.,0.));
#1429 = ( GEOMETRIC_REPRESENTATION_CONTEXT(2) 
PARAMETRIC_REPRESENTATION_CONTEXT() REPRESENTATION_CONTEXT('2D SPACE',''
  ) );
#1430 = ADVANCED_FACE('',(#1431,#1480),#568,.T.);
#1431 = FACE_BOUND('',#1432,.T.);
#1432 = EDGE_LOOP('',(#1433,#1456,#1457,#1458,#1459));
#1433 = ORIENTED_EDGE('',*,*,#1434,.F.);
#1434 = EDGE_CURVE('',#1171,#1435,#1437,.T.);
#1435 = VERTEX_POINT('',#1436);
#1436 = CARTESIAN_POINT('',(-79.39930774759,28.159766142558,920.));
#1437 = SURFACE_CURVE('',#1438,(#1442,#1449),.PCURVE_S1.);
#1438 = LINE('',#1439,#1440);
#1439 = CARTESIAN_POINT('',(-22.94094341904,5.063162553607,920.));
#1440 = VECTOR('',#1441,1.);
#1441 = DIRECTION('',(-0.925546956206,0.378632845721,0.));
#1442 = PCURVE('',#568,#1443);
#1443 = DEFINITIONAL_REPRESENTATION('',(#1444),#1448);
#1444 = LINE('',#1445,#1446);
#1445 = CARTESIAN_POINT('',(0.,0.));
#1446 = VECTOR('',#1447,1.);
#1447 = DIRECTION('',(0.,1.));
#1448 = ( GEOMETRIC_REPRESENTATION_CONTEXT(2) 
PARAMETRIC_REPRESENTATION_CONTEXT() REPRESENTATION_CONTEXT('2D SPACE',''
  ) );
#1449 = PCURVE('',#1208,#1450);
#1450 = DEFINITIONAL_REPRESENTATION('',(#1451),#1455);
#1451 = LINE('',#1452,#1453);
#1452 = CARTESIAN_POINT('',(0.,8.));
#1453 = VECTOR('',#1454,1.);
#1454 = DIRECTION('',(1.,0.));
#1455 = ( GEOMETRIC_REPRESENTATION_CONTEXT(2) 
PARAMETRIC_REPRESENTATION_CONTEXT() REPRESENTATION_CONTEXT('2D SPACE',''
  ) );
#1456 = ORIENTED_EDGE('',*,*,#1170,.T.);
#1457 = ORIENTED_EDGE('',*,*,#554,.T.);
#1458 = ORIENTED_EDGE('',*,*,#605,.T.);
#1459 = ORIENTED_EDGE('',*,*,#1460,.F.);
#1460 = EDGE_CURVE('',#1435,#606,#1461,.T.);
#1461 = SURFACE_CURVE('',#1462,(#1466,#1473),.PCURVE_S1.);
#1462 = LINE('',#1463,#1464);
#1463 = CARTESIAN_POINT('',(-79.39930774759,28.159766142558,920.));
#1464 = VECTOR('',#1465,1.);
#1465 = DIRECTION('',(0.,0.,1.));
#1466 = PCURVE('',#568,#1467);
#1467 = DEFINITIONAL_REPRESENTATION('',(#1468),#1472);
#1468 = LINE('',#1469,#1470);
#1469 = CARTESIAN_POINT('',(0.,61.));
#1470 = VECTOR('',#1471,1.);
#1471 = DIRECTION('',(1.,0.));
#1472 = ( GEOMETRIC_REPRESENTATION_CONTEXT(2) 
PARAMETRIC_REPRESENTATION_CONTEXT() REPRESENTATION_CONTEXT('2D SPACE',''
  ) );
#1473 = PCURVE('',#671,#1474);
#1474 = DEFINITIONAL_REPRESENTATION('',(#1475),#1479);
#1475 = LINE('',#1476,#1477);
#1476 = CARTESIAN_POINT('',(0.,-8.));
#1477 = VECTOR('',#1478,1.);
#1478 = DIRECTION('',(1.,0.));
#1479 = ( GEOMETRIC_REPRESENTATION_CONTEXT(2) 
PARAMETRIC_REPRESENTATION_CONTEXT() REPRESENTATION_CONTEXT('2D SPACE',''
  ) );
#1480 = FACE_BOUND('',#1481,.T.);
#1481 = EDGE_LOOP('',(#1482));
#1482 = ORIENTED_EDGE('',*,*,#1483,.T.);
#1483 = EDGE_CURVE('',#1484,#1484,#1486,.T.);
#1484 = VERTEX_POINT('',#1485);
#1485 = CARTESIAN_POINT('',(-67.82997079501,23.426855571051,960.));
#1486 = SURFACE_CURVE('',#1487,(#1492,#1503),.PCURVE_S1.);
#1487 = CIRCLE('',#1488,7.5);
#1488 = AXIS2_PLACEMENT_3D('',#1489,#1490,#1491);
#1489 = CARTESIAN_POINT('',(-60.88836862347,20.587109228148,960.));
#1490 = DIRECTION('',(0.378632845721,0.925546956206,2.22044604925E-16));
#1491 = DIRECTION('',(-0.925546956206,0.378632845721,0.));
#1492 = PCURVE('',#568,#1493);
#1493 = DEFINITIONAL_REPRESENTATION('',(#1494),#1502);
#1494 = ( BOUNDED_CURVE() B_SPLINE_CURVE(2,(#1495,#1496,#1497,#1498,
#1499,#1500,#1501),.UNSPECIFIED.,.T.,.F.) B_SPLINE_CURVE_WITH_KNOTS((1,2
    ,2,2,2,1),(-2.094395102393,0.,2.094395102393,4.188790204786,
6.28318530718,8.377580409573),.UNSPECIFIED.) CURVE() 
GEOMETRIC_REPRESENTATION_ITEM() RATIONAL_B_SPLINE_CURVE((1.,0.5,1.,0.5,
1.,0.5,1.)) REPRESENTATION_ITEM('') );
#1495 = CARTESIAN_POINT('',(40.,48.5));
#1496 = CARTESIAN_POINT('',(52.990381056767,48.5));
#1497 = CARTESIAN_POINT('',(46.495190528383,37.25));
#1498 = CARTESIAN_POINT('',(40.,26.));
#1499 = CARTESIAN_POINT('',(33.504809471617,37.25));
#1500 = CARTESIAN_POINT('',(27.009618943233,48.5));
#1501 = CARTESIAN_POINT('',(40.,48.5));
#1502 = ( GEOMETRIC_REPRESENTATION_CONTEXT(2) 
PARAMETRIC_REPRESENTATION_CONTEXT() REPRESENTATION_CONTEXT('2D SPACE',''
  ) );
#1503 = PCURVE('',#1504,#1509);
#1504 = CYLINDRICAL_SURFACE('',#1505,7.5);
#1505 = AXIS2_PLACEMENT_3D('',#1506,#1507,#1508);
#1506 = CARTESIAN_POINT('',(-62.40290000635,16.884921403325,960.));
#1507 = DIRECTION('',(0.378632845721,0.925546956206,2.22044604925E-16));
#1508 = DIRECTION('',(-0.925546956206,0.378632845721,0.));
#1509 = DEFINITIONAL_REPRESENTATION('',(#1510),#1514);
#1510 = LINE('',#1511,#1512);
#1511 = CARTESIAN_POINT('',(0.,4.));
#1512 = VECTOR('',#1513,1.);
#1513 = DIRECTION('',(1.,0.));
#1514 = ( GEOMETRIC_REPRESENTATION_CONTEXT(2) 
PARAMETRIC_REPRESENTATION_CONTEXT() REPRESENTATION_CONTEXT('2D SPACE',''
  ) );
#1515 = ADVANCED_FACE('',(#1516),#671,.T.);
#1516 = FACE_BOUND('',#1517,.T.);
#1517 = EDGE_LOOP('',(#1518,#1541,#1562,#1563));
#1518 = ORIENTED_EDGE('',*,*,#1519,.F.);
#1519 = EDGE_CURVE('',#1520,#630,#1522,.T.);
#1520 = VERTEX_POINT('',#1521);
#1521 = CARTESIAN_POINT('',(-76.37024498182,35.564141792203,920.));
#1522 = SURFACE_CURVE('',#1523,(#1527,#1534),.PCURVE_S1.);
#1523 = LINE('',#1524,#1525);
#1524 = CARTESIAN_POINT('',(-76.37024498182,35.564141792203,920.));
#1525 = VECTOR('',#1526,1.);
#1526 = DIRECTION('',(0.,0.,1.));
#1527 = PCURVE('',#671,#1528);
#1528 = DEFINITIONAL_REPRESENTATION('',(#1529),#1533);
#1529 = LINE('',#1530,#1531);
#1530 = CARTESIAN_POINT('',(0.,0.));
#1531 = VECTOR('',#1532,1.);
#1532 = DIRECTION('',(1.,0.));
#1533 = ( GEOMETRIC_REPRESENTATION_CONTEXT(2) 
PARAMETRIC_REPRESENTATION_CONTEXT() REPRESENTATION_CONTEXT('2D SPACE',''
  ) );
#1534 = PCURVE('',#645,#1535);
#1535 = DEFINITIONAL_REPRESENTATION('',(#1536),#1540);
#1536 = LINE('',#1537,#1538);
#1537 = CARTESIAN_POINT('',(0.,61.));
#1538 = VECTOR('',#1539,1.);
#1539 = DIRECTION('',(1.,0.));
#1540 = ( GEOMETRIC_REPRESENTATION_CONTEXT(2) 
PARAMETRIC_REPRESENTATION_CONTEXT() REPRESENTATION_CONTEXT('2D SPACE',''
  ) );
#1541 = ORIENTED_EDGE('',*,*,#1542,.T.);
#1542 = EDGE_CURVE('',#1520,#1435,#1543,.T.);
#1543 = SURFACE_CURVE('',#1544,(#1548,#1555),.PCURVE_S1.);
#1544 = LINE('',#1545,#1546);
#1545 = CARTESIAN_POINT('',(-76.37024498182,35.564141792203,920.));
#1546 = VECTOR('',#1547,1.);
#1547 = DIRECTION('',(-0.378632845721,-0.925546956206,0.));
#1548 = PCURVE('',#671,#1549);
#1549 = DEFINITIONAL_REPRESENTATION('',(#1550),#1554);
#1550 = LINE('',#1551,#1552);
#1551 = CARTESIAN_POINT('',(0.,0.));
#1552 = VECTOR('',#1553,1.);
#1553 = DIRECTION('',(0.,-1.));
#1554 = ( GEOMETRIC_REPRESENTATION_CONTEXT(2) 
PARAMETRIC_REPRESENTATION_CONTEXT() REPRESENTATION_CONTEXT('2D SPACE',''
  ) );
#1555 = PCURVE('',#1208,#1556);
#1556 = DEFINITIONAL_REPRESENTATION('',(#1557),#1561);
#1557 = LINE('',#1558,#1559);
#1558 = CARTESIAN_POINT('',(61.,0.));
#1559 = VECTOR('',#1560,1.);
#1560 = DIRECTION('',(0.,1.));
#1561 = ( GEOMETRIC_REPRESENTATION_CONTEXT(2) 
PARAMETRIC_REPRESENTATION_CONTEXT() REPRESENTATION_CONTEXT('2D SPACE',''
  ) );
#1562 = ORIENTED_EDGE('',*,*,#1460,.T.);
#1563 = ORIENTED_EDGE('',*,*,#657,.F.);
#1564 = ADVANCED_FACE('',(#1565,#1592),#645,.F.);
#1565 = FACE_BOUND('',#1566,.F.);
#1566 = EDGE_LOOP('',(#1567,#1588,#1589,#1590,#1591));
#1567 = ORIENTED_EDGE('',*,*,#1568,.F.);
#1568 = EDGE_CURVE('',#1192,#1520,#1569,.T.);
#1569 = SURFACE_CURVE('',#1570,(#1574,#1581),.PCURVE_S1.);
#1570 = LINE('',#1571,#1572);
#1571 = CARTESIAN_POINT('',(-19.91188065327,12.467538203252,920.));
#1572 = VECTOR('',#1573,1.);
#1573 = DIRECTION('',(-0.925546956206,0.378632845721,0.));
#1574 = PCURVE('',#645,#1575);
#1575 = DEFINITIONAL_REPRESENTATION('',(#1576),#1580);
#1576 = LINE('',#1577,#1578);
#1577 = CARTESIAN_POINT('',(0.,0.));
#1578 = VECTOR('',#1579,1.);
#1579 = DIRECTION('',(0.,1.));
#1580 = ( GEOMETRIC_REPRESENTATION_CONTEXT(2) 
PARAMETRIC_REPRESENTATION_CONTEXT() REPRESENTATION_CONTEXT('2D SPACE',''
  ) );
#1581 = PCURVE('',#1208,#1582);
#1582 = DEFINITIONAL_REPRESENTATION('',(#1583),#1587);
#1583 = LINE('',#1584,#1585);
#1584 = CARTESIAN_POINT('',(0.,0.));
#1585 = VECTOR('',#1586,1.);
#1586 = DIRECTION('',(1.,0.));
#1587 = ( GEOMETRIC_REPRESENTATION_CONTEXT(2) 
PARAMETRIC_REPRESENTATION_CONTEXT() REPRESENTATION_CONTEXT('2D SPACE',''
  ) );
#1588 = ORIENTED_EDGE('',*,*,#1220,.T.);
#1589 = ORIENTED_EDGE('',*,*,#734,.T.);
#1590 = ORIENTED_EDGE('',*,*,#629,.T.);
#1591 = ORIENTED_EDGE('',*,*,#1519,.F.);
#1592 = FACE_BOUND('',#1593,.F.);
#1593 = EDGE_LOOP('',(#1594));
#1594 = ORIENTED_EDGE('',*,*,#1595,.T.);
#1595 = EDGE_CURVE('',#1596,#1596,#1598,.T.);
#1596 = VERTEX_POINT('',#1597);
#1597 = CARTESIAN_POINT('',(-64.80090802925,30.831231220697,960.));
#1598 = SURFACE_CURVE('',#1599,(#1604,#1615),.PCURVE_S1.);
#1599 = CIRCLE('',#1600,7.5);
#1600 = AXIS2_PLACEMENT_3D('',#1601,#1602,#1603);
#1601 = CARTESIAN_POINT('',(-57.85930585771,27.991484877793,960.));
#1602 = DIRECTION('',(0.378632845721,0.925546956206,2.22044604925E-16));
#1603 = DIRECTION('',(-0.925546956206,0.378632845721,0.));
#1604 = PCURVE('',#645,#1605);
#1605 = DEFINITIONAL_REPRESENTATION('',(#1606),#1614);
#1606 = ( BOUNDED_CURVE() B_SPLINE_CURVE(2,(#1607,#1608,#1609,#1610,
#1611,#1612,#1613),.UNSPECIFIED.,.T.,.F.) B_SPLINE_CURVE_WITH_KNOTS((1,2
    ,2,2,2,1),(-2.094395102393,0.,2.094395102393,4.188790204786,
6.28318530718,8.377580409573),.UNSPECIFIED.) CURVE() 
GEOMETRIC_REPRESENTATION_ITEM() RATIONAL_B_SPLINE_CURVE((1.,0.5,1.,0.5,
1.,0.5,1.)) REPRESENTATION_ITEM('') );
#1607 = CARTESIAN_POINT('',(40.,48.5));
#1608 = CARTESIAN_POINT('',(52.990381056767,48.5));
#1609 = CARTESIAN_POINT('',(46.495190528383,37.25));
#1610 = CARTESIAN_POINT('',(40.,26.));
#1611 = CARTESIAN_POINT('',(33.504809471617,37.25));
#1612 = CARTESIAN_POINT('',(27.009618943233,48.5));
#1613 = CARTESIAN_POINT('',(40.,48.5));
#1614 = ( GEOMETRIC_REPRESENTATION_CONTEXT(2) 
PARAMETRIC_REPRESENTATION_CONTEXT() REPRESENTATION_CONTEXT('2D SPACE',''
  ) );
#1615 = PCURVE('',#1504,#1616);
#1616 = DEFINITIONAL_REPRESENTATION('',(#1617),#1621);
#1617 = LINE('',#1618,#1619);
#1618 = CARTESIAN_POINT('',(0.,12.));
#1619 = VECTOR('',#1620,1.);
#1620 = DIRECTION('',(1.,0.));
#1621 = ( GEOMETRIC_REPRESENTATION_CONTEXT(2) 
PARAMETRIC_REPRESENTATION_CONTEXT() REPRESENTATION_CONTEXT('2D SPACE',''
  ) );
#1622 = ADVANCED_FACE('',(#1623),#780,.F.);
#1623 = FACE_BOUND('',#1624,.F.);
#1624 = EDGE_LOOP('',(#1625,#1626,#1627,#1628,#1629));
#1625 = ORIENTED_EDGE('',*,*,#762,.F.);
#1626 = ORIENTED_EDGE('',*,*,#1001,.F.);
#1627 = ORIENTED_EDGE('',*,*,#1076,.F.);
#1628 = ORIENTED_EDGE('',*,*,#921,.T.);
#1629 = ORIENTED_EDGE('',*,*,#895,.T.);
#1630 = ADVANCED_FACE('',(#1631),#857,.F.);
#1631 = FACE_BOUND('',#1632,.F.);
#1632 = EDGE_LOOP('',(#1633,#1634,#1655,#1656));
#1633 = ORIENTED_EDGE('',*,*,#968,.F.);
#1634 = ORIENTED_EDGE('',*,*,#1635,.F.);
#1635 = EDGE_CURVE('',#837,#969,#1636,.T.);
#1636 = SEAM_CURVE('',#1637,(#1641,#1648),.PCURVE_S1.);
#1637 = LINE('',#1638,#1639);
#1638 = CARTESIAN_POINT('',(73.,8.,950.));
#1639 = VECTOR('',#1640,1.);
#1640 = DIRECTION('',(0.,-1.,2.22044604925E-16));
#1641 = PCURVE('',#857,#1642);
#1642 = DEFINITIONAL_REPRESENTATION('',(#1643),#1647);
#1643 = LINE('',#1644,#1645);
#1644 = CARTESIAN_POINT('',(6.28318530718,-0.));
#1645 = VECTOR('',#1646,1.);
#1646 = DIRECTION('',(0.,1.));
#1647 = ( GEOMETRIC_REPRESENTATION_CONTEXT(2) 
PARAMETRIC_REPRESENTATION_CONTEXT() REPRESENTATION_CONTEXT('2D SPACE',''
  ) );
#1648 = PCURVE('',#857,#1649);
#1649 = DEFINITIONAL_REPRESENTATION('',(#1650),#1654);
#1650 = LINE('',#1651,#1652);
#1651 = CARTESIAN_POINT('',(0.,-0.));
#1652 = VECTOR('',#1653,1.);
#1653 = DIRECTION('',(0.,1.));
#1654 = ( GEOMETRIC_REPRESENTATION_CONTEXT(2) 
PARAMETRIC_REPRESENTATION_CONTEXT() REPRESENTATION_CONTEXT('2D SPACE',''
  ) );
#1655 = ORIENTED_EDGE('',*,*,#836,.T.);
#1656 = ORIENTED_EDGE('',*,*,#1635,.T.);
#1657 = ADVANCED_FACE('',(#1658),#1208,.F.);
#1658 = FACE_BOUND('',#1659,.F.);
#1659 = EDGE_LOOP('',(#1660,#1661,#1662,#1663));
#1660 = ORIENTED_EDGE('',*,*,#1434,.F.);
#1661 = ORIENTED_EDGE('',*,*,#1191,.F.);
#1662 = ORIENTED_EDGE('',*,*,#1568,.T.);
#1663 = ORIENTED_EDGE('',*,*,#1542,.T.);
#1664 = ADVANCED_FACE('',(#1665),#1138,.F.);
#1665 = FACE_BOUND('',#1666,.F.);
#1666 = EDGE_LOOP('',(#1667,#1668,#1669,#1670));
#1667 = ORIENTED_EDGE('',*,*,#1242,.F.);
#1668 = ORIENTED_EDGE('',*,*,#1121,.F.);
#1669 = ORIENTED_EDGE('',*,*,#1376,.T.);
#1670 = ORIENTED_EDGE('',*,*,#1350,.T.);
#1671 = ADVANCED_FACE('',(#1672,#1786),#1063,.T.);
#1672 = FACE_BOUND('',#1673,.T.);
#1673 = EDGE_LOOP('',(#1674,#1704,#1732,#1760));
#1674 = ORIENTED_EDGE('',*,*,#1675,.F.);
#1675 = EDGE_CURVE('',#1676,#1678,#1680,.T.);
#1676 = VERTEX_POINT('',#1677);
#1677 = CARTESIAN_POINT('',(-175.,-175.,8.));
#1678 = VERTEX_POINT('',#1679);
#1679 = CARTESIAN_POINT('',(-175.,175.,8.));
#1680 = SURFACE_CURVE('',#1681,(#1685,#1692),.PCURVE_S1.);
#1681 = LINE('',#1682,#1683);
#1682 = CARTESIAN_POINT('',(-175.,-175.,8.));
#1683 = VECTOR('',#1684,1.);
#1684 = DIRECTION('',(-0.,1.,0.));
#1685 = PCURVE('',#1063,#1686);
#1686 = DEFINITIONAL_REPRESENTATION('',(#1687),#1691);
#1687 = LINE('',#1688,#1689);
#1688 = CARTESIAN_POINT('',(0.,0.));
#1689 = VECTOR('',#1690,1.);
#1690 = DIRECTION('',(0.,1.));
#1691 = ( GEOMETRIC_REPRESENTATION_CONTEXT(2) 
PARAMETRIC_REPRESENTATION_CONTEXT() REPRESENTATION_CONTEXT('2D SPACE',''
  ) );
#1692 = PCURVE('',#1693,#1698);
#1693 = PLANE('',#1694);
#1694 = AXIS2_PLACEMENT_3D('',#1695,#1696,#1697);
#1695 = CARTESIAN_POINT('',(-175.,-175.,0.));
#1696 = DIRECTION('',(1.,0.,-0.));
#1697 = DIRECTION('',(0.,0.,1.));
#1698 = DEFINITIONAL_REPRESENTATION('',(#1699),#1703);
#1699 = LINE('',#1700,#1701);
#1700 = CARTESIAN_POINT('',(8.,0.));
#1701 = VECTOR('',#1702,1.);
#1702 = DIRECTION('',(0.,-1.));
#1703 = ( GEOMETRIC_REPRESENTATION_CONTEXT(2) 
PARAMETRIC_REPRESENTATION_CONTEXT() REPRESENTATION_CONTEXT('2D SPACE',''
  ) );
#1704 = ORIENTED_EDGE('',*,*,#1705,.T.);
#1705 = EDGE_CURVE('',#1676,#1706,#1708,.T.);
#1706 = VERTEX_POINT('',#1707);
#1707 = CARTESIAN_POINT('',(175.,-175.,8.));
#1708 = SURFACE_CURVE('',#1709,(#1713,#1720),.PCURVE_S1.);
#1709 = LINE('',#1710,#1711);
#1710 = CARTESIAN_POINT('',(-175.,-175.,8.));
#1711 = VECTOR('',#1712,1.);
#1712 = DIRECTION('',(1.,0.,-0.));
#1713 = PCURVE('',#1063,#1714);
#1714 = DEFINITIONAL_REPRESENTATION('',(#1715),#1719);
#1715 = LINE('',#1716,#1717);
#1716 = CARTESIAN_POINT('',(0.,0.));
#1717 = VECTOR('',#1718,1.);
#1718 = DIRECTION('',(1.,0.));
#1719 = ( GEOMETRIC_REPRESENTATION_CONTEXT(2) 
PARAMETRIC_REPRESENTATION_CONTEXT() REPRESENTATION_CONTEXT('2D SPACE',''
  ) );
#1720 = PCURVE('',#1721,#1726);
#1721 = PLANE('',#1722);
#1722 = AXIS2_PLACEMENT_3D('',#1723,#1724,#1725);
#1723 = CARTESIAN_POINT('',(-175.,-175.,0.));
#1724 = DIRECTION('',(-0.,1.,0.));
#1725 = DIRECTION('',(0.,0.,1.));
#1726 = DEFINITIONAL_REPRESENTATION('',(#1727),#1731);
#1727 = LINE('',#1728,#1729);
#1728 = CARTESIAN_POINT('',(8.,0.));
#1729 = VECTOR('',#1730,1.);
#1730 = DIRECTION('',(0.,1.));
#1731 = ( GEOMETRIC_REPRESENTATION_CONTEXT(2) 
PARAMETRIC_REPRESENTATION_CONTEXT() REPRESENTATION_CONTEXT('2D SPACE',''
  ) );
#1732 = ORIENTED_EDGE('',*,*,#1733,.T.);
#1733 = EDGE_CURVE('',#1706,#1734,#1736,.T.);
#1734 = VERTEX_POINT('',#1735);
#1735 = CARTESIAN_POINT('',(175.,175.,8.));
#1736 = SURFACE_CURVE('',#1737,(#1741,#1748),.PCURVE_S1.);
#1737 = LINE('',#1738,#1739);
#1738 = CARTESIAN_POINT('',(175.,-175.,8.));
#1739 = VECTOR('',#1740,1.);
#1740 = DIRECTION('',(-0.,1.,0.));
#1741 = PCURVE('',#1063,#1742);
#1742 = DEFINITIONAL_REPRESENTATION('',(#1743),#1747);
#1743 = LINE('',#1744,#1745);
#1744 = CARTESIAN_POINT('',(350.,0.));
#1745 = VECTOR('',#1746,1.);
#1746 = DIRECTION('',(0.,1.));
#1747 = ( GEOMETRIC_REPRESENTATION_CONTEXT(2) 
PARAMETRIC_REPRESENTATION_CONTEXT() REPRESENTATION_CONTEXT('2D SPACE',''
  ) );
#1748 = PCURVE('',#1749,#1754);
#1749 = PLANE('',#1750);
#1750 = AXIS2_PLACEMENT_3D('',#1751,#1752,#1753);
#1751 = CARTESIAN_POINT('',(175.,-175.,0.));
#1752 = DIRECTION('',(1.,0.,-0.));
#1753 = DIRECTION('',(0.,0.,1.));
#1754 = DEFINITIONAL_REPRESENTATION('',(#1755),#1759);
#1755 = LINE('',#1756,#1757);
#1756 = CARTESIAN_POINT('',(8.,0.));
#1757 = VECTOR('',#1758,1.);
#1758 = DIRECTION('',(0.,-1.));
#1759 = ( GEOMETRIC_REPRESENTATION_CONTEXT(2) 
PARAMETRIC_REPRESENTATION_CONTEXT() REPRESENTATION_CONTEXT('2D SPACE',''
  ) );
#1760 = ORIENTED_EDGE('',*,*,#1761,.F.);
#1761 = EDGE_CURVE('',#1678,#1734,#1762,.T.);
#1762 = SURFACE_CURVE('',#1763,(#1767,#1774),.PCURVE_S1.);
#1763 = LINE('',#1764,#1765);
#1764 = CARTESIAN_POINT('',(-175.,175.,8.));
#1765 = VECTOR('',#1766,1.);
#1766 = DIRECTION('',(1.,0.,-0.));
#1767 = PCURVE('',#1063,#1768);
#1768 = DEFINITIONAL_REPRESENTATION('',(#1769),#1773);
#1769 = LINE('',#1770,#1771);
#1770 = CARTESIAN_POINT('',(0.,350.));
#1771 = VECTOR('',#1772,1.);
#1772 = DIRECTION('',(1.,0.));
#1773 = ( GEOMETRIC_REPRESENTATION_CONTEXT(2) 
PARAMETRIC_REPRESENTATION_CONTEXT() REPRESENTATION_CONTEXT('2D SPACE',''
  ) );
#1774 = PCURVE('',#1775,#1780);
#1775 = PLANE('',#1776);
#1776 = AXIS2_PLACEMENT_3D('',#1777,#1778,#1779);
#1777 = CARTESIAN_POINT('',(-175.,175.,0.));
#1778 = DIRECTION('',(-0.,1.,0.));
#1779 = DIRECTION('',(0.,0.,1.));
#1780 = DEFINITIONAL_REPRESENTATION('',(#1781),#1785);
#1781 = LINE('',#1782,#1783);
#1782 = CARTESIAN_POINT('',(8.,0.));
#1783 = VECTOR('',#1784,1.);
#1784 = DIRECTION('',(0.,1.));
#1785 = ( GEOMETRIC_REPRESENTATION_CONTEXT(2) 
PARAMETRIC_REPRESENTATION_CONTEXT() REPRESENTATION_CONTEXT('2D SPACE',''
  ) );
#1786 = FACE_BOUND('',#1787,.T.);
#1787 = EDGE_LOOP('',(#1788));
#1788 = ORIENTED_EDGE('',*,*,#1048,.F.);
#1789 = ADVANCED_FACE('',(#1790),#1312,.F.);
#1790 = FACE_BOUND('',#1791,.F.);
#1791 = EDGE_LOOP('',(#1792,#1793,#1814,#1815));
#1792 = ORIENTED_EDGE('',*,*,#1403,.F.);
#1793 = ORIENTED_EDGE('',*,*,#1794,.F.);
#1794 = EDGE_CURVE('',#1292,#1404,#1795,.T.);
#1795 = SEAM_CURVE('',#1796,(#1800,#1807),.PCURVE_S1.);
#1796 = LINE('',#1797,#1798);
#1797 = CARTESIAN_POINT('',(-63.28637664637,-34.53341904552,960.));
#1798 = VECTOR('',#1799,1.);
#1799 = DIRECTION('',(-0.378632845721,0.925546956206,2.22044604925E-16)
  );
#1800 = PCURVE('',#1312,#1801);
#1801 = DEFINITIONAL_REPRESENTATION('',(#1802),#1806);
#1802 = LINE('',#1803,#1804);
#1803 = CARTESIAN_POINT('',(6.28318530718,-0.));
#1804 = VECTOR('',#1805,1.);
#1805 = DIRECTION('',(0.,1.));
#1806 = ( GEOMETRIC_REPRESENTATION_CONTEXT(2) 
PARAMETRIC_REPRESENTATION_CONTEXT() REPRESENTATION_CONTEXT('2D SPACE',''
  ) );
#1807 = PCURVE('',#1312,#1808);
#1808 = DEFINITIONAL_REPRESENTATION('',(#1809),#1813);
#1809 = LINE('',#1810,#1811);
#1810 = CARTESIAN_POINT('',(0.,-0.));
#1811 = VECTOR('',#1812,1.);
#1812 = DIRECTION('',(0.,1.));
#1813 = ( GEOMETRIC_REPRESENTATION_CONTEXT(2) 
PARAMETRIC_REPRESENTATION_CONTEXT() REPRESENTATION_CONTEXT('2D SPACE',''
  ) );
#1814 = ORIENTED_EDGE('',*,*,#1291,.T.);
#1815 = ORIENTED_EDGE('',*,*,#1794,.T.);
#1816 = ADVANCED_FACE('',(#1817),#1504,.F.);
#1817 = FACE_BOUND('',#1818,.F.);
#1818 = EDGE_LOOP('',(#1819,#1820,#1841,#1842));
#1819 = ORIENTED_EDGE('',*,*,#1595,.F.);
#1820 = ORIENTED_EDGE('',*,*,#1821,.F.);
#1821 = EDGE_CURVE('',#1484,#1596,#1822,.T.);
#1822 = SEAM_CURVE('',#1823,(#1827,#1834),.PCURVE_S1.);
#1823 = LINE('',#1824,#1825);
#1824 = CARTESIAN_POINT('',(-69.3445021779,19.724667746229,960.));
#1825 = VECTOR('',#1826,1.);
#1826 = DIRECTION('',(0.378632845721,0.925546956206,2.22044604925E-16));
#1827 = PCURVE('',#1504,#1828);
#1828 = DEFINITIONAL_REPRESENTATION('',(#1829),#1833);
#1829 = LINE('',#1830,#1831);
#1830 = CARTESIAN_POINT('',(6.28318530718,-0.));
#1831 = VECTOR('',#1832,1.);
#1832 = DIRECTION('',(0.,1.));
#1833 = ( GEOMETRIC_REPRESENTATION_CONTEXT(2) 
PARAMETRIC_REPRESENTATION_CONTEXT() REPRESENTATION_CONTEXT('2D SPACE',''
  ) );
#1834 = PCURVE('',#1504,#1835);
#1835 = DEFINITIONAL_REPRESENTATION('',(#1836),#1840);
#1836 = LINE('',#1837,#1838);
#1837 = CARTESIAN_POINT('',(0.,-0.));
#1838 = VECTOR('',#1839,1.);
#1839 = DIRECTION('',(0.,1.));
#1840 = ( GEOMETRIC_REPRESENTATION_CONTEXT(2) 
PARAMETRIC_REPRESENTATION_CONTEXT() REPRESENTATION_CONTEXT('2D SPACE',''
  ) );
#1841 = ORIENTED_EDGE('',*,*,#1483,.T.);
#1842 = ORIENTED_EDGE('',*,*,#1821,.T.);
#1843 = ADVANCED_FACE('',(#1844),#1693,.F.);
#1844 = FACE_BOUND('',#1845,.F.);
#1845 = EDGE_LOOP('',(#1846,#1869,#1897,#1918));
#1846 = ORIENTED_EDGE('',*,*,#1847,.F.);
#1847 = EDGE_CURVE('',#1848,#1676,#1850,.T.);
#1848 = VERTEX_POINT('',#1849);
#1849 = CARTESIAN_POINT('',(-175.,-175.,0.));
#1850 = SURFACE_CURVE('',#1851,(#1855,#1862),.PCURVE_S1.);
#1851 = LINE('',#1852,#1853);
#1852 = CARTESIAN_POINT('',(-175.,-175.,0.));
#1853 = VECTOR('',#1854,1.);
#1854 = DIRECTION('',(0.,0.,1.));
#1855 = PCURVE('',#1693,#1856);
#1856 = DEFINITIONAL_REPRESENTATION('',(#1857),#1861);
#1857 = LINE('',#1858,#1859);
#1858 = CARTESIAN_POINT('',(0.,0.));
#1859 = VECTOR('',#1860,1.);
#1860 = DIRECTION('',(1.,0.));
#1861 = ( GEOMETRIC_REPRESENTATION_CONTEXT(2) 
PARAMETRIC_REPRESENTATION_CONTEXT() REPRESENTATION_CONTEXT('2D SPACE',''
  ) );
#1862 = PCURVE('',#1721,#1863);
#1863 = DEFINITIONAL_REPRESENTATION('',(#1864),#1868);
#1864 = LINE('',#1865,#1866);
#1865 = CARTESIAN_POINT('',(0.,0.));
#1866 = VECTOR('',#1867,1.);
#1867 = DIRECTION('',(1.,0.));
#1868 = ( GEOMETRIC_REPRESENTATION_CONTEXT(2) 
PARAMETRIC_REPRESENTATION_CONTEXT() REPRESENTATION_CONTEXT('2D SPACE',''
  ) );
#1869 = ORIENTED_EDGE('',*,*,#1870,.T.);
#1870 = EDGE_CURVE('',#1848,#1871,#1873,.T.);
#1871 = VERTEX_POINT('',#1872);
#1872 = CARTESIAN_POINT('',(-175.,175.,0.));
#1873 = SURFACE_CURVE('',#1874,(#1878,#1885),.PCURVE_S1.);
#1874 = LINE('',#1875,#1876);
#1875 = CARTESIAN_POINT('',(-175.,-175.,0.));
#1876 = VECTOR('',#1877,1.);
#1877 = DIRECTION('',(-0.,1.,0.));
#1878 = PCURVE('',#1693,#1879);
#1879 = DEFINITIONAL_REPRESENTATION('',(#1880),#1884);
#1880 = LINE('',#1881,#1882);
#1881 = CARTESIAN_POINT('',(0.,0.));
#1882 = VECTOR('',#1883,1.);
#1883 = DIRECTION('',(0.,-1.));
#1884 = ( GEOMETRIC_REPRESENTATION_CONTEXT(2) 
PARAMETRIC_REPRESENTATION_CONTEXT() REPRESENTATION_CONTEXT('2D SPACE',''
  ) );
#1885 = PCURVE('',#1886,#1891);
#1886 = PLANE('',#1887);
#1887 = AXIS2_PLACEMENT_3D('',#1888,#1889,#1890);
#1888 = CARTESIAN_POINT('',(-175.,-175.,0.));
#1889 = DIRECTION('',(0.,0.,1.));
#1890 = DIRECTION('',(1.,0.,-0.));
#1891 = DEFINITIONAL_REPRESENTATION('',(#1892),#1896);
#1892 = LINE('',#1893,#1894);
#1893 = CARTESIAN_POINT('',(0.,0.));
#1894 = VECTOR('',#1895,1.);
#1895 = DIRECTION('',(0.,1.));
#1896 = ( GEOMETRIC_REPRESENTATION_CONTEXT(2) 
PARAMETRIC_REPRESENTATION_CONTEXT() REPRESENTATION_CONTEXT('2D SPACE',''
  ) );
#1897 = ORIENTED_EDGE('',*,*,#1898,.T.);
#1898 = EDGE_CURVE('',#1871,#1678,#1899,.T.);
#1899 = SURFACE_CURVE('',#1900,(#1904,#1911),.PCURVE_S1.);
#1900 = LINE('',#1901,#1902);
#1901 = CARTESIAN_POINT('',(-175.,175.,0.));
#1902 = VECTOR('',#1903,1.);
#1903 = DIRECTION('',(0.,0.,1.));
#1904 = PCURVE('',#1693,#1905);
#1905 = DEFINITIONAL_REPRESENTATION('',(#1906),#1910);
#1906 = LINE('',#1907,#1908);
#1907 = CARTESIAN_POINT('',(0.,-350.));
#1908 = VECTOR('',#1909,1.);
#1909 = DIRECTION('',(1.,0.));
#1910 = ( GEOMETRIC_REPRESENTATION_CONTEXT(2) 
PARAMETRIC_REPRESENTATION_CONTEXT() REPRESENTATION_CONTEXT('2D SPACE',''
  ) );
#1911 = PCURVE('',#1775,#1912);
#1912 = DEFINITIONAL_REPRESENTATION('',(#1913),#1917);
#1913 = LINE('',#1914,#1915);
#1914 = CARTESIAN_POINT('',(0.,0.));
#1915 = VECTOR('',#1916,1.);
#1916 = DIRECTION('',(1.,0.));
#1917 = ( GEOMETRIC_REPRESENTATION_CONTEXT(2) 
PARAMETRIC_REPRESENTATION_CONTEXT() REPRESENTATION_CONTEXT('2D SPACE',''
  ) );
#1918 = ORIENTED_EDGE('',*,*,#1675,.F.);
#1919 = ADVANCED_FACE('',(#1920),#1775,.T.);
#1920 = FACE_BOUND('',#1921,.T.);
#1921 = EDGE_LOOP('',(#1922,#1945,#1946,#1947));
#1922 = ORIENTED_EDGE('',*,*,#1923,.F.);
#1923 = EDGE_CURVE('',#1871,#1924,#1926,.T.);
#1924 = VERTEX_POINT('',#1925);
#1925 = CARTESIAN_POINT('',(175.,175.,0.));
#1926 = SURFACE_CURVE('',#1927,(#1931,#1938),.PCURVE_S1.);
#1927 = LINE('',#1928,#1929);
#1928 = CARTESIAN_POINT('',(-175.,175.,0.));
#1929 = VECTOR('',#1930,1.);
#1930 = DIRECTION('',(1.,0.,-0.));
#1931 = PCURVE('',#1775,#1932);
#1932 = DEFINITIONAL_REPRESENTATION('',(#1933),#1937);
#1933 = LINE('',#1934,#1935);
#1934 = CARTESIAN_POINT('',(0.,0.));
#1935 = VECTOR('',#1936,1.);
#1936 = DIRECTION('',(0.,1.));
#1937 = ( GEOMETRIC_REPRESENTATION_CONTEXT(2) 
PARAMETRIC_REPRESENTATION_CONTEXT() REPRESENTATION_CONTEXT('2D SPACE',''
  ) );
#1938 = PCURVE('',#1886,#1939);
#1939 = DEFINITIONAL_REPRESENTATION('',(#1940),#1944);
#1940 = LINE('',#1941,#1942);
#1941 = CARTESIAN_POINT('',(0.,350.));
#1942 = VECTOR('',#1943,1.);
#1943 = DIRECTION('',(1.,0.));
#1944 = ( GEOMETRIC_REPRESENTATION_CONTEXT(2) 
PARAMETRIC_REPRESENTATION_CONTEXT() REPRESENTATION_CONTEXT('2D SPACE',''
  ) );
#1945 = ORIENTED_EDGE('',*,*,#1898,.T.);
#1946 = ORIENTED_EDGE('',*,*,#1761,.T.);
#1947 = ORIENTED_EDGE('',*,*,#1948,.F.);
#1948 = EDGE_CURVE('',#1924,#1734,#1949,.T.);
#1949 = SURFACE_CURVE('',#1950,(#1954,#1961),.PCURVE_S1.);
#1950 = LINE('',#1951,#1952);
#1951 = CARTESIAN_POINT('',(175.,175.,0.));
#1952 = VECTOR('',#1953,1.);
#1953 = DIRECTION('',(0.,0.,1.));
#1954 = PCURVE('',#1775,#1955);
#1955 = DEFINITIONAL_REPRESENTATION('',(#1956),#1960);
#1956 = LINE('',#1957,#1958);
#1957 = CARTESIAN_POINT('',(0.,350.));
#1958 = VECTOR('',#1959,1.);
#1959 = DIRECTION('',(1.,0.));
#1960 = ( GEOMETRIC_REPRESENTATION_CONTEXT(2) 
PARAMETRIC_REPRESENTATION_CONTEXT() REPRESENTATION_CONTEXT('2D SPACE',''
  ) );
#1961 = PCURVE('',#1749,#1962);
#1962 = DEFINITIONAL_REPRESENTATION('',(#1963),#1967);
#1963 = LINE('',#1964,#1965);
#1964 = CARTESIAN_POINT('',(0.,-350.));
#1965 = VECTOR('',#1966,1.);
#1966 = DIRECTION('',(1.,0.));
#1967 = ( GEOMETRIC_REPRESENTATION_CONTEXT(2) 
PARAMETRIC_REPRESENTATION_CONTEXT() REPRESENTATION_CONTEXT('2D SPACE',''
  ) );
#1968 = ADVANCED_FACE('',(#1969),#1721,.F.);
#1969 = FACE_BOUND('',#1970,.F.);
#1970 = EDGE_LOOP('',(#1971,#1994,#1995,#1996));
#1971 = ORIENTED_EDGE('',*,*,#1972,.F.);
#1972 = EDGE_CURVE('',#1848,#1973,#1975,.T.);
#1973 = VERTEX_POINT('',#1974);
#1974 = CARTESIAN_POINT('',(175.,-175.,0.));
#1975 = SURFACE_CURVE('',#1976,(#1980,#1987),.PCURVE_S1.);
#1976 = LINE('',#1977,#1978);
#1977 = CARTESIAN_POINT('',(-175.,-175.,0.));
#1978 = VECTOR('',#1979,1.);
#1979 = DIRECTION('',(1.,0.,-0.));
#1980 = PCURVE('',#1721,#1981);
#1981 = DEFINITIONAL_REPRESENTATION('',(#1982),#1986);
#1982 = LINE('',#1983,#1984);
#1983 = CARTESIAN_POINT('',(0.,0.));
#1984 = VECTOR('',#1985,1.);
#1985 = DIRECTION('',(0.,1.));
#1986 = ( GEOMETRIC_REPRESENTATION_CONTEXT(2) 
PARAMETRIC_REPRESENTATION_CONTEXT() REPRESENTATION_CONTEXT('2D SPACE',''
  ) );
#1987 = PCURVE('',#1886,#1988);
#1988 = DEFINITIONAL_REPRESENTATION('',(#1989),#1993);
#1989 = LINE('',#1990,#1991);
#1990 = CARTESIAN_POINT('',(0.,0.));
#1991 = VECTOR('',#1992,1.);
#1992 = DIRECTION('',(1.,0.));
#1993 = ( GEOMETRIC_REPRESENTATION_CONTEXT(2) 
PARAMETRIC_REPRESENTATION_CONTEXT() REPRESENTATION_CONTEXT('2D SPACE',''
  ) );
#1994 = ORIENTED_EDGE('',*,*,#1847,.T.);
#1995 = ORIENTED_EDGE('',*,*,#1705,.T.);
#1996 = ORIENTED_EDGE('',*,*,#1997,.F.);
#1997 = EDGE_CURVE('',#1973,#1706,#1998,.T.);
#1998 = SURFACE_CURVE('',#1999,(#2003,#2010),.PCURVE_S1.);
#1999 = LINE('',#2000,#2001);
#2000 = CARTESIAN_POINT('',(175.,-175.,0.));
#2001 = VECTOR('',#2002,1.);
#2002 = DIRECTION('',(0.,0.,1.));
#2003 = PCURVE('',#1721,#2004);
#2004 = DEFINITIONAL_REPRESENTATION('',(#2005),#2009);
#2005 = LINE('',#2006,#2007);
#2006 = CARTESIAN_POINT('',(0.,350.));
#2007 = VECTOR('',#2008,1.);
#2008 = DIRECTION('',(1.,0.));
#2009 = ( GEOMETRIC_REPRESENTATION_CONTEXT(2) 
PARAMETRIC_REPRESENTATION_CONTEXT() REPRESENTATION_CONTEXT('2D SPACE',''
  ) );
#2010 = PCURVE('',#1749,#2011);
#2011 = DEFINITIONAL_REPRESENTATION('',(#2012),#2016);
#2012 = LINE('',#2013,#2014);
#2013 = CARTESIAN_POINT('',(0.,0.));
#2014 = VECTOR('',#2015,1.);
#2015 = DIRECTION('',(1.,0.));
#2016 = ( GEOMETRIC_REPRESENTATION_CONTEXT(2) 
PARAMETRIC_REPRESENTATION_CONTEXT() REPRESENTATION_CONTEXT('2D SPACE',''
  ) );
#2017 = ADVANCED_FACE('',(#2018),#1749,.T.);
#2018 = FACE_BOUND('',#2019,.T.);
#2019 = EDGE_LOOP('',(#2020,#2021,#2042,#2043));
#2020 = ORIENTED_EDGE('',*,*,#1997,.F.);
#2021 = ORIENTED_EDGE('',*,*,#2022,.T.);
#2022 = EDGE_CURVE('',#1973,#1924,#2023,.T.);
#2023 = SURFACE_CURVE('',#2024,(#2028,#2035),.PCURVE_S1.);
#2024 = LINE('',#2025,#2026);
#2025 = CARTESIAN_POINT('',(175.,-175.,0.));
#2026 = VECTOR('',#2027,1.);
#2027 = DIRECTION('',(-0.,1.,0.));
#2028 = PCURVE('',#1749,#2029);
#2029 = DEFINITIONAL_REPRESENTATION('',(#2030),#2034);
#2030 = LINE('',#2031,#2032);
#2031 = CARTESIAN_POINT('',(0.,0.));
#2032 = VECTOR('',#2033,1.);
#2033 = DIRECTION('',(0.,-1.));
#2034 = ( GEOMETRIC_REPRESENTATION_CONTEXT(2) 
PARAMETRIC_REPRESENTATION_CONTEXT() REPRESENTATION_CONTEXT('2D SPACE',''
  ) );
#2035 = PCURVE('',#1886,#2036);
#2036 = DEFINITIONAL_REPRESENTATION('',(#2037),#2041);
#2037 = LINE('',#2038,#2039);
#2038 = CARTESIAN_POINT('',(350.,0.));
#2039 = VECTOR('',#2040,1.);
#2040 = DIRECTION('',(0.,1.));
#2041 = ( GEOMETRIC_REPRESENTATION_CONTEXT(2) 
PARAMETRIC_REPRESENTATION_CONTEXT() REPRESENTATION_CONTEXT('2D SPACE',''
  ) );
#2042 = ORIENTED_EDGE('',*,*,#1948,.T.);
#2043 = ORIENTED_EDGE('',*,*,#1733,.F.);
#2044 = ADVANCED_FACE('',(#2045,#2051),#1886,.F.);
#2045 = FACE_BOUND('',#2046,.F.);
#2046 = EDGE_LOOP('',(#2047,#2048,#2049,#2050));
#2047 = ORIENTED_EDGE('',*,*,#1870,.F.);
#2048 = ORIENTED_EDGE('',*,*,#1972,.T.);
#2049 = ORIENTED_EDGE('',*,*,#2022,.T.);
#2050 = ORIENTED_EDGE('',*,*,#1923,.F.);
#2051 = FACE_BOUND('',#2052,.F.);
#2052 = EDGE_LOOP('',(#2053));
#2053 = ORIENTED_EDGE('',*,*,#2054,.F.);
#2054 = EDGE_CURVE('',#2055,#2055,#2057,.T.);
#2055 = VERTEX_POINT('',#2056);
#2056 = CARTESIAN_POINT('',(10.,-2.449293598295E-15,0.));
#2057 = SURFACE_CURVE('',#2058,(#2063,#2070),.PCURVE_S1.);
#2058 = CIRCLE('',#2059,10.);
#2059 = AXIS2_PLACEMENT_3D('',#2060,#2061,#2062);
#2060 = CARTESIAN_POINT('',(0.,0.,0.));
#2061 = DIRECTION('',(0.,0.,1.));
#2062 = DIRECTION('',(1.,0.,-0.));
#2063 = PCURVE('',#1886,#2064);
#2064 = DEFINITIONAL_REPRESENTATION('',(#2065),#2069);
#2065 = CIRCLE('',#2066,10.);
#2066 = AXIS2_PLACEMENT_2D('',#2067,#2068);
#2067 = CARTESIAN_POINT('',(175.,175.));
#2068 = DIRECTION('',(1.,0.));
#2069 = ( GEOMETRIC_REPRESENTATION_CONTEXT(2) 
PARAMETRIC_REPRESENTATION_CONTEXT() REPRESENTATION_CONTEXT('2D SPACE',''
  ) );
#2070 = PCURVE('',#2071,#2076);
#2071 = CYLINDRICAL_SURFACE('',#2072,10.);
#2072 = AXIS2_PLACEMENT_3D('',#2073,#2074,#2075);
#2073 = CARTESIAN_POINT('',(0.,0.,-360.));
#2074 = DIRECTION('',(0.,0.,1.));
#2075 = DIRECTION('',(1.,0.,-0.));
#2076 = DEFINITIONAL_REPRESENTATION('',(#2077),#2081);
#2077 = LINE('',#2078,#2079);
#2078 = CARTESIAN_POINT('',(0.,360.));
#2079 = VECTOR('',#2080,1.);
#2080 = DIRECTION('',(1.,0.));
#2081 = ( GEOMETRIC_REPRESENTATION_CONTEXT(2) 
PARAMETRIC_REPRESENTATION_CONTEXT() REPRESENTATION_CONTEXT('2D SPACE',''
  ) );
#2082 = ADVANCED_FACE('',(#2083),#2071,.T.);
#2083 = FACE_BOUND('',#2084,.T.);
#2084 = EDGE_LOOP('',(#2085,#2086,#2109,#2135));
#2085 = ORIENTED_EDGE('',*,*,#2054,.F.);
#2086 = ORIENTED_EDGE('',*,*,#2087,.F.);
#2087 = EDGE_CURVE('',#2088,#2055,#2090,.T.);
#2088 = VERTEX_POINT('',#2089);
#2089 = CARTESIAN_POINT('',(10.,-2.449293598295E-15,-360.));
#2090 = SEAM_CURVE('',#2091,(#2095,#2102),.PCURVE_S1.);
#2091 = LINE('',#2092,#2093);
#2092 = CARTESIAN_POINT('',(10.,-2.449293598295E-15,-360.));
#2093 = VECTOR('',#2094,1.);
#2094 = DIRECTION('',(0.,0.,1.));
#2095 = PCURVE('',#2071,#2096);
#2096 = DEFINITIONAL_REPRESENTATION('',(#2097),#2101);
#2097 = LINE('',#2098,#2099);
#2098 = CARTESIAN_POINT('',(6.28318530718,-0.));
#2099 = VECTOR('',#2100,1.);
#2100 = DIRECTION('',(0.,1.));
#2101 = ( GEOMETRIC_REPRESENTATION_CONTEXT(2) 
PARAMETRIC_REPRESENTATION_CONTEXT() REPRESENTATION_CONTEXT('2D SPACE',''
  ) );
#2102 = PCURVE('',#2071,#2103);
#2103 = DEFINITIONAL_REPRESENTATION('',(#2104),#2108);
#2104 = LINE('',#2105,#2106);
#2105 = CARTESIAN_POINT('',(0.,-0.));
#2106 = VECTOR('',#2107,1.);
#2107 = DIRECTION('',(0.,1.));
#2108 = ( GEOMETRIC_REPRESENTATION_CONTEXT(2) 
PARAMETRIC_REPRESENTATION_CONTEXT() REPRESENTATION_CONTEXT('2D SPACE',''
  ) );
#2109 = ORIENTED_EDGE('',*,*,#2110,.T.);
#2110 = EDGE_CURVE('',#2088,#2088,#2111,.T.);
#2111 = SURFACE_CURVE('',#2112,(#2117,#2124),.PCURVE_S1.);
#2112 = CIRCLE('',#2113,10.);
#2113 = AXIS2_PLACEMENT_3D('',#2114,#2115,#2116);
#2114 = CARTESIAN_POINT('',(0.,0.,-360.));
#2115 = DIRECTION('',(0.,0.,1.));
#2116 = DIRECTION('',(1.,0.,-0.));
#2117 = PCURVE('',#2071,#2118);
#2118 = DEFINITIONAL_REPRESENTATION('',(#2119),#2123);
#2119 = LINE('',#2120,#2121);
#2120 = CARTESIAN_POINT('',(0.,0.));
#2121 = VECTOR('',#2122,1.);
#2122 = DIRECTION('',(1.,0.));
#2123 = ( GEOMETRIC_REPRESENTATION_CONTEXT(2) 
PARAMETRIC_REPRESENTATION_CONTEXT() REPRESENTATION_CONTEXT('2D SPACE',''
  ) );
#2124 = PCURVE('',#2125,#2130);
#2125 = CONICAL_SURFACE('',#2126,1.,0.221314442348);
#2126 = AXIS2_PLACEMENT_3D('',#2127,#2128,#2129);
#2127 = CARTESIAN_POINT('',(0.,0.,-400.));
#2128 = DIRECTION('',(0.,0.,1.));
#2129 = DIRECTION('',(1.,0.,-0.));
#2130 = DEFINITIONAL_REPRESENTATION('',(#2131),#2134);
#2131 = B_SPLINE_CURVE_WITH_KNOTS('',1,(#2132,#2133),.UNSPECIFIED.,.F.,
  .F.,(2,2),(0.,6.28318530718),.PIECEWISE_BEZIER_KNOTS.);
#2132 = CARTESIAN_POINT('',(0.,40.));
#2133 = CARTESIAN_POINT('',(6.28318530718,40.));
#2134 = ( GEOMETRIC_REPRESENTATION_CONTEXT(2) 
PARAMETRIC_REPRESENTATION_CONTEXT() REPRESENTATION_CONTEXT('2D SPACE',''
  ) );
#2135 = ORIENTED_EDGE('',*,*,#2087,.T.);
#2136 = ADVANCED_FACE('',(#2137),#2125,.T.);
#2137 = FACE_BOUND('',#2138,.T.);
#2138 = EDGE_LOOP('',(#2139,#2140,#2163,#2190));
#2139 = ORIENTED_EDGE('',*,*,#2110,.F.);
#2140 = ORIENTED_EDGE('',*,*,#2141,.F.);
#2141 = EDGE_CURVE('',#2142,#2088,#2144,.T.);
#2142 = VERTEX_POINT('',#2143);
#2143 = CARTESIAN_POINT('',(1.,-2.449293598295E-16,-400.));
#2144 = SEAM_CURVE('',#2145,(#2149,#2156),.PCURVE_S1.);
#2145 = LINE('',#2146,#2147);
#2146 = CARTESIAN_POINT('',(1.,-2.449293598295E-16,-400.));
#2147 = VECTOR('',#2148,1.);
#2148 = DIRECTION('',(0.219512195122,-5.376498142598E-17,0.975609756098)
  );
#2149 = PCURVE('',#2125,#2150);
#2150 = DEFINITIONAL_REPRESENTATION('',(#2151),#2155);
#2151 = LINE('',#2152,#2153);
#2152 = CARTESIAN_POINT('',(6.28318530718,-0.));
#2153 = VECTOR('',#2154,1.);
#2154 = DIRECTION('',(0.,1.));
#2155 = ( GEOMETRIC_REPRESENTATION_CONTEXT(2) 
PARAMETRIC_REPRESENTATION_CONTEXT() REPRESENTATION_CONTEXT('2D SPACE',''
  ) );
#2156 = PCURVE('',#2125,#2157);
#2157 = DEFINITIONAL_REPRESENTATION('',(#2158),#2162);
#2158 = LINE('',#2159,#2160);
#2159 = CARTESIAN_POINT('',(0.,-0.));
#2160 = VECTOR('',#2161,1.);
#2161 = DIRECTION('',(0.,1.));
#2162 = ( GEOMETRIC_REPRESENTATION_CONTEXT(2) 
PARAMETRIC_REPRESENTATION_CONTEXT() REPRESENTATION_CONTEXT('2D SPACE',''
  ) );
#2163 = ORIENTED_EDGE('',*,*,#2164,.T.);
#2164 = EDGE_CURVE('',#2142,#2142,#2165,.T.);
#2165 = SURFACE_CURVE('',#2166,(#2171,#2178),.PCURVE_S1.);
#2166 = CIRCLE('',#2167,1.);
#2167 = AXIS2_PLACEMENT_3D('',#2168,#2169,#2170);
#2168 = CARTESIAN_POINT('',(0.,0.,-400.));
#2169 = DIRECTION('',(0.,0.,1.));
#2170 = DIRECTION('',(1.,0.,-0.));
#2171 = PCURVE('',#2125,#2172);
#2172 = DEFINITIONAL_REPRESENTATION('',(#2173),#2177);
#2173 = LINE('',#2174,#2175);
#2174 = CARTESIAN_POINT('',(0.,0.));
#2175 = VECTOR('',#2176,1.);
#2176 = DIRECTION('',(1.,0.));
#2177 = ( GEOMETRIC_REPRESENTATION_CONTEXT(2) 
PARAMETRIC_REPRESENTATION_CONTEXT() REPRESENTATION_CONTEXT('2D SPACE',''
  ) );
#2178 = PCURVE('',#2179,#2184);
#2179 = PLANE('',#2180);
#2180 = AXIS2_PLACEMENT_3D('',#2181,#2182,#2183);
#2181 = CARTESIAN_POINT('',(0.,0.,-400.));
#2182 = DIRECTION('',(0.,0.,1.));
#2183 = DIRECTION('',(1.,0.,-0.));
#2184 = DEFINITIONAL_REPRESENTATION('',(#2185),#2189);
#2185 = CIRCLE('',#2186,1.);
#2186 = AXIS2_PLACEMENT_2D('',#2187,#2188);
#2187 = CARTESIAN_POINT('',(0.,0.));
#2188 = DIRECTION('',(1.,0.));
#2189 = ( GEOMETRIC_REPRESENTATION_CONTEXT(2) 
PARAMETRIC_REPRESENTATION_CONTEXT() REPRESENTATION_CONTEXT('2D SPACE',''
  ) );
#2190 = ORIENTED_EDGE('',*,*,#2141,.T.);
#2191 = ADVANCED_FACE('',(#2192),#2179,.F.);
#2192 = FACE_BOUND('',#2193,.T.);
#2193 = EDGE_LOOP('',(#2194));
#2194 = ORIENTED_EDGE('',*,*,#2164,.F.);
#2195 = ORIENTED_CLOSED_SHELL('',*,#2196,.F.);
#2196 = CLOSED_SHELL('',(#2197,#2234,#2289));
#2197 = ADVANCED_FACE('',(#2198),#2211,.T.);
#2198 = FACE_BOUND('',#2199,.T.);
#2199 = EDGE_LOOP('',(#2200));
#2200 = ORIENTED_EDGE('',*,*,#2201,.T.);
#2201 = EDGE_CURVE('',#2202,#2202,#2204,.T.);
#2202 = VERTEX_POINT('',#2203);
#2203 = CARTESIAN_POINT('',(20.95,-5.131270088427E-15,1.E+03));
#2204 = SURFACE_CURVE('',#2205,(#2210,#2222),.PCURVE_S1.);
#2205 = CIRCLE('',#2206,20.95);
#2206 = AXIS2_PLACEMENT_3D('',#2207,#2208,#2209);
#2207 = CARTESIAN_POINT('',(0.,0.,1.E+03));
#2208 = DIRECTION('',(0.,0.,1.));
#2209 = DIRECTION('',(1.,0.,-0.));
#2210 = PCURVE('',#2211,#2216);
#2211 = PLANE('',#2212);
#2212 = AXIS2_PLACEMENT_3D('',#2213,#2214,#2215);
#2213 = CARTESIAN_POINT('',(0.,0.,1.E+03));
#2214 = DIRECTION('',(0.,0.,1.));
#2215 = DIRECTION('',(1.,0.,-0.));
#2216 = DEFINITIONAL_REPRESENTATION('',(#2217),#2221);
#2217 = CIRCLE('',#2218,20.95);
#2218 = AXIS2_PLACEMENT_2D('',#2219,#2220);
#2219 = CARTESIAN_POINT('',(0.,0.));
#2220 = DIRECTION('',(1.,0.));
#2221 = ( GEOMETRIC_REPRESENTATION_CONTEXT(2) 
PARAMETRIC_REPRESENTATION_CONTEXT() REPRESENTATION_CONTEXT('2D SPACE',''
  ) );
#2222 = PCURVE('',#2223,#2228);
#2223 = CYLINDRICAL_SURFACE('',#2224,20.95);
#2224 = AXIS2_PLACEMENT_3D('',#2225,#2226,#2227);
#2225 = CARTESIAN_POINT('',(0.,0.,7.));
#2226 = DIRECTION('',(0.,0.,1.));
#2227 = DIRECTION('',(1.,0.,-0.));
#2228 = DEFINITIONAL_REPRESENTATION('',(#2229),#2233);
#2229 = LINE('',#2230,#2231);
#2230 = CARTESIAN_POINT('',(0.,993.));
#2231 = VECTOR('',#2232,1.);
#2232 = DIRECTION('',(1.,0.));
#2233 = ( GEOMETRIC_REPRESENTATION_CONTEXT(2) 
PARAMETRIC_REPRESENTATION_CONTEXT() REPRESENTATION_CONTEXT('2D SPACE',''
  ) );
#2234 = ADVANCED_FACE('',(#2235),#2223,.T.);
#2235 = FACE_BOUND('',#2236,.T.);
#2236 = EDGE_LOOP('',(#2237,#2238,#2261,#2288));
#2237 = ORIENTED_EDGE('',*,*,#2201,.F.);
#2238 = ORIENTED_EDGE('',*,*,#2239,.F.);
#2239 = EDGE_CURVE('',#2240,#2202,#2242,.T.);
#2240 = VERTEX_POINT('',#2241);
#2241 = CARTESIAN_POINT('',(20.95,-5.131270088427E-15,8.));
#2242 = SEAM_CURVE('',#2243,(#2247,#2254),.PCURVE_S1.);
#2243 = LINE('',#2244,#2245);
#2244 = CARTESIAN_POINT('',(20.95,-5.131270088427E-15,7.));
#2245 = VECTOR('',#2246,1.);
#2246 = DIRECTION('',(0.,0.,1.));
#2247 = PCURVE('',#2223,#2248);
#2248 = DEFINITIONAL_REPRESENTATION('',(#2249),#2253);
#2249 = LINE('',#2250,#2251);
#2250 = CARTESIAN_POINT('',(6.28318530718,-0.));
#2251 = VECTOR('',#2252,1.);
#2252 = DIRECTION('',(0.,1.));
#2253 = ( GEOMETRIC_REPRESENTATION_CONTEXT(2) 
PARAMETRIC_REPRESENTATION_CONTEXT() REPRESENTATION_CONTEXT('2D SPACE',''
  ) );
#2254 = PCURVE('',#2223,#2255);
#2255 = DEFINITIONAL_REPRESENTATION('',(#2256),#2260);
#2256 = LINE('',#2257,#2258);
#2257 = CARTESIAN_POINT('',(0.,-0.));
#2258 = VECTOR('',#2259,1.);
#2259 = DIRECTION('',(0.,1.));
#2260 = ( GEOMETRIC_REPRESENTATION_CONTEXT(2) 
PARAMETRIC_REPRESENTATION_CONTEXT() REPRESENTATION_CONTEXT('2D SPACE',''
  ) );
#2261 = ORIENTED_EDGE('',*,*,#2262,.T.);
#2262 = EDGE_CURVE('',#2240,#2240,#2263,.T.);
#2263 = SURFACE_CURVE('',#2264,(#2269,#2276),.PCURVE_S1.);
#2264 = CIRCLE('',#2265,20.95);
#2265 = AXIS2_PLACEMENT_3D('',#2266,#2267,#2268);
#2266 = CARTESIAN_POINT('',(0.,0.,8.));
#2267 = DIRECTION('',(0.,0.,1.));
#2268 = DIRECTION('',(1.,0.,-0.));
#2269 = PCURVE('',#2223,#2270);
#2270 = DEFINITIONAL_REPRESENTATION('',(#2271),#2275);
#2271 = LINE('',#2272,#2273);
#2272 = CARTESIAN_POINT('',(0.,1.));
#2273 = VECTOR('',#2274,1.);
#2274 = DIRECTION('',(1.,0.));
#2275 = ( GEOMETRIC_REPRESENTATION_CONTEXT(2) 
PARAMETRIC_REPRESENTATION_CONTEXT() REPRESENTATION_CONTEXT('2D SPACE',''
  ) );
#2276 = PCURVE('',#2277,#2282);
#2277 = PLANE('',#2278);
#2278 = AXIS2_PLACEMENT_3D('',#2279,#2280,#2281);
#2279 = CARTESIAN_POINT('',(-175.,-175.,8.));
#2280 = DIRECTION('',(0.,0.,1.));
#2281 = DIRECTION('',(1.,0.,-0.));
#2282 = DEFINITIONAL_REPRESENTATION('',(#2283),#2287);
#2283 = CIRCLE('',#2284,20.95);
#2284 = AXIS2_PLACEMENT_2D('',#2285,#2286);
#2285 = CARTESIAN_POINT('',(175.,175.));
#2286 = DIRECTION('',(1.,0.));
#2287 = ( GEOMETRIC_REPRESENTATION_CONTEXT(2) 
PARAMETRIC_REPRESENTATION_CONTEXT() REPRESENTATION_CONTEXT('2D SPACE',''
  ) );
#2288 = ORIENTED_EDGE('',*,*,#2239,.T.);
#2289 = ADVANCED_FACE('',(#2290),#2277,.F.);
#2290 = FACE_BOUND('',#2291,.F.);
#2291 = EDGE_LOOP('',(#2292));
#2292 = ORIENTED_EDGE('',*,*,#2262,.T.);
#2293 = MANIFOLD_SOLID_BREP('',#2294);
#2294 = CLOSED_SHELL('',(#2295,#2415,#2491,#2726,#2775,#2958,#2965,#2992
    ,#3019,#3046,#3073,#3100));
#2295 = ADVANCED_FACE('',(#2296),#2310,.F.);
#2296 = FACE_BOUND('',#2297,.F.);
#2297 = EDGE_LOOP('',(#2298,#2333,#2361,#2389));
#2298 = ORIENTED_EDGE('',*,*,#2299,.F.);
#2299 = EDGE_CURVE('',#2300,#2302,#2304,.T.);
#2300 = VERTEX_POINT('',#2301);
#2301 = CARTESIAN_POINT('',(-40.,-250.,842.));
#2302 = VERTEX_POINT('',#2303);
#2303 = CARTESIAN_POINT('',(-40.,-250.,850.));
#2304 = SURFACE_CURVE('',#2305,(#2309,#2321),.PCURVE_S1.);
#2305 = LINE('',#2306,#2307);
#2306 = CARTESIAN_POINT('',(-40.,-250.,842.));
#2307 = VECTOR('',#2308,1.);
#2308 = DIRECTION('',(0.,0.,1.));
#2309 = PCURVE('',#2310,#2315);
#2310 = PLANE('',#2311);
#2311 = AXIS2_PLACEMENT_3D('',#2312,#2313,#2314);
#2312 = CARTESIAN_POINT('',(-40.,-250.,842.));
#2313 = DIRECTION('',(1.,0.,-0.));
#2314 = DIRECTION('',(0.,0.,1.));
#2315 = DEFINITIONAL_REPRESENTATION('',(#2316),#2320);
#2316 = LINE('',#2317,#2318);
#2317 = CARTESIAN_POINT('',(0.,0.));
#2318 = VECTOR('',#2319,1.);
#2319 = DIRECTION('',(1.,0.));
#2320 = ( GEOMETRIC_REPRESENTATION_CONTEXT(2) 
PARAMETRIC_REPRESENTATION_CONTEXT() REPRESENTATION_CONTEXT('2D SPACE',''
  ) );
#2321 = PCURVE('',#2322,#2327);
#2322 = PLANE('',#2323);
#2323 = AXIS2_PLACEMENT_3D('',#2324,#2325,#2326);
#2324 = CARTESIAN_POINT('',(-40.,-250.,842.));
#2325 = DIRECTION('',(-0.,1.,0.));
#2326 = DIRECTION('',(0.,0.,1.));
#2327 = DEFINITIONAL_REPRESENTATION('',(#2328),#2332);
#2328 = LINE('',#2329,#2330);
#2329 = CARTESIAN_POINT('',(0.,0.));
#2330 = VECTOR('',#2331,1.);
#2331 = DIRECTION('',(1.,0.));
#2332 = ( GEOMETRIC_REPRESENTATION_CONTEXT(2) 
PARAMETRIC_REPRESENTATION_CONTEXT() REPRESENTATION_CONTEXT('2D SPACE',''
  ) );
#2333 = ORIENTED_EDGE('',*,*,#2334,.T.);
#2334 = EDGE_CURVE('',#2300,#2335,#2337,.T.);
#2335 = VERTEX_POINT('',#2336);
#2336 = CARTESIAN_POINT('',(-40.,250.,842.));
#2337 = SURFACE_CURVE('',#2338,(#2342,#2349),.PCURVE_S1.);
#2338 = LINE('',#2339,#2340);
#2339 = CARTESIAN_POINT('',(-40.,-250.,842.));
#2340 = VECTOR('',#2341,1.);
#2341 = DIRECTION('',(-0.,1.,0.));
#2342 = PCURVE('',#2310,#2343);
#2343 = DEFINITIONAL_REPRESENTATION('',(#2344),#2348);
#2344 = LINE('',#2345,#2346);
#2345 = CARTESIAN_POINT('',(0.,0.));
#2346 = VECTOR('',#2347,1.);
#2347 = DIRECTION('',(0.,-1.));
#2348 = ( GEOMETRIC_REPRESENTATION_CONTEXT(2) 
PARAMETRIC_REPRESENTATION_CONTEXT() REPRESENTATION_CONTEXT('2D SPACE',''
  ) );
#2349 = PCURVE('',#2350,#2355);
#2350 = PLANE('',#2351);
#2351 = AXIS2_PLACEMENT_3D('',#2352,#2353,#2354);
#2352 = CARTESIAN_POINT('',(-40.,-250.,842.));
#2353 = DIRECTION('',(0.,0.,1.));
#2354 = DIRECTION('',(1.,0.,-0.));
#2355 = DEFINITIONAL_REPRESENTATION('',(#2356),#2360);
#2356 = LINE('',#2357,#2358);
#2357 = CARTESIAN_POINT('',(0.,0.));
#2358 = VECTOR('',#2359,1.);
#2359 = DIRECTION('',(0.,1.));
#2360 = ( GEOMETRIC_REPRESENTATION_CONTEXT(2) 
PARAMETRIC_REPRESENTATION_CONTEXT() REPRESENTATION_CONTEXT('2D SPACE',''
  ) );
#2361 = ORIENTED_EDGE('',*,*,#2362,.T.);
#2362 = EDGE_CURVE('',#2335,#2363,#2365,.T.);
#2363 = VERTEX_POINT('',#2364);
#2364 = CARTESIAN_POINT('',(-40.,250.,850.));
#2365 = SURFACE_CURVE('',#2366,(#2370,#2377),.PCURVE_S1.);
#2366 = LINE('',#2367,#2368);
#2367 = CARTESIAN_POINT('',(-40.,250.,842.));
#2368 = VECTOR('',#2369,1.);
#2369 = DIRECTION('',(0.,0.,1.));
#2370 = PCURVE('',#2310,#2371);
#2371 = DEFINITIONAL_REPRESENTATION('',(#2372),#2376);
#2372 = LINE('',#2373,#2374);
#2373 = CARTESIAN_POINT('',(0.,-500.));
#2374 = VECTOR('',#2375,1.);
#2375 = DIRECTION('',(1.,0.));
#2376 = ( GEOMETRIC_REPRESENTATION_CONTEXT(2) 
PARAMETRIC_REPRESENTATION_CONTEXT() REPRESENTATION_CONTEXT('2D SPACE',''
  ) );
#2377 = PCURVE('',#2378,#2383);
#2378 = PLANE('',#2379);
#2379 = AXIS2_PLACEMENT_3D('',#2380,#2381,#2382);
#2380 = CARTESIAN_POINT('',(-40.,250.,842.));
#2381 = DIRECTION('',(-0.,1.,0.));
#2382 = DIRECTION('',(0.,0.,1.));
#2383 = DEFINITIONAL_REPRESENTATION('',(#2384),#2388);
#2384 = LINE('',#2385,#2386);
#2385 = CARTESIAN_POINT('',(0.,0.));
#2386 = VECTOR('',#2387,1.);
#2387 = DIRECTION('',(1.,0.));
#2388 = ( GEOMETRIC_REPRESENTATION_CONTEXT(2) 
PARAMETRIC_REPRESENTATION_CONTEXT() REPRESENTATION_CONTEXT('2D SPACE',''
  ) );
#2389 = ORIENTED_EDGE('',*,*,#2390,.F.);
#2390 = EDGE_CURVE('',#2302,#2363,#2391,.T.);
#2391 = SURFACE_CURVE('',#2392,(#2396,#2403),.PCURVE_S1.);
#2392 = LINE('',#2393,#2394);
#2393 = CARTESIAN_POINT('',(-40.,-250.,850.));
#2394 = VECTOR('',#2395,1.);
#2395 = DIRECTION('',(-0.,1.,0.));
#2396 = PCURVE('',#2310,#2397);
#2397 = DEFINITIONAL_REPRESENTATION('',(#2398),#2402);
#2398 = LINE('',#2399,#2400);
#2399 = CARTESIAN_POINT('',(8.,0.));
#2400 = VECTOR('',#2401,1.);
#2401 = DIRECTION('',(0.,-1.));
#2402 = ( GEOMETRIC_REPRESENTATION_CONTEXT(2) 
PARAMETRIC_REPRESENTATION_CONTEXT() REPRESENTATION_CONTEXT('2D SPACE',''
  ) );
#2403 = PCURVE('',#2404,#2409);
#2404 = PLANE('',#2405);
#2405 = AXIS2_PLACEMENT_3D('',#2406,#2407,#2408);
#2406 = CARTESIAN_POINT('',(-40.,-250.,850.));
#2407 = DIRECTION('',(0.,0.,1.));
#2408 = DIRECTION('',(1.,0.,-0.));
#2409 = DEFINITIONAL_REPRESENTATION('',(#2410),#2414);
#2410 = LINE('',#2411,#2412);
#2411 = CARTESIAN_POINT('',(0.,0.));
#2412 = VECTOR('',#2413,1.);
#2413 = DIRECTION('',(0.,1.));
#2414 = ( GEOMETRIC_REPRESENTATION_CONTEXT(2) 
PARAMETRIC_REPRESENTATION_CONTEXT() REPRESENTATION_CONTEXT('2D SPACE',''
  ) );
#2415 = ADVANCED_FACE('',(#2416),#2322,.F.);
#2416 = FACE_BOUND('',#2417,.F.);
#2417 = EDGE_LOOP('',(#2418,#2441,#2442,#2465));
#2418 = ORIENTED_EDGE('',*,*,#2419,.F.);
#2419 = EDGE_CURVE('',#2300,#2420,#2422,.T.);
#2420 = VERTEX_POINT('',#2421);
#2421 = CARTESIAN_POINT('',(90.,-250.,842.));
#2422 = SURFACE_CURVE('',#2423,(#2427,#2434),.PCURVE_S1.);
#2423 = LINE('',#2424,#2425);
#2424 = CARTESIAN_POINT('',(-40.,-250.,842.));
#2425 = VECTOR('',#2426,1.);
#2426 = DIRECTION('',(1.,0.,-0.));
#2427 = PCURVE('',#2322,#2428);
#2428 = DEFINITIONAL_REPRESENTATION('',(#2429),#2433);
#2429 = LINE('',#2430,#2431);
#2430 = CARTESIAN_POINT('',(0.,0.));
#2431 = VECTOR('',#2432,1.);
#2432 = DIRECTION('',(0.,1.));
#2433 = ( GEOMETRIC_REPRESENTATION_CONTEXT(2) 
PARAMETRIC_REPRESENTATION_CONTEXT() REPRESENTATION_CONTEXT('2D SPACE',''
  ) );
#2434 = PCURVE('',#2350,#2435);
#2435 = DEFINITIONAL_REPRESENTATION('',(#2436),#2440);
#2436 = LINE('',#2437,#2438);
#2437 = CARTESIAN_POINT('',(0.,0.));
#2438 = VECTOR('',#2439,1.);
#2439 = DIRECTION('',(1.,0.));
#2440 = ( GEOMETRIC_REPRESENTATION_CONTEXT(2) 
PARAMETRIC_REPRESENTATION_CONTEXT() REPRESENTATION_CONTEXT('2D SPACE',''
  ) );
#2441 = ORIENTED_EDGE('',*,*,#2299,.T.);
#2442 = ORIENTED_EDGE('',*,*,#2443,.T.);
#2443 = EDGE_CURVE('',#2302,#2444,#2446,.T.);
#2444 = VERTEX_POINT('',#2445);
#2445 = CARTESIAN_POINT('',(90.,-250.,850.));
#2446 = SURFACE_CURVE('',#2447,(#2451,#2458),.PCURVE_S1.);
#2447 = LINE('',#2448,#2449);
#2448 = CARTESIAN_POINT('',(-40.,-250.,850.));
#2449 = VECTOR('',#2450,1.);
#2450 = DIRECTION('',(1.,0.,-0.));
#2451 = PCURVE('',#2322,#2452);
#2452 = DEFINITIONAL_REPRESENTATION('',(#2453),#2457);
#2453 = LINE('',#2454,#2455);
#2454 = CARTESIAN_POINT('',(8.,0.));
#2455 = VECTOR('',#2456,1.);
#2456 = DIRECTION('',(0.,1.));
#2457 = ( GEOMETRIC_REPRESENTATION_CONTEXT(2) 
PARAMETRIC_REPRESENTATION_CONTEXT() REPRESENTATION_CONTEXT('2D SPACE',''
  ) );
#2458 = PCURVE('',#2404,#2459);
#2459 = DEFINITIONAL_REPRESENTATION('',(#2460),#2464);
#2460 = LINE('',#2461,#2462);
#2461 = CARTESIAN_POINT('',(0.,0.));
#2462 = VECTOR('',#2463,1.);
#2463 = DIRECTION('',(1.,0.));
#2464 = ( GEOMETRIC_REPRESENTATION_CONTEXT(2) 
PARAMETRIC_REPRESENTATION_CONTEXT() REPRESENTATION_CONTEXT('2D SPACE',''
  ) );
#2465 = ORIENTED_EDGE('',*,*,#2466,.F.);
#2466 = EDGE_CURVE('',#2420,#2444,#2467,.T.);
#2467 = SURFACE_CURVE('',#2468,(#2472,#2479),.PCURVE_S1.);
#2468 = LINE('',#2469,#2470);
#2469 = CARTESIAN_POINT('',(90.,-250.,842.));
#2470 = VECTOR('',#2471,1.);
#2471 = DIRECTION('',(0.,0.,1.));
#2472 = PCURVE('',#2322,#2473);
#2473 = DEFINITIONAL_REPRESENTATION('',(#2474),#2478);
#2474 = LINE('',#2475,#2476);
#2475 = CARTESIAN_POINT('',(0.,130.));
#2476 = VECTOR('',#2477,1.);
#2477 = DIRECTION('',(1.,0.));
#2478 = ( GEOMETRIC_REPRESENTATION_CONTEXT(2) 
PARAMETRIC_REPRESENTATION_CONTEXT() REPRESENTATION_CONTEXT('2D SPACE',''
  ) );
#2479 = PCURVE('',#2480,#2485);
#2480 = PLANE('',#2481);
#2481 = AXIS2_PLACEMENT_3D('',#2482,#2483,#2484);
#2482 = CARTESIAN_POINT('',(90.,-250.,842.));
#2483 = DIRECTION('',(1.,0.,-0.));
#2484 = DIRECTION('',(0.,0.,1.));
#2485 = DEFINITIONAL_REPRESENTATION('',(#2486),#2490);
#2486 = LINE('',#2487,#2488);
#2487 = CARTESIAN_POINT('',(0.,0.));
#2488 = VECTOR('',#2489,1.);
#2489 = DIRECTION('',(1.,0.));
#2490 = ( GEOMETRIC_REPRESENTATION_CONTEXT(2) 
PARAMETRIC_REPRESENTATION_CONTEXT() REPRESENTATION_CONTEXT('2D SPACE',''
  ) );
#2491 = ADVANCED_FACE('',(#2492,#2540,#2571,#2602,#2633,#2664,#2695),
  #2404,.T.);
#2492 = FACE_BOUND('',#2493,.T.);
#2493 = EDGE_LOOP('',(#2494,#2495,#2496,#2519));
#2494 = ORIENTED_EDGE('',*,*,#2390,.F.);
#2495 = ORIENTED_EDGE('',*,*,#2443,.T.);
#2496 = ORIENTED_EDGE('',*,*,#2497,.T.);
#2497 = EDGE_CURVE('',#2444,#2498,#2500,.T.);
#2498 = VERTEX_POINT('',#2499);
#2499 = CARTESIAN_POINT('',(90.,250.,850.));
#2500 = SURFACE_CURVE('',#2501,(#2505,#2512),.PCURVE_S1.);
#2501 = LINE('',#2502,#2503);
#2502 = CARTESIAN_POINT('',(90.,-250.,850.));
#2503 = VECTOR('',#2504,1.);
#2504 = DIRECTION('',(-0.,1.,0.));
#2505 = PCURVE('',#2404,#2506);
#2506 = DEFINITIONAL_REPRESENTATION('',(#2507),#2511);
#2507 = LINE('',#2508,#2509);
#2508 = CARTESIAN_POINT('',(130.,0.));
#2509 = VECTOR('',#2510,1.);
#2510 = DIRECTION('',(0.,1.));
#2511 = ( GEOMETRIC_REPRESENTATION_CONTEXT(2) 
PARAMETRIC_REPRESENTATION_CONTEXT() REPRESENTATION_CONTEXT('2D SPACE',''
  ) );
#2512 = PCURVE('',#2480,#2513);
#2513 = DEFINITIONAL_REPRESENTATION('',(#2514),#2518);
#2514 = LINE('',#2515,#2516);
#2515 = CARTESIAN_POINT('',(8.,0.));
#2516 = VECTOR('',#2517,1.);
#2517 = DIRECTION('',(0.,-1.));
#2518 = ( GEOMETRIC_REPRESENTATION_CONTEXT(2) 
PARAMETRIC_REPRESENTATION_CONTEXT() REPRESENTATION_CONTEXT('2D SPACE',''
  ) );
#2519 = ORIENTED_EDGE('',*,*,#2520,.F.);
#2520 = EDGE_CURVE('',#2363,#2498,#2521,.T.);
#2521 = SURFACE_CURVE('',#2522,(#2526,#2533),.PCURVE_S1.);
#2522 = LINE('',#2523,#2524);
#2523 = CARTESIAN_POINT('',(-40.,250.,850.));
#2524 = VECTOR('',#2525,1.);
#2525 = DIRECTION('',(1.,0.,-0.));
#2526 = PCURVE('',#2404,#2527);
#2527 = DEFINITIONAL_REPRESENTATION('',(#2528),#2532);
#2528 = LINE('',#2529,#2530);
#2529 = CARTESIAN_POINT('',(0.,500.));
#2530 = VECTOR('',#2531,1.);
#2531 = DIRECTION('',(1.,0.));
#2532 = ( GEOMETRIC_REPRESENTATION_CONTEXT(2) 
PARAMETRIC_REPRESENTATION_CONTEXT() REPRESENTATION_CONTEXT('2D SPACE',''
  ) );
#2533 = PCURVE('',#2378,#2534);
#2534 = DEFINITIONAL_REPRESENTATION('',(#2535),#2539);
#2535 = LINE('',#2536,#2537);
#2536 = CARTESIAN_POINT('',(8.,0.));
#2537 = VECTOR('',#2538,1.);
#2538 = DIRECTION('',(0.,1.));
#2539 = ( GEOMETRIC_REPRESENTATION_CONTEXT(2) 
PARAMETRIC_REPRESENTATION_CONTEXT() REPRESENTATION_CONTEXT('2D SPACE',''
  ) );
#2540 = FACE_BOUND('',#2541,.T.);
#2541 = EDGE_LOOP('',(#2542));
#2542 = ORIENTED_EDGE('',*,*,#2543,.F.);
#2543 = EDGE_CURVE('',#2544,#2544,#2546,.T.);
#2544 = VERTEX_POINT('',#2545);
#2545 = CARTESIAN_POINT('',(44.5,-230.,850.));
#2546 = SURFACE_CURVE('',#2547,(#2552,#2559),.PCURVE_S1.);
#2547 = CIRCLE('',#2548,4.5);
#2548 = AXIS2_PLACEMENT_3D('',#2549,#2550,#2551);
#2549 = CARTESIAN_POINT('',(40.,-230.,850.));
#2550 = DIRECTION('',(0.,0.,1.));
#2551 = DIRECTION('',(1.,0.,-0.));
#2552 = PCURVE('',#2404,#2553);
#2553 = DEFINITIONAL_REPRESENTATION('',(#2554),#2558);
#2554 = CIRCLE('',#2555,4.5);
#2555 = AXIS2_PLACEMENT_2D('',#2556,#2557);
#2556 = CARTESIAN_POINT('',(80.,20.));
#2557 = DIRECTION('',(1.,0.));
#2558 = ( GEOMETRIC_REPRESENTATION_CONTEXT(2) 
PARAMETRIC_REPRESENTATION_CONTEXT() REPRESENTATION_CONTEXT('2D SPACE',''
  ) );
#2559 = PCURVE('',#2560,#2565);
#2560 = CYLINDRICAL_SURFACE('',#2561,4.5);
#2561 = AXIS2_PLACEMENT_3D('',#2562,#2563,#2564);
#2562 = CARTESIAN_POINT('',(40.,-230.,841.));
#2563 = DIRECTION('',(0.,0.,1.));
#2564 = DIRECTION('',(1.,0.,-0.));
#2565 = DEFINITIONAL_REPRESENTATION('',(#2566),#2570);
#2566 = LINE('',#2567,#2568);
#2567 = CARTESIAN_POINT('',(0.,9.));
#2568 = VECTOR('',#2569,1.);
#2569 = DIRECTION('',(1.,0.));
#2570 = ( GEOMETRIC_REPRESENTATION_CONTEXT(2) 
PARAMETRIC_REPRESENTATION_CONTEXT() REPRESENTATION_CONTEXT('2D SPACE',''
  ) );
#2571 = FACE_BOUND('',#2572,.T.);
#2572 = EDGE_LOOP('',(#2573));
#2573 = ORIENTED_EDGE('',*,*,#2574,.F.);
#2574 = EDGE_CURVE('',#2575,#2575,#2577,.T.);
#2575 = VERTEX_POINT('',#2576);
#2576 = CARTESIAN_POINT('',(44.5,-170.,850.));
#2577 = SURFACE_CURVE('',#2578,(#2583,#2590),.PCURVE_S1.);
#2578 = CIRCLE('',#2579,4.5);
#2579 = AXIS2_PLACEMENT_3D('',#2580,#2581,#2582);
#2580 = CARTESIAN_POINT('',(40.,-170.,850.));
#2581 = DIRECTION('',(0.,0.,1.));
#2582 = DIRECTION('',(1.,0.,-0.));
#2583 = PCURVE('',#2404,#2584);
#2584 = DEFINITIONAL_REPRESENTATION('',(#2585),#2589);
#2585 = CIRCLE('',#2586,4.5);
#2586 = AXIS2_PLACEMENT_2D('',#2587,#2588);
#2587 = CARTESIAN_POINT('',(80.,80.));
#2588 = DIRECTION('',(1.,0.));
#2589 = ( GEOMETRIC_REPRESENTATION_CONTEXT(2) 
PARAMETRIC_REPRESENTATION_CONTEXT() REPRESENTATION_CONTEXT('2D SPACE',''
  ) );
#2590 = PCURVE('',#2591,#2596);
#2591 = CYLINDRICAL_SURFACE('',#2592,4.5);
#2592 = AXIS2_PLACEMENT_3D('',#2593,#2594,#2595);
#2593 = CARTESIAN_POINT('',(40.,-170.,841.));
#2594 = DIRECTION('',(0.,0.,1.));
#2595 = DIRECTION('',(1.,0.,-0.));
#2596 = DEFINITIONAL_REPRESENTATION('',(#2597),#2601);
#2597 = LINE('',#2598,#2599);
#2598 = CARTESIAN_POINT('',(0.,9.));
#2599 = VECTOR('',#2600,1.);
#2600 = DIRECTION('',(1.,0.));
#2601 = ( GEOMETRIC_REPRESENTATION_CONTEXT(2) 
PARAMETRIC_REPRESENTATION_CONTEXT() REPRESENTATION_CONTEXT('2D SPACE',''
  ) );
#2602 = FACE_BOUND('',#2603,.T.);
#2603 = EDGE_LOOP('',(#2604));
#2604 = ORIENTED_EDGE('',*,*,#2605,.F.);
#2605 = EDGE_CURVE('',#2606,#2606,#2608,.T.);
#2606 = VERTEX_POINT('',#2607);
#2607 = CARTESIAN_POINT('',(24.45,-5.988522847831E-15,850.));
#2608 = SURFACE_CURVE('',#2609,(#2614,#2621),.PCURVE_S1.);
#2609 = CIRCLE('',#2610,24.45);
#2610 = AXIS2_PLACEMENT_3D('',#2611,#2612,#2613);
#2611 = CARTESIAN_POINT('',(0.,0.,850.));
#2612 = DIRECTION('',(0.,0.,1.));
#2613 = DIRECTION('',(1.,0.,-0.));
#2614 = PCURVE('',#2404,#2615);
#2615 = DEFINITIONAL_REPRESENTATION('',(#2616),#2620);
#2616 = CIRCLE('',#2617,24.45);
#2617 = AXIS2_PLACEMENT_2D('',#2618,#2619);
#2618 = CARTESIAN_POINT('',(40.,250.));
#2619 = DIRECTION('',(1.,0.));
#2620 = ( GEOMETRIC_REPRESENTATION_CONTEXT(2) 
PARAMETRIC_REPRESENTATION_CONTEXT() REPRESENTATION_CONTEXT('2D SPACE',''
  ) );
#2621 = PCURVE('',#2622,#2627);
#2622 = CYLINDRICAL_SURFACE('',#2623,24.45);
#2623 = AXIS2_PLACEMENT_3D('',#2624,#2625,#2626);
#2624 = CARTESIAN_POINT('',(0.,0.,841.));
#2625 = DIRECTION('',(0.,0.,1.));
#2626 = DIRECTION('',(1.,0.,-0.));
#2627 = DEFINITIONAL_REPRESENTATION('',(#2628),#2632);
#2628 = LINE('',#2629,#2630);
#2629 = CARTESIAN_POINT('',(0.,9.));
#2630 = VECTOR('',#2631,1.);
#2631 = DIRECTION('',(1.,0.));
#2632 = ( GEOMETRIC_REPRESENTATION_CONTEXT(2) 
PARAMETRIC_REPRESENTATION_CONTEXT() REPRESENTATION_CONTEXT('2D SPACE',''
  ) );
#2633 = FACE_BOUND('',#2634,.T.);
#2634 = EDGE_LOOP('',(#2635));
#2635 = ORIENTED_EDGE('',*,*,#2636,.F.);
#2636 = EDGE_CURVE('',#2637,#2637,#2639,.T.);
#2637 = VERTEX_POINT('',#2638);
#2638 = CARTESIAN_POINT('',(57.5,110.,850.));
#2639 = SURFACE_CURVE('',#2640,(#2645,#2652),.PCURVE_S1.);
#2640 = CIRCLE('',#2641,7.5);
#2641 = AXIS2_PLACEMENT_3D('',#2642,#2643,#2644);
#2642 = CARTESIAN_POINT('',(50.,110.,850.));
#2643 = DIRECTION('',(0.,0.,1.));
#2644 = DIRECTION('',(1.,0.,-0.));
#2645 = PCURVE('',#2404,#2646);
#2646 = DEFINITIONAL_REPRESENTATION('',(#2647),#2651);
#2647 = CIRCLE('',#2648,7.5);
#2648 = AXIS2_PLACEMENT_2D('',#2649,#2650);
#2649 = CARTESIAN_POINT('',(90.,360.));
#2650 = DIRECTION('',(1.,0.));
#2651 = ( GEOMETRIC_REPRESENTATION_CONTEXT(2) 
PARAMETRIC_REPRESENTATION_CONTEXT() REPRESENTATION_CONTEXT('2D SPACE',''
  ) );
#2652 = PCURVE('',#2653,#2658);
#2653 = CYLINDRICAL_SURFACE('',#2654,7.5);
#2654 = AXIS2_PLACEMENT_3D('',#2655,#2656,#2657);
#2655 = CARTESIAN_POINT('',(50.,110.,841.));
#2656 = DIRECTION('',(0.,0.,1.));
#2657 = DIRECTION('',(1.,0.,-0.));
#2658 = DEFINITIONAL_REPRESENTATION('',(#2659),#2663);
#2659 = LINE('',#2660,#2661);
#2660 = CARTESIAN_POINT('',(0.,9.));
#2661 = VECTOR('',#2662,1.);
#2662 = DIRECTION('',(1.,0.));
#2663 = ( GEOMETRIC_REPRESENTATION_CONTEXT(2) 
PARAMETRIC_REPRESENTATION_CONTEXT() REPRESENTATION_CONTEXT('2D SPACE',''
  ) );
#2664 = FACE_BOUND('',#2665,.T.);
#2665 = EDGE_LOOP('',(#2666));
#2666 = ORIENTED_EDGE('',*,*,#2667,.F.);
#2667 = EDGE_CURVE('',#2668,#2668,#2670,.T.);
#2668 = VERTEX_POINT('',#2669);
#2669 = CARTESIAN_POINT('',(44.5,170.,850.));
#2670 = SURFACE_CURVE('',#2671,(#2676,#2683),.PCURVE_S1.);
#2671 = CIRCLE('',#2672,4.5);
#2672 = AXIS2_PLACEMENT_3D('',#2673,#2674,#2675);
#2673 = CARTESIAN_POINT('',(40.,170.,850.));
#2674 = DIRECTION('',(0.,0.,1.));
#2675 = DIRECTION('',(1.,0.,-0.));
#2676 = PCURVE('',#2404,#2677);
#2677 = DEFINITIONAL_REPRESENTATION('',(#2678),#2682);
#2678 = CIRCLE('',#2679,4.5);
#2679 = AXIS2_PLACEMENT_2D('',#2680,#2681);
#2680 = CARTESIAN_POINT('',(80.,420.));
#2681 = DIRECTION('',(1.,0.));
#2682 = ( GEOMETRIC_REPRESENTATION_CONTEXT(2) 
PARAMETRIC_REPRESENTATION_CONTEXT() REPRESENTATION_CONTEXT('2D SPACE',''
  ) );
#2683 = PCURVE('',#2684,#2689);
#2684 = CYLINDRICAL_SURFACE('',#2685,4.5);
#2685 = AXIS2_PLACEMENT_3D('',#2686,#2687,#2688);
#2686 = CARTESIAN_POINT('',(40.,170.,841.));
#2687 = DIRECTION('',(0.,0.,1.));
#2688 = DIRECTION('',(1.,0.,-0.));
#2689 = DEFINITIONAL_REPRESENTATION('',(#2690),#2694);
#2690 = LINE('',#2691,#2692);
#2691 = CARTESIAN_POINT('',(0.,9.));
#2692 = VECTOR('',#2693,1.);
#2693 = DIRECTION('',(1.,0.));
#2694 = ( GEOMETRIC_REPRESENTATION_CONTEXT(2) 
PARAMETRIC_REPRESENTATION_CONTEXT() REPRESENTATION_CONTEXT('2D SPACE',''
  ) );
#2695 = FACE_BOUND('',#2696,.T.);
#2696 = EDGE_LOOP('',(#2697));
#2697 = ORIENTED_EDGE('',*,*,#2698,.F.);
#2698 = EDGE_CURVE('',#2699,#2699,#2701,.T.);
#2699 = VERTEX_POINT('',#2700);
#2700 = CARTESIAN_POINT('',(44.5,230.,850.));
#2701 = SURFACE_CURVE('',#2702,(#2707,#2714),.PCURVE_S1.);
#2702 = CIRCLE('',#2703,4.5);
#2703 = AXIS2_PLACEMENT_3D('',#2704,#2705,#2706);
#2704 = CARTESIAN_POINT('',(40.,230.,850.));
#2705 = DIRECTION('',(0.,0.,1.));
#2706 = DIRECTION('',(1.,0.,-0.));
#2707 = PCURVE('',#2404,#2708);
#2708 = DEFINITIONAL_REPRESENTATION('',(#2709),#2713);
#2709 = CIRCLE('',#2710,4.5);
#2710 = AXIS2_PLACEMENT_2D('',#2711,#2712);
#2711 = CARTESIAN_POINT('',(80.,480.));
#2712 = DIRECTION('',(1.,0.));
#2713 = ( GEOMETRIC_REPRESENTATION_CONTEXT(2) 
PARAMETRIC_REPRESENTATION_CONTEXT() REPRESENTATION_CONTEXT('2D SPACE',''
  ) );
#2714 = PCURVE('',#2715,#2720);
#2715 = CYLINDRICAL_SURFACE('',#2716,4.5);
#2716 = AXIS2_PLACEMENT_3D('',#2717,#2718,#2719);
#2717 = CARTESIAN_POINT('',(40.,230.,841.));
#2718 = DIRECTION('',(0.,0.,1.));
#2719 = DIRECTION('',(1.,0.,-0.));
#2720 = DEFINITIONAL_REPRESENTATION('',(#2721),#2725);
#2721 = LINE('',#2722,#2723);
#2722 = CARTESIAN_POINT('',(0.,9.));
#2723 = VECTOR('',#2724,1.);
#2724 = DIRECTION('',(1.,0.));
#2725 = ( GEOMETRIC_REPRESENTATION_CONTEXT(2) 
PARAMETRIC_REPRESENTATION_CONTEXT() REPRESENTATION_CONTEXT('2D SPACE',''
  ) );
#2726 = ADVANCED_FACE('',(#2727),#2378,.T.);
#2727 = FACE_BOUND('',#2728,.T.);
#2728 = EDGE_LOOP('',(#2729,#2752,#2753,#2754));
#2729 = ORIENTED_EDGE('',*,*,#2730,.F.);
#2730 = EDGE_CURVE('',#2335,#2731,#2733,.T.);
#2731 = VERTEX_POINT('',#2732);
#2732 = CARTESIAN_POINT('',(90.,250.,842.));
#2733 = SURFACE_CURVE('',#2734,(#2738,#2745),.PCURVE_S1.);
#2734 = LINE('',#2735,#2736);
#2735 = CARTESIAN_POINT('',(-40.,250.,842.));
#2736 = VECTOR('',#2737,1.);
#2737 = DIRECTION('',(1.,0.,-0.));
#2738 = PCURVE('',#2378,#2739);
#2739 = DEFINITIONAL_REPRESENTATION('',(#2740),#2744);
#2740 = LINE('',#2741,#2742);
#2741 = CARTESIAN_POINT('',(0.,0.));
#2742 = VECTOR('',#2743,1.);
#2743 = DIRECTION('',(0.,1.));
#2744 = ( GEOMETRIC_REPRESENTATION_CONTEXT(2) 
PARAMETRIC_REPRESENTATION_CONTEXT() REPRESENTATION_CONTEXT('2D SPACE',''
  ) );
#2745 = PCURVE('',#2350,#2746);
#2746 = DEFINITIONAL_REPRESENTATION('',(#2747),#2751);
#2747 = LINE('',#2748,#2749);
#2748 = CARTESIAN_POINT('',(0.,500.));
#2749 = VECTOR('',#2750,1.);
#2750 = DIRECTION('',(1.,0.));
#2751 = ( GEOMETRIC_REPRESENTATION_CONTEXT(2) 
PARAMETRIC_REPRESENTATION_CONTEXT() REPRESENTATION_CONTEXT('2D SPACE',''
  ) );
#2752 = ORIENTED_EDGE('',*,*,#2362,.T.);
#2753 = ORIENTED_EDGE('',*,*,#2520,.T.);
#2754 = ORIENTED_EDGE('',*,*,#2755,.F.);
#2755 = EDGE_CURVE('',#2731,#2498,#2756,.T.);
#2756 = SURFACE_CURVE('',#2757,(#2761,#2768),.PCURVE_S1.);
#2757 = LINE('',#2758,#2759);
#2758 = CARTESIAN_POINT('',(90.,250.,842.));
#2759 = VECTOR('',#2760,1.);
#2760 = DIRECTION('',(0.,0.,1.));
#2761 = PCURVE('',#2378,#2762);
#2762 = DEFINITIONAL_REPRESENTATION('',(#2763),#2767);
#2763 = LINE('',#2764,#2765);
#2764 = CARTESIAN_POINT('',(0.,130.));
#2765 = VECTOR('',#2766,1.);
#2766 = DIRECTION('',(1.,0.));
#2767 = ( GEOMETRIC_REPRESENTATION_CONTEXT(2) 
PARAMETRIC_REPRESENTATION_CONTEXT() REPRESENTATION_CONTEXT('2D SPACE',''
  ) );
#2768 = PCURVE('',#2480,#2769);
#2769 = DEFINITIONAL_REPRESENTATION('',(#2770),#2774);
#2770 = LINE('',#2771,#2772);
#2771 = CARTESIAN_POINT('',(0.,-500.));
#2772 = VECTOR('',#2773,1.);
#2773 = DIRECTION('',(1.,0.));
#2774 = ( GEOMETRIC_REPRESENTATION_CONTEXT(2) 
PARAMETRIC_REPRESENTATION_CONTEXT() REPRESENTATION_CONTEXT('2D SPACE',''
  ) );
#2775 = ADVANCED_FACE('',(#2776,#2802,#2828,#2854,#2880,#2906,#2932),
  #2350,.F.);
#2776 = FACE_BOUND('',#2777,.F.);
#2777 = EDGE_LOOP('',(#2778,#2779,#2780,#2801));
#2778 = ORIENTED_EDGE('',*,*,#2334,.F.);
#2779 = ORIENTED_EDGE('',*,*,#2419,.T.);
#2780 = ORIENTED_EDGE('',*,*,#2781,.T.);
#2781 = EDGE_CURVE('',#2420,#2731,#2782,.T.);
#2782 = SURFACE_CURVE('',#2783,(#2787,#2794),.PCURVE_S1.);
#2783 = LINE('',#2784,#2785);
#2784 = CARTESIAN_POINT('',(90.,-250.,842.));
#2785 = VECTOR('',#2786,1.);
#2786 = DIRECTION('',(-0.,1.,0.));
#2787 = PCURVE('',#2350,#2788);
#2788 = DEFINITIONAL_REPRESENTATION('',(#2789),#2793);
#2789 = LINE('',#2790,#2791);
#2790 = CARTESIAN_POINT('',(130.,0.));
#2791 = VECTOR('',#2792,1.);
#2792 = DIRECTION('',(0.,1.));
#2793 = ( GEOMETRIC_REPRESENTATION_CONTEXT(2) 
PARAMETRIC_REPRESENTATION_CONTEXT() REPRESENTATION_CONTEXT('2D SPACE',''
  ) );
#2794 = PCURVE('',#2480,#2795);
#2795 = DEFINITIONAL_REPRESENTATION('',(#2796),#2800);
#2796 = LINE('',#2797,#2798);
#2797 = CARTESIAN_POINT('',(0.,0.));
#2798 = VECTOR('',#2799,1.);
#2799 = DIRECTION('',(0.,-1.));
#2800 = ( GEOMETRIC_REPRESENTATION_CONTEXT(2) 
PARAMETRIC_REPRESENTATION_CONTEXT() REPRESENTATION_CONTEXT('2D SPACE',''
  ) );
#2801 = ORIENTED_EDGE('',*,*,#2730,.F.);
#2802 = FACE_BOUND('',#2803,.F.);
#2803 = EDGE_LOOP('',(#2804));
#2804 = ORIENTED_EDGE('',*,*,#2805,.F.);
#2805 = EDGE_CURVE('',#2806,#2806,#2808,.T.);
#2806 = VERTEX_POINT('',#2807);
#2807 = CARTESIAN_POINT('',(44.5,-230.,842.));
#2808 = SURFACE_CURVE('',#2809,(#2814,#2821),.PCURVE_S1.);
#2809 = CIRCLE('',#2810,4.5);
#2810 = AXIS2_PLACEMENT_3D('',#2811,#2812,#2813);
#2811 = CARTESIAN_POINT('',(40.,-230.,842.));
#2812 = DIRECTION('',(0.,0.,1.));
#2813 = DIRECTION('',(1.,0.,-0.));
#2814 = PCURVE('',#2350,#2815);
#2815 = DEFINITIONAL_REPRESENTATION('',(#2816),#2820);
#2816 = CIRCLE('',#2817,4.5);
#2817 = AXIS2_PLACEMENT_2D('',#2818,#2819);
#2818 = CARTESIAN_POINT('',(80.,20.));
#2819 = DIRECTION('',(1.,0.));
#2820 = ( GEOMETRIC_REPRESENTATION_CONTEXT(2) 
PARAMETRIC_REPRESENTATION_CONTEXT() REPRESENTATION_CONTEXT('2D SPACE',''
  ) );
#2821 = PCURVE('',#2560,#2822);
#2822 = DEFINITIONAL_REPRESENTATION('',(#2823),#2827);
#2823 = LINE('',#2824,#2825);
#2824 = CARTESIAN_POINT('',(0.,1.));
#2825 = VECTOR('',#2826,1.);
#2826 = DIRECTION('',(1.,0.));
#2827 = ( GEOMETRIC_REPRESENTATION_CONTEXT(2) 
PARAMETRIC_REPRESENTATION_CONTEXT() REPRESENTATION_CONTEXT('2D SPACE',''
  ) );
#2828 = FACE_BOUND('',#2829,.F.);
#2829 = EDGE_LOOP('',(#2830));
#2830 = ORIENTED_EDGE('',*,*,#2831,.F.);
#2831 = EDGE_CURVE('',#2832,#2832,#2834,.T.);
#2832 = VERTEX_POINT('',#2833);
#2833 = CARTESIAN_POINT('',(44.5,-170.,842.));
#2834 = SURFACE_CURVE('',#2835,(#2840,#2847),.PCURVE_S1.);
#2835 = CIRCLE('',#2836,4.5);
#2836 = AXIS2_PLACEMENT_3D('',#2837,#2838,#2839);
#2837 = CARTESIAN_POINT('',(40.,-170.,842.));
#2838 = DIRECTION('',(0.,0.,1.));
#2839 = DIRECTION('',(1.,0.,-0.));
#2840 = PCURVE('',#2350,#2841);
#2841 = DEFINITIONAL_REPRESENTATION('',(#2842),#2846);
#2842 = CIRCLE('',#2843,4.5);
#2843 = AXIS2_PLACEMENT_2D('',#2844,#2845);
#2844 = CARTESIAN_POINT('',(80.,80.));
#2845 = DIRECTION('',(1.,0.));
#2846 = ( GEOMETRIC_REPRESENTATION_CONTEXT(2) 
PARAMETRIC_REPRESENTATION_CONTEXT() REPRESENTATION_CONTEXT('2D SPACE',''
  ) );
#2847 = PCURVE('',#2591,#2848);
#2848 = DEFINITIONAL_REPRESENTATION('',(#2849),#2853);
#2849 = LINE('',#2850,#2851);
#2850 = CARTESIAN_POINT('',(0.,1.));
#2851 = VECTOR('',#2852,1.);
#2852 = DIRECTION('',(1.,0.));
#2853 = ( GEOMETRIC_REPRESENTATION_CONTEXT(2) 
PARAMETRIC_REPRESENTATION_CONTEXT() REPRESENTATION_CONTEXT('2D SPACE',''
  ) );
#2854 = FACE_BOUND('',#2855,.F.);
#2855 = EDGE_LOOP('',(#2856));
#2856 = ORIENTED_EDGE('',*,*,#2857,.F.);
#2857 = EDGE_CURVE('',#2858,#2858,#2860,.T.);
#2858 = VERTEX_POINT('',#2859);
#2859 = CARTESIAN_POINT('',(24.45,-5.988522847831E-15,842.));
#2860 = SURFACE_CURVE('',#2861,(#2866,#2873),.PCURVE_S1.);
#2861 = CIRCLE('',#2862,24.45);
#2862 = AXIS2_PLACEMENT_3D('',#2863,#2864,#2865);
#2863 = CARTESIAN_POINT('',(0.,0.,842.));
#2864 = DIRECTION('',(0.,0.,1.));
#2865 = DIRECTION('',(1.,0.,-0.));
#2866 = PCURVE('',#2350,#2867);
#2867 = DEFINITIONAL_REPRESENTATION('',(#2868),#2872);
#2868 = CIRCLE('',#2869,24.45);
#2869 = AXIS2_PLACEMENT_2D('',#2870,#2871);
#2870 = CARTESIAN_POINT('',(40.,250.));
#2871 = DIRECTION('',(1.,0.));
#2872 = ( GEOMETRIC_REPRESENTATION_CONTEXT(2) 
PARAMETRIC_REPRESENTATION_CONTEXT() REPRESENTATION_CONTEXT('2D SPACE',''
  ) );
#2873 = PCURVE('',#2622,#2874);
#2874 = DEFINITIONAL_REPRESENTATION('',(#2875),#2879);
#2875 = LINE('',#2876,#2877);
#2876 = CARTESIAN_POINT('',(0.,1.));
#2877 = VECTOR('',#2878,1.);
#2878 = DIRECTION('',(1.,0.));
#2879 = ( GEOMETRIC_REPRESENTATION_CONTEXT(2) 
PARAMETRIC_REPRESENTATION_CONTEXT() REPRESENTATION_CONTEXT('2D SPACE',''
  ) );
#2880 = FACE_BOUND('',#2881,.F.);
#2881 = EDGE_LOOP('',(#2882));
#2882 = ORIENTED_EDGE('',*,*,#2883,.F.);
#2883 = EDGE_CURVE('',#2884,#2884,#2886,.T.);
#2884 = VERTEX_POINT('',#2885);
#2885 = CARTESIAN_POINT('',(57.5,110.,842.));
#2886 = SURFACE_CURVE('',#2887,(#2892,#2899),.PCURVE_S1.);
#2887 = CIRCLE('',#2888,7.5);
#2888 = AXIS2_PLACEMENT_3D('',#2889,#2890,#2891);
#2889 = CARTESIAN_POINT('',(50.,110.,842.));
#2890 = DIRECTION('',(0.,0.,1.));
#2891 = DIRECTION('',(1.,0.,-0.));
#2892 = PCURVE('',#2350,#2893);
#2893 = DEFINITIONAL_REPRESENTATION('',(#2894),#2898);
#2894 = CIRCLE('',#2895,7.5);
#2895 = AXIS2_PLACEMENT_2D('',#2896,#2897);
#2896 = CARTESIAN_POINT('',(90.,360.));
#2897 = DIRECTION('',(1.,0.));
#2898 = ( GEOMETRIC_REPRESENTATION_CONTEXT(2) 
PARAMETRIC_REPRESENTATION_CONTEXT() REPRESENTATION_CONTEXT('2D SPACE',''
  ) );
#2899 = PCURVE('',#2653,#2900);
#2900 = DEFINITIONAL_REPRESENTATION('',(#2901),#2905);
#2901 = LINE('',#2902,#2903);
#2902 = CARTESIAN_POINT('',(0.,1.));
#2903 = VECTOR('',#2904,1.);
#2904 = DIRECTION('',(1.,0.));
#2905 = ( GEOMETRIC_REPRESENTATION_CONTEXT(2) 
PARAMETRIC_REPRESENTATION_CONTEXT() REPRESENTATION_CONTEXT('2D SPACE',''
  ) );
#2906 = FACE_BOUND('',#2907,.F.);
#2907 = EDGE_LOOP('',(#2908));
#2908 = ORIENTED_EDGE('',*,*,#2909,.F.);
#2909 = EDGE_CURVE('',#2910,#2910,#2912,.T.);
#2910 = VERTEX_POINT('',#2911);
#2911 = CARTESIAN_POINT('',(44.5,170.,842.));
#2912 = SURFACE_CURVE('',#2913,(#2918,#2925),.PCURVE_S1.);
#2913 = CIRCLE('',#2914,4.5);
#2914 = AXIS2_PLACEMENT_3D('',#2915,#2916,#2917);
#2915 = CARTESIAN_POINT('',(40.,170.,842.));
#2916 = DIRECTION('',(0.,0.,1.));
#2917 = DIRECTION('',(1.,0.,-0.));
#2918 = PCURVE('',#2350,#2919);
#2919 = DEFINITIONAL_REPRESENTATION('',(#2920),#2924);
#2920 = CIRCLE('',#2921,4.5);
#2921 = AXIS2_PLACEMENT_2D('',#2922,#2923);
#2922 = CARTESIAN_POINT('',(80.,420.));
#2923 = DIRECTION('',(1.,0.));
#2924 = ( GEOMETRIC_REPRESENTATION_CONTEXT(2) 
PARAMETRIC_REPRESENTATION_CONTEXT() REPRESENTATION_CONTEXT('2D SPACE',''
  ) );
#2925 = PCURVE('',#2684,#2926);
#2926 = DEFINITIONAL_REPRESENTATION('',(#2927),#2931);
#2927 = LINE('',#2928,#2929);
#2928 = CARTESIAN_POINT('',(0.,1.));
#2929 = VECTOR('',#2930,1.);
#2930 = DIRECTION('',(1.,0.));
#2931 = ( GEOMETRIC_REPRESENTATION_CONTEXT(2) 
PARAMETRIC_REPRESENTATION_CONTEXT() REPRESENTATION_CONTEXT('2D SPACE',''
  ) );
#2932 = FACE_BOUND('',#2933,.F.);
#2933 = EDGE_LOOP('',(#2934));
#2934 = ORIENTED_EDGE('',*,*,#2935,.F.);
#2935 = EDGE_CURVE('',#2936,#2936,#2938,.T.);
#2936 = VERTEX_POINT('',#2937);
#2937 = CARTESIAN_POINT('',(44.5,230.,842.));
#2938 = SURFACE_CURVE('',#2939,(#2944,#2951),.PCURVE_S1.);
#2939 = CIRCLE('',#2940,4.5);
#2940 = AXIS2_PLACEMENT_3D('',#2941,#2942,#2943);
#2941 = CARTESIAN_POINT('',(40.,230.,842.));
#2942 = DIRECTION('',(0.,0.,1.));
#2943 = DIRECTION('',(1.,0.,-0.));
#2944 = PCURVE('',#2350,#2945);
#2945 = DEFINITIONAL_REPRESENTATION('',(#2946),#2950);
#2946 = CIRCLE('',#2947,4.5);
#2947 = AXIS2_PLACEMENT_2D('',#2948,#2949);
#2948 = CARTESIAN_POINT('',(80.,480.));
#2949 = DIRECTION('',(1.,0.));
#2950 = ( GEOMETRIC_REPRESENTATION_CONTEXT(2) 
PARAMETRIC_REPRESENTATION_CONTEXT() REPRESENTATION_CONTEXT('2D SPACE',''
  ) );
#2951 = PCURVE('',#2715,#2952);
#2952 = DEFINITIONAL_REPRESENTATION('',(#2953),#2957);
#2953 = LINE('',#2954,#2955);
#2954 = CARTESIAN_POINT('',(0.,1.));
#2955 = VECTOR('',#2956,1.);
#2956 = DIRECTION('',(1.,0.));
#2957 = ( GEOMETRIC_REPRESENTATION_CONTEXT(2) 
PARAMETRIC_REPRESENTATION_CONTEXT() REPRESENTATION_CONTEXT('2D SPACE',''
  ) );
#2958 = ADVANCED_FACE('',(#2959),#2480,.T.);
#2959 = FACE_BOUND('',#2960,.T.);
#2960 = EDGE_LOOP('',(#2961,#2962,#2963,#2964));
#2961 = ORIENTED_EDGE('',*,*,#2466,.F.);
#2962 = ORIENTED_EDGE('',*,*,#2781,.T.);
#2963 = ORIENTED_EDGE('',*,*,#2755,.T.);
#2964 = ORIENTED_EDGE('',*,*,#2497,.F.);
#2965 = ADVANCED_FACE('',(#2966),#2560,.F.);
#2966 = FACE_BOUND('',#2967,.F.);
#2967 = EDGE_LOOP('',(#2968,#2969,#2990,#2991));
#2968 = ORIENTED_EDGE('',*,*,#2543,.F.);
#2969 = ORIENTED_EDGE('',*,*,#2970,.F.);
#2970 = EDGE_CURVE('',#2806,#2544,#2971,.T.);
#2971 = SEAM_CURVE('',#2972,(#2976,#2983),.PCURVE_S1.);
#2972 = LINE('',#2973,#2974);
#2973 = CARTESIAN_POINT('',(44.5,-230.,841.));
#2974 = VECTOR('',#2975,1.);
#2975 = DIRECTION('',(0.,0.,1.));
#2976 = PCURVE('',#2560,#2977);
#2977 = DEFINITIONAL_REPRESENTATION('',(#2978),#2982);
#2978 = LINE('',#2979,#2980);
#2979 = CARTESIAN_POINT('',(6.28318530718,-0.));
#2980 = VECTOR('',#2981,1.);
#2981 = DIRECTION('',(0.,1.));
#2982 = ( GEOMETRIC_REPRESENTATION_CONTEXT(2) 
PARAMETRIC_REPRESENTATION_CONTEXT() REPRESENTATION_CONTEXT('2D SPACE',''
  ) );
#2983 = PCURVE('',#2560,#2984);
#2984 = DEFINITIONAL_REPRESENTATION('',(#2985),#2989);
#2985 = LINE('',#2986,#2987);
#2986 = CARTESIAN_POINT('',(0.,-0.));
#2987 = VECTOR('',#2988,1.);
#2988 = DIRECTION('',(0.,1.));
#2989 = ( GEOMETRIC_REPRESENTATION_CONTEXT(2) 
PARAMETRIC_REPRESENTATION_CONTEXT() REPRESENTATION_CONTEXT('2D SPACE',''
  ) );
#2990 = ORIENTED_EDGE('',*,*,#2805,.T.);
#2991 = ORIENTED_EDGE('',*,*,#2970,.T.);
#2992 = ADVANCED_FACE('',(#2993),#2591,.F.);
#2993 = FACE_BOUND('',#2994,.F.);
#2994 = EDGE_LOOP('',(#2995,#2996,#3017,#3018));
#2995 = ORIENTED_EDGE('',*,*,#2574,.F.);
#2996 = ORIENTED_EDGE('',*,*,#2997,.F.);
#2997 = EDGE_CURVE('',#2832,#2575,#2998,.T.);
#2998 = SEAM_CURVE('',#2999,(#3003,#3010),.PCURVE_S1.);
#2999 = LINE('',#3000,#3001);
#3000 = CARTESIAN_POINT('',(44.5,-170.,841.));
#3001 = VECTOR('',#3002,1.);
#3002 = DIRECTION('',(0.,0.,1.));
#3003 = PCURVE('',#2591,#3004);
#3004 = DEFINITIONAL_REPRESENTATION('',(#3005),#3009);
#3005 = LINE('',#3006,#3007);
#3006 = CARTESIAN_POINT('',(6.28318530718,-0.));
#3007 = VECTOR('',#3008,1.);
#3008 = DIRECTION('',(0.,1.));
#3009 = ( GEOMETRIC_REPRESENTATION_CONTEXT(2) 
PARAMETRIC_REPRESENTATION_CONTEXT() REPRESENTATION_CONTEXT('2D SPACE',''
  ) );
#3010 = PCURVE('',#2591,#3011);
#3011 = DEFINITIONAL_REPRESENTATION('',(#3012),#3016);
#3012 = LINE('',#3013,#3014);
#3013 = CARTESIAN_POINT('',(0.,-0.));
#3014 = VECTOR('',#3015,1.);
#3015 = DIRECTION('',(0.,1.));
#3016 = ( GEOMETRIC_REPRESENTATION_CONTEXT(2) 
PARAMETRIC_REPRESENTATION_CONTEXT() REPRESENTATION_CONTEXT('2D SPACE',''
  ) );
#3017 = ORIENTED_EDGE('',*,*,#2831,.T.);
#3018 = ORIENTED_EDGE('',*,*,#2997,.T.);
#3019 = ADVANCED_FACE('',(#3020),#2622,.F.);
#3020 = FACE_BOUND('',#3021,.F.);
#3021 = EDGE_LOOP('',(#3022,#3023,#3044,#3045));
#3022 = ORIENTED_EDGE('',*,*,#2605,.F.);
#3023 = ORIENTED_EDGE('',*,*,#3024,.F.);
#3024 = EDGE_CURVE('',#2858,#2606,#3025,.T.);
#3025 = SEAM_CURVE('',#3026,(#3030,#3037),.PCURVE_S1.);
#3026 = LINE('',#3027,#3028);
#3027 = CARTESIAN_POINT('',(24.45,-5.988522847831E-15,841.));
#3028 = VECTOR('',#3029,1.);
#3029 = DIRECTION('',(0.,0.,1.));
#3030 = PCURVE('',#2622,#3031);
#3031 = DEFINITIONAL_REPRESENTATION('',(#3032),#3036);
#3032 = LINE('',#3033,#3034);
#3033 = CARTESIAN_POINT('',(6.28318530718,-0.));
#3034 = VECTOR('',#3035,1.);
#3035 = DIRECTION('',(0.,1.));
#3036 = ( GEOMETRIC_REPRESENTATION_CONTEXT(2) 
PARAMETRIC_REPRESENTATION_CONTEXT() REPRESENTATION_CONTEXT('2D SPACE',''
  ) );
#3037 = PCURVE('',#2622,#3038);
#3038 = DEFINITIONAL_REPRESENTATION('',(#3039),#3043);
#3039 = LINE('',#3040,#3041);
#3040 = CARTESIAN_POINT('',(0.,-0.));
#3041 = VECTOR('',#3042,1.);
#3042 = DIRECTION('',(0.,1.));
#3043 = ( GEOMETRIC_REPRESENTATION_CONTEXT(2) 
PARAMETRIC_REPRESENTATION_CONTEXT() REPRESENTATION_CONTEXT('2D SPACE',''
  ) );
#3044 = ORIENTED_EDGE('',*,*,#2857,.T.);
#3045 = ORIENTED_EDGE('',*,*,#3024,.T.);
#3046 = ADVANCED_FACE('',(#3047),#2653,.F.);
#3047 = FACE_BOUND('',#3048,.F.);
#3048 = EDGE_LOOP('',(#3049,#3050,#3071,#3072));
#3049 = ORIENTED_EDGE('',*,*,#2636,.F.);
#3050 = ORIENTED_EDGE('',*,*,#3051,.F.);
#3051 = EDGE_CURVE('',#2884,#2637,#3052,.T.);
#3052 = SEAM_CURVE('',#3053,(#3057,#3064),.PCURVE_S1.);
#3053 = LINE('',#3054,#3055);
#3054 = CARTESIAN_POINT('',(57.5,110.,841.));
#3055 = VECTOR('',#3056,1.);
#3056 = DIRECTION('',(0.,0.,1.));
#3057 = PCURVE('',#2653,#3058);
#3058 = DEFINITIONAL_REPRESENTATION('',(#3059),#3063);
#3059 = LINE('',#3060,#3061);
#3060 = CARTESIAN_POINT('',(6.28318530718,-0.));
#3061 = VECTOR('',#3062,1.);
#3062 = DIRECTION('',(0.,1.));
#3063 = ( GEOMETRIC_REPRESENTATION_CONTEXT(2) 
PARAMETRIC_REPRESENTATION_CONTEXT() REPRESENTATION_CONTEXT('2D SPACE',''
  ) );
#3064 = PCURVE('',#2653,#3065);
#3065 = DEFINITIONAL_REPRESENTATION('',(#3066),#3070);
#3066 = LINE('',#3067,#3068);
#3067 = CARTESIAN_POINT('',(0.,-0.));
#3068 = VECTOR('',#3069,1.);
#3069 = DIRECTION('',(0.,1.));
#3070 = ( GEOMETRIC_REPRESENTATION_CONTEXT(2) 
PARAMETRIC_REPRESENTATION_CONTEXT() REPRESENTATION_CONTEXT('2D SPACE',''
  ) );
#3071 = ORIENTED_EDGE('',*,*,#2883,.T.);
#3072 = ORIENTED_EDGE('',*,*,#3051,.T.);
#3073 = ADVANCED_FACE('',(#3074),#2684,.F.);
#3074 = FACE_BOUND('',#3075,.F.);
#3075 = EDGE_LOOP('',(#3076,#3077,#3098,#3099));
#3076 = ORIENTED_EDGE('',*,*,#2667,.F.);
#3077 = ORIENTED_EDGE('',*,*,#3078,.F.);
#3078 = EDGE_CURVE('',#2910,#2668,#3079,.T.);
#3079 = SEAM_CURVE('',#3080,(#3084,#3091),.PCURVE_S1.);
#3080 = LINE('',#3081,#3082);
#3081 = CARTESIAN_POINT('',(44.5,170.,841.));
#3082 = VECTOR('',#3083,1.);
#3083 = DIRECTION('',(0.,0.,1.));
#3084 = PCURVE('',#2684,#3085);
#3085 = DEFINITIONAL_REPRESENTATION('',(#3086),#3090);
#3086 = LINE('',#3087,#3088);
#3087 = CARTESIAN_POINT('',(6.28318530718,-0.));
#3088 = VECTOR('',#3089,1.);
#3089 = DIRECTION('',(0.,1.));
#3090 = ( GEOMETRIC_REPRESENTATION_CONTEXT(2) 
PARAMETRIC_REPRESENTATION_CONTEXT() REPRESENTATION_CONTEXT('2D SPACE',''
  ) );
#3091 = PCURVE('',#2684,#3092);
#3092 = DEFINITIONAL_REPRESENTATION('',(#3093),#3097);
#3093 = LINE('',#3094,#3095);
#3094 = CARTESIAN_POINT('',(0.,-0.));
#3095 = VECTOR('',#3096,1.);
#3096 = DIRECTION('',(0.,1.));
#3097 = ( GEOMETRIC_REPRESENTATION_CONTEXT(2) 
PARAMETRIC_REPRESENTATION_CONTEXT() REPRESENTATION_CONTEXT('2D SPACE',''
  ) );
#3098 = ORIENTED_EDGE('',*,*,#2909,.T.);
#3099 = ORIENTED_EDGE('',*,*,#3078,.T.);
#3100 = ADVANCED_FACE('',(#3101),#2715,.F.);
#3101 = FACE_BOUND('',#3102,.F.);
#3102 = EDGE_LOOP('',(#3103,#3104,#3125,#3126));
#3103 = ORIENTED_EDGE('',*,*,#2698,.F.);
#3104 = ORIENTED_EDGE('',*,*,#3105,.F.);
#3105 = EDGE_CURVE('',#2936,#2699,#3106,.T.);
#3106 = SEAM_CURVE('',#3107,(#3111,#3118),.PCURVE_S1.);
#3107 = LINE('',#3108,#3109);
#3108 = CARTESIAN_POINT('',(44.5,230.,841.));
#3109 = VECTOR('',#3110,1.);
#3110 = DIRECTION('',(0.,0.,1.));
#3111 = PCURVE('',#2715,#3112);
#3112 = DEFINITIONAL_REPRESENTATION('',(#3113),#3117);
#3113 = LINE('',#3114,#3115);
#3114 = CARTESIAN_POINT('',(6.28318530718,-0.));
#3115 = VECTOR('',#3116,1.);
#3116 = DIRECTION('',(0.,1.));
#3117 = ( GEOMETRIC_REPRESENTATION_CONTEXT(2) 
PARAMETRIC_REPRESENTATION_CONTEXT() REPRESENTATION_CONTEXT('2D SPACE',''
  ) );
#3118 = PCURVE('',#2715,#3119);
#3119 = DEFINITIONAL_REPRESENTATION('',(#3120),#3124);
#3120 = LINE('',#3121,#3122);
#3121 = CARTESIAN_POINT('',(0.,-0.));
#3122 = VECTOR('',#3123,1.);
#3123 = DIRECTION('',(0.,1.));
#3124 = ( GEOMETRIC_REPRESENTATION_CONTEXT(2) 
PARAMETRIC_REPRESENTATION_CONTEXT() REPRESENTATION_CONTEXT('2D SPACE',''
  ) );
#3125 = ORIENTED_EDGE('',*,*,#2935,.T.);
#3126 = ORIENTED_EDGE('',*,*,#3105,.T.);
#3127 = MANIFOLD_SOLID_BREP('',#3128);
#3128 = CLOSED_SHELL('',(#3129,#3355,#3429,#3476,#3523,#3568,#3617,#3666
    ,#3715,#3742));
#3129 = ADVANCED_FACE('',(#3130),#3144,.F.);
#3130 = FACE_BOUND('',#3131,.F.);
#3131 = EDGE_LOOP('',(#3132,#3167,#3195,#3223,#3251,#3279,#3305,#3331));
#3132 = ORIENTED_EDGE('',*,*,#3133,.F.);
#3133 = EDGE_CURVE('',#3134,#3136,#3138,.T.);
#3134 = VERTEX_POINT('',#3135);
#3135 = CARTESIAN_POINT('',(-10.,180.,880.));
#3136 = VERTEX_POINT('',#3137);
#3137 = CARTESIAN_POINT('',(-10.,194.,880.));
#3138 = SURFACE_CURVE('',#3139,(#3143,#3155),.PCURVE_S1.);
#3139 = LINE('',#3140,#3141);
#3140 = CARTESIAN_POINT('',(-10.,180.,880.));
#3141 = VECTOR('',#3142,1.);
#3142 = DIRECTION('',(-0.,1.,0.));
#3143 = PCURVE('',#3144,#3149);
#3144 = PLANE('',#3145);
#3145 = AXIS2_PLACEMENT_3D('',#3146,#3147,#3148);
#3146 = CARTESIAN_POINT('',(-10.,180.,850.));
#3147 = DIRECTION('',(1.,0.,-0.));
#3148 = DIRECTION('',(0.,0.,1.));
#3149 = DEFINITIONAL_REPRESENTATION('',(#3150),#3154);
#3150 = LINE('',#3151,#3152);
#3151 = CARTESIAN_POINT('',(30.,0.));
#3152 = VECTOR('',#3153,1.);
#3153 = DIRECTION('',(0.,-1.));
#3154 = ( GEOMETRIC_REPRESENTATION_CONTEXT(2) 
PARAMETRIC_REPRESENTATION_CONTEXT() REPRESENTATION_CONTEXT('2D SPACE',''
  ) );
#3155 = PCURVE('',#3156,#3161);
#3156 = PLANE('',#3157);
#3157 = AXIS2_PLACEMENT_3D('',#3158,#3159,#3160);
#3158 = CARTESIAN_POINT('',(-10.,180.,880.));
#3159 = DIRECTION('',(0.,0.,1.));
#3160 = DIRECTION('',(1.,0.,-0.));
#3161 = DEFINITIONAL_REPRESENTATION('',(#3162),#3166);
#3162 = LINE('',#3163,#3164);
#3163 = CARTESIAN_POINT('',(0.,0.));
#3164 = VECTOR('',#3165,1.);
#3165 = DIRECTION('',(0.,1.));
#3166 = ( GEOMETRIC_REPRESENTATION_CONTEXT(2) 
PARAMETRIC_REPRESENTATION_CONTEXT() REPRESENTATION_CONTEXT('2D SPACE',''
  ) );
#3167 = ORIENTED_EDGE('',*,*,#3168,.F.);
#3168 = EDGE_CURVE('',#3169,#3134,#3171,.T.);
#3169 = VERTEX_POINT('',#3170);
#3170 = CARTESIAN_POINT('',(-10.,180.,850.));
#3171 = SURFACE_CURVE('',#3172,(#3176,#3183),.PCURVE_S1.);
#3172 = LINE('',#3173,#3174);
#3173 = CARTESIAN_POINT('',(-10.,180.,850.));
#3174 = VECTOR('',#3175,1.);
#3175 = DIRECTION('',(0.,0.,1.));
#3176 = PCURVE('',#3144,#3177);
#3177 = DEFINITIONAL_REPRESENTATION('',(#3178),#3182);
#3178 = LINE('',#3179,#3180);
#3179 = CARTESIAN_POINT('',(0.,0.));
#3180 = VECTOR('',#3181,1.);
#3181 = DIRECTION('',(1.,0.));
#3182 = ( GEOMETRIC_REPRESENTATION_CONTEXT(2) 
PARAMETRIC_REPRESENTATION_CONTEXT() REPRESENTATION_CONTEXT('2D SPACE',''
  ) );
#3183 = PCURVE('',#3184,#3189);
#3184 = PLANE('',#3185);
#3185 = AXIS2_PLACEMENT_3D('',#3186,#3187,#3188);
#3186 = CARTESIAN_POINT('',(-10.,180.,850.));
#3187 = DIRECTION('',(-0.,1.,0.));
#3188 = DIRECTION('',(0.,0.,1.));
#3189 = DEFINITIONAL_REPRESENTATION('',(#3190),#3194);
#3190 = LINE('',#3191,#3192);
#3191 = CARTESIAN_POINT('',(0.,0.));
#3192 = VECTOR('',#3193,1.);
#3193 = DIRECTION('',(1.,0.));
#3194 = ( GEOMETRIC_REPRESENTATION_CONTEXT(2) 
PARAMETRIC_REPRESENTATION_CONTEXT() REPRESENTATION_CONTEXT('2D SPACE',''
  ) );
#3195 = ORIENTED_EDGE('',*,*,#3196,.T.);
#3196 = EDGE_CURVE('',#3169,#3197,#3199,.T.);
#3197 = VERTEX_POINT('',#3198);
#3198 = CARTESIAN_POINT('',(-10.,220.,850.));
#3199 = SURFACE_CURVE('',#3200,(#3204,#3211),.PCURVE_S1.);
#3200 = LINE('',#3201,#3202);
#3201 = CARTESIAN_POINT('',(-10.,180.,850.));
#3202 = VECTOR('',#3203,1.);
#3203 = DIRECTION('',(-0.,1.,0.));
#3204 = PCURVE('',#3144,#3205);
#3205 = DEFINITIONAL_REPRESENTATION('',(#3206),#3210);
#3206 = LINE('',#3207,#3208);
#3207 = CARTESIAN_POINT('',(0.,0.));
#3208 = VECTOR('',#3209,1.);
#3209 = DIRECTION('',(0.,-1.));
#3210 = ( GEOMETRIC_REPRESENTATION_CONTEXT(2) 
PARAMETRIC_REPRESENTATION_CONTEXT() REPRESENTATION_CONTEXT('2D SPACE',''
  ) );
#3211 = PCURVE('',#3212,#3217);
#3212 = PLANE('',#3213);
#3213 = AXIS2_PLACEMENT_3D('',#3214,#3215,#3216);
#3214 = CARTESIAN_POINT('',(-10.,180.,850.));
#3215 = DIRECTION('',(0.,0.,1.));
#3216 = DIRECTION('',(1.,0.,-0.));
#3217 = DEFINITIONAL_REPRESENTATION('',(#3218),#3222);
#3218 = LINE('',#3219,#3220);
#3219 = CARTESIAN_POINT('',(0.,0.));
#3220 = VECTOR('',#3221,1.);
#3221 = DIRECTION('',(0.,1.));
#3222 = ( GEOMETRIC_REPRESENTATION_CONTEXT(2) 
PARAMETRIC_REPRESENTATION_CONTEXT() REPRESENTATION_CONTEXT('2D SPACE',''
  ) );
#3223 = ORIENTED_EDGE('',*,*,#3224,.T.);
#3224 = EDGE_CURVE('',#3197,#3225,#3227,.T.);
#3225 = VERTEX_POINT('',#3226);
#3226 = CARTESIAN_POINT('',(-10.,220.,880.));
#3227 = SURFACE_CURVE('',#3228,(#3232,#3239),.PCURVE_S1.);
#3228 = LINE('',#3229,#3230);
#3229 = CARTESIAN_POINT('',(-10.,220.,850.));
#3230 = VECTOR('',#3231,1.);
#3231 = DIRECTION('',(0.,0.,1.));
#3232 = PCURVE('',#3144,#3233);
#3233 = DEFINITIONAL_REPRESENTATION('',(#3234),#3238);
#3234 = LINE('',#3235,#3236);
#3235 = CARTESIAN_POINT('',(0.,-40.));
#3236 = VECTOR('',#3237,1.);
#3237 = DIRECTION('',(1.,0.));
#3238 = ( GEOMETRIC_REPRESENTATION_CONTEXT(2) 
PARAMETRIC_REPRESENTATION_CONTEXT() REPRESENTATION_CONTEXT('2D SPACE',''
  ) );
#3239 = PCURVE('',#3240,#3245);
#3240 = PLANE('',#3241);
#3241 = AXIS2_PLACEMENT_3D('',#3242,#3243,#3244);
#3242 = CARTESIAN_POINT('',(-10.,220.,850.));
#3243 = DIRECTION('',(-0.,1.,0.));
#3244 = DIRECTION('',(0.,0.,1.));
#3245 = DEFINITIONAL_REPRESENTATION('',(#3246),#3250);
#3246 = LINE('',#3247,#3248);
#3247 = CARTESIAN_POINT('',(0.,0.));
#3248 = VECTOR('',#3249,1.);
#3249 = DIRECTION('',(1.,0.));
#3250 = ( GEOMETRIC_REPRESENTATION_CONTEXT(2) 
PARAMETRIC_REPRESENTATION_CONTEXT() REPRESENTATION_CONTEXT('2D SPACE',''
  ) );
#3251 = ORIENTED_EDGE('',*,*,#3252,.F.);
#3252 = EDGE_CURVE('',#3253,#3225,#3255,.T.);
#3253 = VERTEX_POINT('',#3254);
#3254 = CARTESIAN_POINT('',(-10.,206.,880.));
#3255 = SURFACE_CURVE('',#3256,(#3260,#3267),.PCURVE_S1.);
#3256 = LINE('',#3257,#3258);
#3257 = CARTESIAN_POINT('',(-10.,180.,880.));
#3258 = VECTOR('',#3259,1.);
#3259 = DIRECTION('',(-0.,1.,0.));
#3260 = PCURVE('',#3144,#3261);
#3261 = DEFINITIONAL_REPRESENTATION('',(#3262),#3266);
#3262 = LINE('',#3263,#3264);
#3263 = CARTESIAN_POINT('',(30.,0.));
#3264 = VECTOR('',#3265,1.);
#3265 = DIRECTION('',(0.,-1.));
#3266 = ( GEOMETRIC_REPRESENTATION_CONTEXT(2) 
PARAMETRIC_REPRESENTATION_CONTEXT() REPRESENTATION_CONTEXT('2D SPACE',''
  ) );
#3267 = PCURVE('',#3268,#3273);
#3268 = PLANE('',#3269);
#3269 = AXIS2_PLACEMENT_3D('',#3270,#3271,#3272);
#3270 = CARTESIAN_POINT('',(-10.,180.,880.));
#3271 = DIRECTION('',(0.,0.,1.));
#3272 = DIRECTION('',(1.,0.,-0.));
#3273 = DEFINITIONAL_REPRESENTATION('',(#3274),#3278);
#3274 = LINE('',#3275,#3276);
#3275 = CARTESIAN_POINT('',(0.,0.));
#3276 = VECTOR('',#3277,1.);
#3277 = DIRECTION('',(0.,1.));
#3278 = ( GEOMETRIC_REPRESENTATION_CONTEXT(2) 
PARAMETRIC_REPRESENTATION_CONTEXT() REPRESENTATION_CONTEXT('2D SPACE',''
  ) );
#3279 = ORIENTED_EDGE('',*,*,#3280,.F.);
#3280 = EDGE_CURVE('',#3281,#3253,#3283,.T.);
#3281 = VERTEX_POINT('',#3282);
#3282 = CARTESIAN_POINT('',(-10.,206.,860.));
#3283 = SURFACE_CURVE('',#3284,(#3288,#3294),.PCURVE_S1.);
#3284 = LINE('',#3285,#3286);
#3285 = CARTESIAN_POINT('',(-10.,206.,855.));
#3286 = VECTOR('',#3287,1.);
#3287 = DIRECTION('',(0.,0.,1.));
#3288 = PCURVE('',#3144,#3289);
#3289 = DEFINITIONAL_REPRESENTATION('',(#3290),#3293);
#3290 = B_SPLINE_CURVE_WITH_KNOTS('',1,(#3291,#3292),.UNSPECIFIED.,.F.,
  .F.,(2,2),(5.,25.),.PIECEWISE_BEZIER_KNOTS.);
#3291 = CARTESIAN_POINT('',(10.,-26.));
#3292 = CARTESIAN_POINT('',(30.,-26.));
#3293 = ( GEOMETRIC_REPRESENTATION_CONTEXT(2) 
PARAMETRIC_REPRESENTATION_CONTEXT() REPRESENTATION_CONTEXT('2D SPACE',''
  ) );
#3294 = PCURVE('',#3295,#3300);
#3295 = PLANE('',#3296);
#3296 = AXIS2_PLACEMENT_3D('',#3297,#3298,#3299);
#3297 = CARTESIAN_POINT('',(-12.,206.,860.));
#3298 = DIRECTION('',(-0.,1.,0.));
#3299 = DIRECTION('',(0.,0.,1.));
#3300 = DEFINITIONAL_REPRESENTATION('',(#3301),#3304);
#3301 = B_SPLINE_CURVE_WITH_KNOTS('',1,(#3302,#3303),.UNSPECIFIED.,.F.,
  .F.,(2,2),(5.,25.),.PIECEWISE_BEZIER_KNOTS.);
#3302 = CARTESIAN_POINT('',(0.,2.));
#3303 = CARTESIAN_POINT('',(20.,2.));
#3304 = ( GEOMETRIC_REPRESENTATION_CONTEXT(2) 
PARAMETRIC_REPRESENTATION_CONTEXT() REPRESENTATION_CONTEXT('2D SPACE',''
  ) );
#3305 = ORIENTED_EDGE('',*,*,#3306,.T.);
#3306 = EDGE_CURVE('',#3281,#3307,#3309,.T.);
#3307 = VERTEX_POINT('',#3308);
#3308 = CARTESIAN_POINT('',(-10.,194.,860.));
#3309 = SURFACE_CURVE('',#3310,(#3314,#3320),.PCURVE_S1.);
#3310 = LINE('',#3311,#3312);
#3311 = CARTESIAN_POINT('',(-10.,187.,860.));
#3312 = VECTOR('',#3313,1.);
#3313 = DIRECTION('',(0.,-1.,0.));
#3314 = PCURVE('',#3144,#3315);
#3315 = DEFINITIONAL_REPRESENTATION('',(#3316),#3319);
#3316 = B_SPLINE_CURVE_WITH_KNOTS('',1,(#3317,#3318),.UNSPECIFIED.,.F.,
  .F.,(2,2),(-19.,-7.),.PIECEWISE_BEZIER_KNOTS.);
#3317 = CARTESIAN_POINT('',(10.,-26.));
#3318 = CARTESIAN_POINT('',(10.,-14.));
#3319 = ( GEOMETRIC_REPRESENTATION_CONTEXT(2) 
PARAMETRIC_REPRESENTATION_CONTEXT() REPRESENTATION_CONTEXT('2D SPACE',''
  ) );
#3320 = PCURVE('',#3321,#3326);
#3321 = PLANE('',#3322);
#3322 = AXIS2_PLACEMENT_3D('',#3323,#3324,#3325);
#3323 = CARTESIAN_POINT('',(-12.,194.,860.));
#3324 = DIRECTION('',(0.,0.,1.));
#3325 = DIRECTION('',(1.,0.,-0.));
#3326 = DEFINITIONAL_REPRESENTATION('',(#3327),#3330);
#3327 = B_SPLINE_CURVE_WITH_KNOTS('',1,(#3328,#3329),.UNSPECIFIED.,.F.,
  .F.,(2,2),(-19.,-7.),.PIECEWISE_BEZIER_KNOTS.);
#3328 = CARTESIAN_POINT('',(2.,12.));
#3329 = CARTESIAN_POINT('',(2.,0.));
#3330 = ( GEOMETRIC_REPRESENTATION_CONTEXT(2) 
PARAMETRIC_REPRESENTATION_CONTEXT() REPRESENTATION_CONTEXT('2D SPACE',''
  ) );
#3331 = ORIENTED_EDGE('',*,*,#3332,.T.);
#3332 = EDGE_CURVE('',#3307,#3136,#3333,.T.);
#3333 = SURFACE_CURVE('',#3334,(#3338,#3344),.PCURVE_S1.);
#3334 = LINE('',#3335,#3336);
#3335 = CARTESIAN_POINT('',(-10.,194.,855.));
#3336 = VECTOR('',#3337,1.);
#3337 = DIRECTION('',(0.,0.,1.));
#3338 = PCURVE('',#3144,#3339);
#3339 = DEFINITIONAL_REPRESENTATION('',(#3340),#3343);
#3340 = B_SPLINE_CURVE_WITH_KNOTS('',1,(#3341,#3342),.UNSPECIFIED.,.F.,
  .F.,(2,2),(5.,25.),.PIECEWISE_BEZIER_KNOTS.);
#3341 = CARTESIAN_POINT('',(10.,-14.));
#3342 = CARTESIAN_POINT('',(30.,-14.));
#3343 = ( GEOMETRIC_REPRESENTATION_CONTEXT(2) 
PARAMETRIC_REPRESENTATION_CONTEXT() REPRESENTATION_CONTEXT('2D SPACE',''
  ) );
#3344 = PCURVE('',#3345,#3350);
#3345 = PLANE('',#3346);
#3346 = AXIS2_PLACEMENT_3D('',#3347,#3348,#3349);
#3347 = CARTESIAN_POINT('',(-12.,194.,860.));
#3348 = DIRECTION('',(-0.,1.,0.));
#3349 = DIRECTION('',(0.,0.,1.));
#3350 = DEFINITIONAL_REPRESENTATION('',(#3351),#3354);
#3351 = B_SPLINE_CURVE_WITH_KNOTS('',1,(#3352,#3353),.UNSPECIFIED.,.F.,
  .F.,(2,2),(5.,25.),.PIECEWISE_BEZIER_KNOTS.);
#3352 = CARTESIAN_POINT('',(0.,2.));
#3353 = CARTESIAN_POINT('',(20.,2.));
#3354 = ( GEOMETRIC_REPRESENTATION_CONTEXT(2) 
PARAMETRIC_REPRESENTATION_CONTEXT() REPRESENTATION_CONTEXT('2D SPACE',''
  ) );
#3355 = ADVANCED_FACE('',(#3356),#3156,.T.);
#3356 = FACE_BOUND('',#3357,.T.);
#3357 = EDGE_LOOP('',(#3358,#3359,#3382,#3410));
#3358 = ORIENTED_EDGE('',*,*,#3133,.F.);
#3359 = ORIENTED_EDGE('',*,*,#3360,.T.);
#3360 = EDGE_CURVE('',#3134,#3361,#3363,.T.);
#3361 = VERTEX_POINT('',#3362);
#3362 = CARTESIAN_POINT('',(90.,180.,880.));
#3363 = SURFACE_CURVE('',#3364,(#3368,#3375),.PCURVE_S1.);
#3364 = LINE('',#3365,#3366);
#3365 = CARTESIAN_POINT('',(-10.,180.,880.));
#3366 = VECTOR('',#3367,1.);
#3367 = DIRECTION('',(1.,0.,-0.));
#3368 = PCURVE('',#3156,#3369);
#3369 = DEFINITIONAL_REPRESENTATION('',(#3370),#3374);
#3370 = LINE('',#3371,#3372);
#3371 = CARTESIAN_POINT('',(0.,0.));
#3372 = VECTOR('',#3373,1.);
#3373 = DIRECTION('',(1.,0.));
#3374 = ( GEOMETRIC_REPRESENTATION_CONTEXT(2) 
PARAMETRIC_REPRESENTATION_CONTEXT() REPRESENTATION_CONTEXT('2D SPACE',''
  ) );
#3375 = PCURVE('',#3184,#3376);
#3376 = DEFINITIONAL_REPRESENTATION('',(#3377),#3381);
#3377 = LINE('',#3378,#3379);
#3378 = CARTESIAN_POINT('',(30.,0.));
#3379 = VECTOR('',#3380,1.);
#3380 = DIRECTION('',(0.,1.));
#3381 = ( GEOMETRIC_REPRESENTATION_CONTEXT(2) 
PARAMETRIC_REPRESENTATION_CONTEXT() REPRESENTATION_CONTEXT('2D SPACE',''
  ) );
#3382 = ORIENTED_EDGE('',*,*,#3383,.T.);
#3383 = EDGE_CURVE('',#3361,#3384,#3386,.T.);
#3384 = VERTEX_POINT('',#3385);
#3385 = CARTESIAN_POINT('',(90.,194.,880.));
#3386 = SURFACE_CURVE('',#3387,(#3391,#3398),.PCURVE_S1.);
#3387 = LINE('',#3388,#3389);
#3388 = CARTESIAN_POINT('',(90.,180.,880.));
#3389 = VECTOR('',#3390,1.);
#3390 = DIRECTION('',(-0.,1.,0.));
#3391 = PCURVE('',#3156,#3392);
#3392 = DEFINITIONAL_REPRESENTATION('',(#3393),#3397);
#3393 = LINE('',#3394,#3395);
#3394 = CARTESIAN_POINT('',(100.,0.));
#3395 = VECTOR('',#3396,1.);
#3396 = DIRECTION('',(0.,1.));
#3397 = ( GEOMETRIC_REPRESENTATION_CONTEXT(2) 
PARAMETRIC_REPRESENTATION_CONTEXT() REPRESENTATION_CONTEXT('2D SPACE',''
  ) );
#3398 = PCURVE('',#3399,#3404);
#3399 = PLANE('',#3400);
#3400 = AXIS2_PLACEMENT_3D('',#3401,#3402,#3403);
#3401 = CARTESIAN_POINT('',(90.,180.,850.));
#3402 = DIRECTION('',(1.,0.,-0.));
#3403 = DIRECTION('',(0.,0.,1.));
#3404 = DEFINITIONAL_REPRESENTATION('',(#3405),#3409);
#3405 = LINE('',#3406,#3407);
#3406 = CARTESIAN_POINT('',(30.,0.));
#3407 = VECTOR('',#3408,1.);
#3408 = DIRECTION('',(0.,-1.));
#3409 = ( GEOMETRIC_REPRESENTATION_CONTEXT(2) 
PARAMETRIC_REPRESENTATION_CONTEXT() REPRESENTATION_CONTEXT('2D SPACE',''
  ) );
#3410 = ORIENTED_EDGE('',*,*,#3411,.T.);
#3411 = EDGE_CURVE('',#3384,#3136,#3412,.T.);
#3412 = SURFACE_CURVE('',#3413,(#3417,#3423),.PCURVE_S1.);
#3413 = LINE('',#3414,#3415);
#3414 = CARTESIAN_POINT('',(-11.,194.,880.));
#3415 = VECTOR('',#3416,1.);
#3416 = DIRECTION('',(-1.,-0.,0.));
#3417 = PCURVE('',#3156,#3418);
#3418 = DEFINITIONAL_REPRESENTATION('',(#3419),#3422);
#3419 = B_SPLINE_CURVE_WITH_KNOTS('',1,(#3420,#3421),.UNSPECIFIED.,.F.,
  .F.,(2,2),(-101.,-1.),.PIECEWISE_BEZIER_KNOTS.);
#3420 = CARTESIAN_POINT('',(100.,14.));
#3421 = CARTESIAN_POINT('',(0.,14.));
#3422 = ( GEOMETRIC_REPRESENTATION_CONTEXT(2) 
PARAMETRIC_REPRESENTATION_CONTEXT() REPRESENTATION_CONTEXT('2D SPACE',''
  ) );
#3423 = PCURVE('',#3345,#3424);
#3424 = DEFINITIONAL_REPRESENTATION('',(#3425),#3428);
#3425 = B_SPLINE_CURVE_WITH_KNOTS('',1,(#3426,#3427),.UNSPECIFIED.,.F.,
  .F.,(2,2),(-101.,-1.),.PIECEWISE_BEZIER_KNOTS.);
#3426 = CARTESIAN_POINT('',(20.,102.));
#3427 = CARTESIAN_POINT('',(20.,2.));
#3428 = ( GEOMETRIC_REPRESENTATION_CONTEXT(2) 
PARAMETRIC_REPRESENTATION_CONTEXT() REPRESENTATION_CONTEXT('2D SPACE',''
  ) );
#3429 = ADVANCED_FACE('',(#3430),#3345,.T.);
#3430 = FACE_BOUND('',#3431,.T.);
#3431 = EDGE_LOOP('',(#3432,#3455,#3456,#3457));
#3432 = ORIENTED_EDGE('',*,*,#3433,.F.);
#3433 = EDGE_CURVE('',#3307,#3434,#3436,.T.);
#3434 = VERTEX_POINT('',#3435);
#3435 = CARTESIAN_POINT('',(90.,194.,860.));
#3436 = SURFACE_CURVE('',#3437,(#3441,#3448),.PCURVE_S1.);
#3437 = LINE('',#3438,#3439);
#3438 = CARTESIAN_POINT('',(-12.,194.,860.));
#3439 = VECTOR('',#3440,1.);
#3440 = DIRECTION('',(1.,0.,-0.));
#3441 = PCURVE('',#3345,#3442);
#3442 = DEFINITIONAL_REPRESENTATION('',(#3443),#3447);
#3443 = LINE('',#3444,#3445);
#3444 = CARTESIAN_POINT('',(0.,0.));
#3445 = VECTOR('',#3446,1.);
#3446 = DIRECTION('',(0.,1.));
#3447 = ( GEOMETRIC_REPRESENTATION_CONTEXT(2) 
PARAMETRIC_REPRESENTATION_CONTEXT() REPRESENTATION_CONTEXT('2D SPACE',''
  ) );
#3448 = PCURVE('',#3321,#3449);
#3449 = DEFINITIONAL_REPRESENTATION('',(#3450),#3454);
#3450 = LINE('',#3451,#3452);
#3451 = CARTESIAN_POINT('',(0.,0.));
#3452 = VECTOR('',#3453,1.);
#3453 = DIRECTION('',(1.,0.));
#3454 = ( GEOMETRIC_REPRESENTATION_CONTEXT(2) 
PARAMETRIC_REPRESENTATION_CONTEXT() REPRESENTATION_CONTEXT('2D SPACE',''
  ) );
#3455 = ORIENTED_EDGE('',*,*,#3332,.T.);
#3456 = ORIENTED_EDGE('',*,*,#3411,.F.);
#3457 = ORIENTED_EDGE('',*,*,#3458,.F.);
#3458 = EDGE_CURVE('',#3434,#3384,#3459,.T.);
#3459 = SURFACE_CURVE('',#3460,(#3464,#3470),.PCURVE_S1.);
#3460 = LINE('',#3461,#3462);
#3461 = CARTESIAN_POINT('',(90.,194.,855.));
#3462 = VECTOR('',#3463,1.);
#3463 = DIRECTION('',(0.,0.,1.));
#3464 = PCURVE('',#3345,#3465);
#3465 = DEFINITIONAL_REPRESENTATION('',(#3466),#3469);
#3466 = B_SPLINE_CURVE_WITH_KNOTS('',1,(#3467,#3468),.UNSPECIFIED.,.F.,
  .F.,(2,2),(5.,25.),.PIECEWISE_BEZIER_KNOTS.);
#3467 = CARTESIAN_POINT('',(0.,102.));
#3468 = CARTESIAN_POINT('',(20.,102.));
#3469 = ( GEOMETRIC_REPRESENTATION_CONTEXT(2) 
PARAMETRIC_REPRESENTATION_CONTEXT() REPRESENTATION_CONTEXT('2D SPACE',''
  ) );
#3470 = PCURVE('',#3399,#3471);
#3471 = DEFINITIONAL_REPRESENTATION('',(#3472),#3475);
#3472 = B_SPLINE_CURVE_WITH_KNOTS('',1,(#3473,#3474),.UNSPECIFIED.,.F.,
  .F.,(2,2),(5.,25.),.PIECEWISE_BEZIER_KNOTS.);
#3473 = CARTESIAN_POINT('',(10.,-14.));
#3474 = CARTESIAN_POINT('',(30.,-14.));
#3475 = ( GEOMETRIC_REPRESENTATION_CONTEXT(2) 
PARAMETRIC_REPRESENTATION_CONTEXT() REPRESENTATION_CONTEXT('2D SPACE',''
  ) );
#3476 = ADVANCED_FACE('',(#3477),#3321,.T.);
#3477 = FACE_BOUND('',#3478,.T.);
#3478 = EDGE_LOOP('',(#3479,#3502,#3503,#3504));
#3479 = ORIENTED_EDGE('',*,*,#3480,.F.);
#3480 = EDGE_CURVE('',#3281,#3481,#3483,.T.);
#3481 = VERTEX_POINT('',#3482);
#3482 = CARTESIAN_POINT('',(90.,206.,860.));
#3483 = SURFACE_CURVE('',#3484,(#3488,#3495),.PCURVE_S1.);
#3484 = LINE('',#3485,#3486);
#3485 = CARTESIAN_POINT('',(-12.,206.,860.));
#3486 = VECTOR('',#3487,1.);
#3487 = DIRECTION('',(1.,0.,-0.));
#3488 = PCURVE('',#3321,#3489);
#3489 = DEFINITIONAL_REPRESENTATION('',(#3490),#3494);
#3490 = LINE('',#3491,#3492);
#3491 = CARTESIAN_POINT('',(0.,12.));
#3492 = VECTOR('',#3493,1.);
#3493 = DIRECTION('',(1.,0.));
#3494 = ( GEOMETRIC_REPRESENTATION_CONTEXT(2) 
PARAMETRIC_REPRESENTATION_CONTEXT() REPRESENTATION_CONTEXT('2D SPACE',''
  ) );
#3495 = PCURVE('',#3295,#3496);
#3496 = DEFINITIONAL_REPRESENTATION('',(#3497),#3501);
#3497 = LINE('',#3498,#3499);
#3498 = CARTESIAN_POINT('',(0.,0.));
#3499 = VECTOR('',#3500,1.);
#3500 = DIRECTION('',(0.,1.));
#3501 = ( GEOMETRIC_REPRESENTATION_CONTEXT(2) 
PARAMETRIC_REPRESENTATION_CONTEXT() REPRESENTATION_CONTEXT('2D SPACE',''
  ) );
#3502 = ORIENTED_EDGE('',*,*,#3306,.T.);
#3503 = ORIENTED_EDGE('',*,*,#3433,.T.);
#3504 = ORIENTED_EDGE('',*,*,#3505,.F.);
#3505 = EDGE_CURVE('',#3481,#3434,#3506,.T.);
#3506 = SURFACE_CURVE('',#3507,(#3511,#3517),.PCURVE_S1.);
#3507 = LINE('',#3508,#3509);
#3508 = CARTESIAN_POINT('',(90.,187.,860.));
#3509 = VECTOR('',#3510,1.);
#3510 = DIRECTION('',(0.,-1.,0.));
#3511 = PCURVE('',#3321,#3512);
#3512 = DEFINITIONAL_REPRESENTATION('',(#3513),#3516);
#3513 = B_SPLINE_CURVE_WITH_KNOTS('',1,(#3514,#3515),.UNSPECIFIED.,.F.,
  .F.,(2,2),(-19.,-7.),.PIECEWISE_BEZIER_KNOTS.);
#3514 = CARTESIAN_POINT('',(102.,12.));
#3515 = CARTESIAN_POINT('',(102.,0.));
#3516 = ( GEOMETRIC_REPRESENTATION_CONTEXT(2) 
PARAMETRIC_REPRESENTATION_CONTEXT() REPRESENTATION_CONTEXT('2D SPACE',''
  ) );
#3517 = PCURVE('',#3399,#3518);
#3518 = DEFINITIONAL_REPRESENTATION('',(#3519),#3522);
#3519 = B_SPLINE_CURVE_WITH_KNOTS('',1,(#3520,#3521),.UNSPECIFIED.,.F.,
  .F.,(2,2),(-19.,-7.),.PIECEWISE_BEZIER_KNOTS.);
#3520 = CARTESIAN_POINT('',(10.,-26.));
#3521 = CARTESIAN_POINT('',(10.,-14.));
#3522 = ( GEOMETRIC_REPRESENTATION_CONTEXT(2) 
PARAMETRIC_REPRESENTATION_CONTEXT() REPRESENTATION_CONTEXT('2D SPACE',''
  ) );
#3523 = ADVANCED_FACE('',(#3524),#3295,.F.);
#3524 = FACE_BOUND('',#3525,.F.);
#3525 = EDGE_LOOP('',(#3526,#3527,#3528,#3549));
#3526 = ORIENTED_EDGE('',*,*,#3480,.F.);
#3527 = ORIENTED_EDGE('',*,*,#3280,.T.);
#3528 = ORIENTED_EDGE('',*,*,#3529,.F.);
#3529 = EDGE_CURVE('',#3530,#3253,#3532,.T.);
#3530 = VERTEX_POINT('',#3531);
#3531 = CARTESIAN_POINT('',(90.,206.,880.));
#3532 = SURFACE_CURVE('',#3533,(#3537,#3543),.PCURVE_S1.);
#3533 = LINE('',#3534,#3535);
#3534 = CARTESIAN_POINT('',(-11.,206.,880.));
#3535 = VECTOR('',#3536,1.);
#3536 = DIRECTION('',(-1.,-0.,0.));
#3537 = PCURVE('',#3295,#3538);
#3538 = DEFINITIONAL_REPRESENTATION('',(#3539),#3542);
#3539 = B_SPLINE_CURVE_WITH_KNOTS('',1,(#3540,#3541),.UNSPECIFIED.,.F.,
  .F.,(2,2),(-101.,-1.),.PIECEWISE_BEZIER_KNOTS.);
#3540 = CARTESIAN_POINT('',(20.,102.));
#3541 = CARTESIAN_POINT('',(20.,2.));
#3542 = ( GEOMETRIC_REPRESENTATION_CONTEXT(2) 
PARAMETRIC_REPRESENTATION_CONTEXT() REPRESENTATION_CONTEXT('2D SPACE',''
  ) );
#3543 = PCURVE('',#3268,#3544);
#3544 = DEFINITIONAL_REPRESENTATION('',(#3545),#3548);
#3545 = B_SPLINE_CURVE_WITH_KNOTS('',1,(#3546,#3547),.UNSPECIFIED.,.F.,
  .F.,(2,2),(-101.,-1.),.PIECEWISE_BEZIER_KNOTS.);
#3546 = CARTESIAN_POINT('',(100.,26.));
#3547 = CARTESIAN_POINT('',(0.,26.));
#3548 = ( GEOMETRIC_REPRESENTATION_CONTEXT(2) 
PARAMETRIC_REPRESENTATION_CONTEXT() REPRESENTATION_CONTEXT('2D SPACE',''
  ) );
#3549 = ORIENTED_EDGE('',*,*,#3550,.F.);
#3550 = EDGE_CURVE('',#3481,#3530,#3551,.T.);
#3551 = SURFACE_CURVE('',#3552,(#3556,#3562),.PCURVE_S1.);
#3552 = LINE('',#3553,#3554);
#3553 = CARTESIAN_POINT('',(90.,206.,855.));
#3554 = VECTOR('',#3555,1.);
#3555 = DIRECTION('',(0.,0.,1.));
#3556 = PCURVE('',#3295,#3557);
#3557 = DEFINITIONAL_REPRESENTATION('',(#3558),#3561);
#3558 = B_SPLINE_CURVE_WITH_KNOTS('',1,(#3559,#3560),.UNSPECIFIED.,.F.,
  .F.,(2,2),(5.,25.),.PIECEWISE_BEZIER_KNOTS.);
#3559 = CARTESIAN_POINT('',(0.,102.));
#3560 = CARTESIAN_POINT('',(20.,102.));
#3561 = ( GEOMETRIC_REPRESENTATION_CONTEXT(2) 
PARAMETRIC_REPRESENTATION_CONTEXT() REPRESENTATION_CONTEXT('2D SPACE',''
  ) );
#3562 = PCURVE('',#3399,#3563);
#3563 = DEFINITIONAL_REPRESENTATION('',(#3564),#3567);
#3564 = B_SPLINE_CURVE_WITH_KNOTS('',1,(#3565,#3566),.UNSPECIFIED.,.F.,
  .F.,(2,2),(5.,25.),.PIECEWISE_BEZIER_KNOTS.);
#3565 = CARTESIAN_POINT('',(10.,-26.));
#3566 = CARTESIAN_POINT('',(30.,-26.));
#3567 = ( GEOMETRIC_REPRESENTATION_CONTEXT(2) 
PARAMETRIC_REPRESENTATION_CONTEXT() REPRESENTATION_CONTEXT('2D SPACE',''
  ) );
#3568 = ADVANCED_FACE('',(#3569),#3268,.T.);
#3569 = FACE_BOUND('',#3570,.T.);
#3570 = EDGE_LOOP('',(#3571,#3572,#3573,#3596));
#3571 = ORIENTED_EDGE('',*,*,#3252,.F.);
#3572 = ORIENTED_EDGE('',*,*,#3529,.F.);
#3573 = ORIENTED_EDGE('',*,*,#3574,.T.);
#3574 = EDGE_CURVE('',#3530,#3575,#3577,.T.);
#3575 = VERTEX_POINT('',#3576);
#3576 = CARTESIAN_POINT('',(90.,220.,880.));
#3577 = SURFACE_CURVE('',#3578,(#3582,#3589),.PCURVE_S1.);
#3578 = LINE('',#3579,#3580);
#3579 = CARTESIAN_POINT('',(90.,180.,880.));
#3580 = VECTOR('',#3581,1.);
#3581 = DIRECTION('',(-0.,1.,0.));
#3582 = PCURVE('',#3268,#3583);
#3583 = DEFINITIONAL_REPRESENTATION('',(#3584),#3588);
#3584 = LINE('',#3585,#3586);
#3585 = CARTESIAN_POINT('',(100.,0.));
#3586 = VECTOR('',#3587,1.);
#3587 = DIRECTION('',(0.,1.));
#3588 = ( GEOMETRIC_REPRESENTATION_CONTEXT(2) 
PARAMETRIC_REPRESENTATION_CONTEXT() REPRESENTATION_CONTEXT('2D SPACE',''
  ) );
#3589 = PCURVE('',#3399,#3590);
#3590 = DEFINITIONAL_REPRESENTATION('',(#3591),#3595);
#3591 = LINE('',#3592,#3593);
#3592 = CARTESIAN_POINT('',(30.,0.));
#3593 = VECTOR('',#3594,1.);
#3594 = DIRECTION('',(0.,-1.));
#3595 = ( GEOMETRIC_REPRESENTATION_CONTEXT(2) 
PARAMETRIC_REPRESENTATION_CONTEXT() REPRESENTATION_CONTEXT('2D SPACE',''
  ) );
#3596 = ORIENTED_EDGE('',*,*,#3597,.F.);
#3597 = EDGE_CURVE('',#3225,#3575,#3598,.T.);
#3598 = SURFACE_CURVE('',#3599,(#3603,#3610),.PCURVE_S1.);
#3599 = LINE('',#3600,#3601);
#3600 = CARTESIAN_POINT('',(-10.,220.,880.));
#3601 = VECTOR('',#3602,1.);
#3602 = DIRECTION('',(1.,0.,-0.));
#3603 = PCURVE('',#3268,#3604);
#3604 = DEFINITIONAL_REPRESENTATION('',(#3605),#3609);
#3605 = LINE('',#3606,#3607);
#3606 = CARTESIAN_POINT('',(0.,40.));
#3607 = VECTOR('',#3608,1.);
#3608 = DIRECTION('',(1.,0.));
#3609 = ( GEOMETRIC_REPRESENTATION_CONTEXT(2) 
PARAMETRIC_REPRESENTATION_CONTEXT() REPRESENTATION_CONTEXT('2D SPACE',''
  ) );
#3610 = PCURVE('',#3240,#3611);
#3611 = DEFINITIONAL_REPRESENTATION('',(#3612),#3616);
#3612 = LINE('',#3613,#3614);
#3613 = CARTESIAN_POINT('',(30.,0.));
#3614 = VECTOR('',#3615,1.);
#3615 = DIRECTION('',(0.,1.));
#3616 = ( GEOMETRIC_REPRESENTATION_CONTEXT(2) 
PARAMETRIC_REPRESENTATION_CONTEXT() REPRESENTATION_CONTEXT('2D SPACE',''
  ) );
#3617 = ADVANCED_FACE('',(#3618),#3240,.T.);
#3618 = FACE_BOUND('',#3619,.T.);
#3619 = EDGE_LOOP('',(#3620,#3643,#3644,#3645));
#3620 = ORIENTED_EDGE('',*,*,#3621,.F.);
#3621 = EDGE_CURVE('',#3197,#3622,#3624,.T.);
#3622 = VERTEX_POINT('',#3623);
#3623 = CARTESIAN_POINT('',(90.,220.,850.));
#3624 = SURFACE_CURVE('',#3625,(#3629,#3636),.PCURVE_S1.);
#3625 = LINE('',#3626,#3627);
#3626 = CARTESIAN_POINT('',(-10.,220.,850.));
#3627 = VECTOR('',#3628,1.);
#3628 = DIRECTION('',(1.,0.,-0.));
#3629 = PCURVE('',#3240,#3630);
#3630 = DEFINITIONAL_REPRESENTATION('',(#3631),#3635);
#3631 = LINE('',#3632,#3633);
#3632 = CARTESIAN_POINT('',(0.,0.));
#3633 = VECTOR('',#3634,1.);
#3634 = DIRECTION('',(0.,1.));
#3635 = ( GEOMETRIC_REPRESENTATION_CONTEXT(2) 
PARAMETRIC_REPRESENTATION_CONTEXT() REPRESENTATION_CONTEXT('2D SPACE',''
  ) );
#3636 = PCURVE('',#3212,#3637);
#3637 = DEFINITIONAL_REPRESENTATION('',(#3638),#3642);
#3638 = LINE('',#3639,#3640);
#3639 = CARTESIAN_POINT('',(0.,40.));
#3640 = VECTOR('',#3641,1.);
#3641 = DIRECTION('',(1.,0.));
#3642 = ( GEOMETRIC_REPRESENTATION_CONTEXT(2) 
PARAMETRIC_REPRESENTATION_CONTEXT() REPRESENTATION_CONTEXT('2D SPACE',''
  ) );
#3643 = ORIENTED_EDGE('',*,*,#3224,.T.);
#3644 = ORIENTED_EDGE('',*,*,#3597,.T.);
#3645 = ORIENTED_EDGE('',*,*,#3646,.F.);
#3646 = EDGE_CURVE('',#3622,#3575,#3647,.T.);
#3647 = SURFACE_CURVE('',#3648,(#3652,#3659),.PCURVE_S1.);
#3648 = LINE('',#3649,#3650);
#3649 = CARTESIAN_POINT('',(90.,220.,850.));
#3650 = VECTOR('',#3651,1.);
#3651 = DIRECTION('',(0.,0.,1.));
#3652 = PCURVE('',#3240,#3653);
#3653 = DEFINITIONAL_REPRESENTATION('',(#3654),#3658);
#3654 = LINE('',#3655,#3656);
#3655 = CARTESIAN_POINT('',(0.,100.));
#3656 = VECTOR('',#3657,1.);
#3657 = DIRECTION('',(1.,0.));
#3658 = ( GEOMETRIC_REPRESENTATION_CONTEXT(2) 
PARAMETRIC_REPRESENTATION_CONTEXT() REPRESENTATION_CONTEXT('2D SPACE',''
  ) );
#3659 = PCURVE('',#3399,#3660);
#3660 = DEFINITIONAL_REPRESENTATION('',(#3661),#3665);
#3661 = LINE('',#3662,#3663);
#3662 = CARTESIAN_POINT('',(0.,-40.));
#3663 = VECTOR('',#3664,1.);
#3664 = DIRECTION('',(1.,0.));
#3665 = ( GEOMETRIC_REPRESENTATION_CONTEXT(2) 
PARAMETRIC_REPRESENTATION_CONTEXT() REPRESENTATION_CONTEXT('2D SPACE',''
  ) );
#3666 = ADVANCED_FACE('',(#3667),#3212,.F.);
#3667 = FACE_BOUND('',#3668,.F.);
#3668 = EDGE_LOOP('',(#3669,#3670,#3693,#3714));
#3669 = ORIENTED_EDGE('',*,*,#3196,.F.);
#3670 = ORIENTED_EDGE('',*,*,#3671,.T.);
#3671 = EDGE_CURVE('',#3169,#3672,#3674,.T.);
#3672 = VERTEX_POINT('',#3673);
#3673 = CARTESIAN_POINT('',(90.,180.,850.));
#3674 = SURFACE_CURVE('',#3675,(#3679,#3686),.PCURVE_S1.);
#3675 = LINE('',#3676,#3677);
#3676 = CARTESIAN_POINT('',(-10.,180.,850.));
#3677 = VECTOR('',#3678,1.);
#3678 = DIRECTION('',(1.,0.,-0.));
#3679 = PCURVE('',#3212,#3680);
#3680 = DEFINITIONAL_REPRESENTATION('',(#3681),#3685);
#3681 = LINE('',#3682,#3683);
#3682 = CARTESIAN_POINT('',(0.,0.));
#3683 = VECTOR('',#3684,1.);
#3684 = DIRECTION('',(1.,0.));
#3685 = ( GEOMETRIC_REPRESENTATION_CONTEXT(2) 
PARAMETRIC_REPRESENTATION_CONTEXT() REPRESENTATION_CONTEXT('2D SPACE',''
  ) );
#3686 = PCURVE('',#3184,#3687);
#3687 = DEFINITIONAL_REPRESENTATION('',(#3688),#3692);
#3688 = LINE('',#3689,#3690);
#3689 = CARTESIAN_POINT('',(0.,0.));
#3690 = VECTOR('',#3691,1.);
#3691 = DIRECTION('',(0.,1.));
#3692 = ( GEOMETRIC_REPRESENTATION_CONTEXT(2) 
PARAMETRIC_REPRESENTATION_CONTEXT() REPRESENTATION_CONTEXT('2D SPACE',''
  ) );
#3693 = ORIENTED_EDGE('',*,*,#3694,.T.);
#3694 = EDGE_CURVE('',#3672,#3622,#3695,.T.);
#3695 = SURFACE_CURVE('',#3696,(#3700,#3707),.PCURVE_S1.);
#3696 = LINE('',#3697,#3698);
#3697 = CARTESIAN_POINT('',(90.,180.,850.));
#3698 = VECTOR('',#3699,1.);
#3699 = DIRECTION('',(-0.,1.,0.));
#3700 = PCURVE('',#3212,#3701);
#3701 = DEFINITIONAL_REPRESENTATION('',(#3702),#3706);
#3702 = LINE('',#3703,#3704);
#3703 = CARTESIAN_POINT('',(100.,0.));
#3704 = VECTOR('',#3705,1.);
#3705 = DIRECTION('',(0.,1.));
#3706 = ( GEOMETRIC_REPRESENTATION_CONTEXT(2) 
PARAMETRIC_REPRESENTATION_CONTEXT() REPRESENTATION_CONTEXT('2D SPACE',''
  ) );
#3707 = PCURVE('',#3399,#3708);
#3708 = DEFINITIONAL_REPRESENTATION('',(#3709),#3713);
#3709 = LINE('',#3710,#3711);
#3710 = CARTESIAN_POINT('',(0.,0.));
#3711 = VECTOR('',#3712,1.);
#3712 = DIRECTION('',(0.,-1.));
#3713 = ( GEOMETRIC_REPRESENTATION_CONTEXT(2) 
PARAMETRIC_REPRESENTATION_CONTEXT() REPRESENTATION_CONTEXT('2D SPACE',''
  ) );
#3714 = ORIENTED_EDGE('',*,*,#3621,.F.);
#3715 = ADVANCED_FACE('',(#3716),#3184,.F.);
#3716 = FACE_BOUND('',#3717,.F.);
#3717 = EDGE_LOOP('',(#3718,#3719,#3720,#3721));
#3718 = ORIENTED_EDGE('',*,*,#3671,.F.);
#3719 = ORIENTED_EDGE('',*,*,#3168,.T.);
#3720 = ORIENTED_EDGE('',*,*,#3360,.T.);
#3721 = ORIENTED_EDGE('',*,*,#3722,.F.);
#3722 = EDGE_CURVE('',#3672,#3361,#3723,.T.);
#3723 = SURFACE_CURVE('',#3724,(#3728,#3735),.PCURVE_S1.);
#3724 = LINE('',#3725,#3726);
#3725 = CARTESIAN_POINT('',(90.,180.,850.));
#3726 = VECTOR('',#3727,1.);
#3727 = DIRECTION('',(0.,0.,1.));
#3728 = PCURVE('',#3184,#3729);
#3729 = DEFINITIONAL_REPRESENTATION('',(#3730),#3734);
#3730 = LINE('',#3731,#3732);
#3731 = CARTESIAN_POINT('',(0.,100.));
#3732 = VECTOR('',#3733,1.);
#3733 = DIRECTION('',(1.,0.));
#3734 = ( GEOMETRIC_REPRESENTATION_CONTEXT(2) 
PARAMETRIC_REPRESENTATION_CONTEXT() REPRESENTATION_CONTEXT('2D SPACE',''
  ) );
#3735 = PCURVE('',#3399,#3736);
#3736 = DEFINITIONAL_REPRESENTATION('',(#3737),#3741);
#3737 = LINE('',#3738,#3739);
#3738 = CARTESIAN_POINT('',(0.,0.));
#3739 = VECTOR('',#3740,1.);
#3740 = DIRECTION('',(1.,0.));
#3741 = ( GEOMETRIC_REPRESENTATION_CONTEXT(2) 
PARAMETRIC_REPRESENTATION_CONTEXT() REPRESENTATION_CONTEXT('2D SPACE',''
  ) );
#3742 = ADVANCED_FACE('',(#3743),#3399,.T.);
#3743 = FACE_BOUND('',#3744,.T.);
#3744 = EDGE_LOOP('',(#3745,#3746,#3747,#3748,#3749,#3750,#3751,#3752));
#3745 = ORIENTED_EDGE('',*,*,#3383,.F.);
#3746 = ORIENTED_EDGE('',*,*,#3722,.F.);
#3747 = ORIENTED_EDGE('',*,*,#3694,.T.);
#3748 = ORIENTED_EDGE('',*,*,#3646,.T.);
#3749 = ORIENTED_EDGE('',*,*,#3574,.F.);
#3750 = ORIENTED_EDGE('',*,*,#3550,.F.);
#3751 = ORIENTED_EDGE('',*,*,#3505,.T.);
#3752 = ORIENTED_EDGE('',*,*,#3458,.T.);
#3753 = MANIFOLD_SOLID_BREP('',#3754);
#3754 = CLOSED_SHELL('',(#3755,#3981,#4055,#4102,#4149,#4194,#4243,#4292
    ,#4341,#4368));
#3755 = ADVANCED_FACE('',(#3756),#3770,.F.);
#3756 = FACE_BOUND('',#3757,.F.);
#3757 = EDGE_LOOP('',(#3758,#3793,#3821,#3849,#3877,#3905,#3931,#3957));
#3758 = ORIENTED_EDGE('',*,*,#3759,.F.);
#3759 = EDGE_CURVE('',#3760,#3762,#3764,.T.);
#3760 = VERTEX_POINT('',#3761);
#3761 = CARTESIAN_POINT('',(-10.,-220.,880.));
#3762 = VERTEX_POINT('',#3763);
#3763 = CARTESIAN_POINT('',(-10.,-206.,880.));
#3764 = SURFACE_CURVE('',#3765,(#3769,#3781),.PCURVE_S1.);
#3765 = LINE('',#3766,#3767);
#3766 = CARTESIAN_POINT('',(-10.,-220.,880.));
#3767 = VECTOR('',#3768,1.);
#3768 = DIRECTION('',(-0.,1.,0.));
#3769 = PCURVE('',#3770,#3775);
#3770 = PLANE('',#3771);
#3771 = AXIS2_PLACEMENT_3D('',#3772,#3773,#3774);
#3772 = CARTESIAN_POINT('',(-10.,-220.,850.));
#3773 = DIRECTION('',(1.,0.,-0.));
#3774 = DIRECTION('',(0.,0.,1.));
#3775 = DEFINITIONAL_REPRESENTATION('',(#3776),#3780);
#3776 = LINE('',#3777,#3778);
#3777 = CARTESIAN_POINT('',(30.,0.));
#3778 = VECTOR('',#3779,1.);
#3779 = DIRECTION('',(0.,-1.));
#3780 = ( GEOMETRIC_REPRESENTATION_CONTEXT(2) 
PARAMETRIC_REPRESENTATION_CONTEXT() REPRESENTATION_CONTEXT('2D SPACE',''
  ) );
#3781 = PCURVE('',#3782,#3787);
#3782 = PLANE('',#3783);
#3783 = AXIS2_PLACEMENT_3D('',#3784,#3785,#3786);
#3784 = CARTESIAN_POINT('',(-10.,-220.,880.));
#3785 = DIRECTION('',(0.,0.,1.));
#3786 = DIRECTION('',(1.,0.,-0.));
#3787 = DEFINITIONAL_REPRESENTATION('',(#3788),#3792);
#3788 = LINE('',#3789,#3790);
#3789 = CARTESIAN_POINT('',(0.,0.));
#3790 = VECTOR('',#3791,1.);
#3791 = DIRECTION('',(0.,1.));
#3792 = ( GEOMETRIC_REPRESENTATION_CONTEXT(2) 
PARAMETRIC_REPRESENTATION_CONTEXT() REPRESENTATION_CONTEXT('2D SPACE',''
  ) );
#3793 = ORIENTED_EDGE('',*,*,#3794,.F.);
#3794 = EDGE_CURVE('',#3795,#3760,#3797,.T.);
#3795 = VERTEX_POINT('',#3796);
#3796 = CARTESIAN_POINT('',(-10.,-220.,850.));
#3797 = SURFACE_CURVE('',#3798,(#3802,#3809),.PCURVE_S1.);
#3798 = LINE('',#3799,#3800);
#3799 = CARTESIAN_POINT('',(-10.,-220.,850.));
#3800 = VECTOR('',#3801,1.);
#3801 = DIRECTION('',(0.,0.,1.));
#3802 = PCURVE('',#3770,#3803);
#3803 = DEFINITIONAL_REPRESENTATION('',(#3804),#3808);
#3804 = LINE('',#3805,#3806);
#3805 = CARTESIAN_POINT('',(0.,0.));
#3806 = VECTOR('',#3807,1.);
#3807 = DIRECTION('',(1.,0.));
#3808 = ( GEOMETRIC_REPRESENTATION_CONTEXT(2) 
PARAMETRIC_REPRESENTATION_CONTEXT() REPRESENTATION_CONTEXT('2D SPACE',''
  ) );
#3809 = PCURVE('',#3810,#3815);
#3810 = PLANE('',#3811);
#3811 = AXIS2_PLACEMENT_3D('',#3812,#3813,#3814);
#3812 = CARTESIAN_POINT('',(-10.,-220.,850.));
#3813 = DIRECTION('',(-0.,1.,0.));
#3814 = DIRECTION('',(0.,0.,1.));
#3815 = DEFINITIONAL_REPRESENTATION('',(#3816),#3820);
#3816 = LINE('',#3817,#3818);
#3817 = CARTESIAN_POINT('',(0.,0.));
#3818 = VECTOR('',#3819,1.);
#3819 = DIRECTION('',(1.,0.));
#3820 = ( GEOMETRIC_REPRESENTATION_CONTEXT(2) 
PARAMETRIC_REPRESENTATION_CONTEXT() REPRESENTATION_CONTEXT('2D SPACE',''
  ) );
#3821 = ORIENTED_EDGE('',*,*,#3822,.T.);
#3822 = EDGE_CURVE('',#3795,#3823,#3825,.T.);
#3823 = VERTEX_POINT('',#3824);
#3824 = CARTESIAN_POINT('',(-10.,-180.,850.));
#3825 = SURFACE_CURVE('',#3826,(#3830,#3837),.PCURVE_S1.);
#3826 = LINE('',#3827,#3828);
#3827 = CARTESIAN_POINT('',(-10.,-220.,850.));
#3828 = VECTOR('',#3829,1.);
#3829 = DIRECTION('',(-0.,1.,0.));
#3830 = PCURVE('',#3770,#3831);
#3831 = DEFINITIONAL_REPRESENTATION('',(#3832),#3836);
#3832 = LINE('',#3833,#3834);
#3833 = CARTESIAN_POINT('',(0.,0.));
#3834 = VECTOR('',#3835,1.);
#3835 = DIRECTION('',(0.,-1.));
#3836 = ( GEOMETRIC_REPRESENTATION_CONTEXT(2) 
PARAMETRIC_REPRESENTATION_CONTEXT() REPRESENTATION_CONTEXT('2D SPACE',''
  ) );
#3837 = PCURVE('',#3838,#3843);
#3838 = PLANE('',#3839);
#3839 = AXIS2_PLACEMENT_3D('',#3840,#3841,#3842);
#3840 = CARTESIAN_POINT('',(-10.,-220.,850.));
#3841 = DIRECTION('',(0.,0.,1.));
#3842 = DIRECTION('',(1.,0.,-0.));
#3843 = DEFINITIONAL_REPRESENTATION('',(#3844),#3848);
#3844 = LINE('',#3845,#3846);
#3845 = CARTESIAN_POINT('',(0.,0.));
#3846 = VECTOR('',#3847,1.);
#3847 = DIRECTION('',(0.,1.));
#3848 = ( GEOMETRIC_REPRESENTATION_CONTEXT(2) 
PARAMETRIC_REPRESENTATION_CONTEXT() REPRESENTATION_CONTEXT('2D SPACE',''
  ) );
#3849 = ORIENTED_EDGE('',*,*,#3850,.T.);
#3850 = EDGE_CURVE('',#3823,#3851,#3853,.T.);
#3851 = VERTEX_POINT('',#3852);
#3852 = CARTESIAN_POINT('',(-10.,-180.,880.));
#3853 = SURFACE_CURVE('',#3854,(#3858,#3865),.PCURVE_S1.);
#3854 = LINE('',#3855,#3856);
#3855 = CARTESIAN_POINT('',(-10.,-180.,850.));
#3856 = VECTOR('',#3857,1.);
#3857 = DIRECTION('',(0.,0.,1.));
#3858 = PCURVE('',#3770,#3859);
#3859 = DEFINITIONAL_REPRESENTATION('',(#3860),#3864);
#3860 = LINE('',#3861,#3862);
#3861 = CARTESIAN_POINT('',(0.,-40.));
#3862 = VECTOR('',#3863,1.);
#3863 = DIRECTION('',(1.,0.));
#3864 = ( GEOMETRIC_REPRESENTATION_CONTEXT(2) 
PARAMETRIC_REPRESENTATION_CONTEXT() REPRESENTATION_CONTEXT('2D SPACE',''
  ) );
#3865 = PCURVE('',#3866,#3871);
#3866 = PLANE('',#3867);
#3867 = AXIS2_PLACEMENT_3D('',#3868,#3869,#3870);
#3868 = CARTESIAN_POINT('',(-10.,-180.,850.));
#3869 = DIRECTION('',(-0.,1.,0.));
#3870 = DIRECTION('',(0.,0.,1.));
#3871 = DEFINITIONAL_REPRESENTATION('',(#3872),#3876);
#3872 = LINE('',#3873,#3874);
#3873 = CARTESIAN_POINT('',(0.,0.));
#3874 = VECTOR('',#3875,1.);
#3875 = DIRECTION('',(1.,0.));
#3876 = ( GEOMETRIC_REPRESENTATION_CONTEXT(2) 
PARAMETRIC_REPRESENTATION_CONTEXT() REPRESENTATION_CONTEXT('2D SPACE',''
  ) );
#3877 = ORIENTED_EDGE('',*,*,#3878,.F.);
#3878 = EDGE_CURVE('',#3879,#3851,#3881,.T.);
#3879 = VERTEX_POINT('',#3880);
#3880 = CARTESIAN_POINT('',(-10.,-194.,880.));
#3881 = SURFACE_CURVE('',#3882,(#3886,#3893),.PCURVE_S1.);
#3882 = LINE('',#3883,#3884);
#3883 = CARTESIAN_POINT('',(-10.,-220.,880.));
#3884 = VECTOR('',#3885,1.);
#3885 = DIRECTION('',(-0.,1.,0.));
#3886 = PCURVE('',#3770,#3887);
#3887 = DEFINITIONAL_REPRESENTATION('',(#3888),#3892);
#3888 = LINE('',#3889,#3890);
#3889 = CARTESIAN_POINT('',(30.,0.));
#3890 = VECTOR('',#3891,1.);
#3891 = DIRECTION('',(0.,-1.));
#3892 = ( GEOMETRIC_REPRESENTATION_CONTEXT(2) 
PARAMETRIC_REPRESENTATION_CONTEXT() REPRESENTATION_CONTEXT('2D SPACE',''
  ) );
#3893 = PCURVE('',#3894,#3899);
#3894 = PLANE('',#3895);
#3895 = AXIS2_PLACEMENT_3D('',#3896,#3897,#3898);
#3896 = CARTESIAN_POINT('',(-10.,-220.,880.));
#3897 = DIRECTION('',(0.,0.,1.));
#3898 = DIRECTION('',(1.,0.,-0.));
#3899 = DEFINITIONAL_REPRESENTATION('',(#3900),#3904);
#3900 = LINE('',#3901,#3902);
#3901 = CARTESIAN_POINT('',(0.,0.));
#3902 = VECTOR('',#3903,1.);
#3903 = DIRECTION('',(0.,1.));
#3904 = ( GEOMETRIC_REPRESENTATION_CONTEXT(2) 
PARAMETRIC_REPRESENTATION_CONTEXT() REPRESENTATION_CONTEXT('2D SPACE',''
  ) );
#3905 = ORIENTED_EDGE('',*,*,#3906,.F.);
#3906 = EDGE_CURVE('',#3907,#3879,#3909,.T.);
#3907 = VERTEX_POINT('',#3908);
#3908 = CARTESIAN_POINT('',(-10.,-194.,860.));
#3909 = SURFACE_CURVE('',#3910,(#3914,#3920),.PCURVE_S1.);
#3910 = LINE('',#3911,#3912);
#3911 = CARTESIAN_POINT('',(-10.,-194.,855.));
#3912 = VECTOR('',#3913,1.);
#3913 = DIRECTION('',(0.,0.,1.));
#3914 = PCURVE('',#3770,#3915);
#3915 = DEFINITIONAL_REPRESENTATION('',(#3916),#3919);
#3916 = B_SPLINE_CURVE_WITH_KNOTS('',1,(#3917,#3918),.UNSPECIFIED.,.F.,
  .F.,(2,2),(5.,25.),.PIECEWISE_BEZIER_KNOTS.);
#3917 = CARTESIAN_POINT('',(10.,-26.));
#3918 = CARTESIAN_POINT('',(30.,-26.));
#3919 = ( GEOMETRIC_REPRESENTATION_CONTEXT(2) 
PARAMETRIC_REPRESENTATION_CONTEXT() REPRESENTATION_CONTEXT('2D SPACE',''
  ) );
#3920 = PCURVE('',#3921,#3926);
#3921 = PLANE('',#3922);
#3922 = AXIS2_PLACEMENT_3D('',#3923,#3924,#3925);
#3923 = CARTESIAN_POINT('',(-12.,-194.,860.));
#3924 = DIRECTION('',(-0.,1.,0.));
#3925 = DIRECTION('',(0.,0.,1.));
#3926 = DEFINITIONAL_REPRESENTATION('',(#3927),#3930);
#3927 = B_SPLINE_CURVE_WITH_KNOTS('',1,(#3928,#3929),.UNSPECIFIED.,.F.,
  .F.,(2,2),(5.,25.),.PIECEWISE_BEZIER_KNOTS.);
#3928 = CARTESIAN_POINT('',(0.,2.));
#3929 = CARTESIAN_POINT('',(20.,2.));
#3930 = ( GEOMETRIC_REPRESENTATION_CONTEXT(2) 
PARAMETRIC_REPRESENTATION_CONTEXT() REPRESENTATION_CONTEXT('2D SPACE',''
  ) );
#3931 = ORIENTED_EDGE('',*,*,#3932,.T.);
#3932 = EDGE_CURVE('',#3907,#3933,#3935,.T.);
#3933 = VERTEX_POINT('',#3934);
#3934 = CARTESIAN_POINT('',(-10.,-206.,860.));
#3935 = SURFACE_CURVE('',#3936,(#3940,#3946),.PCURVE_S1.);
#3936 = LINE('',#3937,#3938);
#3937 = CARTESIAN_POINT('',(-10.,-213.,860.));
#3938 = VECTOR('',#3939,1.);
#3939 = DIRECTION('',(0.,-1.,0.));
#3940 = PCURVE('',#3770,#3941);
#3941 = DEFINITIONAL_REPRESENTATION('',(#3942),#3945);
#3942 = B_SPLINE_CURVE_WITH_KNOTS('',1,(#3943,#3944),.UNSPECIFIED.,.F.,
  .F.,(2,2),(-19.,-7.),.PIECEWISE_BEZIER_KNOTS.);
#3943 = CARTESIAN_POINT('',(10.,-26.));
#3944 = CARTESIAN_POINT('',(10.,-14.));
#3945 = ( GEOMETRIC_REPRESENTATION_CONTEXT(2) 
PARAMETRIC_REPRESENTATION_CONTEXT() REPRESENTATION_CONTEXT('2D SPACE',''
  ) );
#3946 = PCURVE('',#3947,#3952);
#3947 = PLANE('',#3948);
#3948 = AXIS2_PLACEMENT_3D('',#3949,#3950,#3951);
#3949 = CARTESIAN_POINT('',(-12.,-206.,860.));
#3950 = DIRECTION('',(0.,0.,1.));
#3951 = DIRECTION('',(1.,0.,-0.));
#3952 = DEFINITIONAL_REPRESENTATION('',(#3953),#3956);
#3953 = B_SPLINE_CURVE_WITH_KNOTS('',1,(#3954,#3955),.UNSPECIFIED.,.F.,
  .F.,(2,2),(-19.,-7.),.PIECEWISE_BEZIER_KNOTS.);
#3954 = CARTESIAN_POINT('',(2.,12.));
#3955 = CARTESIAN_POINT('',(2.,0.));
#3956 = ( GEOMETRIC_REPRESENTATION_CONTEXT(2) 
PARAMETRIC_REPRESENTATION_CONTEXT() REPRESENTATION_CONTEXT('2D SPACE',''
  ) );
#3957 = ORIENTED_EDGE('',*,*,#3958,.T.);
#3958 = EDGE_CURVE('',#3933,#3762,#3959,.T.);
#3959 = SURFACE_CURVE('',#3960,(#3964,#3970),.PCURVE_S1.);
#3960 = LINE('',#3961,#3962);
#3961 = CARTESIAN_POINT('',(-10.,-206.,855.));
#3962 = VECTOR('',#3963,1.);
#3963 = DIRECTION('',(0.,0.,1.));
#3964 = PCURVE('',#3770,#3965);
#3965 = DEFINITIONAL_REPRESENTATION('',(#3966),#3969);
#3966 = B_SPLINE_CURVE_WITH_KNOTS('',1,(#3967,#3968),.UNSPECIFIED.,.F.,
  .F.,(2,2),(5.,25.),.PIECEWISE_BEZIER_KNOTS.);
#3967 = CARTESIAN_POINT('',(10.,-14.));
#3968 = CARTESIAN_POINT('',(30.,-14.));
#3969 = ( GEOMETRIC_REPRESENTATION_CONTEXT(2) 
PARAMETRIC_REPRESENTATION_CONTEXT() REPRESENTATION_CONTEXT('2D SPACE',''
  ) );
#3970 = PCURVE('',#3971,#3976);
#3971 = PLANE('',#3972);
#3972 = AXIS2_PLACEMENT_3D('',#3973,#3974,#3975);
#3973 = CARTESIAN_POINT('',(-12.,-206.,860.));
#3974 = DIRECTION('',(-0.,1.,0.));
#3975 = DIRECTION('',(0.,0.,1.));
#3976 = DEFINITIONAL_REPRESENTATION('',(#3977),#3980);
#3977 = B_SPLINE_CURVE_WITH_KNOTS('',1,(#3978,#3979),.UNSPECIFIED.,.F.,
  .F.,(2,2),(5.,25.),.PIECEWISE_BEZIER_KNOTS.);
#3978 = CARTESIAN_POINT('',(0.,2.));
#3979 = CARTESIAN_POINT('',(20.,2.));
#3980 = ( GEOMETRIC_REPRESENTATION_CONTEXT(2) 
PARAMETRIC_REPRESENTATION_CONTEXT() REPRESENTATION_CONTEXT('2D SPACE',''
  ) );
#3981 = ADVANCED_FACE('',(#3982),#3782,.T.);
#3982 = FACE_BOUND('',#3983,.T.);
#3983 = EDGE_LOOP('',(#3984,#3985,#4008,#4036));
#3984 = ORIENTED_EDGE('',*,*,#3759,.F.);
#3985 = ORIENTED_EDGE('',*,*,#3986,.T.);
#3986 = EDGE_CURVE('',#3760,#3987,#3989,.T.);
#3987 = VERTEX_POINT('',#3988);
#3988 = CARTESIAN_POINT('',(90.,-220.,880.));
#3989 = SURFACE_CURVE('',#3990,(#3994,#4001),.PCURVE_S1.);
#3990 = LINE('',#3991,#3992);
#3991 = CARTESIAN_POINT('',(-10.,-220.,880.));
#3992 = VECTOR('',#3993,1.);
#3993 = DIRECTION('',(1.,0.,-0.));
#3994 = PCURVE('',#3782,#3995);
#3995 = DEFINITIONAL_REPRESENTATION('',(#3996),#4000);
#3996 = LINE('',#3997,#3998);
#3997 = CARTESIAN_POINT('',(0.,0.));
#3998 = VECTOR('',#3999,1.);
#3999 = DIRECTION('',(1.,0.));
#4000 = ( GEOMETRIC_REPRESENTATION_CONTEXT(2) 
PARAMETRIC_REPRESENTATION_CONTEXT() REPRESENTATION_CONTEXT('2D SPACE',''
  ) );
#4001 = PCURVE('',#3810,#4002);
#4002 = DEFINITIONAL_REPRESENTATION('',(#4003),#4007);
#4003 = LINE('',#4004,#4005);
#4004 = CARTESIAN_POINT('',(30.,0.));
#4005 = VECTOR('',#4006,1.);
#4006 = DIRECTION('',(0.,1.));
#4007 = ( GEOMETRIC_REPRESENTATION_CONTEXT(2) 
PARAMETRIC_REPRESENTATION_CONTEXT() REPRESENTATION_CONTEXT('2D SPACE',''
  ) );
#4008 = ORIENTED_EDGE('',*,*,#4009,.T.);
#4009 = EDGE_CURVE('',#3987,#4010,#4012,.T.);
#4010 = VERTEX_POINT('',#4011);
#4011 = CARTESIAN_POINT('',(90.,-206.,880.));
#4012 = SURFACE_CURVE('',#4013,(#4017,#4024),.PCURVE_S1.);
#4013 = LINE('',#4014,#4015);
#4014 = CARTESIAN_POINT('',(90.,-220.,880.));
#4015 = VECTOR('',#4016,1.);
#4016 = DIRECTION('',(-0.,1.,0.));
#4017 = PCURVE('',#3782,#4018);
#4018 = DEFINITIONAL_REPRESENTATION('',(#4019),#4023);
#4019 = LINE('',#4020,#4021);
#4020 = CARTESIAN_POINT('',(100.,0.));
#4021 = VECTOR('',#4022,1.);
#4022 = DIRECTION('',(0.,1.));
#4023 = ( GEOMETRIC_REPRESENTATION_CONTEXT(2) 
PARAMETRIC_REPRESENTATION_CONTEXT() REPRESENTATION_CONTEXT('2D SPACE',''
  ) );
#4024 = PCURVE('',#4025,#4030);
#4025 = PLANE('',#4026);
#4026 = AXIS2_PLACEMENT_3D('',#4027,#4028,#4029);
#4027 = CARTESIAN_POINT('',(90.,-220.,850.));
#4028 = DIRECTION('',(1.,0.,-0.));
#4029 = DIRECTION('',(0.,0.,1.));
#4030 = DEFINITIONAL_REPRESENTATION('',(#4031),#4035);
#4031 = LINE('',#4032,#4033);
#4032 = CARTESIAN_POINT('',(30.,0.));
#4033 = VECTOR('',#4034,1.);
#4034 = DIRECTION('',(0.,-1.));
#4035 = ( GEOMETRIC_REPRESENTATION_CONTEXT(2) 
PARAMETRIC_REPRESENTATION_CONTEXT() REPRESENTATION_CONTEXT('2D SPACE',''
  ) );
#4036 = ORIENTED_EDGE('',*,*,#4037,.T.);
#4037 = EDGE_CURVE('',#4010,#3762,#4038,.T.);
#4038 = SURFACE_CURVE('',#4039,(#4043,#4049),.PCURVE_S1.);
#4039 = LINE('',#4040,#4041);
#4040 = CARTESIAN_POINT('',(-11.,-206.,880.));
#4041 = VECTOR('',#4042,1.);
#4042 = DIRECTION('',(-1.,-0.,0.));
#4043 = PCURVE('',#3782,#4044);
#4044 = DEFINITIONAL_REPRESENTATION('',(#4045),#4048);
#4045 = B_SPLINE_CURVE_WITH_KNOTS('',1,(#4046,#4047),.UNSPECIFIED.,.F.,
  .F.,(2,2),(-101.,-1.),.PIECEWISE_BEZIER_KNOTS.);
#4046 = CARTESIAN_POINT('',(100.,14.));
#4047 = CARTESIAN_POINT('',(0.,14.));
#4048 = ( GEOMETRIC_REPRESENTATION_CONTEXT(2) 
PARAMETRIC_REPRESENTATION_CONTEXT() REPRESENTATION_CONTEXT('2D SPACE',''
  ) );
#4049 = PCURVE('',#3971,#4050);
#4050 = DEFINITIONAL_REPRESENTATION('',(#4051),#4054);
#4051 = B_SPLINE_CURVE_WITH_KNOTS('',1,(#4052,#4053),.UNSPECIFIED.,.F.,
  .F.,(2,2),(-101.,-1.),.PIECEWISE_BEZIER_KNOTS.);
#4052 = CARTESIAN_POINT('',(20.,102.));
#4053 = CARTESIAN_POINT('',(20.,2.));
#4054 = ( GEOMETRIC_REPRESENTATION_CONTEXT(2) 
PARAMETRIC_REPRESENTATION_CONTEXT() REPRESENTATION_CONTEXT('2D SPACE',''
  ) );
#4055 = ADVANCED_FACE('',(#4056),#3971,.T.);
#4056 = FACE_BOUND('',#4057,.T.);
#4057 = EDGE_LOOP('',(#4058,#4081,#4082,#4083));
#4058 = ORIENTED_EDGE('',*,*,#4059,.F.);
#4059 = EDGE_CURVE('',#3933,#4060,#4062,.T.);
#4060 = VERTEX_POINT('',#4061);
#4061 = CARTESIAN_POINT('',(90.,-206.,860.));
#4062 = SURFACE_CURVE('',#4063,(#4067,#4074),.PCURVE_S1.);
#4063 = LINE('',#4064,#4065);
#4064 = CARTESIAN_POINT('',(-12.,-206.,860.));
#4065 = VECTOR('',#4066,1.);
#4066 = DIRECTION('',(1.,0.,-0.));
#4067 = PCURVE('',#3971,#4068);
#4068 = DEFINITIONAL_REPRESENTATION('',(#4069),#4073);
#4069 = LINE('',#4070,#4071);
#4070 = CARTESIAN_POINT('',(0.,0.));
#4071 = VECTOR('',#4072,1.);
#4072 = DIRECTION('',(0.,1.));
#4073 = ( GEOMETRIC_REPRESENTATION_CONTEXT(2) 
PARAMETRIC_REPRESENTATION_CONTEXT() REPRESENTATION_CONTEXT('2D SPACE',''
  ) );
#4074 = PCURVE('',#3947,#4075);
#4075 = DEFINITIONAL_REPRESENTATION('',(#4076),#4080);
#4076 = LINE('',#4077,#4078);
#4077 = CARTESIAN_POINT('',(0.,0.));
#4078 = VECTOR('',#4079,1.);
#4079 = DIRECTION('',(1.,0.));
#4080 = ( GEOMETRIC_REPRESENTATION_CONTEXT(2) 
PARAMETRIC_REPRESENTATION_CONTEXT() REPRESENTATION_CONTEXT('2D SPACE',''
  ) );
#4081 = ORIENTED_EDGE('',*,*,#3958,.T.);
#4082 = ORIENTED_EDGE('',*,*,#4037,.F.);
#4083 = ORIENTED_EDGE('',*,*,#4084,.F.);
#4084 = EDGE_CURVE('',#4060,#4010,#4085,.T.);
#4085 = SURFACE_CURVE('',#4086,(#4090,#4096),.PCURVE_S1.);
#4086 = LINE('',#4087,#4088);
#4087 = CARTESIAN_POINT('',(90.,-206.,855.));
#4088 = VECTOR('',#4089,1.);
#4089 = DIRECTION('',(0.,0.,1.));
#4090 = PCURVE('',#3971,#4091);
#4091 = DEFINITIONAL_REPRESENTATION('',(#4092),#4095);
#4092 = B_SPLINE_CURVE_WITH_KNOTS('',1,(#4093,#4094),.UNSPECIFIED.,.F.,
  .F.,(2,2),(5.,25.),.PIECEWISE_BEZIER_KNOTS.);
#4093 = CARTESIAN_POINT('',(0.,102.));
#4094 = CARTESIAN_POINT('',(20.,102.));
#4095 = ( GEOMETRIC_REPRESENTATION_CONTEXT(2) 
PARAMETRIC_REPRESENTATION_CONTEXT() REPRESENTATION_CONTEXT('2D SPACE',''
  ) );
#4096 = PCURVE('',#4025,#4097);
#4097 = DEFINITIONAL_REPRESENTATION('',(#4098),#4101);
#4098 = B_SPLINE_CURVE_WITH_KNOTS('',1,(#4099,#4100),.UNSPECIFIED.,.F.,
  .F.,(2,2),(5.,25.),.PIECEWISE_BEZIER_KNOTS.);
#4099 = CARTESIAN_POINT('',(10.,-14.));
#4100 = CARTESIAN_POINT('',(30.,-14.));
#4101 = ( GEOMETRIC_REPRESENTATION_CONTEXT(2) 
PARAMETRIC_REPRESENTATION_CONTEXT() REPRESENTATION_CONTEXT('2D SPACE',''
  ) );
#4102 = ADVANCED_FACE('',(#4103),#3947,.T.);
#4103 = FACE_BOUND('',#4104,.T.);
#4104 = EDGE_LOOP('',(#4105,#4128,#4129,#4130));
#4105 = ORIENTED_EDGE('',*,*,#4106,.F.);
#4106 = EDGE_CURVE('',#3907,#4107,#4109,.T.);
#4107 = VERTEX_POINT('',#4108);
#4108 = CARTESIAN_POINT('',(90.,-194.,860.));
#4109 = SURFACE_CURVE('',#4110,(#4114,#4121),.PCURVE_S1.);
#4110 = LINE('',#4111,#4112);
#4111 = CARTESIAN_POINT('',(-12.,-194.,860.));
#4112 = VECTOR('',#4113,1.);
#4113 = DIRECTION('',(1.,0.,-0.));
#4114 = PCURVE('',#3947,#4115);
#4115 = DEFINITIONAL_REPRESENTATION('',(#4116),#4120);
#4116 = LINE('',#4117,#4118);
#4117 = CARTESIAN_POINT('',(0.,12.));
#4118 = VECTOR('',#4119,1.);
#4119 = DIRECTION('',(1.,0.));
#4120 = ( GEOMETRIC_REPRESENTATION_CONTEXT(2) 
PARAMETRIC_REPRESENTATION_CONTEXT() REPRESENTATION_CONTEXT('2D SPACE',''
  ) );
#4121 = PCURVE('',#3921,#4122);
#4122 = DEFINITIONAL_REPRESENTATION('',(#4123),#4127);
#4123 = LINE('',#4124,#4125);
#4124 = CARTESIAN_POINT('',(0.,0.));
#4125 = VECTOR('',#4126,1.);
#4126 = DIRECTION('',(0.,1.));
#4127 = ( GEOMETRIC_REPRESENTATION_CONTEXT(2) 
PARAMETRIC_REPRESENTATION_CONTEXT() REPRESENTATION_CONTEXT('2D SPACE',''
  ) );
#4128 = ORIENTED_EDGE('',*,*,#3932,.T.);
#4129 = ORIENTED_EDGE('',*,*,#4059,.T.);
#4130 = ORIENTED_EDGE('',*,*,#4131,.F.);
#4131 = EDGE_CURVE('',#4107,#4060,#4132,.T.);
#4132 = SURFACE_CURVE('',#4133,(#4137,#4143),.PCURVE_S1.);
#4133 = LINE('',#4134,#4135);
#4134 = CARTESIAN_POINT('',(90.,-213.,860.));
#4135 = VECTOR('',#4136,1.);
#4136 = DIRECTION('',(0.,-1.,0.));
#4137 = PCURVE('',#3947,#4138);
#4138 = DEFINITIONAL_REPRESENTATION('',(#4139),#4142);
#4139 = B_SPLINE_CURVE_WITH_KNOTS('',1,(#4140,#4141),.UNSPECIFIED.,.F.,
  .F.,(2,2),(-19.,-7.),.PIECEWISE_BEZIER_KNOTS.);
#4140 = CARTESIAN_POINT('',(102.,12.));
#4141 = CARTESIAN_POINT('',(102.,0.));
#4142 = ( GEOMETRIC_REPRESENTATION_CONTEXT(2) 
PARAMETRIC_REPRESENTATION_CONTEXT() REPRESENTATION_CONTEXT('2D SPACE',''
  ) );
#4143 = PCURVE('',#4025,#4144);
#4144 = DEFINITIONAL_REPRESENTATION('',(#4145),#4148);
#4145 = B_SPLINE_CURVE_WITH_KNOTS('',1,(#4146,#4147),.UNSPECIFIED.,.F.,
  .F.,(2,2),(-19.,-7.),.PIECEWISE_BEZIER_KNOTS.);
#4146 = CARTESIAN_POINT('',(10.,-26.));
#4147 = CARTESIAN_POINT('',(10.,-14.));
#4148 = ( GEOMETRIC_REPRESENTATION_CONTEXT(2) 
PARAMETRIC_REPRESENTATION_CONTEXT() REPRESENTATION_CONTEXT('2D SPACE',''
  ) );
#4149 = ADVANCED_FACE('',(#4150),#3921,.F.);
#4150 = FACE_BOUND('',#4151,.F.);
#4151 = EDGE_LOOP('',(#4152,#4153,#4154,#4175));
#4152 = ORIENTED_EDGE('',*,*,#4106,.F.);
#4153 = ORIENTED_EDGE('',*,*,#3906,.T.);
#4154 = ORIENTED_EDGE('',*,*,#4155,.F.);
#4155 = EDGE_CURVE('',#4156,#3879,#4158,.T.);
#4156 = VERTEX_POINT('',#4157);
#4157 = CARTESIAN_POINT('',(90.,-194.,880.));
#4158 = SURFACE_CURVE('',#4159,(#4163,#4169),.PCURVE_S1.);
#4159 = LINE('',#4160,#4161);
#4160 = CARTESIAN_POINT('',(-11.,-194.,880.));
#4161 = VECTOR('',#4162,1.);
#4162 = DIRECTION('',(-1.,-0.,0.));
#4163 = PCURVE('',#3921,#4164);
#4164 = DEFINITIONAL_REPRESENTATION('',(#4165),#4168);
#4165 = B_SPLINE_CURVE_WITH_KNOTS('',1,(#4166,#4167),.UNSPECIFIED.,.F.,
  .F.,(2,2),(-101.,-1.),.PIECEWISE_BEZIER_KNOTS.);
#4166 = CARTESIAN_POINT('',(20.,102.));
#4167 = CARTESIAN_POINT('',(20.,2.));
#4168 = ( GEOMETRIC_REPRESENTATION_CONTEXT(2) 
PARAMETRIC_REPRESENTATION_CONTEXT() REPRESENTATION_CONTEXT('2D SPACE',''
  ) );
#4169 = PCURVE('',#3894,#4170);
#4170 = DEFINITIONAL_REPRESENTATION('',(#4171),#4174);
#4171 = B_SPLINE_CURVE_WITH_KNOTS('',1,(#4172,#4173),.UNSPECIFIED.,.F.,
  .F.,(2,2),(-101.,-1.),.PIECEWISE_BEZIER_KNOTS.);
#4172 = CARTESIAN_POINT('',(100.,26.));
#4173 = CARTESIAN_POINT('',(0.,26.));
#4174 = ( GEOMETRIC_REPRESENTATION_CONTEXT(2) 
PARAMETRIC_REPRESENTATION_CONTEXT() REPRESENTATION_CONTEXT('2D SPACE',''
  ) );
#4175 = ORIENTED_EDGE('',*,*,#4176,.F.);
#4176 = EDGE_CURVE('',#4107,#4156,#4177,.T.);
#4177 = SURFACE_CURVE('',#4178,(#4182,#4188),.PCURVE_S1.);
#4178 = LINE('',#4179,#4180);
#4179 = CARTESIAN_POINT('',(90.,-194.,855.));
#4180 = VECTOR('',#4181,1.);
#4181 = DIRECTION('',(0.,0.,1.));
#4182 = PCURVE('',#3921,#4183);
#4183 = DEFINITIONAL_REPRESENTATION('',(#4184),#4187);
#4184 = B_SPLINE_CURVE_WITH_KNOTS('',1,(#4185,#4186),.UNSPECIFIED.,.F.,
  .F.,(2,2),(5.,25.),.PIECEWISE_BEZIER_KNOTS.);
#4185 = CARTESIAN_POINT('',(0.,102.));
#4186 = CARTESIAN_POINT('',(20.,102.));
#4187 = ( GEOMETRIC_REPRESENTATION_CONTEXT(2) 
PARAMETRIC_REPRESENTATION_CONTEXT() REPRESENTATION_CONTEXT('2D SPACE',''
  ) );
#4188 = PCURVE('',#4025,#4189);
#4189 = DEFINITIONAL_REPRESENTATION('',(#4190),#4193);
#4190 = B_SPLINE_CURVE_WITH_KNOTS('',1,(#4191,#4192),.UNSPECIFIED.,.F.,
  .F.,(2,2),(5.,25.),.PIECEWISE_BEZIER_KNOTS.);
#4191 = CARTESIAN_POINT('',(10.,-26.));
#4192 = CARTESIAN_POINT('',(30.,-26.));
#4193 = ( GEOMETRIC_REPRESENTATION_CONTEXT(2) 
PARAMETRIC_REPRESENTATION_CONTEXT() REPRESENTATION_CONTEXT('2D SPACE',''
  ) );
#4194 = ADVANCED_FACE('',(#4195),#3894,.T.);
#4195 = FACE_BOUND('',#4196,.T.);
#4196 = EDGE_LOOP('',(#4197,#4198,#4199,#4222));
#4197 = ORIENTED_EDGE('',*,*,#3878,.F.);
#4198 = ORIENTED_EDGE('',*,*,#4155,.F.);
#4199 = ORIENTED_EDGE('',*,*,#4200,.T.);
#4200 = EDGE_CURVE('',#4156,#4201,#4203,.T.);
#4201 = VERTEX_POINT('',#4202);
#4202 = CARTESIAN_POINT('',(90.,-180.,880.));
#4203 = SURFACE_CURVE('',#4204,(#4208,#4215),.PCURVE_S1.);
#4204 = LINE('',#4205,#4206);
#4205 = CARTESIAN_POINT('',(90.,-220.,880.));
#4206 = VECTOR('',#4207,1.);
#4207 = DIRECTION('',(-0.,1.,0.));
#4208 = PCURVE('',#3894,#4209);
#4209 = DEFINITIONAL_REPRESENTATION('',(#4210),#4214);
#4210 = LINE('',#4211,#4212);
#4211 = CARTESIAN_POINT('',(100.,0.));
#4212 = VECTOR('',#4213,1.);
#4213 = DIRECTION('',(0.,1.));
#4214 = ( GEOMETRIC_REPRESENTATION_CONTEXT(2) 
PARAMETRIC_REPRESENTATION_CONTEXT() REPRESENTATION_CONTEXT('2D SPACE',''
  ) );
#4215 = PCURVE('',#4025,#4216);
#4216 = DEFINITIONAL_REPRESENTATION('',(#4217),#4221);
#4217 = LINE('',#4218,#4219);
#4218 = CARTESIAN_POINT('',(30.,0.));
#4219 = VECTOR('',#4220,1.);
#4220 = DIRECTION('',(0.,-1.));
#4221 = ( GEOMETRIC_REPRESENTATION_CONTEXT(2) 
PARAMETRIC_REPRESENTATION_CONTEXT() REPRESENTATION_CONTEXT('2D SPACE',''
  ) );
#4222 = ORIENTED_EDGE('',*,*,#4223,.F.);
#4223 = EDGE_CURVE('',#3851,#4201,#4224,.T.);
#4224 = SURFACE_CURVE('',#4225,(#4229,#4236),.PCURVE_S1.);
#4225 = LINE('',#4226,#4227);
#4226 = CARTESIAN_POINT('',(-10.,-180.,880.));
#4227 = VECTOR('',#4228,1.);
#4228 = DIRECTION('',(1.,0.,-0.));
#4229 = PCURVE('',#3894,#4230);
#4230 = DEFINITIONAL_REPRESENTATION('',(#4231),#4235);
#4231 = LINE('',#4232,#4233);
#4232 = CARTESIAN_POINT('',(0.,40.));
#4233 = VECTOR('',#4234,1.);
#4234 = DIRECTION('',(1.,0.));
#4235 = ( GEOMETRIC_REPRESENTATION_CONTEXT(2) 
PARAMETRIC_REPRESENTATION_CONTEXT() REPRESENTATION_CONTEXT('2D SPACE',''
  ) );
#4236 = PCURVE('',#3866,#4237);
#4237 = DEFINITIONAL_REPRESENTATION('',(#4238),#4242);
#4238 = LINE('',#4239,#4240);
#4239 = CARTESIAN_POINT('',(30.,0.));
#4240 = VECTOR('',#4241,1.);
#4241 = DIRECTION('',(0.,1.));
#4242 = ( GEOMETRIC_REPRESENTATION_CONTEXT(2) 
PARAMETRIC_REPRESENTATION_CONTEXT() REPRESENTATION_CONTEXT('2D SPACE',''
  ) );
#4243 = ADVANCED_FACE('',(#4244),#3866,.T.);
#4244 = FACE_BOUND('',#4245,.T.);
#4245 = EDGE_LOOP('',(#4246,#4269,#4270,#4271));
#4246 = ORIENTED_EDGE('',*,*,#4247,.F.);
#4247 = EDGE_CURVE('',#3823,#4248,#4250,.T.);
#4248 = VERTEX_POINT('',#4249);
#4249 = CARTESIAN_POINT('',(90.,-180.,850.));
#4250 = SURFACE_CURVE('',#4251,(#4255,#4262),.PCURVE_S1.);
#4251 = LINE('',#4252,#4253);
#4252 = CARTESIAN_POINT('',(-10.,-180.,850.));
#4253 = VECTOR('',#4254,1.);
#4254 = DIRECTION('',(1.,0.,-0.));
#4255 = PCURVE('',#3866,#4256);
#4256 = DEFINITIONAL_REPRESENTATION('',(#4257),#4261);
#4257 = LINE('',#4258,#4259);
#4258 = CARTESIAN_POINT('',(0.,0.));
#4259 = VECTOR('',#4260,1.);
#4260 = DIRECTION('',(0.,1.));
#4261 = ( GEOMETRIC_REPRESENTATION_CONTEXT(2) 
PARAMETRIC_REPRESENTATION_CONTEXT() REPRESENTATION_CONTEXT('2D SPACE',''
  ) );
#4262 = PCURVE('',#3838,#4263);
#4263 = DEFINITIONAL_REPRESENTATION('',(#4264),#4268);
#4264 = LINE('',#4265,#4266);
#4265 = CARTESIAN_POINT('',(0.,40.));
#4266 = VECTOR('',#4267,1.);
#4267 = DIRECTION('',(1.,0.));
#4268 = ( GEOMETRIC_REPRESENTATION_CONTEXT(2) 
PARAMETRIC_REPRESENTATION_CONTEXT() REPRESENTATION_CONTEXT('2D SPACE',''
  ) );
#4269 = ORIENTED_EDGE('',*,*,#3850,.T.);
#4270 = ORIENTED_EDGE('',*,*,#4223,.T.);
#4271 = ORIENTED_EDGE('',*,*,#4272,.F.);
#4272 = EDGE_CURVE('',#4248,#4201,#4273,.T.);
#4273 = SURFACE_CURVE('',#4274,(#4278,#4285),.PCURVE_S1.);
#4274 = LINE('',#4275,#4276);
#4275 = CARTESIAN_POINT('',(90.,-180.,850.));
#4276 = VECTOR('',#4277,1.);
#4277 = DIRECTION('',(0.,0.,1.));
#4278 = PCURVE('',#3866,#4279);
#4279 = DEFINITIONAL_REPRESENTATION('',(#4280),#4284);
#4280 = LINE('',#4281,#4282);
#4281 = CARTESIAN_POINT('',(0.,100.));
#4282 = VECTOR('',#4283,1.);
#4283 = DIRECTION('',(1.,0.));
#4284 = ( GEOMETRIC_REPRESENTATION_CONTEXT(2) 
PARAMETRIC_REPRESENTATION_CONTEXT() REPRESENTATION_CONTEXT('2D SPACE',''
  ) );
#4285 = PCURVE('',#4025,#4286);
#4286 = DEFINITIONAL_REPRESENTATION('',(#4287),#4291);
#4287 = LINE('',#4288,#4289);
#4288 = CARTESIAN_POINT('',(0.,-40.));
#4289 = VECTOR('',#4290,1.);
#4290 = DIRECTION('',(1.,0.));
#4291 = ( GEOMETRIC_REPRESENTATION_CONTEXT(2) 
PARAMETRIC_REPRESENTATION_CONTEXT() REPRESENTATION_CONTEXT('2D SPACE',''
  ) );
#4292 = ADVANCED_FACE('',(#4293),#3838,.F.);
#4293 = FACE_BOUND('',#4294,.F.);
#4294 = EDGE_LOOP('',(#4295,#4296,#4319,#4340));
#4295 = ORIENTED_EDGE('',*,*,#3822,.F.);
#4296 = ORIENTED_EDGE('',*,*,#4297,.T.);
#4297 = EDGE_CURVE('',#3795,#4298,#4300,.T.);
#4298 = VERTEX_POINT('',#4299);
#4299 = CARTESIAN_POINT('',(90.,-220.,850.));
#4300 = SURFACE_CURVE('',#4301,(#4305,#4312),.PCURVE_S1.);
#4301 = LINE('',#4302,#4303);
#4302 = CARTESIAN_POINT('',(-10.,-220.,850.));
#4303 = VECTOR('',#4304,1.);
#4304 = DIRECTION('',(1.,0.,-0.));
#4305 = PCURVE('',#3838,#4306);
#4306 = DEFINITIONAL_REPRESENTATION('',(#4307),#4311);
#4307 = LINE('',#4308,#4309);
#4308 = CARTESIAN_POINT('',(0.,0.));
#4309 = VECTOR('',#4310,1.);
#4310 = DIRECTION('',(1.,0.));
#4311 = ( GEOMETRIC_REPRESENTATION_CONTEXT(2) 
PARAMETRIC_REPRESENTATION_CONTEXT() REPRESENTATION_CONTEXT('2D SPACE',''
  ) );
#4312 = PCURVE('',#3810,#4313);
#4313 = DEFINITIONAL_REPRESENTATION('',(#4314),#4318);
#4314 = LINE('',#4315,#4316);
#4315 = CARTESIAN_POINT('',(0.,0.));
#4316 = VECTOR('',#4317,1.);
#4317 = DIRECTION('',(0.,1.));
#4318 = ( GEOMETRIC_REPRESENTATION_CONTEXT(2) 
PARAMETRIC_REPRESENTATION_CONTEXT() REPRESENTATION_CONTEXT('2D SPACE',''
  ) );
#4319 = ORIENTED_EDGE('',*,*,#4320,.T.);
#4320 = EDGE_CURVE('',#4298,#4248,#4321,.T.);
#4321 = SURFACE_CURVE('',#4322,(#4326,#4333),.PCURVE_S1.);
#4322 = LINE('',#4323,#4324);
#4323 = CARTESIAN_POINT('',(90.,-220.,850.));
#4324 = VECTOR('',#4325,1.);
#4325 = DIRECTION('',(-0.,1.,0.));
#4326 = PCURVE('',#3838,#4327);
#4327 = DEFINITIONAL_REPRESENTATION('',(#4328),#4332);
#4328 = LINE('',#4329,#4330);
#4329 = CARTESIAN_POINT('',(100.,0.));
#4330 = VECTOR('',#4331,1.);
#4331 = DIRECTION('',(0.,1.));
#4332 = ( GEOMETRIC_REPRESENTATION_CONTEXT(2) 
PARAMETRIC_REPRESENTATION_CONTEXT() REPRESENTATION_CONTEXT('2D SPACE',''
  ) );
#4333 = PCURVE('',#4025,#4334);
#4334 = DEFINITIONAL_REPRESENTATION('',(#4335),#4339);
#4335 = LINE('',#4336,#4337);
#4336 = CARTESIAN_POINT('',(0.,0.));
#4337 = VECTOR('',#4338,1.);
#4338 = DIRECTION('',(0.,-1.));
#4339 = ( GEOMETRIC_REPRESENTATION_CONTEXT(2) 
PARAMETRIC_REPRESENTATION_CONTEXT() REPRESENTATION_CONTEXT('2D SPACE',''
  ) );
#4340 = ORIENTED_EDGE('',*,*,#4247,.F.);
#4341 = ADVANCED_FACE('',(#4342),#3810,.F.);
#4342 = FACE_BOUND('',#4343,.F.);
#4343 = EDGE_LOOP('',(#4344,#4345,#4346,#4347));
#4344 = ORIENTED_EDGE('',*,*,#4297,.F.);
#4345 = ORIENTED_EDGE('',*,*,#3794,.T.);
#4346 = ORIENTED_EDGE('',*,*,#3986,.T.);
#4347 = ORIENTED_EDGE('',*,*,#4348,.F.);
#4348 = EDGE_CURVE('',#4298,#3987,#4349,.T.);
#4349 = SURFACE_CURVE('',#4350,(#4354,#4361),.PCURVE_S1.);
#4350 = LINE('',#4351,#4352);
#4351 = CARTESIAN_POINT('',(90.,-220.,850.));
#4352 = VECTOR('',#4353,1.);
#4353 = DIRECTION('',(0.,0.,1.));
#4354 = PCURVE('',#3810,#4355);
#4355 = DEFINITIONAL_REPRESENTATION('',(#4356),#4360);
#4356 = LINE('',#4357,#4358);
#4357 = CARTESIAN_POINT('',(0.,100.));
#4358 = VECTOR('',#4359,1.);
#4359 = DIRECTION('',(1.,0.));
#4360 = ( GEOMETRIC_REPRESENTATION_CONTEXT(2) 
PARAMETRIC_REPRESENTATION_CONTEXT() REPRESENTATION_CONTEXT('2D SPACE',''
  ) );
#4361 = PCURVE('',#4025,#4362);
#4362 = DEFINITIONAL_REPRESENTATION('',(#4363),#4367);
#4363 = LINE('',#4364,#4365);
#4364 = CARTESIAN_POINT('',(0.,0.));
#4365 = VECTOR('',#4366,1.);
#4366 = DIRECTION('',(1.,0.));
#4367 = ( GEOMETRIC_REPRESENTATION_CONTEXT(2) 
PARAMETRIC_REPRESENTATION_CONTEXT() REPRESENTATION_CONTEXT('2D SPACE',''
  ) );
#4368 = ADVANCED_FACE('',(#4369),#4025,.T.);
#4369 = FACE_BOUND('',#4370,.T.);
#4370 = EDGE_LOOP('',(#4371,#4372,#4373,#4374,#4375,#4376,#4377,#4378));
#4371 = ORIENTED_EDGE('',*,*,#4009,.F.);
#4372 = ORIENTED_EDGE('',*,*,#4348,.F.);
#4373 = ORIENTED_EDGE('',*,*,#4320,.T.);
#4374 = ORIENTED_EDGE('',*,*,#4272,.T.);
#4375 = ORIENTED_EDGE('',*,*,#4200,.F.);
#4376 = ORIENTED_EDGE('',*,*,#4176,.F.);
#4377 = ORIENTED_EDGE('',*,*,#4131,.T.);
#4378 = ORIENTED_EDGE('',*,*,#4084,.T.);
#4379 = MANIFOLD_SOLID_BREP('',#4380);
#4380 = CLOSED_SHELL('',(#4381,#5135,#5261,#5266,#5272,#5307,#5362,#5397
    ,#5452));
#4381 = ADVANCED_FACE('',(#4382),#4401,.T.);
#4382 = FACE_BOUND('',#4383,.T.);
#4383 = EDGE_LOOP('',(#4384,#4434,#4458,#4480,#4481,#4519,#4760,#4798,
    #4820,#4821,#4822,#4860));
#4384 = ORIENTED_EDGE('',*,*,#4385,.T.);
#4385 = EDGE_CURVE('',#4386,#4388,#4390,.T.);
#4386 = VERTEX_POINT('',#4387);
#4387 = CARTESIAN_POINT('',(-1.12817850636E+03,-459.0342426039,
    48.848576778399));
#4388 = VERTEX_POINT('',#4389);
#4389 = CARTESIAN_POINT('',(-1.127747979184E+03,-461.3514460297,
    48.810973043158));
#4390 = SURFACE_CURVE('',#4391,(#4400,#4417),.PCURVE_S1.);
#4391 = B_SPLINE_CURVE_WITH_KNOTS('',7,(#4392,#4393,#4394,#4395,#4396,
    #4397,#4398,#4399),.UNSPECIFIED.,.F.,.F.,(8,8),(0.,1.),
  .PIECEWISE_BEZIER_KNOTS.);
#4392 = CARTESIAN_POINT('',(-1.128178506328E+03,-459.0342407955,
    48.848576845706));
#4393 = CARTESIAN_POINT('',(-1.128184371876E+03,-459.3621129516,
    48.836373942234));
#4394 = CARTESIAN_POINT('',(-1.128169462537E+03,-459.6955648821,
    48.827108808886));
#4395 = CARTESIAN_POINT('',(-1.128132233068E+03,-460.032163109,
    48.820319035459));
#4396 = CARTESIAN_POINT('',(-1.128071568164E+03,-460.3691735214,
    48.815564180934));
#4397 = CARTESIAN_POINT('',(-1.127986942503E+03,-460.7035896182,
    48.812502728489));
#4398 = CARTESIAN_POINT('',(-1.127878596095E+03,-461.0321602475,
    48.810973043159));
#4399 = CARTESIAN_POINT('',(-1.127747979184E+03,-461.3514460297,
    48.810973043159));
#4400 = PCURVE('',#4401,#4406);
#4401 = TOROIDAL_SURFACE('',#4402,26.,6.);
#4402 = AXIS2_PLACEMENT_3D('',#4403,#4404,#4405);
#4403 = CARTESIAN_POINT('',(-1.1E+03,-450.,60.));
#4404 = DIRECTION('',(0.378632845721,-0.925546956206,0.));
#4405 = DIRECTION('',(-0.925546956206,-0.378632845721,0.));
#4406 = DEFINITIONAL_REPRESENTATION('',(#4407),#4416);
#4407 = B_SPLINE_CURVE_WITH_KNOTS('',7,(#4408,#4409,#4410,#4411,#4412,
    #4413,#4414,#4415),.UNSPECIFIED.,.F.,.F.,(8,8),(0.,1.),
  .PIECEWISE_BEZIER_KNOTS.);
#4408 = CARTESIAN_POINT('',(0.361397406851,5.88839388748));
#4409 = CARTESIAN_POINT('',(0.360306686137,5.942784483626));
#4410 = CARTESIAN_POINT('',(0.359330846081,5.998089722926));
#4411 = CARTESIAN_POINT('',(0.358505570981,6.054184233927));
#4412 = CARTESIAN_POINT('',(0.35786200932,6.110931345903));
#4413 = CARTESIAN_POINT('',(0.357423923461,6.168168507925));
#4414 = CARTESIAN_POINT('',(0.357205067596,6.225690334415));
#4415 = CARTESIAN_POINT('',(0.357205067596,6.28318530718));
#4416 = ( GEOMETRIC_REPRESENTATION_CONTEXT(2) 
PARAMETRIC_REPRESENTATION_CONTEXT() REPRESENTATION_CONTEXT('2D SPACE',''
  ) );
#4417 = PCURVE('',#4418,#4423);
#4418 = CYLINDRICAL_SURFACE('',#4419,10.);
#4419 = AXIS2_PLACEMENT_3D('',#4420,#4421,#4422);
#4420 = CARTESIAN_POINT('',(-1.121676929041E+03,-458.8678346077,
    41.252406642067));
#4421 = DIRECTION('',(-0.722564301372,-0.295594486925,-0.624919778598));
#4422 = DIRECTION('',(0.654151514779,2.775557561563E-17,-0.756363534097)
  );
#4423 = DEFINITIONAL_REPRESENTATION('',(#4424),#4433);
#4424 = B_SPLINE_CURVE_WITH_KNOTS('',7,(#4425,#4426,#4427,#4428,#4429,
    #4430,#4431,#4432),.UNSPECIFIED.,.F.,.F.,(8,8),(0.,1.),
  .PIECEWISE_BEZIER_KNOTS.);
#4425 = CARTESIAN_POINT('',(3.124172740643,-6.E-07));
#4426 = CARTESIAN_POINT('',(3.093213073178,0.10878067279));
#4427 = CARTESIAN_POINT('',(3.061179435671,0.202364234469));
#4428 = CARTESIAN_POINT('',(3.02822782927,0.279203192858));
#4429 = CARTESIAN_POINT('',(2.994537519995,0.337958721479));
#4430 = CARTESIAN_POINT('',(2.960314480491,0.377575956292));
#4431 = CARTESIAN_POINT('',(2.925801375281,0.397368307141));
#4432 = CARTESIAN_POINT('',(2.891304391622,0.397368307141));
#4433 = ( GEOMETRIC_REPRESENTATION_CONTEXT(2) 
PARAMETRIC_REPRESENTATION_CONTEXT() REPRESENTATION_CONTEXT('2D SPACE',''
  ) );
#4434 = ORIENTED_EDGE('',*,*,#4435,.F.);
#4435 = EDGE_CURVE('',#4436,#4388,#4438,.T.);
#4436 = VERTEX_POINT('',#4437);
#4437 = CARTESIAN_POINT('',(-1.129617502599E+03,-462.116251063,60.));
#4438 = SEAM_CURVE('',#4439,(#4444,#4451),.PCURVE_S1.);
#4439 = CIRCLE('',#4440,32.);
#4440 = AXIS2_PLACEMENT_3D('',#4441,#4442,#4443);
#4441 = CARTESIAN_POINT('',(-1.1E+03,-450.,60.));
#4442 = DIRECTION('',(0.378632845721,-0.925546956206,0.));
#4443 = DIRECTION('',(-0.925546956206,-0.378632845721,0.));
#4444 = PCURVE('',#4401,#4445);
#4445 = DEFINITIONAL_REPRESENTATION('',(#4446),#4450);
#4446 = LINE('',#4447,#4448);
#4447 = CARTESIAN_POINT('',(0.,6.28318530718));
#4448 = VECTOR('',#4449,1.);
#4449 = DIRECTION('',(1.,0.));
#4450 = ( GEOMETRIC_REPRESENTATION_CONTEXT(2) 
PARAMETRIC_REPRESENTATION_CONTEXT() REPRESENTATION_CONTEXT('2D SPACE',''
  ) );
#4451 = PCURVE('',#4401,#4452);
#4452 = DEFINITIONAL_REPRESENTATION('',(#4453),#4457);
#4453 = LINE('',#4454,#4455);
#4454 = CARTESIAN_POINT('',(0.,0.));
#4455 = VECTOR('',#4456,1.);
#4456 = DIRECTION('',(1.,0.));
#4457 = ( GEOMETRIC_REPRESENTATION_CONTEXT(2) 
PARAMETRIC_REPRESENTATION_CONTEXT() REPRESENTATION_CONTEXT('2D SPACE',''
  ) );
#4458 = ORIENTED_EDGE('',*,*,#4459,.F.);
#4459 = EDGE_CURVE('',#4436,#4436,#4460,.T.);
#4460 = SEAM_CURVE('',#4461,(#4466,#4473),.PCURVE_S1.);
#4461 = CIRCLE('',#4462,6.);
#4462 = AXIS2_PLACEMENT_3D('',#4463,#4464,#4465);
#4463 = CARTESIAN_POINT('',(-1.124064220861E+03,-459.8444539887,60.));
#4464 = DIRECTION('',(2.266936234756E-16,9.273830051273E-17,1.));
#4465 = DIRECTION('',(-0.925546956206,-0.378632845721,2.449293598295E-16
    ));
#4466 = PCURVE('',#4401,#4467);
#4467 = DEFINITIONAL_REPRESENTATION('',(#4468),#4472);
#4468 = LINE('',#4469,#4470);
#4469 = CARTESIAN_POINT('',(0.,-0.));
#4470 = VECTOR('',#4471,1.);
#4471 = DIRECTION('',(0.,1.));
#4472 = ( GEOMETRIC_REPRESENTATION_CONTEXT(2) 
PARAMETRIC_REPRESENTATION_CONTEXT() REPRESENTATION_CONTEXT('2D SPACE',''
  ) );
#4473 = PCURVE('',#4401,#4474);
#4474 = DEFINITIONAL_REPRESENTATION('',(#4475),#4479);
#4475 = LINE('',#4476,#4477);
#4476 = CARTESIAN_POINT('',(6.28318530718,-0.));
#4477 = VECTOR('',#4478,1.);
#4478 = DIRECTION('',(0.,1.));
#4479 = ( GEOMETRIC_REPRESENTATION_CONTEXT(2) 
PARAMETRIC_REPRESENTATION_CONTEXT() REPRESENTATION_CONTEXT('2D SPACE',''
  ) );
#4480 = ORIENTED_EDGE('',*,*,#4435,.T.);
#4481 = ORIENTED_EDGE('',*,*,#4482,.T.);
#4482 = EDGE_CURVE('',#4388,#4483,#4485,.T.);
#4483 = VERTEX_POINT('',#4484);
#4484 = CARTESIAN_POINT('',(-1.126430970149E+03,-463.3059977864,
    48.848576778399));
#4485 = SURFACE_CURVE('',#4486,(#4495,#4507),.PCURVE_S1.);
#4486 = B_SPLINE_CURVE_WITH_KNOTS('',7,(#4487,#4488,#4489,#4490,#4491,
    #4492,#4493,#4494),.UNSPECIFIED.,.F.,.F.,(8,8),(0.,1.),
  .PIECEWISE_BEZIER_KNOTS.);
#4487 = CARTESIAN_POINT('',(-1.127747979184E+03,-461.3514460297,
    48.810973043158));
#4488 = CARTESIAN_POINT('',(-1.127617362241E+03,-461.6707318894,
    48.810973043158));
#4489 = CARTESIAN_POINT('',(-1.127464352787E+03,-461.9810311153,
    48.812502729134));
#4490 = CARTESIAN_POINT('',(-1.127290326912E+03,-462.2788744137,
    48.815564179912));
#4491 = CARTESIAN_POINT('',(-1.127097392068E+03,-462.5617744494,
    48.820319034777));
#4492 = CARTESIAN_POINT('',(-1.126888030243E+03,-462.8279549103,
    48.827108809835));
#4493 = CARTESIAN_POINT('',(-1.126664953275E+03,-463.0762473234,
    48.836373941716));
#4494 = CARTESIAN_POINT('',(-1.126430968859E+03,-463.3059990536,
    48.848576845706));
#4495 = PCURVE('',#4401,#4496);
#4496 = DEFINITIONAL_REPRESENTATION('',(#4497),#4506);
#4497 = B_SPLINE_CURVE_WITH_KNOTS('',7,(#4498,#4499,#4500,#4501,#4502,
    #4503,#4504,#4505),.UNSPECIFIED.,.F.,.F.,(8,8),(0.,1.),
  .PIECEWISE_BEZIER_KNOTS.);
#4498 = CARTESIAN_POINT('',(0.357205067596,0.));
#4499 = CARTESIAN_POINT('',(0.357205067596,5.749498670951E-02));
#4500 = CARTESIAN_POINT('',(0.357423923563,0.11501678901));
#4501 = CARTESIAN_POINT('',(0.357862009131,0.172253953562));
#4502 = CARTESIAN_POINT('',(0.358505570968,0.229001073245));
#4503 = CARTESIAN_POINT('',(0.359330846154,0.285095587515));
#4504 = CARTESIAN_POINT('',(0.360306686091,0.340400821246));
#4505 = CARTESIAN_POINT('',(0.361397406851,0.3947914197));
#4506 = ( GEOMETRIC_REPRESENTATION_CONTEXT(2) 
PARAMETRIC_REPRESENTATION_CONTEXT() REPRESENTATION_CONTEXT('2D SPACE',''
  ) );
#4507 = PCURVE('',#4418,#4508);
#4508 = DEFINITIONAL_REPRESENTATION('',(#4509),#4518);
#4509 = B_SPLINE_CURVE_WITH_KNOTS('',7,(#4510,#4511,#4512,#4513,#4514,
    #4515,#4516,#4517),.UNSPECIFIED.,.F.,.F.,(8,8),(0.,1.),
  .PIECEWISE_BEZIER_KNOTS.);
#4510 = CARTESIAN_POINT('',(2.891304391622,0.397368307141));
#4511 = CARTESIAN_POINT('',(2.856807399596,0.397368307141));
#4512 = CARTESIAN_POINT('',(2.822294308914,0.377575947168));
#4513 = CARTESIAN_POINT('',(2.788071267897,0.33795873792));
#4514 = CARTESIAN_POINT('',(2.754380953799,0.279203195352));
#4515 = CARTESIAN_POINT('',(2.721429345768,0.202364226941));
#4516 = CARTESIAN_POINT('',(2.689395711379,0.108780677406));
#4517 = CARTESIAN_POINT('',(2.658436042601,-6.E-07));
#4518 = ( GEOMETRIC_REPRESENTATION_CONTEXT(2) 
PARAMETRIC_REPRESENTATION_CONTEXT() REPRESENTATION_CONTEXT('2D SPACE',''
  ) );
#4519 = ORIENTED_EDGE('',*,*,#4520,.T.);
#4520 = EDGE_CURVE('',#4483,#4521,#4523,.T.);
#4521 = VERTEX_POINT('',#4522);
#4522 = CARTESIAN_POINT('',(-1.115175351722E+03,-458.7014266115,
    33.656236505735));
#4523 = SURFACE_CURVE('',#4524,(#4599,#4677),.PCURVE_S1.);
#4524 = B_SPLINE_CURVE_WITH_KNOTS('',7,(#4525,#4526,#4527,#4528,#4529,
    #4530,#4531,#4532,#4533,#4534,#4535,#4536,#4537,#4538,#4539,#4540,
    #4541,#4542,#4543,#4544,#4545,#4546,#4547,#4548,#4549,#4550,#4551,
    #4552,#4553,#4554,#4555,#4556,#4557,#4558,#4559,#4560,#4561,#4562,
    #4563,#4564,#4565,#4566,#4567,#4568,#4569,#4570,#4571,#4572,#4573,
    #4574,#4575,#4576,#4577,#4578,#4579,#4580,#4581,#4582,#4583,#4584,
    #4585,#4586,#4587,#4588,#4589,#4590,#4591,#4592,#4593,#4594,#4595,
    #4596,#4597,#4598),.UNSPECIFIED.,.F.,.F.,(8,6,6,6,6,6,6,6,6,6,6,6,8)
  ,(0.,4.542415590331E-02,7.939284212237E-02,0.137954433976,
    0.20905218779,0.319064184109,0.502670413465,0.687958167596,
    0.812903383283,0.880379371407,0.932600926958,0.960054412831,1.),
  .UNSPECIFIED.);
#4525 = CARTESIAN_POINT('',(-1.128117636442E+03,-461.5026694533,
    49.945791110693));
#4526 = CARTESIAN_POINT('',(-1.128054770844E+03,-461.6563409137,
    49.945791110693));
#4527 = CARTESIAN_POINT('',(-1.127982963867E+03,-461.8064445942,
    49.933765026092));
#4528 = CARTESIAN_POINT('',(-1.127902935265E+03,-461.951182199,
    49.909694461003));
#4529 = CARTESIAN_POINT('',(-1.127815727454E+03,-462.0893851744,
    49.874231967653));
#4530 = CARTESIAN_POINT('',(-1.127722512032E+03,-462.220340296,
    49.828394844829));
#4531 = CARTESIAN_POINT('',(-1.127624461507E+03,-462.3436690956,
    49.773359787501));
#4532 = CARTESIAN_POINT('',(-1.127446577536E+03,-462.5457021287,
    49.663245243939));
#4533 = CARTESIAN_POINT('',(-1.127368329511E+03,-462.6278800911,
    49.611642016764));
#4534 = CARTESIAN_POINT('',(-1.127288324098E+03,-462.7058233265,
    49.556003732592));
#4535 = CARTESIAN_POINT('',(-1.12720690033E+03,-462.779627894,
    49.496767833104));
#4536 = CARTESIAN_POINT('',(-1.127124346102E+03,-462.8494336339,
    49.434333345865));
#4537 = CARTESIAN_POINT('',(-1.127040892611E+03,-462.9154074053,
    49.369046517731));
#4538 = CARTESIAN_POINT('',(-1.126811584113E+03,-463.085182985,
    49.184214138161));
#4539 = CARTESIAN_POINT('',(-1.126664385964E+03,-463.1817235325,
    49.05968091579));
#4540 = CARTESIAN_POINT('',(-1.126515934652E+03,-463.2683680273,
    48.929017770852));
#4541 = CARTESIAN_POINT('',(-1.126366859282E+03,-463.3459959706,
    48.793368121885));
#4542 = CARTESIAN_POINT('',(-1.126217607564E+03,-463.4154097799,
    48.653629186918));
#4543 = CARTESIAN_POINT('',(-1.126068447993E+03,-463.477350016,
    48.510461709085));
#4544 = CARTESIAN_POINT('',(-1.12573859405E+03,-463.5993884452,
    48.186793289378));
#4545 = CARTESIAN_POINT('',(-1.12555811643E+03,-463.6562064455,
    48.004991398535));
#4546 = CARTESIAN_POINT('',(-1.12537829912E+03,-463.7040778375,
    47.819721138382));
#4547 = CARTESIAN_POINT('',(-1.125199343774E+03,-463.7439042501,
    47.631642155235));
#4548 = CARTESIAN_POINT('',(-1.125021379537E+03,-463.7764397085,
    47.441260434945));
#4549 = CARTESIAN_POINT('',(-1.124844458445E+03,-463.8023389189,
    47.248945828163));
#4550 = CARTESIAN_POINT('',(-1.124396374758E+03,-463.8528013095,
    46.754717797076));
#4551 = CARTESIAN_POINT('',(-1.12412677063E+03,-463.8688604615,
    46.450583846537));
#4552 = CARTESIAN_POINT('',(-1.12385974131E+03,-463.8723774981,
    46.14349445051));
#4553 = CARTESIAN_POINT('',(-1.12359530491E+03,-463.8648189579,
    45.834164241889));
#4554 = CARTESIAN_POINT('',(-1.123333428666E+03,-463.847384573,
    45.523122824963));
#4555 = CARTESIAN_POINT('',(-1.123074024996E+03,-463.8210208279,
    45.210716631352));
#4556 = CARTESIAN_POINT('',(-1.122387874444E+03,-463.7288254354,
    44.373744652082));
#4557 = CARTESIAN_POINT('',(-1.121965520699E+03,-463.64842352,
    43.847366526765));
#4558 = CARTESIAN_POINT('',(-1.121549310321E+03,-463.5488115848,
    43.319005108714));
#4559 = CARTESIAN_POINT('',(-1.121139028197E+03,-463.4321300133,
    42.789424101776));
#4560 = CARTESIAN_POINT('',(-1.120734577238E+03,-463.2998192117,
    42.259192575703));
#4561 = CARTESIAN_POINT('',(-1.120335984193E+03,-463.1525966112,
    41.728680811735));
#4562 = CARTESIAN_POINT('',(-1.1195472233E+03,-462.8268599084,
    40.66259767565));
#4563 = CARTESIAN_POINT('',(-1.119157364485E+03,-462.6481536381,
    40.127292725855));
#4564 = CARTESIAN_POINT('',(-1.118773965901E+03,-462.4543743287,
    39.592327700132));
#4565 = CARTESIAN_POINT('',(-1.118397603303E+03,-462.2449360334,
    39.058091156044));
#4566 = CARTESIAN_POINT('',(-1.118029306722E+03,-462.0186193893,
    38.52519729395));
#4567 = CARTESIAN_POINT('',(-1.11767054221E+03,-461.7736044574,
    37.994480387763));
#4568 = CARTESIAN_POINT('',(-1.117089620867E+03,-461.3267259374,
    37.111410479324));
#4569 = CARTESIAN_POINT('',(-1.116861176461E+03,-461.1369121075,
    36.757487141361));
#4570 = CARTESIAN_POINT('',(-1.116638846321E+03,-460.9362281553,
    36.40549173399));
#4571 = CARTESIAN_POINT('',(-1.116423584695E+03,-460.7235033469,
    36.055973836718));
#4572 = CARTESIAN_POINT('',(-1.116216795377E+03,-460.4973040825,
    35.709878478523));
#4573 = CARTESIAN_POINT('',(-1.116020289658E+03,-460.2559906479,
    35.368524362827));
#4574 = CARTESIAN_POINT('',(-1.115737687474E+03,-459.8570636209,
    34.853067994268));
#4575 = CARTESIAN_POINT('',(-1.11564242944E+03,-459.7120716958,
    34.674342864348));
#4576 = CARTESIAN_POINT('',(-1.115551419065E+03,-459.5615586176,
    34.49791752502));
#4577 = CARTESIAN_POINT('',(-1.115465213093E+03,-459.4050963776,
    34.32423325753));
#4578 = CARTESIAN_POINT('',(-1.115384509191E+03,-459.2422587408,
    34.153895127983));
#4579 = CARTESIAN_POINT('',(-1.115310177942E+03,-459.07258538,
    33.987692007893));
#4580 = CARTESIAN_POINT('',(-1.115191606084E+03,-458.7584497174,
    33.702003240165));
#4581 = CARTESIAN_POINT('',(-1.115144392244E+03,-458.6170387252,
    33.580523095287));
#4582 = CARTESIAN_POINT('',(-1.115102189114E+03,-458.470968347,
    33.462632645657));
#4583 = CARTESIAN_POINT('',(-1.115065643566E+03,-458.3200252694,
    33.34897893776));
#4584 = CARTESIAN_POINT('',(-1.115035538303E+03,-458.1640951718,
    33.240412898468));
#4585 = CARTESIAN_POINT('',(-1.115012784257E+03,-458.0031695069,
    33.137983750443));
#4586 = CARTESIAN_POINT('',(-1.114990872069E+03,-457.7501706649,
    32.992976293686));
#4587 = CARTESIAN_POINT('',(-1.114985643479E+03,-457.6616650603,
    32.945066526594));
#4588 = CARTESIAN_POINT('',(-1.114982886071E+03,-457.5718595613,
    32.899399200247));
#4589 = CARTESIAN_POINT('',(-1.114982760526E+03,-457.4808149865,
    32.856188872698));
#4590 = CARTESIAN_POINT('',(-1.114985430112E+03,-457.388626075,
    32.81566913331));
#4591 = CARTESIAN_POINT('',(-1.114991052104E+03,-457.2954249425,
    32.778084325013));
#4592 = CARTESIAN_POINT('',(-1.115012452856E+03,-457.0645531261,
    32.693623857573));
#4593 = CARTESIAN_POINT('',(-1.115031697249E+03,-456.925850197,
    32.650267076658));
#4594 = CARTESIAN_POINT('',(-1.115057941376E+03,-456.7859656418,
    32.614444824519));
#4595 = CARTESIAN_POINT('',(-1.11509150778E+03,-456.6457219756,
    32.586919100431));
#4596 = CARTESIAN_POINT('',(-1.115132548463E+03,-456.5060732448,
    32.56831693195));
#4597 = CARTESIAN_POINT('',(-1.115180953395E+03,-456.3680999187,
    32.559022173441));
#4598 = CARTESIAN_POINT('',(-1.115236221641E+03,-456.2329997621,
    32.559022173441));
#4599 = PCURVE('',#4401,#4600);
#4600 = DEFINITIONAL_REPRESENTATION('',(#4601),#4676);
#4601 = B_SPLINE_CURVE_WITH_KNOTS('',7,(#4602,#4603,#4604,#4605,#4606,
    #4607,#4608,#4609,#4610,#4611,#4612,#4613,#4614,#4615,#4616,#4617,
    #4618,#4619,#4620,#4621,#4622,#4623,#4624,#4625,#4626,#4627,#4628,
    #4629,#4630,#4631,#4632,#4633,#4634,#4635,#4636,#4637,#4638,#4639,
    #4640,#4641,#4642,#4643,#4644,#4645,#4646,#4647,#4648,#4649,#4650,
    #4651,#4652,#4653,#4654,#4655,#4656,#4657,#4658,#4659,#4660,#4661,
    #4662,#4663,#4664,#4665,#4666,#4667,#4668,#4669,#4670,#4671,#4672,
    #4673,#4674,#4675),.UNSPECIFIED.,.F.,.F.,(8,6,6,6,6,6,6,6,6,6,6,6,8)
  ,(0.,4.542415590331E-02,7.939284212237E-02,0.137954433976,
    0.20905218779,0.319064184109,0.502670413465,0.687958167596,
    0.812903383283,0.880379371407,0.932600926958,0.960054412831,1.),
  .UNSPECIFIED.);
#4602 = CARTESIAN_POINT('',(0.319607569834,0.));
#4603 = CARTESIAN_POINT('',(0.319607569834,2.76721887514E-02));
#4604 = CARTESIAN_POINT('',(0.320058878043,5.535824747425E-02));
#4605 = CARTESIAN_POINT('',(0.320962151106,8.277008474591E-02));
#4606 = CARTESIAN_POINT('',(0.322293937053,0.109696155053));
#4607 = CARTESIAN_POINT('',(0.324017851122,0.135978595268));
#4608 = CARTESIAN_POINT('',(0.326091832051,0.161500037705));
#4609 = CARTESIAN_POINT('',(0.330251005006,0.204636123165));
#4610 = CARTESIAN_POINT('',(0.332202795938,0.222635206043));
#4611 = CARTESIAN_POINT('',(0.334310569417,0.240160870221));
#4612 = CARTESIAN_POINT('',(0.336558672509,0.257207493208));
#4613 = CARTESIAN_POINT('',(0.338932805164,0.273777725201));
#4614 = CARTESIAN_POINT('',(0.341420547773,0.289880885354));
#4615 = CARTESIAN_POINT('',(0.34847879408,0.332515245575));
#4616 = CARTESIAN_POINT('',(0.353250379812,0.358138588741));
#4617 = CARTESIAN_POINT('',(0.358275589309,0.382495596662));
#4618 = CARTESIAN_POINT('',(0.363513348286,0.405664565088));
#4619 = CARTESIAN_POINT('',(0.368931118162,0.42772145006));
#4620 = CARTESIAN_POINT('',(0.374504775904,0.448745020498));
#4621 = CARTESIAN_POINT('',(0.387157838655,0.493180365364));
#4622 = CARTESIAN_POINT('',(0.394299068066,0.516122396983));
#4623 = CARTESIAN_POINT('',(0.401612193163,0.537771419056));
#4624 = CARTESIAN_POINT('',(0.409072536237,0.558223569785));
#4625 = CARTESIAN_POINT('',(0.416660641609,0.577558782523));
#4626 = CARTESIAN_POINT('',(0.424361874093,0.595849378037));
#4627 = CARTESIAN_POINT('',(0.444243720322,0.639942357059));
#4628 = CARTESIAN_POINT('',(0.456562761137,0.66436337108));
#4629 = CARTESIAN_POINT('',(0.469084280204,0.686653385469));
#4630 = CARTESIAN_POINT('',(0.48177636162,0.706961018687));
#4631 = CARTESIAN_POINT('',(0.494612944597,0.725406783654));
#4632 = CARTESIAN_POINT('',(0.507574400203,0.742085596479));
#4633 = CARTESIAN_POINT('',(0.542465884169,0.78209119448));
#4634 = CARTESIAN_POINT('',(0.564582265148,0.802386505262));
#4635 = CARTESIAN_POINT('',(0.586926284537,0.81831872173));
#4636 = CARTESIAN_POINT('',(0.609432245785,0.83006317487));
#4637 = CARTESIAN_POINT('',(0.632039163149,0.837738647423));
#4638 = CARTESIAN_POINT('',(0.654693254718,0.841403223427));
#4639 = CARTESIAN_POINT('',(0.70021191138,0.840694779694));
#4640 = CARTESIAN_POINT('',(0.723065049686,0.836248036217));
#4641 = CARTESIAN_POINT('',(0.745861808939,0.827709631693));
#4642 = CARTESIAN_POINT('',(0.768546719514,0.815012279851));
#4643 = CARTESIAN_POINT('',(0.791056162614,0.798023411822));
#4644 = CARTESIAN_POINT('',(0.813321121456,0.776551661454));
#4645 = CARTESIAN_POINT('',(0.850065985901,0.732432835967));
#4646 = CARTESIAN_POINT('',(0.864710273279,0.712457365089));
#4647 = CARTESIAN_POINT('',(0.87918344069,0.690150323996));
#4648 = CARTESIAN_POINT('',(0.893455495796,0.665357903599));
#4649 = CARTESIAN_POINT('',(0.907482250337,0.637875839267));
#4650 = CARTESIAN_POINT('',(0.92120772017,0.607459985576));
#4651 = CARTESIAN_POINT('',(0.941766921725,0.555426199817));
#4652 = CARTESIAN_POINT('',(0.948863250034,0.536205154299));
#4653 = CARTESIAN_POINT('',(0.955835984473,0.515940194406));
#4654 = CARTESIAN_POINT('',(0.962668272853,0.494554078709));
#4655 = CARTESIAN_POINT('',(0.969337444756,0.471963532848));
#4656 = CARTESIAN_POINT('',(0.975814535795,0.448070371482));
#4657 = CARTESIAN_POINT('',(0.986898448176,0.403139653984));
#4658 = CARTESIAN_POINT('',(0.991594232155,0.38268894619));
#4659 = CARTESIAN_POINT('',(0.996134771664,0.361324160939));
#4660 = CARTESIAN_POINT('',(1.000496640131,0.338984727217));
#4661 = CARTESIAN_POINT('',(1.00464915826,0.315616579587));
#4662 = CARTESIAN_POINT('',(1.008554740495,0.291171033648));
#4663 = CARTESIAN_POINT('',(1.014068694851,0.252158792163));
#4664 = CARTESIAN_POINT('',(1.015887527854,0.238409267972));
#4665 = CARTESIAN_POINT('',(1.017618558232,0.224348428601));
#4666 = CARTESIAN_POINT('',(1.019254101577,0.209975660797));
#4667 = CARTESIAN_POINT('',(1.020785790822,0.195294751815));
#4668 = CARTESIAN_POINT('',(1.022204875699,0.180314734241));
#4669 = CARTESIAN_POINT('',(1.02539063404,0.142841180344));
#4670 = CARTESIAN_POINT('',(1.027022985629,0.120015095295));
#4671 = CARTESIAN_POINT('',(1.028369553853,9.664392063585E-02));
#4672 = CARTESIAN_POINT('',(1.029403093296,7.282140307089E-02));
#4673 = CARTESIAN_POINT('',(1.030101166757,4.866605962324E-02));
#4674 = CARTESIAN_POINT('',(1.030449973214,2.432798532307E-02));
#4675 = CARTESIAN_POINT('',(1.030449973214,0.));
#4676 = ( GEOMETRIC_REPRESENTATION_CONTEXT(2) 
PARAMETRIC_REPRESENTATION_CONTEXT() REPRESENTATION_CONTEXT('2D SPACE',''
  ) );
#4677 = PCURVE('',#4678,#4683);
#4678 = PLANE('',#4679);
#4679 = AXIS2_PLACEMENT_3D('',#4680,#4681,#4682);
#4680 = CARTESIAN_POINT('',(-1.121676929041E+03,-458.8678346077,
    41.252406642067));
#4681 = DIRECTION('',(-0.722564301372,-0.295594486925,-0.624919778598));
#4682 = DIRECTION('',(0.654151514779,2.775557561563E-17,-0.756363534097)
  );
#4683 = DEFINITIONAL_REPRESENTATION('',(#4684),#4759);
#4684 = B_SPLINE_CURVE_WITH_KNOTS('',7,(#4685,#4686,#4687,#4688,#4689,
    #4690,#4691,#4692,#4693,#4694,#4695,#4696,#4697,#4698,#4699,#4700,
    #4701,#4702,#4703,#4704,#4705,#4706,#4707,#4708,#4709,#4710,#4711,
    #4712,#4713,#4714,#4715,#4716,#4717,#4718,#4719,#4720,#4721,#4722,
    #4723,#4724,#4725,#4726,#4727,#4728,#4729,#4730,#4731,#4732,#4733,
    #4734,#4735,#4736,#4737,#4738,#4739,#4740,#4741,#4742,#4743,#4744,
    #4745,#4746,#4747,#4748,#4749,#4750,#4751,#4752,#4753,#4754,#4755,
    #4756,#4757,#4758),.UNSPECIFIED.,.F.,.F.,(8,6,6,6,6,6,6,6,6,6,6,6,8)
  ,(0.,4.542415590331E-02,7.939284212237E-02,0.137954433976,
    0.20905218779,0.319064184109,0.502670413465,0.687958167596,
    0.812903383283,0.880379371407,0.932600926958,0.960054412831,1.),
  .UNSPECIFIED.);
#4685 = CARTESIAN_POINT('',(-10.78855750215,2.758083940487));
#4686 = CARTESIAN_POINT('',(-10.74743387635,2.918943657296));
#4687 = CARTESIAN_POINT('',(-10.69136514139,3.076068704877));
#4688 = CARTESIAN_POINT('',(-10.62080821308,3.227576669067));
#4689 = CARTESIAN_POINT('',(-10.53693855455,3.372244334913));
#4690 = CARTESIAN_POINT('',(-10.44129201653,3.509325115627));
#4691 = CARTESIAN_POINT('',(-10.33552560663,3.638422839596));
#4692 = CARTESIAN_POINT('',(-10.13587591247,3.849906327842));
#4693 = CARTESIAN_POINT('',(-10.04565904873,3.935928310909));
#4694 = CARTESIAN_POINT('',(-9.951240617788,4.017517480013));
#4695 = CARTESIAN_POINT('',(-9.853173261957,4.09477438765));
#4696 = CARTESIAN_POINT('',(-9.751947119473,4.167845415466));
#4697 = CARTESIAN_POINT('',(-9.647975315999,4.236905227521));
#4698 = CARTESIAN_POINT('',(-9.358172342463,4.414622362464));
#4699 = CARTESIAN_POINT('',(-9.167690062439,4.515678766111));
#4700 = CARTESIAN_POINT('',(-8.9717515737,4.606376211535));
#4701 = CARTESIAN_POINT('',(-8.77163324662,4.687635340214));
#4702 = CARTESIAN_POINT('',(-8.568306574237,4.760296104112));
#4703 = CARTESIAN_POINT('',(-8.362446955733,4.825133705159));
#4704 = CARTESIAN_POINT('',(-7.901861509301,4.952880699362));
#4705 = CARTESIAN_POINT('',(-7.646293480478,5.012356462883));
#4706 = CARTESIAN_POINT('',(-7.388534045546,5.062467124517));
#4707 = CARTESIAN_POINT('',(-7.129214050545,5.104156488545));
#4708 = CARTESIAN_POINT('',(-6.868800684508,5.138213850974));
#4709 = CARTESIAN_POINT('',(-6.607607728478,5.1653245431));
#4710 = CARTESIAN_POINT('',(-5.940677045672,5.218147401903));
#4711 = CARTESIAN_POINT('',(-5.534279267791,5.234957749365));
#4712 = CARTESIAN_POINT('',(-5.127330412809,5.238639301589));
#4713 = CARTESIAN_POINT('',(-4.720382851328,5.230727197275));
#4714 = CARTESIAN_POINT('',(-4.313815724243,5.212477287904));
#4715 = CARTESIAN_POINT('',(-3.90783376786,5.184880331628));
#4716 = CARTESIAN_POINT('',(-2.825932260721,5.088372335383));
#4717 = CARTESIAN_POINT('',(-2.151515699599,5.004209477124));
#4718 = CARTESIAN_POINT('',(-1.479617740466,4.899938016157));
#4719 = CARTESIAN_POINT('',(-0.810675305507,4.777798456288));
#4720 = CARTESIAN_POINT('',(-0.145055307316,4.639298581166));
#4721 = CARTESIAN_POINT('',(0.516944689457,4.485189381156));
#4722 = CARTESIAN_POINT('',(1.839260231081,4.144215763692));
#4723 = CARTESIAN_POINT('',(2.49917210923,3.957150189159));
#4724 = CARTESIAN_POINT('',(3.154600911109,3.754306507304));
#4725 = CARTESIAN_POINT('',(3.804876114972,3.535071362528));
#4726 = CARTESIAN_POINT('',(4.448859366393,3.298168354101));
#4727 = CARTESIAN_POINT('',(5.084960629654,3.041692412211));
#4728 = CARTESIAN_POINT('',(6.132893083367,2.573910353111));
#4729 = CARTESIAN_POINT('',(6.550025044034,2.37521764307));
#4730 = CARTESIAN_POINT('',(6.961699132085,2.165146341401));
#4731 = CARTESIAN_POINT('',(7.366875442805,1.94247095105));
#4732 = CARTESIAN_POINT('',(7.763920896697,1.705690813015));
#4733 = CARTESIAN_POINT('',(8.150653215736,1.453089512559));
#4734 = CARTESIAN_POINT('',(8.725390263245,1.035501962971));
#4735 = CARTESIAN_POINT('',(8.922884621487,0.883727782195));
#4736 = CARTESIAN_POINT('',(9.115860889174,0.726174186606));
#4737 = CARTESIAN_POINT('',(9.303621103155,0.562393146482));
#4738 = CARTESIAN_POINT('',(9.485251232503,0.3919384891));
#4739 = CARTESIAN_POINT('',(9.659585110904,0.214328354532));
#4740 = CARTESIAN_POINT('',(9.953233637199,-0.114501563401));
#4741 = CARTESIAN_POINT('',(10.076001794063,-0.262527306781));
#4742 = CARTESIAN_POINT('',(10.192777072645,-0.415430387162));
#4743 = CARTESIAN_POINT('',(10.302646918424,-0.57343409621));
#4744 = CARTESIAN_POINT('',(10.404455714727,-0.73665810195));
#4745 = CARTESIAN_POINT('',(10.496813980602,-0.90511135159));
#4746 = CARTESIAN_POINT('',(10.620826224085,-1.16994466528));
#4747 = CARTESIAN_POINT('',(10.660483714713,-1.262590277236));
#4748 = CARTESIAN_POINT('',(10.696828578126,-1.356596588449));
#4749 = CARTESIAN_POINT('',(10.729593419277,-1.451899935496));
#4750 = CARTESIAN_POINT('',(10.758494758938,-1.548401147611));
#4751 = CARTESIAN_POINT('',(10.783244902662,-1.645961929147));
#4752 = CARTESIAN_POINT('',(10.833128385893,-1.887633186146));
#4753 = CARTESIAN_POINT('',(10.853333125229,-2.032824191941));
#4754 = CARTESIAN_POINT('',(10.8632601349,-2.179252096404));
#4755 = CARTESIAN_POINT('',(10.862122074903,-2.326055910059));
#4756 = CARTESIAN_POINT('',(10.849345252316,-2.472236959073));
#4757 = CARTESIAN_POINT('',(10.824711308914,-2.61666423333));
#4758 = CARTESIAN_POINT('',(10.788557502152,-2.758083940487));
#4759 = ( GEOMETRIC_REPRESENTATION_CONTEXT(2) 
PARAMETRIC_REPRESENTATION_CONTEXT() REPRESENTATION_CONTEXT('2D SPACE',''
  ) );
#4760 = ORIENTED_EDGE('',*,*,#4761,.F.);
#4761 = EDGE_CURVE('',#4762,#4521,#4764,.T.);
#4762 = VERTEX_POINT('',#4763);
#4763 = CARTESIAN_POINT('',(-1.116180127205E+03,-456.6191429474,
    33.197193611934));
#4764 = SURFACE_CURVE('',#4765,(#4774,#4786),.PCURVE_S1.);
#4765 = B_SPLINE_CURVE_WITH_KNOTS('',7,(#4766,#4767,#4768,#4769,#4770,
    #4771,#4772,#4773),.UNSPECIFIED.,.F.,.F.,(8,8),(0.,1.),
  .PIECEWISE_BEZIER_KNOTS.);
#4766 = CARTESIAN_POINT('',(-1.116180127205E+03,-456.6191429474,
    33.197193611934));
#4767 = CARTESIAN_POINT('',(-1.116049510262E+03,-456.9384288071,
    33.197193611934));
#4768 = CARTESIAN_POINT('',(-1.115912561414E+03,-457.2552982811,
    33.220401200386));
#4769 = CARTESIAN_POINT('',(-1.115770683756E+03,-457.5662931227,
    33.266854904868));
#4770 = CARTESIAN_POINT('',(-1.115625109535E+03,-457.8685679584,
    33.335535051313));
#4771 = CARTESIAN_POINT('',(-1.115476837879E+03,-458.1597398523,
    33.424781658505));
#4772 = CARTESIAN_POINT('',(-1.115326688275E+03,-458.4378661869,
    33.532480948738));
#4773 = CARTESIAN_POINT('',(-1.115175350887E+03,-458.7014280652,
    33.656237188332));
#4774 = PCURVE('',#4401,#4775);
#4775 = DEFINITIONAL_REPRESENTATION('',(#4776),#4785);
#4776 = B_SPLINE_CURVE_WITH_KNOTS('',7,(#4777,#4778,#4779,#4780,#4781,
    #4782,#4783,#4784),.UNSPECIFIED.,.F.,.F.,(8,8),(0.,1.),
  .PIECEWISE_BEZIER_KNOTS.);
#4777 = CARTESIAN_POINT('',(0.992852475452,0.));
#4778 = CARTESIAN_POINT('',(0.992852475452,5.749498670952E-02));
#4779 = CARTESIAN_POINT('',(0.992633619484,0.11501678901));
#4780 = CARTESIAN_POINT('',(0.992195533917,0.172253953562));
#4781 = CARTESIAN_POINT('',(0.99155197208,0.229001073245));
#4782 = CARTESIAN_POINT('',(0.990726696894,0.285095587515));
#4783 = CARTESIAN_POINT('',(0.989750856957,0.340400821246));
#4784 = CARTESIAN_POINT('',(0.988660136197,0.3947914197));
#4785 = ( GEOMETRIC_REPRESENTATION_CONTEXT(2) 
PARAMETRIC_REPRESENTATION_CONTEXT() REPRESENTATION_CONTEXT('2D SPACE',''
  ) );
#4786 = PCURVE('',#4418,#4787);
#4787 = DEFINITIONAL_REPRESENTATION('',(#4788),#4797);
#4788 = B_SPLINE_CURVE_WITH_KNOTS('',7,(#4789,#4790,#4791,#4792,#4793,
    #4794,#4795,#4796),.UNSPECIFIED.,.F.,.F.,(8,8),(0.,1.),
  .PIECEWISE_BEZIER_KNOTS.);
#4789 = CARTESIAN_POINT('',(6.032897045212,0.397368307141));
#4790 = CARTESIAN_POINT('',(6.067394037237,0.397368307141));
#4791 = CARTESIAN_POINT('',(6.101907127919,0.377575947169));
#4792 = CARTESIAN_POINT('',(6.136130168937,0.337958737918));
#4793 = CARTESIAN_POINT('',(6.169820483034,0.279203195354));
#4794 = CARTESIAN_POINT('',(6.202772091065,0.202364226941));
#4795 = CARTESIAN_POINT('',(6.234805725454,0.108780677406));
#4796 = CARTESIAN_POINT('',(6.265765394233,-6.E-07));
#4797 = ( GEOMETRIC_REPRESENTATION_CONTEXT(2) 
PARAMETRIC_REPRESENTATION_CONTEXT() REPRESENTATION_CONTEXT('2D SPACE',''
  ) );
#4798 = ORIENTED_EDGE('',*,*,#4799,.T.);
#4799 = EDGE_CURVE('',#4762,#4436,#4800,.T.);
#4800 = SEAM_CURVE('',#4801,(#4806,#4813),.PCURVE_S1.);
#4801 = CIRCLE('',#4802,32.);
#4802 = AXIS2_PLACEMENT_3D('',#4803,#4804,#4805);
#4803 = CARTESIAN_POINT('',(-1.1E+03,-450.,60.));
#4804 = DIRECTION('',(0.378632845721,-0.925546956206,0.));
#4805 = DIRECTION('',(-0.925546956206,-0.378632845721,0.));
#4806 = PCURVE('',#4401,#4807);
#4807 = DEFINITIONAL_REPRESENTATION('',(#4808),#4812);
#4808 = LINE('',#4809,#4810);
#4809 = CARTESIAN_POINT('',(0.,6.28318530718));
#4810 = VECTOR('',#4811,1.);
#4811 = DIRECTION('',(1.,0.));
#4812 = ( GEOMETRIC_REPRESENTATION_CONTEXT(2) 
PARAMETRIC_REPRESENTATION_CONTEXT() REPRESENTATION_CONTEXT('2D SPACE',''
  ) );
#4813 = PCURVE('',#4401,#4814);
#4814 = DEFINITIONAL_REPRESENTATION('',(#4815),#4819);
#4815 = LINE('',#4816,#4817);
#4816 = CARTESIAN_POINT('',(0.,0.));
#4817 = VECTOR('',#4818,1.);
#4818 = DIRECTION('',(1.,0.));
#4819 = ( GEOMETRIC_REPRESENTATION_CONTEXT(2) 
PARAMETRIC_REPRESENTATION_CONTEXT() REPRESENTATION_CONTEXT('2D SPACE',''
  ) );
#4820 = ORIENTED_EDGE('',*,*,#4459,.T.);
#4821 = ORIENTED_EDGE('',*,*,#4799,.F.);
#4822 = ORIENTED_EDGE('',*,*,#4823,.F.);
#4823 = EDGE_CURVE('',#4824,#4762,#4826,.T.);
#4824 = VERTEX_POINT('',#4825);
#4825 = CARTESIAN_POINT('',(-1.116922887933E+03,-454.429671429,
    33.656236505735));
#4826 = SURFACE_CURVE('',#4827,(#4836,#4848),.PCURVE_S1.);
#4827 = B_SPLINE_CURVE_WITH_KNOTS('',7,(#4828,#4829,#4830,#4831,#4832,
    #4833,#4834,#4835),.UNSPECIFIED.,.F.,.F.,(8,8),(0.,1.),
  .PIECEWISE_BEZIER_KNOTS.);
#4828 = CARTESIAN_POINT('',(-1.116922888356E+03,-454.4296698071,
    33.656237188332));
#4829 = CARTESIAN_POINT('',(-1.116846106879E+03,-454.7237318166,
    33.532480953989));
#4830 = CARTESIAN_POINT('',(-1.116758270168E+03,-455.0273498218,
    33.424781650046));
#4831 = CARTESIAN_POINT('',(-1.116659950536E+03,-455.3389566186,
    33.335535053747));
#4832 = CARTESIAN_POINT('',(-1.116551925022E+03,-455.656592236,
    33.266854924394));
#4833 = CARTESIAN_POINT('',(-1.116435151122E+03,-455.9778567809,
    33.220401189627));
#4834 = CARTESIAN_POINT('',(-1.116310744116E+03,-456.2998571652,
    33.197193611934));
#4835 = CARTESIAN_POINT('',(-1.116180127205E+03,-456.6191429474,
    33.197193611934));
#4836 = PCURVE('',#4401,#4837);
#4837 = DEFINITIONAL_REPRESENTATION('',(#4838),#4847);
#4838 = B_SPLINE_CURVE_WITH_KNOTS('',7,(#4839,#4840,#4841,#4842,#4843,
    #4844,#4845,#4846),.UNSPECIFIED.,.F.,.F.,(8,8),(0.,1.),
  .PIECEWISE_BEZIER_KNOTS.);
#4839 = CARTESIAN_POINT('',(0.988660136197,5.88839388748));
#4840 = CARTESIAN_POINT('',(0.989750856911,5.942784483626));
#4841 = CARTESIAN_POINT('',(0.990726696967,5.998089722926));
#4842 = CARTESIAN_POINT('',(0.991551972067,6.054184233927));
#4843 = CARTESIAN_POINT('',(0.992195533728,6.110931345903));
#4844 = CARTESIAN_POINT('',(0.992633619587,6.168168507925));
#4845 = CARTESIAN_POINT('',(0.992852475452,6.225690334415));
#4846 = CARTESIAN_POINT('',(0.992852475452,6.28318530718));
#4847 = ( GEOMETRIC_REPRESENTATION_CONTEXT(2) 
PARAMETRIC_REPRESENTATION_CONTEXT() REPRESENTATION_CONTEXT('2D SPACE',''
  ) );
#4848 = PCURVE('',#4418,#4849);
#4849 = DEFINITIONAL_REPRESENTATION('',(#4850),#4859);
#4850 = B_SPLINE_CURVE_WITH_KNOTS('',7,(#4851,#4852,#4853,#4854,#4855,
    #4856,#4857,#4858),.UNSPECIFIED.,.F.,.F.,(8,8),(0.,1.),
  .PIECEWISE_BEZIER_KNOTS.);
#4851 = CARTESIAN_POINT('',(5.800028696191,-6.E-07));
#4852 = CARTESIAN_POINT('',(5.830988363655,0.10878067279));
#4853 = CARTESIAN_POINT('',(5.863022001162,0.202364234468));
#4854 = CARTESIAN_POINT('',(5.895973607564,0.27920319286));
#4855 = CARTESIAN_POINT('',(5.929663916838,0.337958721477));
#4856 = CARTESIAN_POINT('',(5.963886956342,0.377575956293));
#4857 = CARTESIAN_POINT('',(5.998400061553,0.397368307141));
#4858 = CARTESIAN_POINT('',(6.032897045212,0.397368307141));
#4859 = ( GEOMETRIC_REPRESENTATION_CONTEXT(2) 
PARAMETRIC_REPRESENTATION_CONTEXT() REPRESENTATION_CONTEXT('2D SPACE',''
  ) );
#4860 = ORIENTED_EDGE('',*,*,#4861,.T.);
#4861 = EDGE_CURVE('',#4824,#4386,#4862,.T.);
#4862 = SURFACE_CURVE('',#4863,(#4950,#5040),.PCURVE_S1.);
#4863 = B_SPLINE_CURVE_WITH_KNOTS('',8,(#4864,#4865,#4866,#4867,#4868,
    #4869,#4870,#4871,#4872,#4873,#4874,#4875,#4876,#4877,#4878,#4879,
    #4880,#4881,#4882,#4883,#4884,#4885,#4886,#4887,#4888,#4889,#4890,
    #4891,#4892,#4893,#4894,#4895,#4896,#4897,#4898,#4899,#4900,#4901,
    #4902,#4903,#4904,#4905,#4906,#4907,#4908,#4909,#4910,#4911,#4912,
    #4913,#4914,#4915,#4916,#4917,#4918,#4919,#4920,#4921,#4922,#4923,
    #4924,#4925,#4926,#4927,#4928,#4929,#4930,#4931,#4932,#4933,#4934,
    #4935,#4936,#4937,#4938,#4939,#4940,#4941,#4942,#4943,#4944,#4945,
    #4946,#4947,#4948,#4949),.UNSPECIFIED.,.F.,.F.,(9,7,7,7,7,7,7,7,7,7,
    7,7,9),(0.,4.522150428653E-02,7.917088885503E-02,0.137722239536,
    0.208922382955,0.320099539634,0.496944839527,0.692011801865,
    0.81171827702,0.879527186413,0.93194847856,0.959480389209,1.),
  .UNSPECIFIED.);
#4864 = CARTESIAN_POINT('',(-1.115236221641E+03,-456.2329997621,
    32.559022173441));
#4865 = CARTESIAN_POINT('',(-1.115290983629E+03,-456.0991371247,
    32.559022173441));
#4866 = CARTESIAN_POINT('',(-1.115352392017E+03,-455.9679263208,
    32.567961430832));
#4867 = CARTESIAN_POINT('',(-1.115420003015E+03,-455.8404762822,
    32.585851350697));
#4868 = CARTESIAN_POINT('',(-1.115493214367E+03,-455.7175866171,
    32.612373798032));
#4869 = CARTESIAN_POINT('',(-1.115571336233E+03,-455.5998117909,
    32.646993413748));
#4870 = CARTESIAN_POINT('',(-1.115653646131E+03,-455.4875120807,
    32.689045241225));
#4871 = CARTESIAN_POINT('',(-1.11573942793E+03,-455.3808913081,
    32.7377976634));
#4872 = CARTESIAN_POINT('',(-1.115894485269E+03,-455.2042946928,
    32.833550612446));
#4873 = CARTESIAN_POINT('',(-1.115962587243E+03,-455.1317618973,
    32.877984733103));
#4874 = CARTESIAN_POINT('',(-1.116032061653E+03,-455.0624066729,
    32.925508764099));
#4875 = CARTESIAN_POINT('',(-1.116102690708E+03,-454.9961785234,
    32.975846997333));
#4876 = CARTESIAN_POINT('',(-1.116174281118E+03,-454.9330018056,
    33.028740162224));
#4877 = CARTESIAN_POINT('',(-1.11624666655E+03,-454.8727829723,
    33.083951687165));
#4878 = CARTESIAN_POINT('',(-1.116319709407E+03,-454.8154159985,
    33.141272325102));
#4879 = CARTESIAN_POINT('',(-1.116520224488E+03,-454.6665674605,
    33.302711017144));
#4880 = CARTESIAN_POINT('',(-1.116648712908E+03,-454.5805409086,
    33.410584336918));
#4881 = CARTESIAN_POINT('',(-1.116778253367E+03,-454.5020736089,
    33.523249694602));
#4882 = CARTESIAN_POINT('',(-1.116908426791E+03,-454.4305990093,
    33.639954548587));
#4883 = CARTESIAN_POINT('',(-1.117038906167E+03,-454.3655958004,
    33.760074204252));
#4884 = CARTESIAN_POINT('',(-1.117169455099E+03,-454.3065772102,
    33.883105080966));
#4885 = CARTESIAN_POINT('',(-1.117299927622E+03,-454.2530905246,
    34.008664265464));
#4886 = CARTESIAN_POINT('',(-1.117588768481E+03,-454.1459151715,
    34.291941665943));
#4887 = CARTESIAN_POINT('',(-1.117746974244E+03,-454.094715018,
    34.450649002457));
#4888 = CARTESIAN_POINT('',(-1.117904719191E+03,-454.0503999673,
    34.612080254782));
#4889 = CARTESIAN_POINT('',(-1.118061867969E+03,-454.0123710828,
    34.775795618025));
#4890 = CARTESIAN_POINT('',(-1.118218320718E+03,-453.9801170628,
    34.941437775386));
#4891 = CARTESIAN_POINT('',(-1.11837401538E+03,-453.953188775,
    35.1087225299));
#4892 = CARTESIAN_POINT('',(-1.118528928856E+03,-453.9311881556,
    35.277434881287));
#4893 = CARTESIAN_POINT('',(-1.118923775227E+03,-453.8865757782,
    35.712874323008));
#4894 = CARTESIAN_POINT('',(-1.119162499435E+03,-453.8705675651,
    35.981327421652));
#4895 = CARTESIAN_POINT('',(-1.119399251409E+03,-453.8644217378,
    36.252165147859));
#4896 = CARTESIAN_POINT('',(-1.119634022096E+03,-453.8671188369,
    36.524894818247));
#4897 = CARTESIAN_POINT('',(-1.119866819619E+03,-453.8778191301,
    36.799128621098));
#4898 = CARTESIAN_POINT('',(-1.120097679559E+03,-453.8958175589,
    37.074574195375));
#4899 = CARTESIAN_POINT('',(-1.120326667377E+03,-453.9205332413,
    37.351032467572));
#4900 = CARTESIAN_POINT('',(-1.120915305975E+03,-454.0007245681,
    38.069578058606));
#4901 = CARTESIAN_POINT('',(-1.121272069445E+03,-454.065722185,
    38.512830927712));
#4902 = CARTESIAN_POINT('',(-1.121624486184E+03,-454.144520387,
    38.957585724436));
#4903 = CARTESIAN_POINT('',(-1.121972718319E+03,-454.2357571494,
    39.403385653109));
#4904 = CARTESIAN_POINT('',(-1.12231685102E+03,-454.3384519586,
    39.84986539932));
#4905 = CARTESIAN_POINT('',(-1.122656916765E+03,-454.4519356754,
    40.29674600379));
#4906 = CARTESIAN_POINT('',(-1.122992895137E+03,-454.5758503953,
    40.743834566726));
#4907 = CARTESIAN_POINT('',(-1.12369072106E+03,-454.8582733358,
    41.684286102171));
#4908 = CARTESIAN_POINT('',(-1.124051494846E+03,-455.0189613309,
    42.177438589912));
#4909 = CARTESIAN_POINT('',(-1.124406974013E+03,-455.1921294969,
    42.670372438647));
#4910 = CARTESIAN_POINT('',(-1.124756819054E+03,-455.3780954199,
    43.162845312247));
#4911 = CARTESIAN_POINT('',(-1.125100434878E+03,-455.5775210645,
    43.654482254071));
#4912 = CARTESIAN_POINT('',(-1.125436931098E+03,-455.7914899904,
    44.144766289321));
#4913 = CARTESIAN_POINT('',(-1.125765113335E+03,-456.0215250875,
    44.633036762118));
#4914 = CARTESIAN_POINT('',(-1.126278501436E+03,-456.422546079,
    45.416330115169));
#4915 = CARTESIAN_POINT('',(-1.126469862569E+03,-456.5819333346,
    45.712983739028));
#4916 = CARTESIAN_POINT('',(-1.126656997721E+03,-456.7487842599,
    46.008281472986));
#4917 = CARTESIAN_POINT('',(-1.126839402915E+03,-456.9237412643,
    46.301944457328));
#4918 = CARTESIAN_POINT('',(-1.127016392255E+03,-457.107544707,
    46.593529825078));
#4919 = CARTESIAN_POINT('',(-1.127187094843E+03,-457.3010380343,
    46.882429557741));
#4920 = CARTESIAN_POINT('',(-1.127350410997E+03,-457.5052358181,
    47.167852052137));
#4921 = CARTESIAN_POINT('',(-1.127592354811E+03,-457.8440837994,
    47.607879023732));
#4922 = CARTESIAN_POINT('',(-1.127676966365E+03,-457.9704566237,
    47.765487091883));
#4923 = CARTESIAN_POINT('',(-1.127758444606E+03,-458.1009328083,
    47.921413199691));
#4924 = CARTESIAN_POINT('',(-1.127836460417E+03,-458.2357807669,
    48.075403769935));
#4925 = CARTESIAN_POINT('',(-1.127910612869E+03,-458.3752697269,
    48.227122575904));
#4926 = CARTESIAN_POINT('',(-1.127980422349E+03,-458.5196776437,
    48.37614653908));
#4927 = CARTESIAN_POINT('',(-1.128045313179E+03,-458.6693106147,
    48.521954819724));
#4928 = CARTESIAN_POINT('',(-1.128150407799E+03,-458.9445327671,
    48.773653960881));
#4929 = CARTESIAN_POINT('',(-1.128192849037E+03,-459.0678134302,
    48.881039917126));
#4930 = CARTESIAN_POINT('',(-1.128231601254E+03,-459.1945648966,
    48.98580216867));
#4931 = CARTESIAN_POINT('',(-1.128266279528E+03,-459.3249340947,
    49.08756514882));
#4932 = CARTESIAN_POINT('',(-1.12829642853E+03,-459.4590208848,
    49.185849617845));
#4933 = CARTESIAN_POINT('',(-1.128321526273E+03,-459.5968749222,
    49.280075514496));
#4934 = CARTESIAN_POINT('',(-1.128340985294E+03,-459.7384942651,
    49.369562665855));
#4935 = CARTESIAN_POINT('',(-1.128361066107E+03,-459.960154499,
    49.497629058156));
#4936 = CARTESIAN_POINT('',(-1.128366243266E+03,-460.0374896543,
    49.540195603467));
#4937 = CARTESIAN_POINT('',(-1.128369588985E+03,-460.1158135301,
    49.581112220236));
#4938 = CARTESIAN_POINT('',(-1.128371003729E+03,-460.1950933185,
    49.620248302278));
#4939 = CARTESIAN_POINT('',(-1.128370385361E+03,-460.2752797675,
    49.657462457811));
#4940 = CARTESIAN_POINT('',(-1.128367632314E+03,-460.3563058815,
    49.692605558845));
#4941 = CARTESIAN_POINT('',(-1.128362646756E+03,-460.4380856219,
    49.725523790577));
#4942 = CARTESIAN_POINT('',(-1.128344580876E+03,-460.6418230905,
    49.801005339159));
#4943 = CARTESIAN_POINT('',(-1.128328785295E+03,-460.7646110668,
    49.840821851965));
#4944 = CARTESIAN_POINT('',(-1.128307660862E+03,-460.8884338705,
    49.874966357011));
#4945 = CARTESIAN_POINT('',(-1.128280977285E+03,-461.0127780462,
    49.902929710337));
#4946 = CARTESIAN_POINT('',(-1.128248585726E+03,-461.1370596605,
    49.924263610571));
#4947 = CARTESIAN_POINT('',(-1.128210450621E+03,-461.2606256944,
    49.938618049762));
#4948 = CARTESIAN_POINT('',(-1.128166691733E+03,-461.382756519,
    49.945791110693));
#4949 = CARTESIAN_POINT('',(-1.128117636442E+03,-461.5026694533,
    49.945791110693));
#4950 = PCURVE('',#4401,#4951);
#4951 = DEFINITIONAL_REPRESENTATION('',(#4952),#5039);
#4952 = B_SPLINE_CURVE_WITH_KNOTS('',8,(#4953,#4954,#4955,#4956,#4957,
    #4958,#4959,#4960,#4961,#4962,#4963,#4964,#4965,#4966,#4967,#4968,
    #4969,#4970,#4971,#4972,#4973,#4974,#4975,#4976,#4977,#4978,#4979,
    #4980,#4981,#4982,#4983,#4984,#4985,#4986,#4987,#4988,#4989,#4990,
    #4991,#4992,#4993,#4994,#4995,#4996,#4997,#4998,#4999,#5000,#5001,
    #5002,#5003,#5004,#5005,#5006,#5007,#5008,#5009,#5010,#5011,#5012,
    #5013,#5014,#5015,#5016,#5017,#5018,#5019,#5020,#5021,#5022,#5023,
    #5024,#5025,#5026,#5027,#5028,#5029,#5030,#5031,#5032,#5033,#5034,
    #5035,#5036,#5037,#5038),.UNSPECIFIED.,.F.,.F.,(9,7,7,7,7,7,7,7,7,7,
    7,7,9),(0.,4.522150428653E-02,7.917088885503E-02,0.137722239536,
    0.208922382955,0.320099539634,0.496944839527,0.692011801865,
    0.81171827702,0.879527186413,0.93194847856,0.959480389209,1.),
  .UNSPECIFIED.);
#4953 = CARTESIAN_POINT('',(1.030449973214,6.28318530718));
#4954 = CARTESIAN_POINT('',(1.030449973214,6.259080166514));
#4955 = CARTESIAN_POINT('',(1.030114505823,6.234964683793));
#4956 = CARTESIAN_POINT('',(1.029443163498,6.211016509939));
#4957 = CARTESIAN_POINT('',(1.02844738049,6.187375693449));
#4958 = CARTESIAN_POINT('',(1.027146332508,6.164153105248));
#4959 = CARTESIAN_POINT('',(1.025563796515,6.141436494164));
#4960 = CARTESIAN_POINT('',(1.023725970674,6.119294173036));
#4961 = CARTESIAN_POINT('',(1.020109448089,6.081622132787));
#4962 = CARTESIAN_POINT('',(1.018429216525,6.06580978671));
#4963 = CARTESIAN_POINT('',(1.016629731132,6.050349811413));
#4964 = CARTESIAN_POINT('',(1.014720857569,6.035247249227));
#4965 = CARTESIAN_POINT('',(1.012711881356,6.020502649079));
#4966 = CARTESIAN_POINT('',(1.010611283221,6.006112797455));
#4967 = CARTESIAN_POINT('',(1.008426564185,5.992071201832));
#4968 = CARTESIAN_POINT('',(1.002262160453,5.954735443025));
#4969 = CARTESIAN_POINT('',(0.998131142983,5.932122892094));
#4970 = CARTESIAN_POINT('',(0.993802965185,5.910472570963));
#4971 = CARTESIAN_POINT('',(0.989304619609,5.889733762447));
#4972 = CARTESIAN_POINT('',(0.984658661082,5.869858430192));
#4973 = CARTESIAN_POINT('',(0.979883390925,5.850798369492));
#4974 = CARTESIAN_POINT('',(0.974992758456,5.832504213751));
#4975 = CARTESIAN_POINT('',(0.963919751778,5.79355103864));
#4976 = CARTESIAN_POINT('',(0.957690413714,5.773248209581));
#4977 = CARTESIAN_POINT('',(0.951327572353,5.753935522964));
#4978 = CARTESIAN_POINT('',(0.944847580895,5.735548160306));
#4979 = CARTESIAN_POINT('',(0.938264002465,5.71803178885));
#4980 = CARTESIAN_POINT('',(0.931587866167,5.701338064603));
#4981 = CARTESIAN_POINT('',(0.924827715705,5.685422620666));
#4982 = CARTESIAN_POINT('',(0.907311678946,5.646546928681));
#4983 = CARTESIAN_POINT('',(0.896448260938,5.624659031475));
#4984 = CARTESIAN_POINT('',(0.885424790001,5.604432192917));
#4985 = CARTESIAN_POINT('',(0.874262821519,5.585760131022));
#4986 = CARTESIAN_POINT('',(0.862980629203,5.568558241786));
#4987 = CARTESIAN_POINT('',(0.851593301397,5.552755789055));
#4988 = CARTESIAN_POINT('',(0.840112598454,5.53829427706));
#4989 = CARTESIAN_POINT('',(0.810150019848,5.504175320874));
#4990 = CARTESIAN_POINT('',(0.791547148611,5.486504353249));
#4991 = CARTESIAN_POINT('',(0.772777595878,5.471913727489));
#4992 = CARTESIAN_POINT('',(0.753878608669,5.46028355449));
#4993 = CARTESIAN_POINT('',(0.734885372214,5.451532692162));
#4994 = CARTESIAN_POINT('',(0.715830475193,5.445606088951));
#4995 = CARTESIAN_POINT('',(0.696743303234,5.442475388534));
#4996 = CARTESIAN_POINT('',(0.656588811098,5.441769376127));
#4997 = CARTESIAN_POINT('',(0.635530004683,5.444799980992));
#4998 = CARTESIAN_POINT('',(0.614506348715,5.451224958978));
#4999 = CARTESIAN_POINT('',(0.593556638663,5.461082805153));
#5000 = CARTESIAN_POINT('',(0.572724712436,5.474445222833));
#5001 = CARTESIAN_POINT('',(0.55205880923,5.491429282449));
#5002 = CARTESIAN_POINT('',(0.531610369296,5.512202270922));
#5003 = CARTESIAN_POINT('',(0.499052959774,5.552324659979));
#5004 = CARTESIAN_POINT('',(0.486780460042,5.56911578893));
#5005 = CARTESIAN_POINT('',(0.474626632029,5.587510770343));
#5006 = CARTESIAN_POINT('',(0.462607012512,5.607593422056));
#5007 = CARTESIAN_POINT('',(0.450743089482,5.629466755486));
#5008 = CARTESIAN_POINT('',(0.439061929246,5.653253768904));
#5009 = CARTESIAN_POINT('',(0.427596391566,5.679111311828));
#5010 = CARTESIAN_POINT('',(0.410037470229,5.723229701928));
#5011 = CARTESIAN_POINT('',(0.403772628477,5.739917623198));
#5012 = CARTESIAN_POINT('',(0.397599090113,5.757382953426));
#5013 = CARTESIAN_POINT('',(0.391526571454,5.775673141462));
#5014 = CARTESIAN_POINT('',(0.385567765998,5.794838938926));
#5015 = CARTESIAN_POINT('',(0.379738392917,5.81493642337));
#5016 = CARTESIAN_POINT('',(0.374057507318,5.836031705771));
#5017 = CARTESIAN_POINT('',(0.364288872365,5.875352483953));
#5018 = CARTESIAN_POINT('',(0.360134264032,5.893134456336));
#5019 = CARTESIAN_POINT('',(0.356093781264,5.911595503184));
#5020 = CARTESIAN_POINT('',(0.352180999248,5.93077444561));
#5021 = CARTESIAN_POINT('',(0.348413225171,5.950707144569));
#5022 = CARTESIAN_POINT('',(0.344811315459,5.971426652083));
#5023 = CARTESIAN_POINT('',(0.341399619478,5.992964031319));
#5024 = CARTESIAN_POINT('',(0.336528771752,6.027106981032));
#5025 = CARTESIAN_POINT('',(0.334912056225,6.039095457803));
#5026 = CARTESIAN_POINT('',(0.333360082691,6.051318072801));
#5027 = CARTESIAN_POINT('',(0.331877528348,6.063775865253));
#5028 = CARTESIAN_POINT('',(0.330469457618,6.076467803589));
#5029 = CARTESIAN_POINT('',(0.329141211737,6.089390472393));
#5030 = CARTESIAN_POINT('',(0.327898298338,6.102537759363));
#5031 = CARTESIAN_POINT('',(0.325050819629,6.135566985644));
#5032 = CARTESIAN_POINT('',(0.323551158518,6.155712393464));
#5033 = CARTESIAN_POINT('',(0.322266917807,6.176291343709));
#5034 = CARTESIAN_POINT('',(0.321216329061,6.197246605095));
#5035 = CARTESIAN_POINT('',(0.3204154277,6.218508167525));
#5036 = CARTESIAN_POINT('',(0.319876755015,6.239991086455));
#5037 = CARTESIAN_POINT('',(0.319607569834,6.261592141206));
#5038 = CARTESIAN_POINT('',(0.319607569834,6.28318530718));
#5039 = ( GEOMETRIC_REPRESENTATION_CONTEXT(2) 
PARAMETRIC_REPRESENTATION_CONTEXT() REPRESENTATION_CONTEXT('2D SPACE',''
  ) );
#5040 = PCURVE('',#5041,#5046);
#5041 = PLANE('',#5042);
#5042 = AXIS2_PLACEMENT_3D('',#5043,#5044,#5045);
#5043 = CARTESIAN_POINT('',(-1.121676929041E+03,-458.8678346077,
    41.252406642067));
#5044 = DIRECTION('',(-0.722564301372,-0.295594486925,-0.624919778598));
#5045 = DIRECTION('',(0.654151514779,2.775557561563E-17,-0.756363534097)
  );
#5046 = DEFINITIONAL_REPRESENTATION('',(#5047),#5134);
#5047 = B_SPLINE_CURVE_WITH_KNOTS('',8,(#5048,#5049,#5050,#5051,#5052,
    #5053,#5054,#5055,#5056,#5057,#5058,#5059,#5060,#5061,#5062,#5063,
    #5064,#5065,#5066,#5067,#5068,#5069,#5070,#5071,#5072,#5073,#5074,
    #5075,#5076,#5077,#5078,#5079,#5080,#5081,#5082,#5083,#5084,#5085,
    #5086,#5087,#5088,#5089,#5090,#5091,#5092,#5093,#5094,#5095,#5096,
    #5097,#5098,#5099,#5100,#5101,#5102,#5103,#5104,#5105,#5106,#5107,
    #5108,#5109,#5110,#5111,#5112,#5113,#5114,#5115,#5116,#5117,#5118,
    #5119,#5120,#5121,#5122,#5123,#5124,#5125,#5126,#5127,#5128,#5129,
    #5130,#5131,#5132,#5133),.UNSPECIFIED.,.F.,.F.,(9,7,7,7,7,7,7,7,7,7,
    7,7,9),(0.,4.522150428653E-02,7.917088885503E-02,0.137722239536,
    0.208922382955,0.320099539634,0.496944839527,0.692011801865,
    0.81171827702,0.879527186413,0.93194847856,0.959480389209,1.),
  .UNSPECIFIED.);
#5048 = CARTESIAN_POINT('',(10.788557502152,-2.758083940487));
#5049 = CARTESIAN_POINT('',(10.752734864723,-2.898208241311));
#5050 = CARTESIAN_POINT('',(10.705803146367,-3.035556664298));
#5051 = CARTESIAN_POINT('',(10.648044026586,-3.168968405612));
#5052 = CARTESIAN_POINT('',(10.580092097788,-3.297606453696));
#5053 = CARTESIAN_POINT('',(10.502803545543,-3.420890407348));
#5054 = CARTESIAN_POINT('',(10.417153932272,-3.538443136508));
#5055 = CARTESIAN_POINT('',(10.324165084373,-3.650051285771));
#5056 = CARTESIAN_POINT('',(10.15031005243,-3.834908522484));
#5057 = CARTESIAN_POINT('',(10.072152694405,-3.910834168716));
#5058 = CARTESIAN_POINT('',(9.990760459484,-3.98343360733));
#5059 = CARTESIAN_POINT('',(9.906484352509,-4.052759696463));
#5060 = CARTESIAN_POINT('',(9.819646916407,-4.11889161789));
#5061 = CARTESIAN_POINT('',(9.730535892333,-4.181927294347));
#5062 = CARTESIAN_POINT('',(9.639399555918,-4.241977710647));
#5063 = CARTESIAN_POINT('',(9.386125972762,-4.397788904209));
#5064 = CARTESIAN_POINT('',(9.220483632673,-4.487839501365));
#5065 = CARTESIAN_POINT('',(9.05052857679,-4.569977248859));
#5066 = CARTESIAN_POINT('',(8.877104138566,-4.644795200126));
#5067 = CARTESIAN_POINT('',(8.700896730133,-4.712839050044));
#5068 = CARTESIAN_POINT('',(8.522441879561,-4.774618339899));
#5069 = CARTESIAN_POINT('',(8.342124692721,-4.830606960514));
#5070 = CARTESIAN_POINT('',(7.93891831113,-4.942795631808));
#5071 = CARTESIAN_POINT('',(7.715387329621,-4.996390763667));
#5072 = CARTESIAN_POINT('',(7.490097521336,-5.042778729804));
#5073 = CARTESIAN_POINT('',(7.26347007927,-5.082586483188));
#5074 = CARTESIAN_POINT('',(7.035840589413,-5.116349242476));
#5075 = CARTESIAN_POINT('',(6.807464601861,-5.144537148875));
#5076 = CARTESIAN_POINT('',(6.578519846961,-5.167566886486));
#5077 = CARTESIAN_POINT('',(5.990879980152,-5.214266087289));
#5078 = CARTESIAN_POINT('',(5.631670043498,-5.231023113111));
#5079 = CARTESIAN_POINT('',(5.271946601435,-5.237456422428));
#5080 = CARTESIAN_POINT('',(4.912088223415,-5.234633161651));
#5081 = CARTESIAN_POINT('',(4.552382922706,-5.223432343189));
#5082 = CARTESIAN_POINT('',(4.193028555498,-5.20459200585));
#5083 = CARTESIAN_POINT('',(3.834132871641,-5.178720203377));
#5084 = CARTESIAN_POINT('',(2.905592358241,-5.094777784388));
#5085 = CARTESIAN_POINT('',(2.336954687224,-5.026739788086));
#5086 = CARTESIAN_POINT('',(1.770024433537,-4.944255659772));
#5087 = CARTESIAN_POINT('',(1.205041045916,-4.848751135219));
#5088 = CARTESIAN_POINT('',(0.642225119473,-4.741252593392));
#5089 = CARTESIAN_POINT('',(8.176640404082E-02,-4.622460473464));
#5090 = CARTESIAN_POINT('',(-0.476175842539,-4.492749421818));
#5091 = CARTESIAN_POINT('',(-1.643982974641,-4.197115644998));
#5092 = CARTESIAN_POINT('',(-2.252986251131,-4.028911182573));
#5093 = CARTESIAN_POINT('',(-2.858360675047,-3.84764276709));
#5094 = CARTESIAN_POINT('',(-3.459700861582,-3.65297795664));
#5095 = CARTESIAN_POINT('',(-4.056333928109,-3.444223822185));
#5096 = CARTESIAN_POINT('',(-4.64728640554,-3.22024611849));
#5097 = CARTESIAN_POINT('',(-5.231277293801,-2.979450719799));
#5098 = CARTESIAN_POINT('',(-6.159565426505,-2.559671256892));
#5099 = CARTESIAN_POINT('',(-6.509122584424,-2.392828378332));
#5100 = CARTESIAN_POINT('',(-6.854889765694,-2.218172703691));
#5101 = CARTESIAN_POINT('',(-7.196326372008,-2.0350317737));
#5102 = CARTESIAN_POINT('',(-7.532648756397,-1.842630597473));
#5103 = CARTESIAN_POINT('',(-7.862827335628,-1.640086274947));
#5104 = CARTESIAN_POINT('',(-8.185544011873,-1.42633677598));
#5105 = CARTESIAN_POINT('',(-8.676632279222,-1.071638576562));
#5106 = CARTESIAN_POINT('',(-8.851190051322,-0.939354438268));
#5107 = CARTESIAN_POINT('',(-9.022425987714,-0.802774997579));
#5108 = CARTESIAN_POINT('',(-9.189933000557,-0.661619285483));
#5109 = CARTESIAN_POINT('',(-9.35319451199,-0.515605480827));
#5110 = CARTESIAN_POINT('',(-9.511576780377,-0.364442626314));
#5111 = CARTESIAN_POINT('',(-9.664309281496,-0.207810306465));
#5112 = CARTESIAN_POINT('',(-9.923433138267,8.028585250416E-02));
#5113 = CARTESIAN_POINT('',(-10.03241895991,0.209333188285));
#5114 = CARTESIAN_POINT('',(-10.13700712797,0.342013680377));
#5115 = CARTESIAN_POINT('',(-10.23666178072,0.478481130021));
#5116 = CARTESIAN_POINT('',(-10.3307225845,0.618840068689));
#5117 = CARTESIAN_POINT('',(-10.41840934318,0.763142474329));
#5118 = CARTESIAN_POINT('',(-10.49882330924,0.911386314255));
#5119 = CARTESIAN_POINT('',(-10.60882395236,1.1434151006));
#5120 = CARTESIAN_POINT('',(-10.64440638163,1.224367745592));
#5121 = CARTESIAN_POINT('',(-10.67754282573,1.306355360258));
#5122 = CARTESIAN_POINT('',(-10.70806938783,1.389343602059));
#5123 = CARTESIAN_POINT('',(-10.73581231187,1.473280915114));
#5124 = CARTESIAN_POINT('',(-10.76059236192,1.558097169978));
#5125 = CARTESIAN_POINT('',(-10.78222920163,1.643702303416));
#5126 = CARTESIAN_POINT('',(-10.8275028698,1.856969955108));
#5127 = CARTESIAN_POINT('',(-10.8472859253,1.985501557855));
#5128 = CARTESIAN_POINT('',(-10.8592930036,2.115116393774));
#5129 = CARTESIAN_POINT('',(-10.86298836195,2.245276989901));
#5130 = CARTESIAN_POINT('',(-10.85793555911,2.375372098146));
#5131 = CARTESIAN_POINT('',(-10.84384659682,2.504718153473));
#5132 = CARTESIAN_POINT('',(-10.82064709525,2.632561865067));
#5133 = CARTESIAN_POINT('',(-10.78855750215,2.758083940487));
#5134 = ( GEOMETRIC_REPRESENTATION_CONTEXT(2) 
PARAMETRIC_REPRESENTATION_CONTEXT() REPRESENTATION_CONTEXT('2D SPACE',''
  ) );
#5135 = ADVANCED_FACE('',(#5136),#4418,.T.);
#5136 = FACE_BOUND('',#5137,.T.);
#5137 = EDGE_LOOP('',(#5138,#5163,#5190,#5191,#5213,#5214,#5215,#5237,
    #5238,#5239));
#5138 = ORIENTED_EDGE('',*,*,#5139,.T.);
#5139 = EDGE_CURVE('',#5140,#5142,#5144,.T.);
#5140 = VERTEX_POINT('',#5141);
#5141 = CARTESIAN_POINT('',(-1.115135413893E+03,-458.8678346077,
    33.688771301093));
#5142 = VERTEX_POINT('',#5143);
#5143 = CARTESIAN_POINT('',(-2.126725435814E+03,-872.7001163025,
    -841.1989187357));
#5144 = SEAM_CURVE('',#5145,(#5149,#5156),.PCURVE_S1.);
#5145 = LINE('',#5146,#5147);
#5146 = CARTESIAN_POINT('',(-1.115135413893E+03,-458.8678346077,
    33.688771301093));
#5147 = VECTOR('',#5148,1.);
#5148 = DIRECTION('',(-0.722564301372,-0.295594486925,-0.624919778598));
#5149 = PCURVE('',#4418,#5150);
#5150 = DEFINITIONAL_REPRESENTATION('',(#5151),#5155);
#5151 = LINE('',#5152,#5153);
#5152 = CARTESIAN_POINT('',(6.28318530718,-0.));
#5153 = VECTOR('',#5154,1.);
#5154 = DIRECTION('',(0.,1.));
#5155 = ( GEOMETRIC_REPRESENTATION_CONTEXT(2) 
PARAMETRIC_REPRESENTATION_CONTEXT() REPRESENTATION_CONTEXT('2D SPACE',''
  ) );
#5156 = PCURVE('',#4418,#5157);
#5157 = DEFINITIONAL_REPRESENTATION('',(#5158),#5162);
#5158 = LINE('',#5159,#5160);
#5159 = CARTESIAN_POINT('',(0.,-0.));
#5160 = VECTOR('',#5161,1.);
#5161 = DIRECTION('',(0.,1.));
#5162 = ( GEOMETRIC_REPRESENTATION_CONTEXT(2) 
PARAMETRIC_REPRESENTATION_CONTEXT() REPRESENTATION_CONTEXT('2D SPACE',''
  ) );
#5163 = ORIENTED_EDGE('',*,*,#5164,.F.);
#5164 = EDGE_CURVE('',#5142,#5142,#5165,.T.);
#5165 = SURFACE_CURVE('',#5166,(#5171,#5178),.PCURVE_S1.);
#5166 = CIRCLE('',#5167,10.);
#5167 = AXIS2_PLACEMENT_3D('',#5168,#5169,#5170);
#5168 = CARTESIAN_POINT('',(-2.133266950962E+03,-872.7001163025,
    -833.6352833948));
#5169 = DIRECTION('',(-0.722564301372,-0.295594486925,-0.624919778598));
#5170 = DIRECTION('',(0.654151514779,2.775557561563E-17,-0.756363534097)
  );
#5171 = PCURVE('',#4418,#5172);
#5172 = DEFINITIONAL_REPRESENTATION('',(#5173),#5177);
#5173 = LINE('',#5174,#5175);
#5174 = CARTESIAN_POINT('',(0.,1.4E+03));
#5175 = VECTOR('',#5176,1.);
#5176 = DIRECTION('',(1.,0.));
#5177 = ( GEOMETRIC_REPRESENTATION_CONTEXT(2) 
PARAMETRIC_REPRESENTATION_CONTEXT() REPRESENTATION_CONTEXT('2D SPACE',''
  ) );
#5178 = PCURVE('',#5179,#5184);
#5179 = PLANE('',#5180);
#5180 = AXIS2_PLACEMENT_3D('',#5181,#5182,#5183);
#5181 = CARTESIAN_POINT('',(-2.133266950962E+03,-872.7001163025,
    -833.6352833948));
#5182 = DIRECTION('',(-0.722564301372,-0.295594486925,-0.624919778598));
#5183 = DIRECTION('',(0.654151514779,-5.551115123126E-17,-0.756363534097
    ));
#5184 = DEFINITIONAL_REPRESENTATION('',(#5185),#5189);
#5185 = CIRCLE('',#5186,10.);
#5186 = AXIS2_PLACEMENT_2D('',#5187,#5188);
#5187 = CARTESIAN_POINT('',(-2.974736684241E-13,-1.016709988063E-13));
#5188 = DIRECTION('',(1.,-1.387778780781E-16));
#5189 = ( GEOMETRIC_REPRESENTATION_CONTEXT(2) 
PARAMETRIC_REPRESENTATION_CONTEXT() REPRESENTATION_CONTEXT('2D SPACE',''
  ) );
#5190 = ORIENTED_EDGE('',*,*,#5139,.F.);
#5191 = ORIENTED_EDGE('',*,*,#5192,.T.);
#5192 = EDGE_CURVE('',#5140,#4483,#5193,.T.);
#5193 = SURFACE_CURVE('',#5194,(#5199,#5206),.PCURVE_S1.);
#5194 = CIRCLE('',#5195,10.);
#5195 = AXIS2_PLACEMENT_3D('',#5196,#5197,#5198);
#5196 = CARTESIAN_POINT('',(-1.121676929041E+03,-458.8678346077,
    41.252406642067));
#5197 = DIRECTION('',(-0.722564301372,-0.295594486925,-0.624919778598));
#5198 = DIRECTION('',(0.654151514779,2.775557561563E-17,-0.756363534097)
  );
#5199 = PCURVE('',#4418,#5200);
#5200 = DEFINITIONAL_REPRESENTATION('',(#5201),#5205);
#5201 = LINE('',#5202,#5203);
#5202 = CARTESIAN_POINT('',(0.,0.));
#5203 = VECTOR('',#5204,1.);
#5204 = DIRECTION('',(1.,0.));
#5205 = ( GEOMETRIC_REPRESENTATION_CONTEXT(2) 
PARAMETRIC_REPRESENTATION_CONTEXT() REPRESENTATION_CONTEXT('2D SPACE',''
  ) );
#5206 = PCURVE('',#4678,#5207);
#5207 = DEFINITIONAL_REPRESENTATION('',(#5208),#5212);
#5208 = CIRCLE('',#5209,10.);
#5209 = AXIS2_PLACEMENT_2D('',#5210,#5211);
#5210 = CARTESIAN_POINT('',(0.,0.));
#5211 = DIRECTION('',(1.,0.));
#5212 = ( GEOMETRIC_REPRESENTATION_CONTEXT(2) 
PARAMETRIC_REPRESENTATION_CONTEXT() REPRESENTATION_CONTEXT('2D SPACE',''
  ) );
#5213 = ORIENTED_EDGE('',*,*,#4482,.F.);
#5214 = ORIENTED_EDGE('',*,*,#4385,.F.);
#5215 = ORIENTED_EDGE('',*,*,#5216,.T.);
#5216 = EDGE_CURVE('',#4386,#4824,#5217,.T.);
#5217 = SURFACE_CURVE('',#5218,(#5223,#5230),.PCURVE_S1.);
#5218 = CIRCLE('',#5219,10.);
#5219 = AXIS2_PLACEMENT_3D('',#5220,#5221,#5222);
#5220 = CARTESIAN_POINT('',(-1.121676929041E+03,-458.8678346077,
    41.252406642067));
#5221 = DIRECTION('',(-0.722564301372,-0.295594486925,-0.624919778598));
#5222 = DIRECTION('',(0.654151514779,2.775557561563E-17,-0.756363534097)
  );
#5223 = PCURVE('',#4418,#5224);
#5224 = DEFINITIONAL_REPRESENTATION('',(#5225),#5229);
#5225 = LINE('',#5226,#5227);
#5226 = CARTESIAN_POINT('',(0.,0.));
#5227 = VECTOR('',#5228,1.);
#5228 = DIRECTION('',(1.,0.));
#5229 = ( GEOMETRIC_REPRESENTATION_CONTEXT(2) 
PARAMETRIC_REPRESENTATION_CONTEXT() REPRESENTATION_CONTEXT('2D SPACE',''
  ) );
#5230 = PCURVE('',#5041,#5231);
#5231 = DEFINITIONAL_REPRESENTATION('',(#5232),#5236);
#5232 = CIRCLE('',#5233,10.);
#5233 = AXIS2_PLACEMENT_2D('',#5234,#5235);
#5234 = CARTESIAN_POINT('',(0.,0.));
#5235 = DIRECTION('',(1.,0.));
#5236 = ( GEOMETRIC_REPRESENTATION_CONTEXT(2) 
PARAMETRIC_REPRESENTATION_CONTEXT() REPRESENTATION_CONTEXT('2D SPACE',''
  ) );
#5237 = ORIENTED_EDGE('',*,*,#4823,.T.);
#5238 = ORIENTED_EDGE('',*,*,#4761,.T.);
#5239 = ORIENTED_EDGE('',*,*,#5240,.T.);
#5240 = EDGE_CURVE('',#4521,#5140,#5241,.T.);
#5241 = SURFACE_CURVE('',#5242,(#5247,#5254),.PCURVE_S1.);
#5242 = CIRCLE('',#5243,10.);
#5243 = AXIS2_PLACEMENT_3D('',#5244,#5245,#5246);
#5244 = CARTESIAN_POINT('',(-1.121676929041E+03,-458.8678346077,
    41.252406642067));
#5245 = DIRECTION('',(-0.722564301372,-0.295594486925,-0.624919778598));
#5246 = DIRECTION('',(0.654151514779,2.775557561563E-17,-0.756363534097)
  );
#5247 = PCURVE('',#4418,#5248);
#5248 = DEFINITIONAL_REPRESENTATION('',(#5249),#5253);
#5249 = LINE('',#5250,#5251);
#5250 = CARTESIAN_POINT('',(0.,0.));
#5251 = VECTOR('',#5252,1.);
#5252 = DIRECTION('',(1.,0.));
#5253 = ( GEOMETRIC_REPRESENTATION_CONTEXT(2) 
PARAMETRIC_REPRESENTATION_CONTEXT() REPRESENTATION_CONTEXT('2D SPACE',''
  ) );
#5254 = PCURVE('',#4678,#5255);
#5255 = DEFINITIONAL_REPRESENTATION('',(#5256),#5260);
#5256 = CIRCLE('',#5257,10.);
#5257 = AXIS2_PLACEMENT_2D('',#5258,#5259);
#5258 = CARTESIAN_POINT('',(0.,0.));
#5259 = DIRECTION('',(1.,0.));
#5260 = ( GEOMETRIC_REPRESENTATION_CONTEXT(2) 
PARAMETRIC_REPRESENTATION_CONTEXT() REPRESENTATION_CONTEXT('2D SPACE',''
  ) );
#5261 = ADVANCED_FACE('',(#5262),#5041,.F.);
#5262 = FACE_BOUND('',#5263,.F.);
#5263 = EDGE_LOOP('',(#5264,#5265));
#5264 = ORIENTED_EDGE('',*,*,#4861,.T.);
#5265 = ORIENTED_EDGE('',*,*,#5216,.T.);
#5266 = ADVANCED_FACE('',(#5267),#4678,.F.);
#5267 = FACE_BOUND('',#5268,.F.);
#5268 = EDGE_LOOP('',(#5269,#5270,#5271));
#5269 = ORIENTED_EDGE('',*,*,#5240,.T.);
#5270 = ORIENTED_EDGE('',*,*,#5192,.T.);
#5271 = ORIENTED_EDGE('',*,*,#4520,.T.);
#5272 = ADVANCED_FACE('',(#5273,#5304),#5179,.F.);
#5273 = FACE_BOUND('',#5274,.F.);
#5274 = EDGE_LOOP('',(#5275));
#5275 = ORIENTED_EDGE('',*,*,#5276,.T.);
#5276 = EDGE_CURVE('',#5277,#5277,#5279,.T.);
#5277 = VERTEX_POINT('',#5278);
#5278 = CARTESIAN_POINT('',(-2.051498011614E+03,-872.7001163025,
    -928.1807251569));
#5279 = SURFACE_CURVE('',#5280,(#5285,#5292),.PCURVE_S1.);
#5280 = CIRCLE('',#5281,125.);
#5281 = AXIS2_PLACEMENT_3D('',#5282,#5283,#5284);
#5282 = CARTESIAN_POINT('',(-2.133266950962E+03,-872.7001163025,
    -833.6352833948));
#5283 = DIRECTION('',(-0.722564301372,-0.295594486925,-0.624919778598));
#5284 = DIRECTION('',(0.654151514779,-5.551115123126E-17,-0.756363534097
    ));
#5285 = PCURVE('',#5179,#5286);
#5286 = DEFINITIONAL_REPRESENTATION('',(#5287),#5291);
#5287 = CIRCLE('',#5288,125.);
#5288 = AXIS2_PLACEMENT_2D('',#5289,#5290);
#5289 = CARTESIAN_POINT('',(0.,0.));
#5290 = DIRECTION('',(1.,0.));
#5291 = ( GEOMETRIC_REPRESENTATION_CONTEXT(2) 
PARAMETRIC_REPRESENTATION_CONTEXT() REPRESENTATION_CONTEXT('2D SPACE',''
  ) );
#5292 = PCURVE('',#5293,#5298);
#5293 = CYLINDRICAL_SURFACE('',#5294,125.);
#5294 = AXIS2_PLACEMENT_3D('',#5295,#5296,#5297);
#5295 = CARTESIAN_POINT('',(-2.133266950962E+03,-872.7001163025,
    -833.6352833948));
#5296 = DIRECTION('',(-0.722564301372,-0.295594486925,-0.624919778598));
#5297 = DIRECTION('',(0.654151514779,-5.551115123126E-17,-0.756363534097
    ));
#5298 = DEFINITIONAL_REPRESENTATION('',(#5299),#5303);
#5299 = LINE('',#5300,#5301);
#5300 = CARTESIAN_POINT('',(0.,0.));
#5301 = VECTOR('',#5302,1.);
#5302 = DIRECTION('',(1.,0.));
#5303 = ( GEOMETRIC_REPRESENTATION_CONTEXT(2) 
PARAMETRIC_REPRESENTATION_CONTEXT() REPRESENTATION_CONTEXT('2D SPACE',''
  ) );
#5304 = FACE_BOUND('',#5305,.F.);
#5305 = EDGE_LOOP('',(#5306));
#5306 = ORIENTED_EDGE('',*,*,#5164,.F.);
#5307 = ADVANCED_FACE('',(#5308),#5293,.T.);
#5308 = FACE_BOUND('',#5309,.T.);
#5309 = EDGE_LOOP('',(#5310,#5339,#5360,#5361));
#5310 = ORIENTED_EDGE('',*,*,#5311,.F.);
#5311 = EDGE_CURVE('',#5312,#5312,#5314,.T.);
#5312 = VERTEX_POINT('',#5313);
#5313 = CARTESIAN_POINT('',(-2.057278526025E+03,-875.0648721979,
    -933.1800833857));
#5314 = SURFACE_CURVE('',#5315,(#5320,#5327),.PCURVE_S1.);
#5315 = CIRCLE('',#5316,125.);
#5316 = AXIS2_PLACEMENT_3D('',#5317,#5318,#5319);
#5317 = CARTESIAN_POINT('',(-2.139047465373E+03,-875.0648721979,
    -838.6346416235));
#5318 = DIRECTION('',(-0.722564301372,-0.295594486925,-0.624919778598));
#5319 = DIRECTION('',(0.654151514779,-5.551115123126E-17,-0.756363534097
    ));
#5320 = PCURVE('',#5293,#5321);
#5321 = DEFINITIONAL_REPRESENTATION('',(#5322),#5326);
#5322 = LINE('',#5323,#5324);
#5323 = CARTESIAN_POINT('',(0.,8.));
#5324 = VECTOR('',#5325,1.);
#5325 = DIRECTION('',(1.,0.));
#5326 = ( GEOMETRIC_REPRESENTATION_CONTEXT(2) 
PARAMETRIC_REPRESENTATION_CONTEXT() REPRESENTATION_CONTEXT('2D SPACE',''
  ) );
#5327 = PCURVE('',#5328,#5333);
#5328 = PLANE('',#5329);
#5329 = AXIS2_PLACEMENT_3D('',#5330,#5331,#5332);
#5330 = CARTESIAN_POINT('',(-2.139047465373E+03,-875.0648721979,
    -838.6346416235));
#5331 = DIRECTION('',(-0.722564301372,-0.295594486925,-0.624919778598));
#5332 = DIRECTION('',(0.654151514779,-5.551115123126E-17,-0.756363534097
    ));
#5333 = DEFINITIONAL_REPRESENTATION('',(#5334),#5338);
#5334 = CIRCLE('',#5335,125.);
#5335 = AXIS2_PLACEMENT_2D('',#5336,#5337);
#5336 = CARTESIAN_POINT('',(0.,0.));
#5337 = DIRECTION('',(1.,0.));
#5338 = ( GEOMETRIC_REPRESENTATION_CONTEXT(2) 
PARAMETRIC_REPRESENTATION_CONTEXT() REPRESENTATION_CONTEXT('2D SPACE',''
  ) );
#5339 = ORIENTED_EDGE('',*,*,#5340,.F.);
#5340 = EDGE_CURVE('',#5277,#5312,#5341,.T.);
#5341 = SEAM_CURVE('',#5342,(#5346,#5353),.PCURVE_S1.);
#5342 = LINE('',#5343,#5344);
#5343 = CARTESIAN_POINT('',(-2.051498011614E+03,-872.7001163025,
    -928.1807251569));
#5344 = VECTOR('',#5345,1.);
#5345 = DIRECTION('',(-0.722564301372,-0.295594486925,-0.624919778598));
#5346 = PCURVE('',#5293,#5347);
#5347 = DEFINITIONAL_REPRESENTATION('',(#5348),#5352);
#5348 = LINE('',#5349,#5350);
#5349 = CARTESIAN_POINT('',(6.28318530718,-0.));
#5350 = VECTOR('',#5351,1.);
#5351 = DIRECTION('',(0.,1.));
#5352 = ( GEOMETRIC_REPRESENTATION_CONTEXT(2) 
PARAMETRIC_REPRESENTATION_CONTEXT() REPRESENTATION_CONTEXT('2D SPACE',''
  ) );
#5353 = PCURVE('',#5293,#5354);
#5354 = DEFINITIONAL_REPRESENTATION('',(#5355),#5359);
#5355 = LINE('',#5356,#5357);
#5356 = CARTESIAN_POINT('',(0.,-0.));
#5357 = VECTOR('',#5358,1.);
#5358 = DIRECTION('',(0.,1.));
#5359 = ( GEOMETRIC_REPRESENTATION_CONTEXT(2) 
PARAMETRIC_REPRESENTATION_CONTEXT() REPRESENTATION_CONTEXT('2D SPACE',''
  ) );
#5360 = ORIENTED_EDGE('',*,*,#5276,.T.);
#5361 = ORIENTED_EDGE('',*,*,#5340,.T.);
#5362 = ADVANCED_FACE('',(#5363,#5366),#5328,.T.);
#5363 = FACE_BOUND('',#5364,.T.);
#5364 = EDGE_LOOP('',(#5365));
#5365 = ORIENTED_EDGE('',*,*,#5311,.T.);
#5366 = FACE_BOUND('',#5367,.T.);
#5367 = EDGE_LOOP('',(#5368));
#5368 = ORIENTED_EDGE('',*,*,#5369,.F.);
#5369 = EDGE_CURVE('',#5370,#5370,#5372,.T.);
#5370 = VERTEX_POINT('',#5371);
#5371 = CARTESIAN_POINT('',(-2.132505950225E+03,-875.0648721979,
    -846.1982769645));
#5372 = SURFACE_CURVE('',#5373,(#5378,#5385),.PCURVE_S1.);
#5373 = CIRCLE('',#5374,10.);
#5374 = AXIS2_PLACEMENT_3D('',#5375,#5376,#5377);
#5375 = CARTESIAN_POINT('',(-2.139047465373E+03,-875.0648721979,
    -838.6346416235));
#5376 = DIRECTION('',(-0.722564301372,-0.295594486925,-0.624919778598));
#5377 = DIRECTION('',(0.654151514779,2.775557561563E-17,-0.756363534097)
  );
#5378 = PCURVE('',#5328,#5379);
#5379 = DEFINITIONAL_REPRESENTATION('',(#5380),#5384);
#5380 = CIRCLE('',#5381,10.);
#5381 = AXIS2_PLACEMENT_2D('',#5382,#5383);
#5382 = CARTESIAN_POINT('',(-1.71977156719E-13,-6.46407836051E-14));
#5383 = DIRECTION('',(1.,-1.387778780781E-16));
#5384 = ( GEOMETRIC_REPRESENTATION_CONTEXT(2) 
PARAMETRIC_REPRESENTATION_CONTEXT() REPRESENTATION_CONTEXT('2D SPACE',''
  ) );
#5385 = PCURVE('',#5386,#5391);
#5386 = CYLINDRICAL_SURFACE('',#5387,10.);
#5387 = AXIS2_PLACEMENT_3D('',#5388,#5389,#5390);
#5388 = CARTESIAN_POINT('',(-1.121676929041E+03,-458.8678346077,
    41.252406642067));
#5389 = DIRECTION('',(-0.722564301372,-0.295594486925,-0.624919778598));
#5390 = DIRECTION('',(0.654151514779,2.775557561563E-17,-0.756363534097)
  );
#5391 = DEFINITIONAL_REPRESENTATION('',(#5392),#5396);
#5392 = LINE('',#5393,#5394);
#5393 = CARTESIAN_POINT('',(0.,1.408E+03));
#5394 = VECTOR('',#5395,1.);
#5395 = DIRECTION('',(1.,0.));
#5396 = ( GEOMETRIC_REPRESENTATION_CONTEXT(2) 
PARAMETRIC_REPRESENTATION_CONTEXT() REPRESENTATION_CONTEXT('2D SPACE',''
  ) );
#5397 = ADVANCED_FACE('',(#5398),#5386,.T.);
#5398 = FACE_BOUND('',#5399,.T.);
#5399 = EDGE_LOOP('',(#5400,#5423,#5450,#5451));
#5400 = ORIENTED_EDGE('',*,*,#5401,.T.);
#5401 = EDGE_CURVE('',#5370,#5402,#5404,.T.);
#5402 = VERTEX_POINT('',#5403);
#5403 = CARTESIAN_POINT('',(-2.271238296088E+03,-931.8190136874,
    -966.1828744553));
#5404 = SEAM_CURVE('',#5405,(#5409,#5416),.PCURVE_S1.);
#5405 = LINE('',#5406,#5407);
#5406 = CARTESIAN_POINT('',(-1.115135413893E+03,-458.8678346077,
    33.688771301093));
#5407 = VECTOR('',#5408,1.);
#5408 = DIRECTION('',(-0.722564301372,-0.295594486925,-0.624919778598));
#5409 = PCURVE('',#5386,#5410);
#5410 = DEFINITIONAL_REPRESENTATION('',(#5411),#5415);
#5411 = LINE('',#5412,#5413);
#5412 = CARTESIAN_POINT('',(6.28318530718,-0.));
#5413 = VECTOR('',#5414,1.);
#5414 = DIRECTION('',(0.,1.));
#5415 = ( GEOMETRIC_REPRESENTATION_CONTEXT(2) 
PARAMETRIC_REPRESENTATION_CONTEXT() REPRESENTATION_CONTEXT('2D SPACE',''
  ) );
#5416 = PCURVE('',#5386,#5417);
#5417 = DEFINITIONAL_REPRESENTATION('',(#5418),#5422);
#5418 = LINE('',#5419,#5420);
#5419 = CARTESIAN_POINT('',(0.,-0.));
#5420 = VECTOR('',#5421,1.);
#5421 = DIRECTION('',(0.,1.));
#5422 = ( GEOMETRIC_REPRESENTATION_CONTEXT(2) 
PARAMETRIC_REPRESENTATION_CONTEXT() REPRESENTATION_CONTEXT('2D SPACE',''
  ) );
#5423 = ORIENTED_EDGE('',*,*,#5424,.F.);
#5424 = EDGE_CURVE('',#5402,#5402,#5425,.T.);
#5425 = SURFACE_CURVE('',#5426,(#5431,#5438),.PCURVE_S1.);
#5426 = CIRCLE('',#5427,10.);
#5427 = AXIS2_PLACEMENT_3D('',#5428,#5429,#5430);
#5428 = CARTESIAN_POINT('',(-2.277779811236E+03,-931.8190136874,
    -958.6192391143));
#5429 = DIRECTION('',(-0.722564301372,-0.295594486925,-0.624919778598));
#5430 = DIRECTION('',(0.654151514779,2.775557561563E-17,-0.756363534097)
  );
#5431 = PCURVE('',#5386,#5432);
#5432 = DEFINITIONAL_REPRESENTATION('',(#5433),#5437);
#5433 = LINE('',#5434,#5435);
#5434 = CARTESIAN_POINT('',(0.,1.6E+03));
#5435 = VECTOR('',#5436,1.);
#5436 = DIRECTION('',(1.,0.));
#5437 = ( GEOMETRIC_REPRESENTATION_CONTEXT(2) 
PARAMETRIC_REPRESENTATION_CONTEXT() REPRESENTATION_CONTEXT('2D SPACE',''
  ) );
#5438 = PCURVE('',#5439,#5444);
#5439 = PLANE('',#5440);
#5440 = AXIS2_PLACEMENT_3D('',#5441,#5442,#5443);
#5441 = CARTESIAN_POINT('',(-2.277779811236E+03,-931.8190136874,
    -958.6192391143));
#5442 = DIRECTION('',(-0.722564301372,-0.295594486925,-0.624919778598));
#5443 = DIRECTION('',(0.654151514779,2.775557561563E-17,-0.756363534097)
  );
#5444 = DEFINITIONAL_REPRESENTATION('',(#5445),#5449);
#5445 = CIRCLE('',#5446,10.);
#5446 = AXIS2_PLACEMENT_2D('',#5447,#5448);
#5447 = CARTESIAN_POINT('',(0.,0.));
#5448 = DIRECTION('',(1.,0.));
#5449 = ( GEOMETRIC_REPRESENTATION_CONTEXT(2) 
PARAMETRIC_REPRESENTATION_CONTEXT() REPRESENTATION_CONTEXT('2D SPACE',''
  ) );
#5450 = ORIENTED_EDGE('',*,*,#5401,.F.);
#5451 = ORIENTED_EDGE('',*,*,#5369,.T.);
#5452 = ADVANCED_FACE('',(#5453),#5439,.T.);
#5453 = FACE_BOUND('',#5454,.T.);
#5454 = EDGE_LOOP('',(#5455));
#5455 = ORIENTED_EDGE('',*,*,#5424,.T.);
#5456 = MANIFOLD_SOLID_BREP('',#5457);
#5457 = CLOSED_SHELL('',(#5458,#5546,#5581,#5585,#5640,#5675,#5940,#6215
    ,#6528));
#5458 = ADVANCED_FACE('',(#5459),#5473,.T.);
#5459 = FACE_BOUND('',#5460,.T.);
#5460 = EDGE_LOOP('',(#5461,#5491,#5518,#5519));
#5461 = ORIENTED_EDGE('',*,*,#5462,.T.);
#5462 = EDGE_CURVE('',#5463,#5465,#5467,.T.);
#5463 = VERTEX_POINT('',#5464);
#5464 = CARTESIAN_POINT('',(-2.132505950225E+03,875.06487219792,
    -846.1982769645));
#5465 = VERTEX_POINT('',#5466);
#5466 = CARTESIAN_POINT('',(-2.271238296088E+03,931.81901368748,
    -966.1828744553));
#5467 = SEAM_CURVE('',#5468,(#5472,#5484),.PCURVE_S1.);
#5468 = LINE('',#5469,#5470);
#5469 = CARTESIAN_POINT('',(-1.115135413893E+03,458.86783460774,
    33.688771301093));
#5470 = VECTOR('',#5471,1.);
#5471 = DIRECTION('',(-0.722564301372,0.295594486925,-0.624919778598));
#5472 = PCURVE('',#5473,#5478);
#5473 = CYLINDRICAL_SURFACE('',#5474,10.);
#5474 = AXIS2_PLACEMENT_3D('',#5475,#5476,#5477);
#5475 = CARTESIAN_POINT('',(-1.121676929041E+03,458.86783460774,
    41.252406642067));
#5476 = DIRECTION('',(-0.722564301372,0.295594486925,-0.624919778598));
#5477 = DIRECTION('',(0.654151514779,-2.775557561563E-17,-0.756363534097
    ));
#5478 = DEFINITIONAL_REPRESENTATION('',(#5479),#5483);
#5479 = LINE('',#5480,#5481);
#5480 = CARTESIAN_POINT('',(6.28318530718,-0.));
#5481 = VECTOR('',#5482,1.);
#5482 = DIRECTION('',(0.,1.));
#5483 = ( GEOMETRIC_REPRESENTATION_CONTEXT(2) 
PARAMETRIC_REPRESENTATION_CONTEXT() REPRESENTATION_CONTEXT('2D SPACE',''
  ) );
#5484 = PCURVE('',#5473,#5485);
#5485 = DEFINITIONAL_REPRESENTATION('',(#5486),#5490);
#5486 = LINE('',#5487,#5488);
#5487 = CARTESIAN_POINT('',(0.,-0.));
#5488 = VECTOR('',#5489,1.);
#5489 = DIRECTION('',(0.,1.));
#5490 = ( GEOMETRIC_REPRESENTATION_CONTEXT(2) 
PARAMETRIC_REPRESENTATION_CONTEXT() REPRESENTATION_CONTEXT('2D SPACE',''
  ) );
#5491 = ORIENTED_EDGE('',*,*,#5492,.F.);
#5492 = EDGE_CURVE('',#5465,#5465,#5493,.T.);
#5493 = SURFACE_CURVE('',#5494,(#5499,#5506),.PCURVE_S1.);
#5494 = CIRCLE('',#5495,10.);
#5495 = AXIS2_PLACEMENT_3D('',#5496,#5497,#5498);
#5496 = CARTESIAN_POINT('',(-2.277779811236E+03,931.81901368748,
    -958.6192391143));
#5497 = DIRECTION('',(-0.722564301372,0.295594486925,-0.624919778598));
#5498 = DIRECTION('',(0.654151514779,-2.775557561563E-17,-0.756363534097
    ));
#5499 = PCURVE('',#5473,#5500);
#5500 = DEFINITIONAL_REPRESENTATION('',(#5501),#5505);
#5501 = LINE('',#5502,#5503);
#5502 = CARTESIAN_POINT('',(0.,1.6E+03));
#5503 = VECTOR('',#5504,1.);
#5504 = DIRECTION('',(1.,0.));
#5505 = ( GEOMETRIC_REPRESENTATION_CONTEXT(2) 
PARAMETRIC_REPRESENTATION_CONTEXT() REPRESENTATION_CONTEXT('2D SPACE',''
  ) );
#5506 = PCURVE('',#5507,#5512);
#5507 = PLANE('',#5508);
#5508 = AXIS2_PLACEMENT_3D('',#5509,#5510,#5511);
#5509 = CARTESIAN_POINT('',(-2.277779811236E+03,931.81901368748,
    -958.6192391143));
#5510 = DIRECTION('',(-0.722564301372,0.295594486925,-0.624919778598));
#5511 = DIRECTION('',(0.654151514779,-2.775557561563E-17,-0.756363534097
    ));
#5512 = DEFINITIONAL_REPRESENTATION('',(#5513),#5517);
#5513 = CIRCLE('',#5514,10.);
#5514 = AXIS2_PLACEMENT_2D('',#5515,#5516);
#5515 = CARTESIAN_POINT('',(0.,0.));
#5516 = DIRECTION('',(1.,0.));
#5517 = ( GEOMETRIC_REPRESENTATION_CONTEXT(2) 
PARAMETRIC_REPRESENTATION_CONTEXT() REPRESENTATION_CONTEXT('2D SPACE',''
  ) );
#5518 = ORIENTED_EDGE('',*,*,#5462,.F.);
#5519 = ORIENTED_EDGE('',*,*,#5520,.T.);
#5520 = EDGE_CURVE('',#5463,#5463,#5521,.T.);
#5521 = SURFACE_CURVE('',#5522,(#5527,#5534),.PCURVE_S1.);
#5522 = CIRCLE('',#5523,10.);
#5523 = AXIS2_PLACEMENT_3D('',#5524,#5525,#5526);
#5524 = CARTESIAN_POINT('',(-2.139047465373E+03,875.06487219792,
    -838.6346416235));
#5525 = DIRECTION('',(-0.722564301372,0.295594486925,-0.624919778598));
#5526 = DIRECTION('',(0.654151514779,-2.775557561563E-17,-0.756363534097
    ));
#5527 = PCURVE('',#5473,#5528);
#5528 = DEFINITIONAL_REPRESENTATION('',(#5529),#5533);
#5529 = LINE('',#5530,#5531);
#5530 = CARTESIAN_POINT('',(0.,1.408E+03));
#5531 = VECTOR('',#5532,1.);
#5532 = DIRECTION('',(1.,0.));
#5533 = ( GEOMETRIC_REPRESENTATION_CONTEXT(2) 
PARAMETRIC_REPRESENTATION_CONTEXT() REPRESENTATION_CONTEXT('2D SPACE',''
  ) );
#5534 = PCURVE('',#5535,#5540);
#5535 = PLANE('',#5536);
#5536 = AXIS2_PLACEMENT_3D('',#5537,#5538,#5539);
#5537 = CARTESIAN_POINT('',(-2.139047465373E+03,875.06487219792,
    -838.6346416235));
#5538 = DIRECTION('',(-0.722564301372,0.295594486925,-0.624919778598));
#5539 = DIRECTION('',(0.654151514779,5.551115123126E-17,-0.756363534097)
  );
#5540 = DEFINITIONAL_REPRESENTATION('',(#5541),#5545);
#5541 = CIRCLE('',#5542,10.);
#5542 = AXIS2_PLACEMENT_2D('',#5543,#5544);
#5543 = CARTESIAN_POINT('',(-1.71977156719E-13,6.46407836051E-14));
#5544 = DIRECTION('',(1.,1.387778780781E-16));
#5545 = ( GEOMETRIC_REPRESENTATION_CONTEXT(2) 
PARAMETRIC_REPRESENTATION_CONTEXT() REPRESENTATION_CONTEXT('2D SPACE',''
  ) );
#5546 = ADVANCED_FACE('',(#5547,#5578),#5535,.T.);
#5547 = FACE_BOUND('',#5548,.T.);
#5548 = EDGE_LOOP('',(#5549));
#5549 = ORIENTED_EDGE('',*,*,#5550,.T.);
#5550 = EDGE_CURVE('',#5551,#5551,#5553,.T.);
#5551 = VERTEX_POINT('',#5552);
#5552 = CARTESIAN_POINT('',(-2.057278526025E+03,875.06487219792,
    -933.1800833857));
#5553 = SURFACE_CURVE('',#5554,(#5559,#5566),.PCURVE_S1.);
#5554 = CIRCLE('',#5555,125.);
#5555 = AXIS2_PLACEMENT_3D('',#5556,#5557,#5558);
#5556 = CARTESIAN_POINT('',(-2.139047465373E+03,875.06487219792,
    -838.6346416235));
#5557 = DIRECTION('',(-0.722564301372,0.295594486925,-0.624919778598));
#5558 = DIRECTION('',(0.654151514779,5.551115123126E-17,-0.756363534097)
  );
#5559 = PCURVE('',#5535,#5560);
#5560 = DEFINITIONAL_REPRESENTATION('',(#5561),#5565);
#5561 = CIRCLE('',#5562,125.);
#5562 = AXIS2_PLACEMENT_2D('',#5563,#5564);
#5563 = CARTESIAN_POINT('',(0.,0.));
#5564 = DIRECTION('',(1.,0.));
#5565 = ( GEOMETRIC_REPRESENTATION_CONTEXT(2) 
PARAMETRIC_REPRESENTATION_CONTEXT() REPRESENTATION_CONTEXT('2D SPACE',''
  ) );
#5566 = PCURVE('',#5567,#5572);
#5567 = CYLINDRICAL_SURFACE('',#5568,125.);
#5568 = AXIS2_PLACEMENT_3D('',#5569,#5570,#5571);
#5569 = CARTESIAN_POINT('',(-2.133266950962E+03,872.70011630252,
    -833.6352833948));
#5570 = DIRECTION('',(-0.722564301372,0.295594486925,-0.624919778598));
#5571 = DIRECTION('',(0.654151514779,5.551115123126E-17,-0.756363534097)
  );
#5572 = DEFINITIONAL_REPRESENTATION('',(#5573),#5577);
#5573 = LINE('',#5574,#5575);
#5574 = CARTESIAN_POINT('',(0.,8.));
#5575 = VECTOR('',#5576,1.);
#5576 = DIRECTION('',(1.,0.));
#5577 = ( GEOMETRIC_REPRESENTATION_CONTEXT(2) 
PARAMETRIC_REPRESENTATION_CONTEXT() REPRESENTATION_CONTEXT('2D SPACE',''
  ) );
#5578 = FACE_BOUND('',#5579,.T.);
#5579 = EDGE_LOOP('',(#5580));
#5580 = ORIENTED_EDGE('',*,*,#5520,.F.);
#5581 = ADVANCED_FACE('',(#5582),#5507,.T.);
#5582 = FACE_BOUND('',#5583,.T.);
#5583 = EDGE_LOOP('',(#5584));
#5584 = ORIENTED_EDGE('',*,*,#5492,.T.);
#5585 = ADVANCED_FACE('',(#5586),#5567,.T.);
#5586 = FACE_BOUND('',#5587,.T.);
#5587 = EDGE_LOOP('',(#5588,#5589,#5612,#5639));
#5588 = ORIENTED_EDGE('',*,*,#5550,.F.);
#5589 = ORIENTED_EDGE('',*,*,#5590,.F.);
#5590 = EDGE_CURVE('',#5591,#5551,#5593,.T.);
#5591 = VERTEX_POINT('',#5592);
#5592 = CARTESIAN_POINT('',(-2.051498011614E+03,872.70011630252,
    -928.1807251569));
#5593 = SEAM_CURVE('',#5594,(#5598,#5605),.PCURVE_S1.);
#5594 = LINE('',#5595,#5596);
#5595 = CARTESIAN_POINT('',(-2.051498011614E+03,872.70011630252,
    -928.1807251569));
#5596 = VECTOR('',#5597,1.);
#5597 = DIRECTION('',(-0.722564301372,0.295594486925,-0.624919778598));
#5598 = PCURVE('',#5567,#5599);
#5599 = DEFINITIONAL_REPRESENTATION('',(#5600),#5604);
#5600 = LINE('',#5601,#5602);
#5601 = CARTESIAN_POINT('',(6.28318530718,-0.));
#5602 = VECTOR('',#5603,1.);
#5603 = DIRECTION('',(0.,1.));
#5604 = ( GEOMETRIC_REPRESENTATION_CONTEXT(2) 
PARAMETRIC_REPRESENTATION_CONTEXT() REPRESENTATION_CONTEXT('2D SPACE',''
  ) );
#5605 = PCURVE('',#5567,#5606);
#5606 = DEFINITIONAL_REPRESENTATION('',(#5607),#5611);
#5607 = LINE('',#5608,#5609);
#5608 = CARTESIAN_POINT('',(0.,-0.));
#5609 = VECTOR('',#5610,1.);
#5610 = DIRECTION('',(0.,1.));
#5611 = ( GEOMETRIC_REPRESENTATION_CONTEXT(2) 
PARAMETRIC_REPRESENTATION_CONTEXT() REPRESENTATION_CONTEXT('2D SPACE',''
  ) );
#5612 = ORIENTED_EDGE('',*,*,#5613,.T.);
#5613 = EDGE_CURVE('',#5591,#5591,#5614,.T.);
#5614 = SURFACE_CURVE('',#5615,(#5620,#5627),.PCURVE_S1.);
#5615 = CIRCLE('',#5616,125.);
#5616 = AXIS2_PLACEMENT_3D('',#5617,#5618,#5619);
#5617 = CARTESIAN_POINT('',(-2.133266950962E+03,872.70011630252,
    -833.6352833948));
#5618 = DIRECTION('',(-0.722564301372,0.295594486925,-0.624919778598));
#5619 = DIRECTION('',(0.654151514779,5.551115123126E-17,-0.756363534097)
  );
#5620 = PCURVE('',#5567,#5621);
#5621 = DEFINITIONAL_REPRESENTATION('',(#5622),#5626);
#5622 = LINE('',#5623,#5624);
#5623 = CARTESIAN_POINT('',(0.,0.));
#5624 = VECTOR('',#5625,1.);
#5625 = DIRECTION('',(1.,0.));
#5626 = ( GEOMETRIC_REPRESENTATION_CONTEXT(2) 
PARAMETRIC_REPRESENTATION_CONTEXT() REPRESENTATION_CONTEXT('2D SPACE',''
  ) );
#5627 = PCURVE('',#5628,#5633);
#5628 = PLANE('',#5629);
#5629 = AXIS2_PLACEMENT_3D('',#5630,#5631,#5632);
#5630 = CARTESIAN_POINT('',(-2.133266950962E+03,872.70011630252,
    -833.6352833948));
#5631 = DIRECTION('',(-0.722564301372,0.295594486925,-0.624919778598));
#5632 = DIRECTION('',(0.654151514779,5.551115123126E-17,-0.756363534097)
  );
#5633 = DEFINITIONAL_REPRESENTATION('',(#5634),#5638);
#5634 = CIRCLE('',#5635,125.);
#5635 = AXIS2_PLACEMENT_2D('',#5636,#5637);
#5636 = CARTESIAN_POINT('',(0.,0.));
#5637 = DIRECTION('',(1.,0.));
#5638 = ( GEOMETRIC_REPRESENTATION_CONTEXT(2) 
PARAMETRIC_REPRESENTATION_CONTEXT() REPRESENTATION_CONTEXT('2D SPACE',''
  ) );
#5639 = ORIENTED_EDGE('',*,*,#5590,.T.);
#5640 = ADVANCED_FACE('',(#5641,#5644),#5628,.F.);
#5641 = FACE_BOUND('',#5642,.F.);
#5642 = EDGE_LOOP('',(#5643));
#5643 = ORIENTED_EDGE('',*,*,#5613,.T.);
#5644 = FACE_BOUND('',#5645,.F.);
#5645 = EDGE_LOOP('',(#5646));
#5646 = ORIENTED_EDGE('',*,*,#5647,.F.);
#5647 = EDGE_CURVE('',#5648,#5648,#5650,.T.);
#5648 = VERTEX_POINT('',#5649);
#5649 = CARTESIAN_POINT('',(-2.126725435814E+03,872.70011630252,
    -841.1989187357));
#5650 = SURFACE_CURVE('',#5651,(#5656,#5663),.PCURVE_S1.);
#5651 = CIRCLE('',#5652,10.);
#5652 = AXIS2_PLACEMENT_3D('',#5653,#5654,#5655);
#5653 = CARTESIAN_POINT('',(-2.133266950962E+03,872.70011630252,
    -833.6352833948));
#5654 = DIRECTION('',(-0.722564301372,0.295594486925,-0.624919778598));
#5655 = DIRECTION('',(0.654151514779,-2.775557561563E-17,-0.756363534097
    ));
#5656 = PCURVE('',#5628,#5657);
#5657 = DEFINITIONAL_REPRESENTATION('',(#5658),#5662);
#5658 = CIRCLE('',#5659,10.);
#5659 = AXIS2_PLACEMENT_2D('',#5660,#5661);
#5660 = CARTESIAN_POINT('',(-2.974736684241E-13,1.016709988063E-13));
#5661 = DIRECTION('',(1.,1.387778780781E-16));
#5662 = ( GEOMETRIC_REPRESENTATION_CONTEXT(2) 
PARAMETRIC_REPRESENTATION_CONTEXT() REPRESENTATION_CONTEXT('2D SPACE',''
  ) );
#5663 = PCURVE('',#5664,#5669);
#5664 = CYLINDRICAL_SURFACE('',#5665,10.);
#5665 = AXIS2_PLACEMENT_3D('',#5666,#5667,#5668);
#5666 = CARTESIAN_POINT('',(-1.121676929041E+03,458.86783460774,
    41.252406642067));
#5667 = DIRECTION('',(-0.722564301372,0.295594486925,-0.624919778598));
#5668 = DIRECTION('',(0.654151514779,-2.775557561563E-17,-0.756363534097
    ));
#5669 = DEFINITIONAL_REPRESENTATION('',(#5670),#5674);
#5670 = LINE('',#5671,#5672);
#5671 = CARTESIAN_POINT('',(0.,1.4E+03));
#5672 = VECTOR('',#5673,1.);
#5673 = DIRECTION('',(1.,0.));
#5674 = ( GEOMETRIC_REPRESENTATION_CONTEXT(2) 
PARAMETRIC_REPRESENTATION_CONTEXT() REPRESENTATION_CONTEXT('2D SPACE',''
  ) );
#5675 = ADVANCED_FACE('',(#5676),#5664,.T.);
#5676 = FACE_BOUND('',#5677,.T.);
#5677 = EDGE_LOOP('',(#5678,#5701,#5702,#5703,#5732,#5775,#5813,#5842,
    #5880,#5918));
#5678 = ORIENTED_EDGE('',*,*,#5679,.T.);
#5679 = EDGE_CURVE('',#5680,#5648,#5682,.T.);
#5680 = VERTEX_POINT('',#5681);
#5681 = CARTESIAN_POINT('',(-1.115135413893E+03,458.86783460774,
    33.688771301093));
#5682 = SEAM_CURVE('',#5683,(#5687,#5694),.PCURVE_S1.);
#5683 = LINE('',#5684,#5685);
#5684 = CARTESIAN_POINT('',(-1.115135413893E+03,458.86783460774,
    33.688771301093));
#5685 = VECTOR('',#5686,1.);
#5686 = DIRECTION('',(-0.722564301372,0.295594486925,-0.624919778598));
#5687 = PCURVE('',#5664,#5688);
#5688 = DEFINITIONAL_REPRESENTATION('',(#5689),#5693);
#5689 = LINE('',#5690,#5691);
#5690 = CARTESIAN_POINT('',(6.28318530718,-0.));
#5691 = VECTOR('',#5692,1.);
#5692 = DIRECTION('',(0.,1.));
#5693 = ( GEOMETRIC_REPRESENTATION_CONTEXT(2) 
PARAMETRIC_REPRESENTATION_CONTEXT() REPRESENTATION_CONTEXT('2D SPACE',''
  ) );
#5694 = PCURVE('',#5664,#5695);
#5695 = DEFINITIONAL_REPRESENTATION('',(#5696),#5700);
#5696 = LINE('',#5697,#5698);
#5697 = CARTESIAN_POINT('',(0.,-0.));
#5698 = VECTOR('',#5699,1.);
#5699 = DIRECTION('',(0.,1.));
#5700 = ( GEOMETRIC_REPRESENTATION_CONTEXT(2) 
PARAMETRIC_REPRESENTATION_CONTEXT() REPRESENTATION_CONTEXT('2D SPACE',''
  ) );
#5701 = ORIENTED_EDGE('',*,*,#5647,.F.);
#5702 = ORIENTED_EDGE('',*,*,#5679,.F.);
#5703 = ORIENTED_EDGE('',*,*,#5704,.T.);
#5704 = EDGE_CURVE('',#5680,#5705,#5707,.T.);
#5705 = VERTEX_POINT('',#5706);
#5706 = CARTESIAN_POINT('',(-1.115175351722E+03,458.70142661153,
    33.656236505735));
#5707 = SURFACE_CURVE('',#5708,(#5713,#5720),.PCURVE_S1.);
#5708 = CIRCLE('',#5709,10.);
#5709 = AXIS2_PLACEMENT_3D('',#5710,#5711,#5712);
#5710 = CARTESIAN_POINT('',(-1.121676929041E+03,458.86783460774,
    41.252406642067));
#5711 = DIRECTION('',(-0.722564301372,0.295594486925,-0.624919778598));
#5712 = DIRECTION('',(0.654151514779,-2.775557561563E-17,-0.756363534097
    ));
#5713 = PCURVE('',#5664,#5714);
#5714 = DEFINITIONAL_REPRESENTATION('',(#5715),#5719);
#5715 = LINE('',#5716,#5717);
#5716 = CARTESIAN_POINT('',(0.,0.));
#5717 = VECTOR('',#5718,1.);
#5718 = DIRECTION('',(1.,0.));
#5719 = ( GEOMETRIC_REPRESENTATION_CONTEXT(2) 
PARAMETRIC_REPRESENTATION_CONTEXT() REPRESENTATION_CONTEXT('2D SPACE',''
  ) );
#5720 = PCURVE('',#5721,#5726);
#5721 = PLANE('',#5722);
#5722 = AXIS2_PLACEMENT_3D('',#5723,#5724,#5725);
#5723 = CARTESIAN_POINT('',(-1.121676929041E+03,458.86783460774,
    41.252406642067));
#5724 = DIRECTION('',(-0.722564301372,0.295594486925,-0.624919778598));
#5725 = DIRECTION('',(0.654151514779,-2.775557561563E-17,-0.756363534097
    ));
#5726 = DEFINITIONAL_REPRESENTATION('',(#5727),#5731);
#5727 = CIRCLE('',#5728,10.);
#5728 = AXIS2_PLACEMENT_2D('',#5729,#5730);
#5729 = CARTESIAN_POINT('',(0.,0.));
#5730 = DIRECTION('',(1.,0.));
#5731 = ( GEOMETRIC_REPRESENTATION_CONTEXT(2) 
PARAMETRIC_REPRESENTATION_CONTEXT() REPRESENTATION_CONTEXT('2D SPACE',''
  ) );
#5732 = ORIENTED_EDGE('',*,*,#5733,.T.);
#5733 = EDGE_CURVE('',#5705,#5734,#5736,.T.);
#5734 = VERTEX_POINT('',#5735);
#5735 = CARTESIAN_POINT('',(-1.116180127205E+03,456.61914294744,
    33.197193611934));
#5736 = SURFACE_CURVE('',#5737,(#5746,#5758),.PCURVE_S1.);
#5737 = B_SPLINE_CURVE_WITH_KNOTS('',7,(#5738,#5739,#5740,#5741,#5742,
    #5743,#5744,#5745),.UNSPECIFIED.,.F.,.F.,(8,8),(0.,1.),
  .PIECEWISE_BEZIER_KNOTS.);
#5738 = CARTESIAN_POINT('',(-1.115175350887E+03,458.70142806525,
    33.656237188332));
#5739 = CARTESIAN_POINT('',(-1.115326688268E+03,458.43786619816,
    33.532480953989));
#5740 = CARTESIAN_POINT('',(-1.115476837888E+03,458.15973983744,
    33.424781650046));
#5741 = CARTESIAN_POINT('',(-1.115625109534E+03,457.86856795555,
    33.335535053747));
#5742 = CARTESIAN_POINT('',(-1.115770683733E+03,457.5662931638,
    33.266854924394));
#5743 = CARTESIAN_POINT('',(-1.115912561394E+03,457.25529833941,
    33.220401189627));
#5744 = CARTESIAN_POINT('',(-1.116049510294E+03,456.93842872967,
    33.197193611934));
#5745 = CARTESIAN_POINT('',(-1.116180127205E+03,456.61914294744,
    33.197193611934));
#5746 = PCURVE('',#5664,#5747);
#5747 = DEFINITIONAL_REPRESENTATION('',(#5748),#5757);
#5748 = B_SPLINE_CURVE_WITH_KNOTS('',7,(#5749,#5750,#5751,#5752,#5753,
    #5754,#5755,#5756),.UNSPECIFIED.,.F.,.F.,(8,8),(0.,1.),
  .PIECEWISE_BEZIER_KNOTS.);
#5749 = CARTESIAN_POINT('',(1.741991294697E-02,-6.E-07));
#5750 = CARTESIAN_POINT('',(4.83795804117E-02,0.10878067279));
#5751 = CARTESIAN_POINT('',(8.041321791871E-02,0.202364234467));
#5752 = CARTESIAN_POINT('',(0.11336482432,0.279203192861));
#5753 = CARTESIAN_POINT('',(0.147055133594,0.337958721475));
#5754 = CARTESIAN_POINT('',(0.181278173099,0.377575956293));
#5755 = CARTESIAN_POINT('',(0.215791278309,0.397368307141));
#5756 = CARTESIAN_POINT('',(0.250288261968,0.397368307141));
#5757 = ( GEOMETRIC_REPRESENTATION_CONTEXT(2) 
PARAMETRIC_REPRESENTATION_CONTEXT() REPRESENTATION_CONTEXT('2D SPACE',''
  ) );
#5758 = PCURVE('',#5759,#5764);
#5759 = TOROIDAL_SURFACE('',#5760,26.,6.);
#5760 = AXIS2_PLACEMENT_3D('',#5761,#5762,#5763);
#5761 = CARTESIAN_POINT('',(-1.1E+03,450.,60.));
#5762 = DIRECTION('',(-0.378632845721,-0.925546956206,0.));
#5763 = DIRECTION('',(-0.925546956206,0.378632845721,0.));
#5764 = DEFINITIONAL_REPRESENTATION('',(#5765),#5774);
#5765 = B_SPLINE_CURVE_WITH_KNOTS('',7,(#5766,#5767,#5768,#5769,#5770,
    #5771,#5772,#5773),.UNSPECIFIED.,.F.,.F.,(8,8),(0.,1.),
  .PIECEWISE_BEZIER_KNOTS.);
#5766 = CARTESIAN_POINT('',(0.988660136197,5.88839388748));
#5767 = CARTESIAN_POINT('',(0.989750856911,5.942784483626));
#5768 = CARTESIAN_POINT('',(0.990726696967,5.998089722926));
#5769 = CARTESIAN_POINT('',(0.991551972067,6.054184233927));
#5770 = CARTESIAN_POINT('',(0.992195533728,6.110931345903));
#5771 = CARTESIAN_POINT('',(0.992633619587,6.168168507925));
#5772 = CARTESIAN_POINT('',(0.992852475452,6.225690334415));
#5773 = CARTESIAN_POINT('',(0.992852475452,6.28318530718));
#5774 = ( GEOMETRIC_REPRESENTATION_CONTEXT(2) 
PARAMETRIC_REPRESENTATION_CONTEXT() REPRESENTATION_CONTEXT('2D SPACE',''
  ) );
#5775 = ORIENTED_EDGE('',*,*,#5776,.T.);
#5776 = EDGE_CURVE('',#5734,#5777,#5779,.T.);
#5777 = VERTEX_POINT('',#5778);
#5778 = CARTESIAN_POINT('',(-1.116922887933E+03,454.42967142904,
    33.656236505735));
#5779 = SURFACE_CURVE('',#5780,(#5789,#5801),.PCURVE_S1.);
#5780 = B_SPLINE_CURVE_WITH_KNOTS('',7,(#5781,#5782,#5783,#5784,#5785,
    #5786,#5787,#5788),.UNSPECIFIED.,.F.,.F.,(8,8),(0.,1.),
  .PIECEWISE_BEZIER_KNOTS.);
#5781 = CARTESIAN_POINT('',(-1.116180127205E+03,456.61914294744,
    33.197193611934));
#5782 = CARTESIAN_POINT('',(-1.116310744147E+03,456.29985708776,
    33.197193611934));
#5783 = CARTESIAN_POINT('',(-1.116435151096E+03,455.97785683685,
    33.220401200385));
#5784 = CARTESIAN_POINT('',(-1.116551925009E+03,455.65659228123,
    33.266854904868));
#5785 = CARTESIAN_POINT('',(-1.116659950538E+03,455.33895661663,
    33.335535051313));
#5786 = CARTESIAN_POINT('',(-1.116758270171E+03,455.02734980478,
    33.424781658505));
#5787 = CARTESIAN_POINT('',(-1.116846106876E+03,454.7237318291,
    33.532480948738));
#5788 = CARTESIAN_POINT('',(-1.116922888356E+03,454.4296698071,
    33.656237188332));
#5789 = PCURVE('',#5664,#5790);
#5790 = DEFINITIONAL_REPRESENTATION('',(#5791),#5800);
#5791 = B_SPLINE_CURVE_WITH_KNOTS('',7,(#5792,#5793,#5794,#5795,#5796,
    #5797,#5798,#5799),.UNSPECIFIED.,.F.,.F.,(8,8),(0.,1.),
  .PIECEWISE_BEZIER_KNOTS.);
#5792 = CARTESIAN_POINT('',(0.250288261968,0.397368307141));
#5793 = CARTESIAN_POINT('',(0.284785253994,0.397368307141));
#5794 = CARTESIAN_POINT('',(0.319298344676,0.377575947169));
#5795 = CARTESIAN_POINT('',(0.353521385693,0.337958737919));
#5796 = CARTESIAN_POINT('',(0.387211699791,0.279203195352));
#5797 = CARTESIAN_POINT('',(0.420163307822,0.202364226941));
#5798 = CARTESIAN_POINT('',(0.452196942211,0.108780677406));
#5799 = CARTESIAN_POINT('',(0.483156610989,-6.E-07));
#5800 = ( GEOMETRIC_REPRESENTATION_CONTEXT(2) 
PARAMETRIC_REPRESENTATION_CONTEXT() REPRESENTATION_CONTEXT('2D SPACE',''
  ) );
#5801 = PCURVE('',#5759,#5802);
#5802 = DEFINITIONAL_REPRESENTATION('',(#5803),#5812);
#5803 = B_SPLINE_CURVE_WITH_KNOTS('',7,(#5804,#5805,#5806,#5807,#5808,
    #5809,#5810,#5811),.UNSPECIFIED.,.F.,.F.,(8,8),(0.,1.),
  .PIECEWISE_BEZIER_KNOTS.);
#5804 = CARTESIAN_POINT('',(0.992852475452,0.));
#5805 = CARTESIAN_POINT('',(0.992852475452,5.749498670948E-02));
#5806 = CARTESIAN_POINT('',(0.992633619484,0.11501678901));
#5807 = CARTESIAN_POINT('',(0.992195533917,0.172253953562));
#5808 = CARTESIAN_POINT('',(0.99155197208,0.229001073245));
#5809 = CARTESIAN_POINT('',(0.990726696894,0.285095587515));
#5810 = CARTESIAN_POINT('',(0.989750856957,0.340400821246));
#5811 = CARTESIAN_POINT('',(0.988660136197,0.3947914197));
#5812 = ( GEOMETRIC_REPRESENTATION_CONTEXT(2) 
PARAMETRIC_REPRESENTATION_CONTEXT() REPRESENTATION_CONTEXT('2D SPACE',''
  ) );
#5813 = ORIENTED_EDGE('',*,*,#5814,.T.);
#5814 = EDGE_CURVE('',#5777,#5815,#5817,.T.);
#5815 = VERTEX_POINT('',#5816);
#5816 = CARTESIAN_POINT('',(-1.12817850636E+03,459.03424260395,
    48.848576778399));
#5817 = SURFACE_CURVE('',#5818,(#5823,#5830),.PCURVE_S1.);
#5818 = CIRCLE('',#5819,10.);
#5819 = AXIS2_PLACEMENT_3D('',#5820,#5821,#5822);
#5820 = CARTESIAN_POINT('',(-1.121676929041E+03,458.86783460774,
    41.252406642067));
#5821 = DIRECTION('',(-0.722564301372,0.295594486925,-0.624919778598));
#5822 = DIRECTION('',(0.654151514779,-2.775557561563E-17,-0.756363534097
    ));
#5823 = PCURVE('',#5664,#5824);
#5824 = DEFINITIONAL_REPRESENTATION('',(#5825),#5829);
#5825 = LINE('',#5826,#5827);
#5826 = CARTESIAN_POINT('',(0.,0.));
#5827 = VECTOR('',#5828,1.);
#5828 = DIRECTION('',(1.,0.));
#5829 = ( GEOMETRIC_REPRESENTATION_CONTEXT(2) 
PARAMETRIC_REPRESENTATION_CONTEXT() REPRESENTATION_CONTEXT('2D SPACE',''
  ) );
#5830 = PCURVE('',#5831,#5836);
#5831 = PLANE('',#5832);
#5832 = AXIS2_PLACEMENT_3D('',#5833,#5834,#5835);
#5833 = CARTESIAN_POINT('',(-1.121676929041E+03,458.86783460774,
    41.252406642067));
#5834 = DIRECTION('',(-0.722564301372,0.295594486925,-0.624919778598));
#5835 = DIRECTION('',(0.654151514779,-2.775557561563E-17,-0.756363534097
    ));
#5836 = DEFINITIONAL_REPRESENTATION('',(#5837),#5841);
#5837 = CIRCLE('',#5838,10.);
#5838 = AXIS2_PLACEMENT_2D('',#5839,#5840);
#5839 = CARTESIAN_POINT('',(0.,0.));
#5840 = DIRECTION('',(1.,0.));
#5841 = ( GEOMETRIC_REPRESENTATION_CONTEXT(2) 
PARAMETRIC_REPRESENTATION_CONTEXT() REPRESENTATION_CONTEXT('2D SPACE',''
  ) );
#5842 = ORIENTED_EDGE('',*,*,#5843,.F.);
#5843 = EDGE_CURVE('',#5844,#5815,#5846,.T.);
#5844 = VERTEX_POINT('',#5845);
#5845 = CARTESIAN_POINT('',(-1.127747979184E+03,461.35144602979,
    48.810973043158));
#5846 = SURFACE_CURVE('',#5847,(#5856,#5868),.PCURVE_S1.);
#5847 = B_SPLINE_CURVE_WITH_KNOTS('',7,(#5848,#5849,#5850,#5851,#5852,
    #5853,#5854,#5855),.UNSPECIFIED.,.F.,.F.,(8,8),(0.,1.),
  .PIECEWISE_BEZIER_KNOTS.);
#5848 = CARTESIAN_POINT('',(-1.127747979184E+03,461.35144602979,
    48.810973043158));
#5849 = CARTESIAN_POINT('',(-1.127878596127E+03,461.03216017011,
    48.810973043158));
#5850 = CARTESIAN_POINT('',(-1.127986942469E+03,460.7035896711,
    48.812502729134));
#5851 = CARTESIAN_POINT('',(-1.128071568165E+03,460.36917357219,
    48.815564179911));
#5852 = CARTESIAN_POINT('',(-1.128132233071E+03,460.03216310755,
    48.820319034778));
#5853 = CARTESIAN_POINT('',(-1.128169462536E+03,459.69556486281,
    48.827108809835));
#5854 = CARTESIAN_POINT('',(-1.128184371876E+03,459.36211296556,
    48.836373941716));
#5855 = CARTESIAN_POINT('',(-1.128178506328E+03,459.03424079552,
    48.848576845706));
#5856 = PCURVE('',#5664,#5857);
#5857 = DEFINITIONAL_REPRESENTATION('',(#5858),#5867);
#5858 = B_SPLINE_CURVE_WITH_KNOTS('',7,(#5859,#5860,#5861,#5862,#5863,
    #5864,#5865,#5866),.UNSPECIFIED.,.F.,.F.,(8,8),(0.,1.),
  .PIECEWISE_BEZIER_KNOTS.);
#5859 = CARTESIAN_POINT('',(3.391880915558,0.397368307141));
#5860 = CARTESIAN_POINT('',(3.357383923532,0.397368307141));
#5861 = CARTESIAN_POINT('',(3.32287083285,0.377575947168));
#5862 = CARTESIAN_POINT('',(3.288647791833,0.337958737919));
#5863 = CARTESIAN_POINT('',(3.254957477735,0.279203195352));
#5864 = CARTESIAN_POINT('',(3.222005869704,0.202364226942));
#5865 = CARTESIAN_POINT('',(3.189972235315,0.108780677406));
#5866 = CARTESIAN_POINT('',(3.159012566537,-6.E-07));
#5867 = ( GEOMETRIC_REPRESENTATION_CONTEXT(2) 
PARAMETRIC_REPRESENTATION_CONTEXT() REPRESENTATION_CONTEXT('2D SPACE',''
  ) );
#5868 = PCURVE('',#5759,#5869);
#5869 = DEFINITIONAL_REPRESENTATION('',(#5870),#5879);
#5870 = B_SPLINE_CURVE_WITH_KNOTS('',7,(#5871,#5872,#5873,#5874,#5875,
    #5876,#5877,#5878),.UNSPECIFIED.,.F.,.F.,(8,8),(0.,1.),
  .PIECEWISE_BEZIER_KNOTS.);
#5871 = CARTESIAN_POINT('',(0.357205067596,0.));
#5872 = CARTESIAN_POINT('',(0.357205067596,5.749498670953E-02));
#5873 = CARTESIAN_POINT('',(0.357423923563,0.11501678901));
#5874 = CARTESIAN_POINT('',(0.357862009131,0.172253953562));
#5875 = CARTESIAN_POINT('',(0.358505570968,0.229001073245));
#5876 = CARTESIAN_POINT('',(0.359330846154,0.285095587515));
#5877 = CARTESIAN_POINT('',(0.360306686091,0.340400821246));
#5878 = CARTESIAN_POINT('',(0.361397406851,0.3947914197));
#5879 = ( GEOMETRIC_REPRESENTATION_CONTEXT(2) 
PARAMETRIC_REPRESENTATION_CONTEXT() REPRESENTATION_CONTEXT('2D SPACE',''
  ) );
#5880 = ORIENTED_EDGE('',*,*,#5881,.F.);
#5881 = EDGE_CURVE('',#5882,#5844,#5884,.T.);
#5882 = VERTEX_POINT('',#5883);
#5883 = CARTESIAN_POINT('',(-1.126430970149E+03,463.30599778644,
    48.848576778399));
#5884 = SURFACE_CURVE('',#5885,(#5894,#5906),.PCURVE_S1.);
#5885 = B_SPLINE_CURVE_WITH_KNOTS('',7,(#5886,#5887,#5888,#5889,#5890,
    #5891,#5892,#5893),.UNSPECIFIED.,.F.,.F.,(8,8),(0.,1.),
  .PIECEWISE_BEZIER_KNOTS.);
#5886 = CARTESIAN_POINT('',(-1.126430968859E+03,463.30599905367,
    48.848576845706));
#5887 = CARTESIAN_POINT('',(-1.126664953265E+03,463.07624733318,
    48.836373942234));
#5888 = CARTESIAN_POINT('',(-1.126888030258E+03,462.82795489774,
    48.827108808887));
#5889 = CARTESIAN_POINT('',(-1.127097392066E+03,462.56177444594,
    48.820319035458));
#5890 = CARTESIAN_POINT('',(-1.127290326875E+03,462.27887444916,
    48.815564180935));
#5891 = CARTESIAN_POINT('',(-1.127464352774E+03,461.98103117672,
    48.812502728489));
#5892 = CARTESIAN_POINT('',(-1.127617362273E+03,461.67073181202,
    48.810973043159));
#5893 = CARTESIAN_POINT('',(-1.127747979184E+03,461.35144602979,
    48.810973043159));
#5894 = PCURVE('',#5664,#5895);
#5895 = DEFINITIONAL_REPRESENTATION('',(#5896),#5905);
#5896 = B_SPLINE_CURVE_WITH_KNOTS('',7,(#5897,#5898,#5899,#5900,#5901,
    #5902,#5903,#5904),.UNSPECIFIED.,.F.,.F.,(8,8),(0.,1.),
  .PIECEWISE_BEZIER_KNOTS.);
#5897 = CARTESIAN_POINT('',(3.624749264579,-6.E-07));
#5898 = CARTESIAN_POINT('',(3.593789597114,0.10878067279));
#5899 = CARTESIAN_POINT('',(3.561755959607,0.202364234468));
#5900 = CARTESIAN_POINT('',(3.528804353206,0.27920319286));
#5901 = CARTESIAN_POINT('',(3.495114043932,0.337958721478));
#5902 = CARTESIAN_POINT('',(3.460891004427,0.377575956292));
#5903 = CARTESIAN_POINT('',(3.426377899217,0.397368307141));
#5904 = CARTESIAN_POINT('',(3.391880915558,0.397368307141));
#5905 = ( GEOMETRIC_REPRESENTATION_CONTEXT(2) 
PARAMETRIC_REPRESENTATION_CONTEXT() REPRESENTATION_CONTEXT('2D SPACE',''
  ) );
#5906 = PCURVE('',#5759,#5907);
#5907 = DEFINITIONAL_REPRESENTATION('',(#5908),#5917);
#5908 = B_SPLINE_CURVE_WITH_KNOTS('',7,(#5909,#5910,#5911,#5912,#5913,
    #5914,#5915,#5916),.UNSPECIFIED.,.F.,.F.,(8,8),(0.,1.),
  .PIECEWISE_BEZIER_KNOTS.);
#5909 = CARTESIAN_POINT('',(0.361397406851,5.88839388748));
#5910 = CARTESIAN_POINT('',(0.360306686137,5.942784483626));
#5911 = CARTESIAN_POINT('',(0.359330846081,5.998089722926));
#5912 = CARTESIAN_POINT('',(0.358505570981,6.054184233927));
#5913 = CARTESIAN_POINT('',(0.35786200932,6.110931345903));
#5914 = CARTESIAN_POINT('',(0.357423923461,6.168168507925));
#5915 = CARTESIAN_POINT('',(0.357205067596,6.225690334415));
#5916 = CARTESIAN_POINT('',(0.357205067596,6.28318530718));
#5917 = ( GEOMETRIC_REPRESENTATION_CONTEXT(2) 
PARAMETRIC_REPRESENTATION_CONTEXT() REPRESENTATION_CONTEXT('2D SPACE',''
  ) );
#5918 = ORIENTED_EDGE('',*,*,#5919,.T.);
#5919 = EDGE_CURVE('',#5882,#5680,#5920,.T.);
#5920 = SURFACE_CURVE('',#5921,(#5926,#5933),.PCURVE_S1.);
#5921 = CIRCLE('',#5922,10.);
#5922 = AXIS2_PLACEMENT_3D('',#5923,#5924,#5925);
#5923 = CARTESIAN_POINT('',(-1.121676929041E+03,458.86783460774,
    41.252406642067));
#5924 = DIRECTION('',(-0.722564301372,0.295594486925,-0.624919778598));
#5925 = DIRECTION('',(0.654151514779,-2.775557561563E-17,-0.756363534097
    ));
#5926 = PCURVE('',#5664,#5927);
#5927 = DEFINITIONAL_REPRESENTATION('',(#5928),#5932);
#5928 = LINE('',#5929,#5930);
#5929 = CARTESIAN_POINT('',(0.,0.));
#5930 = VECTOR('',#5931,1.);
#5931 = DIRECTION('',(1.,0.));
#5932 = ( GEOMETRIC_REPRESENTATION_CONTEXT(2) 
PARAMETRIC_REPRESENTATION_CONTEXT() REPRESENTATION_CONTEXT('2D SPACE',''
  ) );
#5933 = PCURVE('',#5721,#5934);
#5934 = DEFINITIONAL_REPRESENTATION('',(#5935),#5939);
#5935 = CIRCLE('',#5936,10.);
#5936 = AXIS2_PLACEMENT_2D('',#5937,#5938);
#5937 = CARTESIAN_POINT('',(0.,0.));
#5938 = DIRECTION('',(1.,0.));
#5939 = ( GEOMETRIC_REPRESENTATION_CONTEXT(2) 
PARAMETRIC_REPRESENTATION_CONTEXT() REPRESENTATION_CONTEXT('2D SPACE',''
  ) );
#5940 = ADVANCED_FACE('',(#5941),#5721,.F.);
#5941 = FACE_BOUND('',#5942,.F.);
#5942 = EDGE_LOOP('',(#5943,#5944,#5945));
#5943 = ORIENTED_EDGE('',*,*,#5919,.T.);
#5944 = ORIENTED_EDGE('',*,*,#5704,.T.);
#5945 = ORIENTED_EDGE('',*,*,#5946,.T.);
#5946 = EDGE_CURVE('',#5705,#5882,#5947,.T.);
#5947 = SURFACE_CURVE('',#5948,(#6035,#6125),.PCURVE_S1.);
#5948 = B_SPLINE_CURVE_WITH_KNOTS('',8,(#5949,#5950,#5951,#5952,#5953,
    #5954,#5955,#5956,#5957,#5958,#5959,#5960,#5961,#5962,#5963,#5964,
    #5965,#5966,#5967,#5968,#5969,#5970,#5971,#5972,#5973,#5974,#5975,
    #5976,#5977,#5978,#5979,#5980,#5981,#5982,#5983,#5984,#5985,#5986,
    #5987,#5988,#5989,#5990,#5991,#5992,#5993,#5994,#5995,#5996,#5997,
    #5998,#5999,#6000,#6001,#6002,#6003,#6004,#6005,#6006,#6007,#6008,
    #6009,#6010,#6011,#6012,#6013,#6014,#6015,#6016,#6017,#6018,#6019,
    #6020,#6021,#6022,#6023,#6024,#6025,#6026,#6027,#6028,#6029,#6030,
    #6031,#6032,#6033,#6034),.UNSPECIFIED.,.F.,.F.,(9,7,7,7,7,7,7,7,7,7,
    7,7,9),(0.,4.522150431289E-02,7.917088888635E-02,0.137722239578,
    0.208922383014,0.32009953974,0.496944839527,0.692011801864,
    0.81171827702,0.879527186413,0.93194847856,0.959480389209,1.),
  .UNSPECIFIED.);
#5949 = CARTESIAN_POINT('',(-1.115236221641E+03,456.23299976214,
    32.559022173441));
#5950 = CARTESIAN_POINT('',(-1.115181459653E+03,456.36686239965,
    32.559022173441));
#5951 = CARTESIAN_POINT('',(-1.115133297001E+03,456.50349191406,
    32.567961430842));
#5952 = CARTESIAN_POINT('',(-1.115092194376E+03,456.64178628723,
    32.585851350728));
#5953 = CARTESIAN_POINT('',(-1.115058282638E+03,456.78075306676,
    32.612373798093));
#5954 = CARTESIAN_POINT('',(-1.115031458356E+03,456.91951326889,
    32.646993413848));
#5955 = CARTESIAN_POINT('',(-1.115011458717E+03,457.05730353934,
    32.689045241369));
#5956 = CARTESIAN_POINT('',(-1.114997915777E+03,457.19347657245,
    32.737797663596));
#5957 = CARTESIAN_POINT('',(-1.114984740286E+03,457.42811576212,
    32.833550612721));
#5958 = CARTESIAN_POINT('',(-1.114982478531E+03,457.52758319275,
    32.877984733401));
#5959 = CARTESIAN_POINT('',(-1.114983422812E+03,457.62574606356,
    32.92550876442));
#5960 = CARTESIAN_POINT('',(-1.11498738239E+03,457.72248774463,
    32.975846997677));
#5961 = CARTESIAN_POINT('',(-1.114994166381E+03,457.81772671731,
    33.02874016259));
#5962 = CARTESIAN_POINT('',(-1.115003590578E+03,457.91141312587,
    33.083951687552));
#5963 = CARTESIAN_POINT('',(-1.115015482525E+03,458.00352615631,
    33.141272325509));
#5964 = CARTESIAN_POINT('',(-1.115054179085E+03,458.25023400162,
    33.302711017611));
#5965 = CARTESIAN_POINT('',(-1.115085531862E+03,458.40165013405,
    33.410584337425));
#5966 = CARTESIAN_POINT('',(-1.115122933197E+03,458.54841180438,
    33.523249695145));
#5967 = CARTESIAN_POINT('',(-1.115165687088E+03,458.69062939636,
    33.639954549167));
#5968 = CARTESIAN_POINT('',(-1.115213194907E+03,458.82844554847,
    33.760074204868));
#5969 = CARTESIAN_POINT('',(-1.115264946868E+03,458.96204177686,
    33.883105081618));
#5970 = CARTESIAN_POINT('',(-1.115320521557E+03,459.09163868528,
    34.00866426615));
#5971 = CARTESIAN_POINT('',(-1.115451426737E+03,459.3705283273,
    34.291941666713));
#5972 = CARTESIAN_POINT('',(-1.11552838543E+03,459.51793212205,
    34.450649003277));
#5973 = CARTESIAN_POINT('',(-1.1156098411E+03,459.66010197033,
    34.612080255651));
#5974 = CARTESIAN_POINT('',(-1.115695277417E+03,459.79737021221,
    34.775795618942));
#5975 = CARTESIAN_POINT('',(-1.11578426479E+03,459.93003155455,
    34.941437776352));
#5976 = CARTESIAN_POINT('',(-1.115876444166E+03,460.05836285789,
    35.108722530916));
#5977 = CARTESIAN_POINT('',(-1.115971520069E+03,460.18263185944,
    35.277434882348));
#5978 = CARTESIAN_POINT('',(-1.116221885708E+03,460.4911946047,
    35.712874324242));
#5979 = CARTESIAN_POINT('',(-1.116380941643E+03,460.66993105824,
    35.98132742301));
#5980 = CARTESIAN_POINT('',(-1.116545503232E+03,460.84025061586,
    36.252165149342));
#5981 = CARTESIAN_POINT('',(-1.116714849495E+03,461.002874087,
    36.524894819855));
#5982 = CARTESIAN_POINT('',(-1.116888397668E+03,461.15840612424,
    36.79912862283));
#5983 = CARTESIAN_POINT('',(-1.117065678967E+03,461.30737456549,
    37.074574197231));
#5984 = CARTESIAN_POINT('',(-1.117246332951E+03,461.45023962031,
    37.351032469552));
#5985 = CARTESIAN_POINT('',(-1.117722398651E+03,461.8056091427,
    38.069578060455));
#5986 = CARTESIAN_POINT('',(-1.11802242473E+03,462.00929815945,
    38.512830929303));
#5987 = CARTESIAN_POINT('',(-1.11832902302E+03,462.20009701478,
    38.957585725764));
#5988 = CARTESIAN_POINT('',(-1.118641354538E+03,462.37909083745,
    39.403385654173));
#5989 = CARTESIAN_POINT('',(-1.118958792809E+03,462.54703869847,
    39.849865400119));
#5990 = CARTESIAN_POINT('',(-1.119280892007E+03,462.70444064007,
    40.296746004323));
#5991 = CARTESIAN_POINT('',(-1.11960738672E+03,462.85153763693,
    40.743834566993));
#5992 = CARTESIAN_POINT('',(-1.120303074033E+03,463.13918829311,
    41.684286102171));
#5993 = CARTESIAN_POINT('',(-1.120673028513E+03,463.27743458844,
    42.177438589908));
#5994 = CARTESIAN_POINT('',(-1.121047953643E+03,463.40306818052,
    42.670372438657));
#5995 = CARTESIAN_POINT('',(-1.12142782985E+03,463.51562458617,
    43.16284531223));
#5996 = CARTESIAN_POINT('',(-1.121812696633E+03,463.61421455344,
    43.654482254087));
#5997 = CARTESIAN_POINT('',(-1.122202678351E+03,463.69744114786,
    44.144766289312));
#5998 = CARTESIAN_POINT('',(-1.122597990458E+03,463.76338100973,
    44.63303676212));
#5999 = CARTESIAN_POINT('',(-1.123245246595E+03,463.83716902468,
    45.416330115169));
#6000 = CARTESIAN_POINT('',(-1.123493451709E+03,463.85760432444,
    45.712983739027));
#6001 = CARTESIAN_POINT('',(-1.123743873714E+03,463.86975405466,
    46.008281472986));
#6002 = CARTESIAN_POINT('',(-1.12399660339E+03,463.87280676948,
    46.301944457328));
#6003 = CARTESIAN_POINT('',(-1.124251670412E+03,463.86575365694,
    46.593529825077));
#6004 = CARTESIAN_POINT('',(-1.124509044749E+03,463.84738270804,
    46.882429557742));
#6005 = CARTESIAN_POINT('',(-1.124768653126E+03,463.81619950488,
    47.167852052137));
#6006 = CARTESIAN_POINT('',(-1.125178718891E+03,463.74408271485,
    47.607879023732));
#6007 = CARTESIAN_POINT('',(-1.125327642953E+03,463.71324718827,
    47.765487091883));
#6008 = CARTESIAN_POINT('',(-1.125477208086E+03,463.67728874723,
    47.921413199691));
#6009 = CARTESIAN_POINT('',(-1.125627367667E+03,463.63578526731,
    48.075403769934));
#6010 = CARTESIAN_POINT('',(-1.125778024422E+03,463.58826371038,
    48.227122575904));
#6011 = CARTESIAN_POINT('',(-1.125929031068E+03,463.53418966344,
    48.37614653908));
#6012 = CARTESIAN_POINT('',(-1.12608019153E+03,463.47294131181,
    48.521954819723));
#6013 = CARTESIAN_POINT('',(-1.126348051892E+03,463.35029165179,
    48.77365396088));
#6014 = CARTESIAN_POINT('',(-1.1264647297E+03,463.29210514402,
    48.881039917126));
#6015 = CARTESIAN_POINT('',(-1.126581208857E+03,463.22885742162,
    48.98580216867));
#6016 = CARTESIAN_POINT('',(-1.12669731779E+03,463.16017389889,
    49.08756514882));
#6017 = CARTESIAN_POINT('',(-1.126812801713E+03,463.08566421471,
    49.185849617845));
#6018 = CARTESIAN_POINT('',(-1.12692732311E+03,463.00492709806,
    49.280075514496));
#6019 = CARTESIAN_POINT('',(-1.127040461597E+03,462.9175521903,
    49.369562665855));
#6020 = CARTESIAN_POINT('',(-1.127210143049E+03,462.77352197359,
    49.497629058155));
#6021 = CARTESIAN_POINT('',(-1.127268038831E+03,462.72198938511,
    49.540195603467));
#6022 = CARTESIAN_POINT('',(-1.127325321272E+03,462.66846793879,
    49.581112220236));
#6023 = CARTESIAN_POINT('',(-1.127381896384E+03,462.61291127293,
    49.620248302278));
#6024 = CARTESIAN_POINT('',(-1.127437656794E+03,462.55528293212,
    49.657462457811));
#6025 = CARTESIAN_POINT('',(-1.1274924831E+03,462.49555951502,
    49.692605558844));
#6026 = CARTESIAN_POINT('',(-1.127546245219E+03,462.43373382232,
    49.725523790577));
#6027 = CARTESIAN_POINT('',(-1.127676155817E+03,462.27575101125,
    49.801005339158));
#6028 = CARTESIAN_POINT('',(-1.127750949481E+03,462.17709861425,
    49.840821851965));
#6029 = CARTESIAN_POINT('',(-1.127822667505E+03,462.07397318849,
    49.87496635701));
#6030 = CARTESIAN_POINT('',(-1.127890785756E+03,461.9665795613,
    49.902929710337));
#6031 = CARTESIAN_POINT('',(-1.127954788802E+03,461.85522991935,
    49.924263610571));
#6032 = CARTESIAN_POINT('',(-1.128014193585E+03,461.74036511721,
    49.938618049761));
#6033 = CARTESIAN_POINT('',(-1.12806858115E+03,461.62258238759,
    49.945791110693));
#6034 = CARTESIAN_POINT('',(-1.128117636442E+03,461.50266945334,
    49.945791110693));
#6035 = PCURVE('',#5721,#6036);
#6036 = DEFINITIONAL_REPRESENTATION('',(#6037),#6124);
#6037 = B_SPLINE_CURVE_WITH_KNOTS('',8,(#6038,#6039,#6040,#6041,#6042,
    #6043,#6044,#6045,#6046,#6047,#6048,#6049,#6050,#6051,#6052,#6053,
    #6054,#6055,#6056,#6057,#6058,#6059,#6060,#6061,#6062,#6063,#6064,
    #6065,#6066,#6067,#6068,#6069,#6070,#6071,#6072,#6073,#6074,#6075,
    #6076,#6077,#6078,#6079,#6080,#6081,#6082,#6083,#6084,#6085,#6086,
    #6087,#6088,#6089,#6090,#6091,#6092,#6093,#6094,#6095,#6096,#6097,
    #6098,#6099,#6100,#6101,#6102,#6103,#6104,#6105,#6106,#6107,#6108,
    #6109,#6110,#6111,#6112,#6113,#6114,#6115,#6116,#6117,#6118,#6119,
    #6120,#6121,#6122,#6123),.UNSPECIFIED.,.F.,.F.,(9,7,7,7,7,7,7,7,7,7,
    7,7,9),(0.,4.522150431289E-02,7.917088888635E-02,0.137722239578,
    0.208922383014,0.32009953974,0.496944839527,0.692011801864,
    0.81171827702,0.879527186413,0.93194847856,0.959480389209,1.),
  .UNSPECIFIED.);
#6038 = CARTESIAN_POINT('',(10.788557502152,2.758083940487));
#6039 = CARTESIAN_POINT('',(10.824380139601,2.617959639582));
#6040 = CARTESIAN_POINT('',(10.849124482556,2.474939036168));
#6041 = CARTESIAN_POINT('',(10.86248054392,2.330175697274));
#6042 = CARTESIAN_POINT('',(10.8646033473,2.184708499004));
#6043 = CARTESIAN_POINT('',(10.855965476681,2.039457541169));
#6044 = CARTESIAN_POINT('',(10.837241802286,1.895221885285));
#6045 = CARTESIAN_POINT('',(10.809226382601,1.752679115915));
#6046 = CARTESIAN_POINT('',(10.745421110695,1.507064260044));
#6047 = CARTESIAN_POINT('',(10.713292292462,1.402944063102));
#6048 = CARTESIAN_POINT('',(10.676729145769,1.300189449095));
#6049 = CARTESIAN_POINT('',(10.636064977553,1.19892250351));
#6050 = CARTESIAN_POINT('',(10.591620758488,1.099228558181));
#6051 = CARTESIAN_POINT('',(10.543695921816,1.001159800917));
#6052 = CARTESIAN_POINT('',(10.49256154634,0.904738019349));
#6053 = CARTESIAN_POINT('',(10.345141793365,0.64648997497));
#6054 = CARTESIAN_POINT('',(10.243040881617,0.487991083137));
#6055 = CARTESIAN_POINT('',(10.133358773296,0.334364374161));
#6056 = CARTESIAN_POINT('',(10.017119954881,0.185494300905));
#6057 = CARTESIAN_POINT('',(9.895188515972,4.123155270885E-02));
#6058 = CARTESIAN_POINT('',(9.768278823435,-9.861387732435E-02));
#6059 = CARTESIAN_POINT('',(9.636956168058,-0.23427291206));
#6060 = CARTESIAN_POINT('',(9.337063650567,-0.526208114031));
#6061 = CARTESIAN_POINT('',(9.166680562718,-0.680506983938));
#6062 = CARTESIAN_POINT('',(8.99129550038,-0.829327080204));
#6063 = CARTESIAN_POINT('',(8.811578873119,-0.973016288698));
#6064 = CARTESIAN_POINT('',(8.628081960783,-1.111883101712));
#6065 = CARTESIAN_POINT('',(8.441254594543,-1.246217330437));
#6066 = CARTESIAN_POINT('',(8.25145267809,-1.376299235964));
#6067 = CARTESIAN_POINT('',(7.758325100736,-1.699295553464));
#6068 = CARTESIAN_POINT('',(7.451230285202,-1.886392723105));
#6069 = CARTESIAN_POINT('',(7.138730292502,-2.06467928152));
#6070 = CARTESIAN_POINT('',(6.821669400972,-2.234909755305));
#6071 = CARTESIAN_POINT('',(6.500722152047,-2.397717080723));
#6072 = CARTESIAN_POINT('',(6.176416334154,-2.553653786262));
#6073 = CARTESIAN_POINT('',(5.849138300975,-2.703201608589));
#6074 = CARTESIAN_POINT('',(4.994237519628,-3.075194173613));
#6075 = CARTESIAN_POINT('',(4.462714699108,-3.288411107081));
#6076 = CARTESIAN_POINT('',(3.925756653643,-3.488134918851));
#6077 = CARTESIAN_POINT('',(3.38425770842,-3.675501496519));
#6078 = CARTESIAN_POINT('',(2.838903984354,-3.851305418003));
#6079 = CARTESIAN_POINT('',(2.290198112874,-4.016070115899));
#6080 = CARTESIAN_POINT('',(1.738459616406,-4.17004783689));
#6081 = CARTESIAN_POINT('',(0.572051460248,-4.47115386508));
#6082 = CARTESIAN_POINT('',(-4.295738201891E-02,-4.615866877215));
#6083 = CARTESIAN_POINT('',(-0.661052411479,-4.747377204426));
#6084 = CARTESIAN_POINT('',(-1.282037530838,-4.865198636518));
#6085 = CARTESIAN_POINT('',(-1.905654974656,-4.968400325184));
#6086 = CARTESIAN_POINT('',(-2.531595072409,-5.055519991857));
#6087 = CARTESIAN_POINT('',(-3.159499066157,-5.12454430826));
#6088 = CARTESIAN_POINT('',(-4.175357177285,-5.201783889095));
#6089 = CARTESIAN_POINT('',(-4.562098912109,-5.223175086414));
#6090 = CARTESIAN_POINT('',(-4.949265283833,-5.235893141907));
#6091 = CARTESIAN_POINT('',(-5.336704756625,-5.239088652908));
#6092 = CARTESIAN_POINT('',(-5.724101774755,-5.231705618459));
#6093 = CARTESIAN_POINT('',(-6.110976810132,-5.212475335694));
#6094 = CARTESIAN_POINT('',(-6.496683189212,-5.179833482635));
#6095 = CARTESIAN_POINT('',(-7.09774868607,-5.104343301249));
#6096 = CARTESIAN_POINT('',(-7.314376582148,-5.072065387971));
#6097 = CARTESIAN_POINT('',(-7.530151662294,-5.034424926778));
#6098 = CARTESIAN_POINT('',(-7.744851631749,-4.990980047628));
#6099 = CARTESIAN_POINT('',(-7.958158548474,-4.941235585189));
#6100 = CARTESIAN_POINT('',(-8.169656066659,-4.884632128357));
#6101 = CARTESIAN_POINT('',(-8.378821978222,-4.820518775934));
#6102 = CARTESIAN_POINT('',(-8.744419291305,-4.692131959526));
#6103 = CARTESIAN_POINT('',(-8.901967077607,-4.631223674175));
#6104 = CARTESIAN_POINT('',(-9.05740044177,-4.565017426859));
#6105 = CARTESIAN_POINT('',(-9.210323083144,-4.493121109965));
#6106 = CARTESIAN_POINT('',(-9.36020585496,-4.415126102536));
#6107 = CARTESIAN_POINT('',(-9.506389232324,-4.330612363388));
#6108 = CARTESIAN_POINT('',(-9.648083763056,-4.239150338629));
#6109 = CARTESIAN_POINT('',(-9.855945890731,-4.088382851883));
#6110 = CARTESIAN_POINT('',(-9.926014286735,-4.034439734757));
#6111 = CARTESIAN_POINT('',(-9.994433519688,-3.978414727409));
#6112 = CARTESIAN_POINT('',(-10.06104331985,-3.920259299517));
#6113 = CARTESIAN_POINT('',(-10.12566650669,-3.859935290371));
#6114 = CARTESIAN_POINT('',(-10.18811217814,-3.797418204014));
#6115 = CARTESIAN_POINT('',(-10.24817889985,-3.732700504376));
#6116 = CARTESIAN_POINT('',(-10.39025160527,-3.56732776581));
#6117 = CARTESIAN_POINT('',(-10.46929375174,-3.464060727152));
#6118 = CARTESIAN_POINT('',(-10.54203386423,-3.35611142584));
#6119 = CARTESIAN_POINT('',(-10.60774398228,-3.243694270375));
#6120 = CARTESIAN_POINT('',(-10.66574785619,-3.127136050515));
#6121 = CARTESIAN_POINT('',(-10.71546475905,-3.006898242578));
#6122 = CARTESIAN_POINT('',(-10.75646790905,-2.883606015907));
#6123 = CARTESIAN_POINT('',(-10.78855750215,-2.758083940487));
#6124 = ( GEOMETRIC_REPRESENTATION_CONTEXT(2) 
PARAMETRIC_REPRESENTATION_CONTEXT() REPRESENTATION_CONTEXT('2D SPACE',''
  ) );
#6125 = PCURVE('',#5759,#6126);
#6126 = DEFINITIONAL_REPRESENTATION('',(#6127),#6214);
#6127 = B_SPLINE_CURVE_WITH_KNOTS('',8,(#6128,#6129,#6130,#6131,#6132,
    #6133,#6134,#6135,#6136,#6137,#6138,#6139,#6140,#6141,#6142,#6143,
    #6144,#6145,#6146,#6147,#6148,#6149,#6150,#6151,#6152,#6153,#6154,
    #6155,#6156,#6157,#6158,#6159,#6160,#6161,#6162,#6163,#6164,#6165,
    #6166,#6167,#6168,#6169,#6170,#6171,#6172,#6173,#6174,#6175,#6176,
    #6177,#6178,#6179,#6180,#6181,#6182,#6183,#6184,#6185,#6186,#6187,
    #6188,#6189,#6190,#6191,#6192,#6193,#6194,#6195,#6196,#6197,#6198,
    #6199,#6200,#6201,#6202,#6203,#6204,#6205,#6206,#6207,#6208,#6209,
    #6210,#6211,#6212,#6213),.UNSPECIFIED.,.F.,.F.,(9,7,7,7,7,7,7,7,7,7,
    7,7,9),(0.,4.522150431289E-02,7.917088888635E-02,0.137722239578,
    0.208922383014,0.32009953974,0.496944839527,0.692011801864,
    0.81171827702,0.879527186413,0.93194847856,0.959480389209,1.),
  .UNSPECIFIED.);
#6128 = CARTESIAN_POINT('',(1.030449973214,6.28318530718));
#6129 = CARTESIAN_POINT('',(1.030449973214,6.2590801665));
#6130 = CARTESIAN_POINT('',(1.030114505823,6.234964683765));
#6131 = CARTESIAN_POINT('',(1.029443163497,6.211016509898));
#6132 = CARTESIAN_POINT('',(1.028447380488,6.187375693395));
#6133 = CARTESIAN_POINT('',(1.027146332504,6.164153105181));
#6134 = CARTESIAN_POINT('',(1.025563796509,6.141436494086));
#6135 = CARTESIAN_POINT('',(1.023725970666,6.119294172947));
#6136 = CARTESIAN_POINT('',(1.020109448078,6.081622132688));
#6137 = CARTESIAN_POINT('',(1.018429216514,6.06580978661));
#6138 = CARTESIAN_POINT('',(1.016629731119,6.050349811313));
#6139 = CARTESIAN_POINT('',(1.014720857555,6.035247249127));
#6140 = CARTESIAN_POINT('',(1.012711881343,6.02050264898));
#6141 = CARTESIAN_POINT('',(1.010611283206,6.006112797355));
#6142 = CARTESIAN_POINT('',(1.008426564169,5.992071201733));
#6143 = CARTESIAN_POINT('',(1.002262160435,5.954735442925));
#6144 = CARTESIAN_POINT('',(0.998131142964,5.932122891994));
#6145 = CARTESIAN_POINT('',(0.993802965164,5.910472570863));
#6146 = CARTESIAN_POINT('',(0.989304619586,5.889733762347));
#6147 = CARTESIAN_POINT('',(0.984658661058,5.869858430092));
#6148 = CARTESIAN_POINT('',(0.9798833909,5.850798369393));
#6149 = CARTESIAN_POINT('',(0.97499275843,5.832504213651));
#6150 = CARTESIAN_POINT('',(0.963919751748,5.79355103854));
#6151 = CARTESIAN_POINT('',(0.957690413682,5.773248209481));
#6152 = CARTESIAN_POINT('',(0.951327572319,5.753935522864));
#6153 = CARTESIAN_POINT('',(0.944847580858,5.735548160206));
#6154 = CARTESIAN_POINT('',(0.938264002426,5.718031788749));
#6155 = CARTESIAN_POINT('',(0.931587866126,5.701338064503));
#6156 = CARTESIAN_POINT('',(0.924827715663,5.685422620566));
#6157 = CARTESIAN_POINT('',(0.907311678896,5.646546928579));
#6158 = CARTESIAN_POINT('',(0.896448260883,5.62465903137));
#6159 = CARTESIAN_POINT('',(0.885424789941,5.604432192811));
#6160 = CARTESIAN_POINT('',(0.874262821453,5.585760130915));
#6161 = CARTESIAN_POINT('',(0.862980629131,5.56855824168));
#6162 = CARTESIAN_POINT('',(0.85159330132,5.55275578895));
#6163 = CARTESIAN_POINT('',(0.840112598372,5.538294276957));
#6164 = CARTESIAN_POINT('',(0.810150019771,5.5041753208));
#6165 = CARTESIAN_POINT('',(0.791547148544,5.486504353197));
#6166 = CARTESIAN_POINT('',(0.772777595821,5.471913727454));
#6167 = CARTESIAN_POINT('',(0.753878608623,5.460283554469));
#6168 = CARTESIAN_POINT('',(0.73488537218,5.451532692152));
#6169 = CARTESIAN_POINT('',(0.715830475171,5.445606088947));
#6170 = CARTESIAN_POINT('',(0.696743303223,5.442475388534));
#6171 = CARTESIAN_POINT('',(0.656588811098,5.441769376127));
#6172 = CARTESIAN_POINT('',(0.635530004683,5.444799980991));
#6173 = CARTESIAN_POINT('',(0.614506348714,5.451224958979));
#6174 = CARTESIAN_POINT('',(0.593556638663,5.461082805152));
#6175 = CARTESIAN_POINT('',(0.572724712435,5.474445222834));
#6176 = CARTESIAN_POINT('',(0.55205880923,5.491429282448));
#6177 = CARTESIAN_POINT('',(0.531610369296,5.512202270922));
#6178 = CARTESIAN_POINT('',(0.499052959774,5.552324659979));
#6179 = CARTESIAN_POINT('',(0.486780460042,5.56911578893));
#6180 = CARTESIAN_POINT('',(0.474626632029,5.587510770343));
#6181 = CARTESIAN_POINT('',(0.462607012512,5.607593422056));
#6182 = CARTESIAN_POINT('',(0.450743089482,5.629466755486));
#6183 = CARTESIAN_POINT('',(0.439061929246,5.653253768904));
#6184 = CARTESIAN_POINT('',(0.427596391566,5.679111311828));
#6185 = CARTESIAN_POINT('',(0.410037470229,5.723229701928));
#6186 = CARTESIAN_POINT('',(0.403772628477,5.739917623198));
#6187 = CARTESIAN_POINT('',(0.397599090113,5.757382953426));
#6188 = CARTESIAN_POINT('',(0.391526571454,5.775673141462));
#6189 = CARTESIAN_POINT('',(0.385567765998,5.794838938926));
#6190 = CARTESIAN_POINT('',(0.379738392917,5.81493642337));
#6191 = CARTESIAN_POINT('',(0.374057507318,5.836031705771));
#6192 = CARTESIAN_POINT('',(0.364288872365,5.875352483953));
#6193 = CARTESIAN_POINT('',(0.360134264032,5.893134456336));
#6194 = CARTESIAN_POINT('',(0.356093781264,5.911595503184));
#6195 = CARTESIAN_POINT('',(0.352180999248,5.93077444561));
#6196 = CARTESIAN_POINT('',(0.348413225171,5.950707144569));
#6197 = CARTESIAN_POINT('',(0.344811315459,5.971426652083));
#6198 = CARTESIAN_POINT('',(0.341399619478,5.992964031319));
#6199 = CARTESIAN_POINT('',(0.336528771752,6.027106981032));
#6200 = CARTESIAN_POINT('',(0.334912056225,6.039095457803));
#6201 = CARTESIAN_POINT('',(0.333360082691,6.051318072801));
#6202 = CARTESIAN_POINT('',(0.331877528348,6.063775865253));
#6203 = CARTESIAN_POINT('',(0.330469457618,6.076467803589));
#6204 = CARTESIAN_POINT('',(0.329141211737,6.089390472393));
#6205 = CARTESIAN_POINT('',(0.327898298338,6.102537759363));
#6206 = CARTESIAN_POINT('',(0.325050819629,6.135566985644));
#6207 = CARTESIAN_POINT('',(0.323551158518,6.155712393464));
#6208 = CARTESIAN_POINT('',(0.322266917807,6.176291343709));
#6209 = CARTESIAN_POINT('',(0.321216329061,6.197246605095));
#6210 = CARTESIAN_POINT('',(0.3204154277,6.218508167525));
#6211 = CARTESIAN_POINT('',(0.319876755015,6.239991086455));
#6212 = CARTESIAN_POINT('',(0.319607569834,6.261592141206));
#6213 = CARTESIAN_POINT('',(0.319607569834,6.28318530718));
#6214 = ( GEOMETRIC_REPRESENTATION_CONTEXT(2) 
PARAMETRIC_REPRESENTATION_CONTEXT() REPRESENTATION_CONTEXT('2D SPACE',''
  ) );
#6215 = ADVANCED_FACE('',(#6216),#5759,.T.);
#6216 = FACE_BOUND('',#6217,.T.);
#6217 = EDGE_LOOP('',(#6218,#6219,#6243,#6265,#6266,#6267,#6501,#6502,
    #6524,#6525,#6526,#6527));
#6218 = ORIENTED_EDGE('',*,*,#5881,.T.);
#6219 = ORIENTED_EDGE('',*,*,#6220,.F.);
#6220 = EDGE_CURVE('',#6221,#5844,#6223,.T.);
#6221 = VERTEX_POINT('',#6222);
#6222 = CARTESIAN_POINT('',(-1.129617502599E+03,462.11625106305,60.));
#6223 = SEAM_CURVE('',#6224,(#6229,#6236),.PCURVE_S1.);
#6224 = CIRCLE('',#6225,32.);
#6225 = AXIS2_PLACEMENT_3D('',#6226,#6227,#6228);
#6226 = CARTESIAN_POINT('',(-1.1E+03,450.,60.));
#6227 = DIRECTION('',(-0.378632845721,-0.925546956206,0.));
#6228 = DIRECTION('',(-0.925546956206,0.378632845721,0.));
#6229 = PCURVE('',#5759,#6230);
#6230 = DEFINITIONAL_REPRESENTATION('',(#6231),#6235);
#6231 = LINE('',#6232,#6233);
#6232 = CARTESIAN_POINT('',(0.,6.28318530718));
#6233 = VECTOR('',#6234,1.);
#6234 = DIRECTION('',(1.,0.));
#6235 = ( GEOMETRIC_REPRESENTATION_CONTEXT(2) 
PARAMETRIC_REPRESENTATION_CONTEXT() REPRESENTATION_CONTEXT('2D SPACE',''
  ) );
#6236 = PCURVE('',#5759,#6237);
#6237 = DEFINITIONAL_REPRESENTATION('',(#6238),#6242);
#6238 = LINE('',#6239,#6240);
#6239 = CARTESIAN_POINT('',(0.,0.));
#6240 = VECTOR('',#6241,1.);
#6241 = DIRECTION('',(1.,0.));
#6242 = ( GEOMETRIC_REPRESENTATION_CONTEXT(2) 
PARAMETRIC_REPRESENTATION_CONTEXT() REPRESENTATION_CONTEXT('2D SPACE',''
  ) );
#6243 = ORIENTED_EDGE('',*,*,#6244,.F.);
#6244 = EDGE_CURVE('',#6221,#6221,#6245,.T.);
#6245 = SEAM_CURVE('',#6246,(#6251,#6258),.PCURVE_S1.);
#6246 = CIRCLE('',#6247,6.);
#6247 = AXIS2_PLACEMENT_3D('',#6248,#6249,#6250);
#6248 = CARTESIAN_POINT('',(-1.124064220861E+03,459.84445398873,60.));
#6249 = DIRECTION('',(2.266936234756E-16,-9.273830051273E-17,1.));
#6250 = DIRECTION('',(-0.925546956206,0.378632845721,2.449293598295E-16)
  );
#6251 = PCURVE('',#5759,#6252);
#6252 = DEFINITIONAL_REPRESENTATION('',(#6253),#6257);
#6253 = LINE('',#6254,#6255);
#6254 = CARTESIAN_POINT('',(0.,-0.));
#6255 = VECTOR('',#6256,1.);
#6256 = DIRECTION('',(0.,1.));
#6257 = ( GEOMETRIC_REPRESENTATION_CONTEXT(2) 
PARAMETRIC_REPRESENTATION_CONTEXT() REPRESENTATION_CONTEXT('2D SPACE',''
  ) );
#6258 = PCURVE('',#5759,#6259);
#6259 = DEFINITIONAL_REPRESENTATION('',(#6260),#6264);
#6260 = LINE('',#6261,#6262);
#6261 = CARTESIAN_POINT('',(6.28318530718,-0.));
#6262 = VECTOR('',#6263,1.);
#6263 = DIRECTION('',(0.,1.));
#6264 = ( GEOMETRIC_REPRESENTATION_CONTEXT(2) 
PARAMETRIC_REPRESENTATION_CONTEXT() REPRESENTATION_CONTEXT('2D SPACE',''
  ) );
#6265 = ORIENTED_EDGE('',*,*,#6220,.T.);
#6266 = ORIENTED_EDGE('',*,*,#5843,.T.);
#6267 = ORIENTED_EDGE('',*,*,#6268,.T.);
#6268 = EDGE_CURVE('',#5815,#5777,#6269,.T.);
#6269 = SURFACE_CURVE('',#6270,(#6345,#6423),.PCURVE_S1.);
#6270 = B_SPLINE_CURVE_WITH_KNOTS('',7,(#6271,#6272,#6273,#6274,#6275,
    #6276,#6277,#6278,#6279,#6280,#6281,#6282,#6283,#6284,#6285,#6286,
    #6287,#6288,#6289,#6290,#6291,#6292,#6293,#6294,#6295,#6296,#6297,
    #6298,#6299,#6300,#6301,#6302,#6303,#6304,#6305,#6306,#6307,#6308,
    #6309,#6310,#6311,#6312,#6313,#6314,#6315,#6316,#6317,#6318,#6319,
    #6320,#6321,#6322,#6323,#6324,#6325,#6326,#6327,#6328,#6329,#6330,
    #6331,#6332,#6333,#6334,#6335,#6336,#6337,#6338,#6339,#6340,#6341,
    #6342,#6343,#6344),.UNSPECIFIED.,.F.,.F.,(8,6,6,6,6,6,6,6,6,6,6,6,8)
  ,(0.,4.542415590405E-02,7.939284212334E-02,0.137954433978,
    0.209052187792,0.319064184112,0.502670413469,0.68795816753,
    0.812903383249,0.880379371382,0.932600926939,0.960054412814,1.),
  .UNSPECIFIED.);
#6271 = CARTESIAN_POINT('',(-1.128117636442E+03,461.50266945334,
    49.945791110693));
#6272 = CARTESIAN_POINT('',(-1.128180502039E+03,461.34899799292,
    49.945791110693));
#6273 = CARTESIAN_POINT('',(-1.128234489376E+03,461.19160445961,
    49.933765026092));
#6274 = CARTESIAN_POINT('',(-1.128278851439E+03,461.03227599805,
    49.909694461002));
#6275 = CARTESIAN_POINT('',(-1.128313512731E+03,460.87257671967,
    49.874231967651));
#6276 = CARTESIAN_POINT('',(-1.128338809037E+03,460.71383650501,
    49.828394844825));
#6277 = CARTESIAN_POINT('',(-1.128355311414E+03,460.55714709945,
    49.773359787496));
#6278 = CARTESIAN_POINT('',(-1.128370033257E+03,460.28836592297,
    49.663245243932));
#6279 = CARTESIAN_POINT('',(-1.128371818246E+03,460.1749076274,
    49.611642016754));
#6280 = CARTESIAN_POINT('',(-1.12836938168E+03,460.063238128,
    49.556003732583));
#6281 = CARTESIAN_POINT('',(-1.128363032706E+03,459.95352652969,
    49.496767833094));
#6282 = CARTESIAN_POINT('',(-1.128353074687E+03,459.84587487067,
    49.434333345854));
#6283 = CARTESIAN_POINT('',(-1.128339789478E+03,459.7403261765,
    49.36904651772));
#6284 = CARTESIAN_POINT('',(-1.12829522276E+03,459.45851073569,
    49.184214138148));
#6285 = CARTESIAN_POINT('',(-1.128257893916E+03,459.28648187291,
    49.059680915776));
#6286 = CARTESIAN_POINT('',(-1.128212735228E+03,459.12063328711,
    48.929017770836));
#6287 = CARTESIAN_POINT('',(-1.12816081185E+03,458.96077858317,
    48.793368121868));
#6288 = CARTESIAN_POINT('',(-1.128103005524E+03,458.80665921038,
    48.6536291869));
#6289 = CARTESIAN_POINT('',(-1.12804002681E+03,458.65793513057,
    48.510461709066));
#6290 = CARTESIAN_POINT('',(-1.127890285356E+03,458.33969858456,
    48.186793289357));
#6291 = CARTESIAN_POINT('',(-1.127801378184E+03,458.17267771476,
    48.004991398512));
#6292 = CARTESIAN_POINT('',(-1.127706671449E+03,458.01250103155,
    47.819721138358));
#6293 = CARTESIAN_POINT('',(-1.127606940927E+03,457.85866676381,
    47.631642155209));
#6294 = CARTESIAN_POINT('',(-1.127502807217E+03,457.7107275999,
    47.441260434917));
#6295 = CARTESIAN_POINT('',(-1.12739476631E+03,457.56825302599,
    47.248945828134));
#6296 = CARTESIAN_POINT('',(-1.127110528046E+03,457.21820438275,
    46.754717797041));
#6297 = CARTESIAN_POINT('',(-1.126929481959E+03,457.01778832498,
    46.450583846498));
#6298 = CARTESIAN_POINT('',(-1.126741481836E+03,456.82812287997,
    46.14349445047));
#6299 = CARTESIAN_POINT('',(-1.126547568471E+03,456.64817469809,
    45.834164241841));
#6300 = CARTESIAN_POINT('',(-1.126348559369E+03,456.47706507772,
    45.523122824915));
#6301 = CARTESIAN_POINT('',(-1.126145055436E+03,456.31405753071,
    45.210716631299));
#6302 = CARTESIAN_POINT('',(-1.125591023493E+03,455.89890553881,
    44.373744652025));
#6303 = CARTESIAN_POINT('',(-1.125233416913E+03,455.66023277586,
    43.847366526704));
#6304 = CARTESIAN_POINT('',(-1.124866728224E+03,455.43956781997,
    43.319005108658));
#6305 = CARTESIAN_POINT('',(-1.124492304157E+03,455.23523322201,
    42.789424101712));
#6306 = CARTESIAN_POINT('',(-1.124111085017E+03,455.04613352897,
    42.259192575644));
#6307 = CARTESIAN_POINT('',(-1.123723592722E+03,454.87177576303,
    41.728680811672));
#6308 = CARTESIAN_POINT('',(-1.122932685865E+03,454.55128474973,
    40.662597675789));
#6309 = CARTESIAN_POINT('',(-1.122529357041E+03,454.4055051677,
    40.127292726197));
#6310 = CARTESIAN_POINT('',(-1.122120071668E+03,454.27500467652,
    39.592327700674));
#6311 = CARTESIAN_POINT('',(-1.121704829736E+03,454.16060475505,
    39.058091156791));
#6312 = CARTESIAN_POINT('',(-1.121283511305E+03,454.06389707606,
    38.525197294894));
#6313 = CARTESIAN_POINT('',(-1.120855886507E+03,453.98720729036,
    37.994480388905));
#6314 = CARTESIAN_POINT('',(-1.12012831979E+03,453.89879523983,
    37.111410480563));
#6315 = CARTESIAN_POINT('',(-1.1198323386E+03,453.87407132623,
    36.757487142497));
#6316 = CARTESIAN_POINT('',(-1.119533099854E+03,453.86138618879,
    36.405491735042));
#6317 = CARTESIAN_POINT('',(-1.119230463643E+03,453.86224370007,
    36.055973837659));
#6318 = CARTESIAN_POINT('',(-1.118924426468E+03,453.87865030818,
    35.709878479376));
#6319 = CARTESIAN_POINT('',(-1.118615131025E+03,453.9130450859,
    35.368524363579));
#6320 = CARTESIAN_POINT('',(-1.118133956188E+03,453.9995178769,
    34.853067994891));
#6321 = CARTESIAN_POINT('',(-1.117964388418E+03,454.03617197298,
    34.674342864938));
#6322 = CARTESIAN_POINT('',(-1.117793980701E+03,454.07974128638,
    34.497917525577));
#6323 = CARTESIAN_POINT('',(-1.117622830163E+03,454.13092131745,
    34.324233258053));
#6324 = CARTESIAN_POINT('',(-1.117451135691E+03,454.19050507399,
    34.153895128473));
#6325 = CARTESIAN_POINT('',(-1.117279195613E+03,454.25943107363,
    33.987692008348));
#6326 = CARTESIAN_POINT('',(-1.11697444839E+03,454.40039074863,
    33.702003240562));
#6327 = CARTESIAN_POINT('',(-1.116841659132E+03,454.46816410987,
    33.580523095661));
#6328 = CARTESIAN_POINT('',(-1.116709178192E+03,454.54277282294,
    33.462632646007));
#6329 = CARTESIAN_POINT('',(-1.116577317458E+03,454.62482242161,
    33.348978938085));
#6330 = CARTESIAN_POINT('',(-1.116446555087E+03,454.71494303281,
    33.240412898767));
#6331 = CARTESIAN_POINT('',(-1.116317534833E+03,454.8137792113,
    33.137983750716));
#6332 = CARTESIAN_POINT('',(-1.116124582349E+03,454.97887886945,
    32.992976293919));
#6333 = CARTESIAN_POINT('',(-1.116058820684E+03,455.03834300595,
    32.945066526813));
#6334 = CARTESIAN_POINT('',(-1.115993910572E+03,455.10046633736,
    32.899399200453));
#6335 = CARTESIAN_POINT('',(-1.115930009251E+03,455.16531810382,
    32.856188872891));
#6336 = CARTESIAN_POINT('',(-1.115867299577E+03,455.23294516104,
    32.815669133488));
#6337 = CARTESIAN_POINT('',(-1.115805986328E+03,455.3033635067,
    32.778084325176));
#6338 = CARTESIAN_POINT('',(-1.115659436353E+03,455.48303791353,
    32.693623857683));
#6339 = CARTESIAN_POINT('',(-1.115575948088E+03,455.59545925869,
    32.650267076735));
#6340 = CARTESIAN_POINT('',(-1.11549662437E+03,455.71362943587,
    32.614444824565));
#6341 = CARTESIAN_POINT('',(-1.115422271748E+03,455.8371878314,
    32.586919100455));
#6342 = CARTESIAN_POINT('',(-1.115353667319E+03,455.965560484,
    32.568316931958));
#6343 = CARTESIAN_POINT('',(-1.115291489887E+03,456.09789960548,
    32.559022173441));
#6344 = CARTESIAN_POINT('',(-1.115236221641E+03,456.23299976214,
    32.559022173441));
#6345 = PCURVE('',#5759,#6346);
#6346 = DEFINITIONAL_REPRESENTATION('',(#6347),#6422);
#6347 = B_SPLINE_CURVE_WITH_KNOTS('',7,(#6348,#6349,#6350,#6351,#6352,
    #6353,#6354,#6355,#6356,#6357,#6358,#6359,#6360,#6361,#6362,#6363,
    #6364,#6365,#6366,#6367,#6368,#6369,#6370,#6371,#6372,#6373,#6374,
    #6375,#6376,#6377,#6378,#6379,#6380,#6381,#6382,#6383,#6384,#6385,
    #6386,#6387,#6388,#6389,#6390,#6391,#6392,#6393,#6394,#6395,#6396,
    #6397,#6398,#6399,#6400,#6401,#6402,#6403,#6404,#6405,#6406,#6407,
    #6408,#6409,#6410,#6411,#6412,#6413,#6414,#6415,#6416,#6417,#6418,
    #6419,#6420,#6421),.UNSPECIFIED.,.F.,.F.,(8,6,6,6,6,6,6,6,6,6,6,6,8)
  ,(0.,4.542415590405E-02,7.939284212334E-02,0.137954433978,
    0.209052187792,0.319064184112,0.502670413469,0.68795816753,
    0.812903383249,0.880379371382,0.932600926939,0.960054412814,1.),
  .UNSPECIFIED.);
#6348 = CARTESIAN_POINT('',(0.319607569834,0.));
#6349 = CARTESIAN_POINT('',(0.319607569834,2.767218875195E-02));
#6350 = CARTESIAN_POINT('',(0.320058878043,5.5358247475E-02));
#6351 = CARTESIAN_POINT('',(0.320962151106,8.277008474732E-02));
#6352 = CARTESIAN_POINT('',(0.322293937053,0.109696155055));
#6353 = CARTESIAN_POINT('',(0.324017851122,0.13597859527));
#6354 = CARTESIAN_POINT('',(0.326091832052,0.161500037708));
#6355 = CARTESIAN_POINT('',(0.330251005006,0.204636123168));
#6356 = CARTESIAN_POINT('',(0.332202795938,0.222635206046));
#6357 = CARTESIAN_POINT('',(0.334310569418,0.240160870223));
#6358 = CARTESIAN_POINT('',(0.336558672509,0.257207493211));
#6359 = CARTESIAN_POINT('',(0.338932805165,0.273777725204));
#6360 = CARTESIAN_POINT('',(0.341420547773,0.289880885357));
#6361 = CARTESIAN_POINT('',(0.348478794081,0.332515245578));
#6362 = CARTESIAN_POINT('',(0.353250379813,0.358138588744));
#6363 = CARTESIAN_POINT('',(0.35827558931,0.382495596664));
#6364 = CARTESIAN_POINT('',(0.363513348287,0.405664565091));
#6365 = CARTESIAN_POINT('',(0.368931118163,0.427721450062));
#6366 = CARTESIAN_POINT('',(0.374504775905,0.448745020501));
#6367 = CARTESIAN_POINT('',(0.387157838656,0.493180365367));
#6368 = CARTESIAN_POINT('',(0.394299068066,0.516122396986));
#6369 = CARTESIAN_POINT('',(0.401612193164,0.537771419059));
#6370 = CARTESIAN_POINT('',(0.409072536238,0.558223569788));
#6371 = CARTESIAN_POINT('',(0.41666064161,0.577558782526));
#6372 = CARTESIAN_POINT('',(0.424361874095,0.59584937804));
#6373 = CARTESIAN_POINT('',(0.444243720323,0.639942357062));
#6374 = CARTESIAN_POINT('',(0.456562761139,0.664363371082));
#6375 = CARTESIAN_POINT('',(0.469084280205,0.686653385472));
#6376 = CARTESIAN_POINT('',(0.481776361622,0.70696101869));
#6377 = CARTESIAN_POINT('',(0.494612944599,0.725406783656));
#6378 = CARTESIAN_POINT('',(0.507574400206,0.742085596481));
#6379 = CARTESIAN_POINT('',(0.542465884172,0.782091194482));
#6380 = CARTESIAN_POINT('',(0.564582265151,0.802386505264));
#6381 = CARTESIAN_POINT('',(0.58692628454,0.818318721732));
#6382 = CARTESIAN_POINT('',(0.609432245788,0.830063174871));
#6383 = CARTESIAN_POINT('',(0.632039163152,0.837738647424));
#6384 = CARTESIAN_POINT('',(0.654693254721,0.841403223427));
#6385 = CARTESIAN_POINT('',(0.700211911374,0.840694779694));
#6386 = CARTESIAN_POINT('',(0.723065049672,0.83624803622));
#6387 = CARTESIAN_POINT('',(0.745861808916,0.827709631701));
#6388 = CARTESIAN_POINT('',(0.768546719482,0.815012279869));
#6389 = CARTESIAN_POINT('',(0.791056162574,0.798023411852));
#6390 = CARTESIAN_POINT('',(0.813321121408,0.7765516615));
#6391 = CARTESIAN_POINT('',(0.85006598585,0.732432836036));
#6392 = CARTESIAN_POINT('',(0.864710273232,0.71245736516));
#6393 = CARTESIAN_POINT('',(0.879183440647,0.690150324069));
#6394 = CARTESIAN_POINT('',(0.893455495758,0.665357903671));
#6395 = CARTESIAN_POINT('',(0.907482250303,0.637875839338));
#6396 = CARTESIAN_POINT('',(0.92120772014,0.607459985646));
#6397 = CARTESIAN_POINT('',(0.9417669217,0.555426199883));
#6398 = CARTESIAN_POINT('',(0.94886325001,0.536205154366));
#6399 = CARTESIAN_POINT('',(0.955835984451,0.515940194473));
#6400 = CARTESIAN_POINT('',(0.962668272832,0.494554078776));
#6401 = CARTESIAN_POINT('',(0.969337444737,0.471963532915));
#6402 = CARTESIAN_POINT('',(0.975814535777,0.448070371548));
#6403 = CARTESIAN_POINT('',(0.986898448161,0.40313965405));
#6404 = CARTESIAN_POINT('',(0.991594232141,0.382688946256));
#6405 = CARTESIAN_POINT('',(0.99613477165,0.361324161006));
#6406 = CARTESIAN_POINT('',(1.000496640118,0.338984727284));
#6407 = CARTESIAN_POINT('',(1.004649158248,0.315616579654));
#6408 = CARTESIAN_POINT('',(1.008554740485,0.291171033715));
#6409 = CARTESIAN_POINT('',(1.014068694842,0.252158792229));
#6410 = CARTESIAN_POINT('',(1.015887527846,0.238409268038));
#6411 = CARTESIAN_POINT('',(1.017618558224,0.224348428667));
#6412 = CARTESIAN_POINT('',(1.01925410157,0.209975660863));
#6413 = CARTESIAN_POINT('',(1.020785790815,0.195294751882));
#6414 = CARTESIAN_POINT('',(1.022204875693,0.180314734307));
#6415 = CARTESIAN_POINT('',(1.025390634036,0.142841180402));
#6416 = CARTESIAN_POINT('',(1.027022985626,0.120015095345));
#6417 = CARTESIAN_POINT('',(1.028369553852,9.664392067645E-02));
#6418 = CARTESIAN_POINT('',(1.029403093295,7.282140310193E-02));
#6419 = CARTESIAN_POINT('',(1.030101166757,4.866605964366E-02));
#6420 = CARTESIAN_POINT('',(1.030449973214,2.432798533354E-02));
#6421 = CARTESIAN_POINT('',(1.030449973214,0.));
#6422 = ( GEOMETRIC_REPRESENTATION_CONTEXT(2) 
PARAMETRIC_REPRESENTATION_CONTEXT() REPRESENTATION_CONTEXT('2D SPACE',''
  ) );
#6423 = PCURVE('',#5831,#6424);
#6424 = DEFINITIONAL_REPRESENTATION('',(#6425),#6500);
#6425 = B_SPLINE_CURVE_WITH_KNOTS('',7,(#6426,#6427,#6428,#6429,#6430,
    #6431,#6432,#6433,#6434,#6435,#6436,#6437,#6438,#6439,#6440,#6441,
    #6442,#6443,#6444,#6445,#6446,#6447,#6448,#6449,#6450,#6451,#6452,
    #6453,#6454,#6455,#6456,#6457,#6458,#6459,#6460,#6461,#6462,#6463,
    #6464,#6465,#6466,#6467,#6468,#6469,#6470,#6471,#6472,#6473,#6474,
    #6475,#6476,#6477,#6478,#6479,#6480,#6481,#6482,#6483,#6484,#6485,
    #6486,#6487,#6488,#6489,#6490,#6491,#6492,#6493,#6494,#6495,#6496,
    #6497,#6498,#6499),.UNSPECIFIED.,.F.,.F.,(8,6,6,6,6,6,6,6,6,6,6,6,8)
  ,(0.,4.542415590405E-02,7.939284212334E-02,0.137954433978,
    0.209052187792,0.319064184112,0.502670413469,0.68795816753,
    0.812903383249,0.880379371382,0.932600926939,0.960054412814,1.),
  .UNSPECIFIED.);
#6426 = CARTESIAN_POINT('',(-10.78855750215,-2.758083940487));
#6427 = CARTESIAN_POINT('',(-10.82968112794,-2.597224223674));
#6428 = CARTESIAN_POINT('',(-10.85590093451,-2.432468327387));
#6429 = CARTESIAN_POINT('',(-10.86671434716,-2.265686993138));
#6430 = CARTESIAN_POINT('',(-10.8625655475,-2.098517496442));
#6431 = CARTESIAN_POINT('',(-10.84444363617,-1.93235192538));
#6432 = CARTESIAN_POINT('',(-10.8136121807,-1.768333093678));
#6433 = CARTESIAN_POINT('',(-10.73995587089,-1.48697919873));
#6434 = CARTESIAN_POINT('',(-10.7020927249,-1.368213689211));
#6435 = CARTESIAN_POINT('',(-10.6584160721,-1.251320649997));
#6436 = CARTESIAN_POINT('',(-10.6094590072,-1.136477096176));
#6437 = CARTESIAN_POINT('',(-10.55572178458,-1.023789838984));
#6438 = CARTESIAN_POINT('',(-10.49765066864,-0.913303916568));
#6439 = CARTESIAN_POINT('',(-10.32869681106,-0.618306056352));
#6440 = CARTESIAN_POINT('',(-10.21008570281,-0.438230236985));
#6441 = CARTESIAN_POINT('',(-10.08171624044,-0.264623788059));
#6442 = CARTESIAN_POINT('',(-9.94515003613,-9.729159549963E-02));
#6443 = CARTESIAN_POINT('',(-9.801642505879,6.403698558145E-02));
#6444 = CARTESIAN_POINT('',(-9.65215822521,0.219717899229));
#6445 = CARTESIAN_POINT('',(-9.309393636853,0.552840526744));
#6446 = CARTESIAN_POINT('',(-9.113726554552,0.72767409534));
#6447 = CARTESIAN_POINT('',(-8.911642331972,0.895343328328));
#6448 = CARTESIAN_POINT('',(-8.704147375452,1.056373468054));
#6449 = CARTESIAN_POINT('',(-8.492030360684,1.211232749964));
#6450 = CARTESIAN_POINT('',(-8.275895481679,1.360371825949));
#6451 = CARTESIAN_POINT('',(-7.716144530459,1.726794618219));
#6452 = CARTESIAN_POINT('',(-7.367677128822,1.936585494214));
#6453 = CARTESIAN_POINT('',(-7.012425342775,2.135122878371));
#6454 = CARTESIAN_POINT('',(-6.651610531628,2.323488457115));
#6455 = CARTESIAN_POINT('',(-6.286168040556,2.502602034874));
#6456 = CARTESIAN_POINT('',(-5.91675298189,2.673234550359));
#6457 = CARTESIAN_POINT('',(-4.921277062858,3.10780601643));
#6458 = CARTESIAN_POINT('',(-4.289214957731,3.357643123154));
#6459 = CARTESIAN_POINT('',(-3.649711687319,3.588630075561));
#6460 = CARTESIAN_POINT('',(-3.004225854193,3.802522788435));
#6461 = CARTESIAN_POINT('',(-2.35380298574,4.00046795657));
#6462 = CARTESIAN_POINT('',(-1.699064561056,4.182981617706));
#6463 = CARTESIAN_POINT('',(-0.37534523418,4.518464169225));
#6464 = CARTESIAN_POINT('',(0.293378070386,4.671062850976));
#6465 = CARTESIAN_POINT('',(0.965740754407,4.807667735166));
#6466 = CARTESIAN_POINT('',(1.641448933725,4.927418916806));
#6467 = CARTESIAN_POINT('',(2.32011650797,5.028650269803));
#6468 = CARTESIAN_POINT('',(3.00126283206,5.108927356889));
#6469 = CARTESIAN_POINT('',(4.145123579109,5.201475038623));
#6470 = CARTESIAN_POINT('',(4.606434829436,5.227355457336));
#6471 = CARTESIAN_POINT('',(5.068418798741,5.240633964681));
#6472 = CARTESIAN_POINT('',(5.530751326945,5.239736341785));
#6473 = CARTESIAN_POINT('',(5.992719916905,5.222562285341));
#6474 = CARTESIAN_POINT('',(6.453233804362,5.186558630611));
#6475 = CARTESIAN_POINT('',(7.157867453691,5.096040920726));
#6476 = CARTESIAN_POINT('',(7.403971638307,5.057672263987));
#6477 = CARTESIAN_POINT('',(7.648885797579,5.012064918313));
#6478 = CARTESIAN_POINT('',(7.892212627771,4.958490850093));
#6479 = CARTESIAN_POINT('',(8.133364376352,4.896119957167));
#6480 = CARTESIAN_POINT('',(8.371549218315,4.823969821083));
#6481 = CARTESIAN_POINT('',(8.786984641955,4.676416506111));
#6482 = CARTESIAN_POINT('',(8.965732087726,4.605472925134));
#6483 = CARTESIAN_POINT('',(9.141562732534,4.527374256565));
#6484 = CARTESIAN_POINT('',(9.313783151494,4.441486641706));
#6485 = CARTESIAN_POINT('',(9.481436947589,4.347150478342));
#6486 = CARTESIAN_POINT('',(9.643309414865,4.243691061488));
#6487 = CARTESIAN_POINT('',(9.879207926812,4.070868572637));
#6488 = CARTESIAN_POINT('',(9.958463220755,4.008622895186));
#6489 = CARTESIAN_POINT('',(10.035465369224,3.943593634253));
#6490 = CARTESIAN_POINT('',(10.109949230855,3.875708310861));
#6491 = CARTESIAN_POINT('',(10.181618512456,3.804917877536));
#6492 = CARTESIAN_POINT('',(10.250154445533,3.731205588279));
#6493 = CARTESIAN_POINT('',(10.409903151757,3.543126590907));
#6494 = CARTESIAN_POINT('',(10.497310614766,3.425446537009));
#6495 = CARTESIAN_POINT('',(10.576294990222,3.301748739221));
#6496 = CARTESIAN_POINT('',(10.645752324114,3.172410679582));
#6497 = CARTESIAN_POINT('',(10.704700017252,3.038033167403));
#6498 = CARTESIAN_POINT('',(10.752403695374,2.899503647704));
#6499 = CARTESIAN_POINT('',(10.788557502152,2.758083940487));
#6500 = ( GEOMETRIC_REPRESENTATION_CONTEXT(2) 
PARAMETRIC_REPRESENTATION_CONTEXT() REPRESENTATION_CONTEXT('2D SPACE',''
  ) );
#6501 = ORIENTED_EDGE('',*,*,#5776,.F.);
#6502 = ORIENTED_EDGE('',*,*,#6503,.T.);
#6503 = EDGE_CURVE('',#5734,#6221,#6504,.T.);
#6504 = SEAM_CURVE('',#6505,(#6510,#6517),.PCURVE_S1.);
#6505 = CIRCLE('',#6506,32.);
#6506 = AXIS2_PLACEMENT_3D('',#6507,#6508,#6509);
#6507 = CARTESIAN_POINT('',(-1.1E+03,450.,60.));
#6508 = DIRECTION('',(-0.378632845721,-0.925546956206,0.));
#6509 = DIRECTION('',(-0.925546956206,0.378632845721,0.));
#6510 = PCURVE('',#5759,#6511);
#6511 = DEFINITIONAL_REPRESENTATION('',(#6512),#6516);
#6512 = LINE('',#6513,#6514);
#6513 = CARTESIAN_POINT('',(0.,6.28318530718));
#6514 = VECTOR('',#6515,1.);
#6515 = DIRECTION('',(1.,0.));
#6516 = ( GEOMETRIC_REPRESENTATION_CONTEXT(2) 
PARAMETRIC_REPRESENTATION_CONTEXT() REPRESENTATION_CONTEXT('2D SPACE',''
  ) );
#6517 = PCURVE('',#5759,#6518);
#6518 = DEFINITIONAL_REPRESENTATION('',(#6519),#6523);
#6519 = LINE('',#6520,#6521);
#6520 = CARTESIAN_POINT('',(0.,0.));
#6521 = VECTOR('',#6522,1.);
#6522 = DIRECTION('',(1.,0.));
#6523 = ( GEOMETRIC_REPRESENTATION_CONTEXT(2) 
PARAMETRIC_REPRESENTATION_CONTEXT() REPRESENTATION_CONTEXT('2D SPACE',''
  ) );
#6524 = ORIENTED_EDGE('',*,*,#6244,.T.);
#6525 = ORIENTED_EDGE('',*,*,#6503,.F.);
#6526 = ORIENTED_EDGE('',*,*,#5733,.F.);
#6527 = ORIENTED_EDGE('',*,*,#5946,.T.);
#6528 = ADVANCED_FACE('',(#6529),#5831,.F.);
#6529 = FACE_BOUND('',#6530,.F.);
#6530 = EDGE_LOOP('',(#6531,#6532));
#6531 = ORIENTED_EDGE('',*,*,#6268,.T.);
#6532 = ORIENTED_EDGE('',*,*,#5814,.T.);
#6533 = MANIFOLD_SOLID_BREP('',#6534);
#6534 = CLOSED_SHELL('',(#6535,#6623,#6627));
#6535 = ADVANCED_FACE('',(#6536),#6549,.T.);
#6536 = FACE_BOUND('',#6537,.T.);
#6537 = EDGE_LOOP('',(#6538,#6572,#6595,#6622));
#6538 = ORIENTED_EDGE('',*,*,#6539,.F.);
#6539 = EDGE_CURVE('',#6540,#6540,#6542,.T.);
#6540 = VERTEX_POINT('',#6541);
#6541 = CARTESIAN_POINT('',(-929.0943245078,381.42207903343,
    201.19957096419));
#6542 = SURFACE_CURVE('',#6543,(#6548,#6560),.PCURVE_S1.);
#6543 = CIRCLE('',#6544,5.);
#6544 = AXIS2_PLACEMENT_3D('',#6545,#6546,#6547);
#6545 = CARTESIAN_POINT('',(-932.3650820817,381.42207903343,
    204.98138863468));
#6546 = DIRECTION('',(-0.722564301372,0.295594486925,-0.624919778598));
#6547 = DIRECTION('',(0.654151514779,-5.551115123126E-17,-0.756363534097
    ));
#6548 = PCURVE('',#6549,#6554);
#6549 = CYLINDRICAL_SURFACE('',#6550,5.);
#6550 = AXIS2_PLACEMENT_3D('',#6551,#6552,#6553);
#6551 = CARTESIAN_POINT('',(-94.05692370644,38.477832425363,
    930.0038506273));
#6552 = DIRECTION('',(-0.722564301372,0.295594486925,-0.624919778598));
#6553 = DIRECTION('',(0.654151514779,-2.775557561563E-17,-0.756363534097
    ));
#6554 = DEFINITIONAL_REPRESENTATION('',(#6555),#6559);
#6555 = LINE('',#6556,#6557);
#6556 = CARTESIAN_POINT('',(0.,1.160184853838E+03));
#6557 = VECTOR('',#6558,1.);
#6558 = DIRECTION('',(1.,0.));
#6559 = ( GEOMETRIC_REPRESENTATION_CONTEXT(2) 
PARAMETRIC_REPRESENTATION_CONTEXT() REPRESENTATION_CONTEXT('2D SPACE',''
  ) );
#6560 = PCURVE('',#6561,#6566);
#6561 = PLANE('',#6562);
#6562 = AXIS2_PLACEMENT_3D('',#6563,#6564,#6565);
#6563 = CARTESIAN_POINT('',(-932.3650820817,381.42207903343,
    204.98138863468));
#6564 = DIRECTION('',(-0.722564301372,0.295594486925,-0.624919778598));
#6565 = DIRECTION('',(0.654151514779,-2.775557561563E-17,-0.756363534097
    ));
#6566 = DEFINITIONAL_REPRESENTATION('',(#6567),#6571);
#6567 = CIRCLE('',#6568,5.);
#6568 = AXIS2_PLACEMENT_2D('',#6569,#6570);
#6569 = CARTESIAN_POINT('',(0.,0.));
#6570 = DIRECTION('',(1.,0.));
#6571 = ( GEOMETRIC_REPRESENTATION_CONTEXT(2) 
PARAMETRIC_REPRESENTATION_CONTEXT() REPRESENTATION_CONTEXT('2D SPACE',''
  ) );
#6572 = ORIENTED_EDGE('',*,*,#6573,.F.);
#6573 = EDGE_CURVE('',#6574,#6540,#6576,.T.);
#6574 = VERTEX_POINT('',#6575);
#6575 = CARTESIAN_POINT('',(-90.78616613254,38.477832425363,
    926.22203295682));
#6576 = SEAM_CURVE('',#6577,(#6581,#6588),.PCURVE_S1.);
#6577 = LINE('',#6578,#6579);
#6578 = CARTESIAN_POINT('',(-90.78616613254,38.477832425363,
    926.22203295682));
#6579 = VECTOR('',#6580,1.);
#6580 = DIRECTION('',(-0.722564301372,0.295594486925,-0.624919778598));
#6581 = PCURVE('',#6549,#6582);
#6582 = DEFINITIONAL_REPRESENTATION('',(#6583),#6587);
#6583 = LINE('',#6584,#6585);
#6584 = CARTESIAN_POINT('',(6.28318530718,-0.));
#6585 = VECTOR('',#6586,1.);
#6586 = DIRECTION('',(0.,1.));
#6587 = ( GEOMETRIC_REPRESENTATION_CONTEXT(2) 
PARAMETRIC_REPRESENTATION_CONTEXT() REPRESENTATION_CONTEXT('2D SPACE',''
  ) );
#6588 = PCURVE('',#6549,#6589);
#6589 = DEFINITIONAL_REPRESENTATION('',(#6590),#6594);
#6590 = LINE('',#6591,#6592);
#6591 = CARTESIAN_POINT('',(0.,-0.));
#6592 = VECTOR('',#6593,1.);
#6593 = DIRECTION('',(0.,1.));
#6594 = ( GEOMETRIC_REPRESENTATION_CONTEXT(2) 
PARAMETRIC_REPRESENTATION_CONTEXT() REPRESENTATION_CONTEXT('2D SPACE',''
  ) );
#6595 = ORIENTED_EDGE('',*,*,#6596,.T.);
#6596 = EDGE_CURVE('',#6574,#6574,#6597,.T.);
#6597 = SURFACE_CURVE('',#6598,(#6603,#6610),.PCURVE_S1.);
#6598 = CIRCLE('',#6599,5.);
#6599 = AXIS2_PLACEMENT_3D('',#6600,#6601,#6602);
#6600 = CARTESIAN_POINT('',(-94.05692370644,38.477832425363,
    930.0038506273));
#6601 = DIRECTION('',(-0.722564301372,0.295594486925,-0.624919778598));
#6602 = DIRECTION('',(0.654151514779,-5.551115123126E-17,-0.756363534097
    ));
#6603 = PCURVE('',#6549,#6604);
#6604 = DEFINITIONAL_REPRESENTATION('',(#6605),#6609);
#6605 = LINE('',#6606,#6607);
#6606 = CARTESIAN_POINT('',(0.,0.));
#6607 = VECTOR('',#6608,1.);
#6608 = DIRECTION('',(1.,0.));
#6609 = ( GEOMETRIC_REPRESENTATION_CONTEXT(2) 
PARAMETRIC_REPRESENTATION_CONTEXT() REPRESENTATION_CONTEXT('2D SPACE',''
  ) );
#6610 = PCURVE('',#6611,#6616);
#6611 = PLANE('',#6612);
#6612 = AXIS2_PLACEMENT_3D('',#6613,#6614,#6615);
#6613 = CARTESIAN_POINT('',(-94.05692370644,38.477832425363,
    930.0038506273));
#6614 = DIRECTION('',(-0.722564301372,0.295594486925,-0.624919778598));
#6615 = DIRECTION('',(0.654151514779,-2.775557561563E-17,-0.756363534097
    ));
#6616 = DEFINITIONAL_REPRESENTATION('',(#6617),#6621);
#6617 = CIRCLE('',#6618,5.);
#6618 = AXIS2_PLACEMENT_2D('',#6619,#6620);
#6619 = CARTESIAN_POINT('',(0.,0.));
#6620 = DIRECTION('',(1.,0.));
#6621 = ( GEOMETRIC_REPRESENTATION_CONTEXT(2) 
PARAMETRIC_REPRESENTATION_CONTEXT() REPRESENTATION_CONTEXT('2D SPACE',''
  ) );
#6622 = ORIENTED_EDGE('',*,*,#6573,.T.);
#6623 = ADVANCED_FACE('',(#6624),#6561,.T.);
#6624 = FACE_BOUND('',#6625,.T.);
#6625 = EDGE_LOOP('',(#6626));
#6626 = ORIENTED_EDGE('',*,*,#6539,.T.);
#6627 = ADVANCED_FACE('',(#6628),#6611,.F.);
#6628 = FACE_BOUND('',#6629,.T.);
#6629 = EDGE_LOOP('',(#6630));
#6630 = ORIENTED_EDGE('',*,*,#6596,.F.);
#6631 = MANIFOLD_SOLID_BREP('',#6632);
#6632 = CLOSED_SHELL('',(#6633,#6721,#6725));
#6633 = ADVANCED_FACE('',(#6634),#6647,.T.);
#6634 = FACE_BOUND('',#6635,.T.);
#6635 = EDGE_LOOP('',(#6636,#6670,#6693,#6720));
#6636 = ORIENTED_EDGE('',*,*,#6637,.F.);
#6637 = EDGE_CURVE('',#6638,#6638,#6640,.T.);
#6638 = VERTEX_POINT('',#6639);
#6639 = CARTESIAN_POINT('',(-929.0943245078,-381.4220790334,
    201.19957096419));
#6640 = SURFACE_CURVE('',#6641,(#6646,#6658),.PCURVE_S1.);
#6641 = CIRCLE('',#6642,5.);
#6642 = AXIS2_PLACEMENT_3D('',#6643,#6644,#6645);
#6643 = CARTESIAN_POINT('',(-932.3650820817,-381.4220790334,
    204.98138863468));
#6644 = DIRECTION('',(-0.722564301372,-0.295594486925,-0.624919778598));
#6645 = DIRECTION('',(0.654151514779,5.551115123126E-17,-0.756363534097)
  );
#6646 = PCURVE('',#6647,#6652);
#6647 = CYLINDRICAL_SURFACE('',#6648,5.);
#6648 = AXIS2_PLACEMENT_3D('',#6649,#6650,#6651);
#6649 = CARTESIAN_POINT('',(-94.05692370644,-38.47783242536,
    930.0038506273));
#6650 = DIRECTION('',(-0.722564301372,-0.295594486925,-0.624919778598));
#6651 = DIRECTION('',(0.654151514779,2.775557561563E-17,-0.756363534097)
  );
#6652 = DEFINITIONAL_REPRESENTATION('',(#6653),#6657);
#6653 = LINE('',#6654,#6655);
#6654 = CARTESIAN_POINT('',(0.,1.160184853838E+03));
#6655 = VECTOR('',#6656,1.);
#6656 = DIRECTION('',(1.,0.));
#6657 = ( GEOMETRIC_REPRESENTATION_CONTEXT(2) 
PARAMETRIC_REPRESENTATION_CONTEXT() REPRESENTATION_CONTEXT('2D SPACE',''
  ) );
#6658 = PCURVE('',#6659,#6664);
#6659 = PLANE('',#6660);
#6660 = AXIS2_PLACEMENT_3D('',#6661,#6662,#6663);
#6661 = CARTESIAN_POINT('',(-932.3650820817,-381.4220790334,
    204.98138863468));
#6662 = DIRECTION('',(-0.722564301372,-0.295594486925,-0.624919778598));
#6663 = DIRECTION('',(0.654151514779,2.775557561563E-17,-0.756363534097)
  );
#6664 = DEFINITIONAL_REPRESENTATION('',(#6665),#6669);
#6665 = CIRCLE('',#6666,5.);
#6666 = AXIS2_PLACEMENT_2D('',#6667,#6668);
#6667 = CARTESIAN_POINT('',(0.,0.));
#6668 = DIRECTION('',(1.,0.));
#6669 = ( GEOMETRIC_REPRESENTATION_CONTEXT(2) 
PARAMETRIC_REPRESENTATION_CONTEXT() REPRESENTATION_CONTEXT('2D SPACE',''
  ) );
#6670 = ORIENTED_EDGE('',*,*,#6671,.F.);
#6671 = EDGE_CURVE('',#6672,#6638,#6674,.T.);
#6672 = VERTEX_POINT('',#6673);
#6673 = CARTESIAN_POINT('',(-90.78616613254,-38.47783242536,
    926.22203295682));
#6674 = SEAM_CURVE('',#6675,(#6679,#6686),.PCURVE_S1.);
#6675 = LINE('',#6676,#6677);
#6676 = CARTESIAN_POINT('',(-90.78616613254,-38.47783242536,
    926.22203295682));
#6677 = VECTOR('',#6678,1.);
#6678 = DIRECTION('',(-0.722564301372,-0.295594486925,-0.624919778598));
#6679 = PCURVE('',#6647,#6680);
#6680 = DEFINITIONAL_REPRESENTATION('',(#6681),#6685);
#6681 = LINE('',#6682,#6683);
#6682 = CARTESIAN_POINT('',(6.28318530718,-0.));
#6683 = VECTOR('',#6684,1.);
#6684 = DIRECTION('',(0.,1.));
#6685 = ( GEOMETRIC_REPRESENTATION_CONTEXT(2) 
PARAMETRIC_REPRESENTATION_CONTEXT() REPRESENTATION_CONTEXT('2D SPACE',''
  ) );
#6686 = PCURVE('',#6647,#6687);
#6687 = DEFINITIONAL_REPRESENTATION('',(#6688),#6692);
#6688 = LINE('',#6689,#6690);
#6689 = CARTESIAN_POINT('',(0.,-0.));
#6690 = VECTOR('',#6691,1.);
#6691 = DIRECTION('',(0.,1.));
#6692 = ( GEOMETRIC_REPRESENTATION_CONTEXT(2) 
PARAMETRIC_REPRESENTATION_CONTEXT() REPRESENTATION_CONTEXT('2D SPACE',''
  ) );
#6693 = ORIENTED_EDGE('',*,*,#6694,.T.);
#6694 = EDGE_CURVE('',#6672,#6672,#6695,.T.);
#6695 = SURFACE_CURVE('',#6696,(#6701,#6708),.PCURVE_S1.);
#6696 = CIRCLE('',#6697,5.);
#6697 = AXIS2_PLACEMENT_3D('',#6698,#6699,#6700);
#6698 = CARTESIAN_POINT('',(-94.05692370644,-38.47783242536,
    930.0038506273));
#6699 = DIRECTION('',(-0.722564301372,-0.295594486925,-0.624919778598));
#6700 = DIRECTION('',(0.654151514779,5.551115123126E-17,-0.756363534097)
  );
#6701 = PCURVE('',#6647,#6702);
#6702 = DEFINITIONAL_REPRESENTATION('',(#6703),#6707);
#6703 = LINE('',#6704,#6705);
#6704 = CARTESIAN_POINT('',(0.,0.));
#6705 = VECTOR('',#6706,1.);
#6706 = DIRECTION('',(1.,0.));
#6707 = ( GEOMETRIC_REPRESENTATION_CONTEXT(2) 
PARAMETRIC_REPRESENTATION_CONTEXT() REPRESENTATION_CONTEXT('2D SPACE',''
  ) );
#6708 = PCURVE('',#6709,#6714);
#6709 = PLANE('',#6710);
#6710 = AXIS2_PLACEMENT_3D('',#6711,#6712,#6713);
#6711 = CARTESIAN_POINT('',(-94.05692370644,-38.47783242536,
    930.0038506273));
#6712 = DIRECTION('',(-0.722564301372,-0.295594486925,-0.624919778598));
#6713 = DIRECTION('',(0.654151514779,2.775557561563E-17,-0.756363534097)
  );
#6714 = DEFINITIONAL_REPRESENTATION('',(#6715),#6719);
#6715 = CIRCLE('',#6716,5.);
#6716 = AXIS2_PLACEMENT_2D('',#6717,#6718);
#6717 = CARTESIAN_POINT('',(0.,0.));
#6718 = DIRECTION('',(1.,0.));
#6719 = ( GEOMETRIC_REPRESENTATION_CONTEXT(2) 
PARAMETRIC_REPRESENTATION_CONTEXT() REPRESENTATION_CONTEXT('2D SPACE',''
  ) );
#6720 = ORIENTED_EDGE('',*,*,#6671,.T.);
#6721 = ADVANCED_FACE('',(#6722),#6659,.T.);
#6722 = FACE_BOUND('',#6723,.T.);
#6723 = EDGE_LOOP('',(#6724));
#6724 = ORIENTED_EDGE('',*,*,#6637,.T.);
#6725 = ADVANCED_FACE('',(#6726),#6709,.F.);
#6726 = FACE_BOUND('',#6727,.T.);
#6727 = EDGE_LOOP('',(#6728));
#6728 = ORIENTED_EDGE('',*,*,#6694,.F.);
#6729 = MANIFOLD_SOLID_BREP('',#6730);
#6730 = CLOSED_SHELL('',(#6731,#6819,#6823));
#6731 = ADVANCED_FACE('',(#6732),#6745,.T.);
#6732 = FACE_BOUND('',#6733,.T.);
#6733 = EDGE_LOOP('',(#6734,#6768,#6791,#6818));
#6734 = ORIENTED_EDGE('',*,*,#6735,.F.);
#6735 = EDGE_CURVE('',#6736,#6736,#6738,.T.);
#6736 = VERTEX_POINT('',#6737);
#6737 = CARTESIAN_POINT('',(-939.6975743174,382.01326800728,
    210.53882088436));
#6738 = SURFACE_CURVE('',#6739,(#6744,#6756),.PCURVE_S1.);
#6739 = CIRCLE('',#6740,9.);
#6740 = AXIS2_PLACEMENT_3D('',#6741,#6742,#6743);
#6741 = CARTESIAN_POINT('',(-933.8102106844,382.01326800728,
    203.73154907748));
#6742 = DIRECTION('',(0.722564301372,-0.295594486925,0.624919778598));
#6743 = DIRECTION('',(-0.654151514779,-2.775557561563E-17,0.756363534097
    ));
#6744 = PCURVE('',#6745,#6750);
#6745 = CYLINDRICAL_SURFACE('',#6746,9.);
#6746 = AXIS2_PLACEMENT_3D('',#6747,#6748,#6749);
#6747 = CARTESIAN_POINT('',(-1.078323070959E+03,441.13216539225,
    78.747593357933));
#6748 = DIRECTION('',(0.722564301372,-0.295594486925,0.624919778598));
#6749 = DIRECTION('',(-0.654151514779,-2.775557561563E-17,0.756363534097
    ));
#6750 = DEFINITIONAL_REPRESENTATION('',(#6751),#6755);
#6751 = LINE('',#6752,#6753);
#6752 = CARTESIAN_POINT('',(0.,200.));
#6753 = VECTOR('',#6754,1.);
#6754 = DIRECTION('',(1.,0.));
#6755 = ( GEOMETRIC_REPRESENTATION_CONTEXT(2) 
PARAMETRIC_REPRESENTATION_CONTEXT() REPRESENTATION_CONTEXT('2D SPACE',''
  ) );
#6756 = PCURVE('',#6757,#6762);
#6757 = PLANE('',#6758);
#6758 = AXIS2_PLACEMENT_3D('',#6759,#6760,#6761);
#6759 = CARTESIAN_POINT('',(-933.8102106844,382.01326800728,
    203.73154907748));
#6760 = DIRECTION('',(0.722564301372,-0.295594486925,0.624919778598));
#6761 = DIRECTION('',(-0.654151514779,-2.775557561563E-17,0.756363534097
    ));
#6762 = DEFINITIONAL_REPRESENTATION('',(#6763),#6767);
#6763 = CIRCLE('',#6764,9.);
#6764 = AXIS2_PLACEMENT_2D('',#6765,#6766);
#6765 = CARTESIAN_POINT('',(0.,0.));
#6766 = DIRECTION('',(1.,0.));
#6767 = ( GEOMETRIC_REPRESENTATION_CONTEXT(2) 
PARAMETRIC_REPRESENTATION_CONTEXT() REPRESENTATION_CONTEXT('2D SPACE',''
  ) );
#6768 = ORIENTED_EDGE('',*,*,#6769,.F.);
#6769 = EDGE_CURVE('',#6770,#6736,#6772,.T.);
#6770 = VERTEX_POINT('',#6771);
#6771 = CARTESIAN_POINT('',(-1.084210434592E+03,441.13216539225,
    85.55486516481));
#6772 = SEAM_CURVE('',#6773,(#6777,#6784),.PCURVE_S1.);
#6773 = LINE('',#6774,#6775);
#6774 = CARTESIAN_POINT('',(-1.084210434592E+03,441.13216539225,
    85.55486516481));
#6775 = VECTOR('',#6776,1.);
#6776 = DIRECTION('',(0.722564301372,-0.295594486925,0.624919778598));
#6777 = PCURVE('',#6745,#6778);
#6778 = DEFINITIONAL_REPRESENTATION('',(#6779),#6783);
#6779 = LINE('',#6780,#6781);
#6780 = CARTESIAN_POINT('',(6.28318530718,-0.));
#6781 = VECTOR('',#6782,1.);
#6782 = DIRECTION('',(0.,1.));
#6783 = ( GEOMETRIC_REPRESENTATION_CONTEXT(2) 
PARAMETRIC_REPRESENTATION_CONTEXT() REPRESENTATION_CONTEXT('2D SPACE',''
  ) );
#6784 = PCURVE('',#6745,#6785);
#6785 = DEFINITIONAL_REPRESENTATION('',(#6786),#6790);
#6786 = LINE('',#6787,#6788);
#6787 = CARTESIAN_POINT('',(0.,-0.));
#6788 = VECTOR('',#6789,1.);
#6789 = DIRECTION('',(0.,1.));
#6790 = ( GEOMETRIC_REPRESENTATION_CONTEXT(2) 
PARAMETRIC_REPRESENTATION_CONTEXT() REPRESENTATION_CONTEXT('2D SPACE',''
  ) );
#6791 = ORIENTED_EDGE('',*,*,#6792,.T.);
#6792 = EDGE_CURVE('',#6770,#6770,#6793,.T.);
#6793 = SURFACE_CURVE('',#6794,(#6799,#6806),.PCURVE_S1.);
#6794 = CIRCLE('',#6795,9.);
#6795 = AXIS2_PLACEMENT_3D('',#6796,#6797,#6798);
#6796 = CARTESIAN_POINT('',(-1.078323070959E+03,441.13216539225,
    78.747593357933));
#6797 = DIRECTION('',(0.722564301372,-0.295594486925,0.624919778598));
#6798 = DIRECTION('',(-0.654151514779,-2.775557561563E-17,0.756363534097
    ));
#6799 = PCURVE('',#6745,#6800);
#6800 = DEFINITIONAL_REPRESENTATION('',(#6801),#6805);
#6801 = LINE('',#6802,#6803);
#6802 = CARTESIAN_POINT('',(0.,0.));
#6803 = VECTOR('',#6804,1.);
#6804 = DIRECTION('',(1.,0.));
#6805 = ( GEOMETRIC_REPRESENTATION_CONTEXT(2) 
PARAMETRIC_REPRESENTATION_CONTEXT() REPRESENTATION_CONTEXT('2D SPACE',''
  ) );
#6806 = PCURVE('',#6807,#6812);
#6807 = PLANE('',#6808);
#6808 = AXIS2_PLACEMENT_3D('',#6809,#6810,#6811);
#6809 = CARTESIAN_POINT('',(-1.078323070959E+03,441.13216539225,
    78.747593357933));
#6810 = DIRECTION('',(0.722564301372,-0.295594486925,0.624919778598));
#6811 = DIRECTION('',(-0.654151514779,-2.775557561563E-17,0.756363534097
    ));
#6812 = DEFINITIONAL_REPRESENTATION('',(#6813),#6817);
#6813 = CIRCLE('',#6814,9.);
#6814 = AXIS2_PLACEMENT_2D('',#6815,#6816);
#6815 = CARTESIAN_POINT('',(0.,0.));
#6816 = DIRECTION('',(1.,0.));
#6817 = ( GEOMETRIC_REPRESENTATION_CONTEXT(2) 
PARAMETRIC_REPRESENTATION_CONTEXT() REPRESENTATION_CONTEXT('2D SPACE',''
  ) );
#6818 = ORIENTED_EDGE('',*,*,#6769,.T.);
#6819 = ADVANCED_FACE('',(#6820),#6757,.T.);
#6820 = FACE_BOUND('',#6821,.T.);
#6821 = EDGE_LOOP('',(#6822));
#6822 = ORIENTED_EDGE('',*,*,#6735,.T.);
#6823 = ADVANCED_FACE('',(#6824),#6807,.F.);
#6824 = FACE_BOUND('',#6825,.T.);
#6825 = EDGE_LOOP('',(#6826));
#6826 = ORIENTED_EDGE('',*,*,#6792,.F.);
#6827 = MANIFOLD_SOLID_BREP('',#6828);
#6828 = CLOSED_SHELL('',(#6829,#6917,#6921));
#6829 = ADVANCED_FACE('',(#6830),#6843,.T.);
#6830 = FACE_BOUND('',#6831,.T.);
#6831 = EDGE_LOOP('',(#6832,#6866,#6889,#6916));
#6832 = ORIENTED_EDGE('',*,*,#6833,.F.);
#6833 = EDGE_CURVE('',#6834,#6834,#6836,.T.);
#6834 = VERTEX_POINT('',#6835);
#6835 = CARTESIAN_POINT('',(-939.6975743174,-382.0132680072,
    210.53882088436));
#6836 = SURFACE_CURVE('',#6837,(#6842,#6854),.PCURVE_S1.);
#6837 = CIRCLE('',#6838,9.);
#6838 = AXIS2_PLACEMENT_3D('',#6839,#6840,#6841);
#6839 = CARTESIAN_POINT('',(-933.8102106844,-382.0132680072,
    203.73154907748));
#6840 = DIRECTION('',(0.722564301372,0.295594486925,0.624919778598));
#6841 = DIRECTION('',(-0.654151514779,2.775557561563E-17,0.756363534097)
  );
#6842 = PCURVE('',#6843,#6848);
#6843 = CYLINDRICAL_SURFACE('',#6844,9.);
#6844 = AXIS2_PLACEMENT_3D('',#6845,#6846,#6847);
#6845 = CARTESIAN_POINT('',(-1.078323070959E+03,-441.1321653922,
    78.747593357933));
#6846 = DIRECTION('',(0.722564301372,0.295594486925,0.624919778598));
#6847 = DIRECTION('',(-0.654151514779,2.775557561563E-17,0.756363534097)
  );
#6848 = DEFINITIONAL_REPRESENTATION('',(#6849),#6853);
#6849 = LINE('',#6850,#6851);
#6850 = CARTESIAN_POINT('',(0.,200.));
#6851 = VECTOR('',#6852,1.);
#6852 = DIRECTION('',(1.,0.));
#6853 = ( GEOMETRIC_REPRESENTATION_CONTEXT(2) 
PARAMETRIC_REPRESENTATION_CONTEXT() REPRESENTATION_CONTEXT('2D SPACE',''
  ) );
#6854 = PCURVE('',#6855,#6860);
#6855 = PLANE('',#6856);
#6856 = AXIS2_PLACEMENT_3D('',#6857,#6858,#6859);
#6857 = CARTESIAN_POINT('',(-933.8102106844,-382.0132680072,
    203.73154907748));
#6858 = DIRECTION('',(0.722564301372,0.295594486925,0.624919778598));
#6859 = DIRECTION('',(-0.654151514779,2.775557561563E-17,0.756363534097)
  );
#6860 = DEFINITIONAL_REPRESENTATION('',(#6861),#6865);
#6861 = CIRCLE('',#6862,9.);
#6862 = AXIS2_PLACEMENT_2D('',#6863,#6864);
#6863 = CARTESIAN_POINT('',(0.,0.));
#6864 = DIRECTION('',(1.,0.));
#6865 = ( GEOMETRIC_REPRESENTATION_CONTEXT(2) 
PARAMETRIC_REPRESENTATION_CONTEXT() REPRESENTATION_CONTEXT('2D SPACE',''
  ) );
#6866 = ORIENTED_EDGE('',*,*,#6867,.F.);
#6867 = EDGE_CURVE('',#6868,#6834,#6870,.T.);
#6868 = VERTEX_POINT('',#6869);
#6869 = CARTESIAN_POINT('',(-1.084210434592E+03,-441.1321653922,
    85.55486516481));
#6870 = SEAM_CURVE('',#6871,(#6875,#6882),.PCURVE_S1.);
#6871 = LINE('',#6872,#6873);
#6872 = CARTESIAN_POINT('',(-1.084210434592E+03,-441.1321653922,
    85.55486516481));
#6873 = VECTOR('',#6874,1.);
#6874 = DIRECTION('',(0.722564301372,0.295594486925,0.624919778598));
#6875 = PCURVE('',#6843,#6876);
#6876 = DEFINITIONAL_REPRESENTATION('',(#6877),#6881);
#6877 = LINE('',#6878,#6879);
#6878 = CARTESIAN_POINT('',(6.28318530718,-0.));
#6879 = VECTOR('',#6880,1.);
#6880 = DIRECTION('',(0.,1.));
#6881 = ( GEOMETRIC_REPRESENTATION_CONTEXT(2) 
PARAMETRIC_REPRESENTATION_CONTEXT() REPRESENTATION_CONTEXT('2D SPACE',''
  ) );
#6882 = PCURVE('',#6843,#6883);
#6883 = DEFINITIONAL_REPRESENTATION('',(#6884),#6888);
#6884 = LINE('',#6885,#6886);
#6885 = CARTESIAN_POINT('',(0.,-0.));
#6886 = VECTOR('',#6887,1.);
#6887 = DIRECTION('',(0.,1.));
#6888 = ( GEOMETRIC_REPRESENTATION_CONTEXT(2) 
PARAMETRIC_REPRESENTATION_CONTEXT() REPRESENTATION_CONTEXT('2D SPACE',''
  ) );
#6889 = ORIENTED_EDGE('',*,*,#6890,.T.);
#6890 = EDGE_CURVE('',#6868,#6868,#6891,.T.);
#6891 = SURFACE_CURVE('',#6892,(#6897,#6904),.PCURVE_S1.);
#6892 = CIRCLE('',#6893,9.);
#6893 = AXIS2_PLACEMENT_3D('',#6894,#6895,#6896);
#6894 = CARTESIAN_POINT('',(-1.078323070959E+03,-441.1321653922,
    78.747593357933));
#6895 = DIRECTION('',(0.722564301372,0.295594486925,0.624919778598));
#6896 = DIRECTION('',(-0.654151514779,2.775557561563E-17,0.756363534097)
  );
#6897 = PCURVE('',#6843,#6898);
#6898 = DEFINITIONAL_REPRESENTATION('',(#6899),#6903);
#6899 = LINE('',#6900,#6901);
#6900 = CARTESIAN_POINT('',(0.,0.));
#6901 = VECTOR('',#6902,1.);
#6902 = DIRECTION('',(1.,0.));
#6903 = ( GEOMETRIC_REPRESENTATION_CONTEXT(2) 
PARAMETRIC_REPRESENTATION_CONTEXT() REPRESENTATION_CONTEXT('2D SPACE',''
  ) );
#6904 = PCURVE('',#6905,#6910);
#6905 = PLANE('',#6906);
#6906 = AXIS2_PLACEMENT_3D('',#6907,#6908,#6909);
#6907 = CARTESIAN_POINT('',(-1.078323070959E+03,-441.1321653922,
    78.747593357933));
#6908 = DIRECTION('',(0.722564301372,0.295594486925,0.624919778598));
#6909 = DIRECTION('',(-0.654151514779,2.775557561563E-17,0.756363534097)
  );
#6910 = DEFINITIONAL_REPRESENTATION('',(#6911),#6915);
#6911 = CIRCLE('',#6912,9.);
#6912 = AXIS2_PLACEMENT_2D('',#6913,#6914);
#6913 = CARTESIAN_POINT('',(0.,0.));
#6914 = DIRECTION('',(1.,0.));
#6915 = ( GEOMETRIC_REPRESENTATION_CONTEXT(2) 
PARAMETRIC_REPRESENTATION_CONTEXT() REPRESENTATION_CONTEXT('2D SPACE',''
  ) );
#6916 = ORIENTED_EDGE('',*,*,#6867,.T.);
#6917 = ADVANCED_FACE('',(#6918),#6855,.T.);
#6918 = FACE_BOUND('',#6919,.T.);
#6919 = EDGE_LOOP('',(#6920));
#6920 = ORIENTED_EDGE('',*,*,#6833,.T.);
#6921 = ADVANCED_FACE('',(#6922),#6905,.F.);
#6922 = FACE_BOUND('',#6923,.T.);
#6923 = EDGE_LOOP('',(#6924));
#6924 = ORIENTED_EDGE('',*,*,#6890,.F.);
#6925 = MANIFOLD_SOLID_BREP('',#6926);
#6926 = CLOSED_SHELL('',(#6927,#7049,#7125,#7174,#7361,#7388,#7606,#7655
    ,#7704,#7731,#7781,#7865,#7912,#7966,#7991,#8046,#8053));
#6927 = ADVANCED_FACE('',(#6928),#6943,.T.);
#6928 = FACE_BOUND('',#6929,.T.);
#6929 = EDGE_LOOP('',(#6930,#6966,#6992,#7025));
#6930 = ORIENTED_EDGE('',*,*,#6931,.T.);
#6931 = EDGE_CURVE('',#6932,#6934,#6936,.T.);
#6932 = VERTEX_POINT('',#6933);
#6933 = CARTESIAN_POINT('',(154.15341561573,-20.,936.));
#6934 = VERTEX_POINT('',#6935);
#6935 = CARTESIAN_POINT('',(154.15341561573,20.,936.));
#6936 = SURFACE_CURVE('',#6937,(#6942,#6954),.PCURVE_S1.);
#6937 = CIRCLE('',#6938,65.);
#6938 = AXIS2_PLACEMENT_3D('',#6939,#6940,#6941);
#6939 = CARTESIAN_POINT('',(216.,0.,936.));
#6940 = DIRECTION('',(0.,0.,1.));
#6941 = DIRECTION('',(-0.951485913604,-0.307692307692,0.));
#6942 = PCURVE('',#6943,#6948);
#6943 = CYLINDRICAL_SURFACE('',#6944,65.);
#6944 = AXIS2_PLACEMENT_3D('',#6945,#6946,#6947);
#6945 = CARTESIAN_POINT('',(216.,0.,936.));
#6946 = DIRECTION('',(0.,0.,1.));
#6947 = DIRECTION('',(1.,0.,-0.));
#6948 = DEFINITIONAL_REPRESENTATION('',(#6949),#6953);
#6949 = LINE('',#6950,#6951);
#6950 = CARTESIAN_POINT('',(3.454359375531,0.));
#6951 = VECTOR('',#6952,1.);
#6952 = DIRECTION('',(1.,0.));
#6953 = ( GEOMETRIC_REPRESENTATION_CONTEXT(2) 
PARAMETRIC_REPRESENTATION_CONTEXT() REPRESENTATION_CONTEXT('2D SPACE',''
  ) );
#6954 = PCURVE('',#6955,#6960);
#6955 = PLANE('',#6956);
#6956 = AXIS2_PLACEMENT_3D('',#6957,#6958,#6959);
#6957 = CARTESIAN_POINT('',(216.,0.,936.));
#6958 = DIRECTION('',(0.,0.,1.));
#6959 = DIRECTION('',(1.,0.,-0.));
#6960 = DEFINITIONAL_REPRESENTATION('',(#6961),#6965);
#6961 = CIRCLE('',#6962,65.);
#6962 = AXIS2_PLACEMENT_2D('',#6963,#6964);
#6963 = CARTESIAN_POINT('',(0.,0.));
#6964 = DIRECTION('',(-0.951485913604,-0.307692307692));
#6965 = ( GEOMETRIC_REPRESENTATION_CONTEXT(2) 
PARAMETRIC_REPRESENTATION_CONTEXT() REPRESENTATION_CONTEXT('2D SPACE',''
  ) );
#6966 = ORIENTED_EDGE('',*,*,#6967,.T.);
#6967 = EDGE_CURVE('',#6934,#6968,#6970,.T.);
#6968 = VERTEX_POINT('',#6969);
#6969 = CARTESIAN_POINT('',(154.15341561573,20.,939.));
#6970 = SURFACE_CURVE('',#6971,(#6975,#6981),.PCURVE_S1.);
#6971 = LINE('',#6972,#6973);
#6972 = CARTESIAN_POINT('',(154.15341561573,20.,936.));
#6973 = VECTOR('',#6974,1.);
#6974 = DIRECTION('',(0.,0.,1.));
#6975 = PCURVE('',#6943,#6976);
#6976 = DEFINITIONAL_REPRESENTATION('',(#6977),#6980);
#6977 = B_SPLINE_CURVE_WITH_KNOTS('',1,(#6978,#6979),.UNSPECIFIED.,.F.,
  .F.,(2,2),(0.,3.),.PIECEWISE_BEZIER_KNOTS.);
#6978 = CARTESIAN_POINT('',(9.112011238828,0.));
#6979 = CARTESIAN_POINT('',(9.112011238828,3.));
#6980 = ( GEOMETRIC_REPRESENTATION_CONTEXT(2) 
PARAMETRIC_REPRESENTATION_CONTEXT() REPRESENTATION_CONTEXT('2D SPACE',''
  ) );
#6981 = PCURVE('',#6982,#6987);
#6982 = PLANE('',#6983);
#6983 = AXIS2_PLACEMENT_3D('',#6984,#6985,#6986);
#6984 = CARTESIAN_POINT('',(137.,20.,936.));
#6985 = DIRECTION('',(-0.,1.,0.));
#6986 = DIRECTION('',(0.,0.,1.));
#6987 = DEFINITIONAL_REPRESENTATION('',(#6988),#6991);
#6988 = B_SPLINE_CURVE_WITH_KNOTS('',1,(#6989,#6990),.UNSPECIFIED.,.F.,
  .F.,(2,2),(-2.399999971203E-06,3.0000024),.PIECEWISE_BEZIER_KNOTS.);
#6989 = CARTESIAN_POINT('',(-2.399999971203E-06,17.153415615735));
#6990 = CARTESIAN_POINT('',(3.0000024,17.153415615735));
#6991 = ( GEOMETRIC_REPRESENTATION_CONTEXT(2) 
PARAMETRIC_REPRESENTATION_CONTEXT() REPRESENTATION_CONTEXT('2D SPACE',''
  ) );
#6992 = ORIENTED_EDGE('',*,*,#6993,.T.);
#6993 = EDGE_CURVE('',#6968,#6994,#6996,.T.);
#6994 = VERTEX_POINT('',#6995);
#6995 = CARTESIAN_POINT('',(154.15341561573,-20.,939.));
#6996 = SURFACE_CURVE('',#6997,(#7002,#7009),.PCURVE_S1.);
#6997 = CIRCLE('',#6998,65.);
#6998 = AXIS2_PLACEMENT_3D('',#6999,#7000,#7001);
#6999 = CARTESIAN_POINT('',(216.,0.,939.));
#7000 = DIRECTION('',(0.,0.,-1.));
#7001 = DIRECTION('',(-0.951485913604,0.307692307692,0.));
#7002 = PCURVE('',#6943,#7003);
#7003 = DEFINITIONAL_REPRESENTATION('',(#7004),#7008);
#7004 = LINE('',#7005,#7006);
#7005 = CARTESIAN_POINT('',(9.112011238828,3.));
#7006 = VECTOR('',#7007,1.);
#7007 = DIRECTION('',(-1.,-0.));
#7008 = ( GEOMETRIC_REPRESENTATION_CONTEXT(2) 
PARAMETRIC_REPRESENTATION_CONTEXT() REPRESENTATION_CONTEXT('2D SPACE',''
  ) );
#7009 = PCURVE('',#7010,#7015);
#7010 = PLANE('',#7011);
#7011 = AXIS2_PLACEMENT_3D('',#7012,#7013,#7014);
#7012 = CARTESIAN_POINT('',(216.,0.,939.));
#7013 = DIRECTION('',(0.,0.,1.));
#7014 = DIRECTION('',(1.,0.,-0.));
#7015 = DEFINITIONAL_REPRESENTATION('',(#7016),#7024);
#7016 = ( BOUNDED_CURVE() B_SPLINE_CURVE(2,(#7017,#7018,#7019,#7020,
#7021,#7022,#7023),.UNSPECIFIED.,.T.,.F.) B_SPLINE_CURVE_WITH_KNOTS((1,2
    ,2,2,2,1),(-2.094395102393,0.,2.094395102393,4.188790204786,
6.28318530718,8.377580409573),.UNSPECIFIED.) CURVE() 
GEOMETRIC_REPRESENTATION_ITEM() RATIONAL_B_SPLINE_CURVE((1.,0.5,1.,0.5,
1.,0.5,1.)) REPRESENTATION_ITEM('') );
#7017 = CARTESIAN_POINT('',(-61.84658438426,20.));
#7018 = CARTESIAN_POINT('',(-27.20556823288,127.12142642814));
#7019 = CARTESIAN_POINT('',(48.243800267821,43.560713214071));
#7020 = CARTESIAN_POINT('',(123.69316876853,-40.));
#7021 = CARTESIAN_POINT('',(13.602784116444,-63.56071321407));
#7022 = CARTESIAN_POINT('',(-96.48760053564,-87.12142642814));
#7023 = CARTESIAN_POINT('',(-61.84658438426,20.));
#7024 = ( GEOMETRIC_REPRESENTATION_CONTEXT(2) 
PARAMETRIC_REPRESENTATION_CONTEXT() REPRESENTATION_CONTEXT('2D SPACE',''
  ) );
#7025 = ORIENTED_EDGE('',*,*,#7026,.F.);
#7026 = EDGE_CURVE('',#6932,#6994,#7027,.T.);
#7027 = SURFACE_CURVE('',#7028,(#7032,#7038),.PCURVE_S1.);
#7028 = LINE('',#7029,#7030);
#7029 = CARTESIAN_POINT('',(154.15341561573,-20.,936.));
#7030 = VECTOR('',#7031,1.);
#7031 = DIRECTION('',(0.,0.,1.));
#7032 = PCURVE('',#6943,#7033);
#7033 = DEFINITIONAL_REPRESENTATION('',(#7034),#7037);
#7034 = B_SPLINE_CURVE_WITH_KNOTS('',1,(#7035,#7036),.UNSPECIFIED.,.F.,
  .F.,(2,2),(0.,3.),.PIECEWISE_BEZIER_KNOTS.);
#7035 = CARTESIAN_POINT('',(3.454359375531,0.));
#7036 = CARTESIAN_POINT('',(3.454359375531,3.));
#7037 = ( GEOMETRIC_REPRESENTATION_CONTEXT(2) 
PARAMETRIC_REPRESENTATION_CONTEXT() REPRESENTATION_CONTEXT('2D SPACE',''
  ) );
#7038 = PCURVE('',#7039,#7044);
#7039 = PLANE('',#7040);
#7040 = AXIS2_PLACEMENT_3D('',#7041,#7042,#7043);
#7041 = CARTESIAN_POINT('',(137.,-20.,936.));
#7042 = DIRECTION('',(-0.,1.,0.));
#7043 = DIRECTION('',(0.,0.,1.));
#7044 = DEFINITIONAL_REPRESENTATION('',(#7045),#7048);
#7045 = B_SPLINE_CURVE_WITH_KNOTS('',1,(#7046,#7047),.UNSPECIFIED.,.F.,
  .F.,(2,2),(-2.399999971203E-06,3.0000024),.PIECEWISE_BEZIER_KNOTS.);
#7046 = CARTESIAN_POINT('',(-2.399999971203E-06,17.153415615735));
#7047 = CARTESIAN_POINT('',(3.0000024,17.153415615735));
#7048 = ( GEOMETRIC_REPRESENTATION_CONTEXT(2) 
PARAMETRIC_REPRESENTATION_CONTEXT() REPRESENTATION_CONTEXT('2D SPACE',''
  ) );
#7049 = ADVANCED_FACE('',(#7050),#6955,.F.);
#7050 = FACE_BOUND('',#7051,.F.);
#7051 = EDGE_LOOP('',(#7052,#7053,#7076,#7104));
#7052 = ORIENTED_EDGE('',*,*,#6931,.T.);
#7053 = ORIENTED_EDGE('',*,*,#7054,.F.);
#7054 = EDGE_CURVE('',#7055,#6934,#7057,.T.);
#7055 = VERTEX_POINT('',#7056);
#7056 = CARTESIAN_POINT('',(137.,20.,936.));
#7057 = SURFACE_CURVE('',#7058,(#7062,#7069),.PCURVE_S1.);
#7058 = LINE('',#7059,#7060);
#7059 = CARTESIAN_POINT('',(137.,20.,936.));
#7060 = VECTOR('',#7061,1.);
#7061 = DIRECTION('',(1.,0.,-0.));
#7062 = PCURVE('',#6955,#7063);
#7063 = DEFINITIONAL_REPRESENTATION('',(#7064),#7068);
#7064 = LINE('',#7065,#7066);
#7065 = CARTESIAN_POINT('',(-79.,20.));
#7066 = VECTOR('',#7067,1.);
#7067 = DIRECTION('',(1.,0.));
#7068 = ( GEOMETRIC_REPRESENTATION_CONTEXT(2) 
PARAMETRIC_REPRESENTATION_CONTEXT() REPRESENTATION_CONTEXT('2D SPACE',''
  ) );
#7069 = PCURVE('',#6982,#7070);
#7070 = DEFINITIONAL_REPRESENTATION('',(#7071),#7075);
#7071 = LINE('',#7072,#7073);
#7072 = CARTESIAN_POINT('',(0.,0.));
#7073 = VECTOR('',#7074,1.);
#7074 = DIRECTION('',(0.,1.));
#7075 = ( GEOMETRIC_REPRESENTATION_CONTEXT(2) 
PARAMETRIC_REPRESENTATION_CONTEXT() REPRESENTATION_CONTEXT('2D SPACE',''
  ) );
#7076 = ORIENTED_EDGE('',*,*,#7077,.F.);
#7077 = EDGE_CURVE('',#7078,#7055,#7080,.T.);
#7078 = VERTEX_POINT('',#7079);
#7079 = CARTESIAN_POINT('',(137.,-20.,936.));
#7080 = SURFACE_CURVE('',#7081,(#7085,#7092),.PCURVE_S1.);
#7081 = LINE('',#7082,#7083);
#7082 = CARTESIAN_POINT('',(137.,-20.,936.));
#7083 = VECTOR('',#7084,1.);
#7084 = DIRECTION('',(-0.,1.,0.));
#7085 = PCURVE('',#6955,#7086);
#7086 = DEFINITIONAL_REPRESENTATION('',(#7087),#7091);
#7087 = LINE('',#7088,#7089);
#7088 = CARTESIAN_POINT('',(-79.,-20.));
#7089 = VECTOR('',#7090,1.);
#7090 = DIRECTION('',(0.,1.));
#7091 = ( GEOMETRIC_REPRESENTATION_CONTEXT(2) 
PARAMETRIC_REPRESENTATION_CONTEXT() REPRESENTATION_CONTEXT('2D SPACE',''
  ) );
#7092 = PCURVE('',#7093,#7098);
#7093 = PLANE('',#7094);
#7094 = AXIS2_PLACEMENT_3D('',#7095,#7096,#7097);
#7095 = CARTESIAN_POINT('',(137.,-20.,936.));
#7096 = DIRECTION('',(1.,0.,-0.));
#7097 = DIRECTION('',(0.,0.,1.));
#7098 = DEFINITIONAL_REPRESENTATION('',(#7099),#7103);
#7099 = LINE('',#7100,#7101);
#7100 = CARTESIAN_POINT('',(0.,0.));
#7101 = VECTOR('',#7102,1.);
#7102 = DIRECTION('',(0.,-1.));
#7103 = ( GEOMETRIC_REPRESENTATION_CONTEXT(2) 
PARAMETRIC_REPRESENTATION_CONTEXT() REPRESENTATION_CONTEXT('2D SPACE',''
  ) );
#7104 = ORIENTED_EDGE('',*,*,#7105,.T.);
#7105 = EDGE_CURVE('',#7078,#6932,#7106,.T.);
#7106 = SURFACE_CURVE('',#7107,(#7111,#7118),.PCURVE_S1.);
#7107 = LINE('',#7108,#7109);
#7108 = CARTESIAN_POINT('',(137.,-20.,936.));
#7109 = VECTOR('',#7110,1.);
#7110 = DIRECTION('',(1.,0.,-0.));
#7111 = PCURVE('',#6955,#7112);
#7112 = DEFINITIONAL_REPRESENTATION('',(#7113),#7117);
#7113 = LINE('',#7114,#7115);
#7114 = CARTESIAN_POINT('',(-79.,-20.));
#7115 = VECTOR('',#7116,1.);
#7116 = DIRECTION('',(1.,0.));
#7117 = ( GEOMETRIC_REPRESENTATION_CONTEXT(2) 
PARAMETRIC_REPRESENTATION_CONTEXT() REPRESENTATION_CONTEXT('2D SPACE',''
  ) );
#7118 = PCURVE('',#7039,#7119);
#7119 = DEFINITIONAL_REPRESENTATION('',(#7120),#7124);
#7120 = LINE('',#7121,#7122);
#7121 = CARTESIAN_POINT('',(0.,0.));
#7122 = VECTOR('',#7123,1.);
#7123 = DIRECTION('',(0.,1.));
#7124 = ( GEOMETRIC_REPRESENTATION_CONTEXT(2) 
PARAMETRIC_REPRESENTATION_CONTEXT() REPRESENTATION_CONTEXT('2D SPACE',''
  ) );
#7125 = ADVANCED_FACE('',(#7126),#6982,.T.);
#7126 = FACE_BOUND('',#7127,.T.);
#7127 = EDGE_LOOP('',(#7128,#7129,#7152,#7173));
#7128 = ORIENTED_EDGE('',*,*,#7054,.F.);
#7129 = ORIENTED_EDGE('',*,*,#7130,.T.);
#7130 = EDGE_CURVE('',#7055,#7131,#7133,.T.);
#7131 = VERTEX_POINT('',#7132);
#7132 = CARTESIAN_POINT('',(137.,20.,939.));
#7133 = SURFACE_CURVE('',#7134,(#7138,#7145),.PCURVE_S1.);
#7134 = LINE('',#7135,#7136);
#7135 = CARTESIAN_POINT('',(137.,20.,936.));
#7136 = VECTOR('',#7137,1.);
#7137 = DIRECTION('',(0.,0.,1.));
#7138 = PCURVE('',#6982,#7139);
#7139 = DEFINITIONAL_REPRESENTATION('',(#7140),#7144);
#7140 = LINE('',#7141,#7142);
#7141 = CARTESIAN_POINT('',(0.,0.));
#7142 = VECTOR('',#7143,1.);
#7143 = DIRECTION('',(1.,0.));
#7144 = ( GEOMETRIC_REPRESENTATION_CONTEXT(2) 
PARAMETRIC_REPRESENTATION_CONTEXT() REPRESENTATION_CONTEXT('2D SPACE',''
  ) );
#7145 = PCURVE('',#7093,#7146);
#7146 = DEFINITIONAL_REPRESENTATION('',(#7147),#7151);
#7147 = LINE('',#7148,#7149);
#7148 = CARTESIAN_POINT('',(0.,-40.));
#7149 = VECTOR('',#7150,1.);
#7150 = DIRECTION('',(1.,0.));
#7151 = ( GEOMETRIC_REPRESENTATION_CONTEXT(2) 
PARAMETRIC_REPRESENTATION_CONTEXT() REPRESENTATION_CONTEXT('2D SPACE',''
  ) );
#7152 = ORIENTED_EDGE('',*,*,#7153,.T.);
#7153 = EDGE_CURVE('',#7131,#6968,#7154,.T.);
#7154 = SURFACE_CURVE('',#7155,(#7159,#7166),.PCURVE_S1.);
#7155 = LINE('',#7156,#7157);
#7156 = CARTESIAN_POINT('',(137.,20.,939.));
#7157 = VECTOR('',#7158,1.);
#7158 = DIRECTION('',(1.,0.,-0.));
#7159 = PCURVE('',#6982,#7160);
#7160 = DEFINITIONAL_REPRESENTATION('',(#7161),#7165);
#7161 = LINE('',#7162,#7163);
#7162 = CARTESIAN_POINT('',(3.,0.));
#7163 = VECTOR('',#7164,1.);
#7164 = DIRECTION('',(0.,1.));
#7165 = ( GEOMETRIC_REPRESENTATION_CONTEXT(2) 
PARAMETRIC_REPRESENTATION_CONTEXT() REPRESENTATION_CONTEXT('2D SPACE',''
  ) );
#7166 = PCURVE('',#7010,#7167);
#7167 = DEFINITIONAL_REPRESENTATION('',(#7168),#7172);
#7168 = LINE('',#7169,#7170);
#7169 = CARTESIAN_POINT('',(-79.,20.));
#7170 = VECTOR('',#7171,1.);
#7171 = DIRECTION('',(1.,0.));
#7172 = ( GEOMETRIC_REPRESENTATION_CONTEXT(2) 
PARAMETRIC_REPRESENTATION_CONTEXT() REPRESENTATION_CONTEXT('2D SPACE',''
  ) );
#7173 = ORIENTED_EDGE('',*,*,#6967,.F.);
#7174 = ADVANCED_FACE('',(#7175,#7330),#7010,.T.);
#7175 = FACE_BOUND('',#7176,.T.);
#7176 = EDGE_LOOP('',(#7177,#7178,#7179,#7202,#7230,#7258,#7286,#7309));
#7177 = ORIENTED_EDGE('',*,*,#6993,.F.);
#7178 = ORIENTED_EDGE('',*,*,#7153,.F.);
#7179 = ORIENTED_EDGE('',*,*,#7180,.F.);
#7180 = EDGE_CURVE('',#7181,#7131,#7183,.T.);
#7181 = VERTEX_POINT('',#7182);
#7182 = CARTESIAN_POINT('',(137.,12.,939.));
#7183 = SURFACE_CURVE('',#7184,(#7188,#7195),.PCURVE_S1.);
#7184 = LINE('',#7185,#7186);
#7185 = CARTESIAN_POINT('',(137.,-20.,939.));
#7186 = VECTOR('',#7187,1.);
#7187 = DIRECTION('',(-0.,1.,0.));
#7188 = PCURVE('',#7010,#7189);
#7189 = DEFINITIONAL_REPRESENTATION('',(#7190),#7194);
#7190 = LINE('',#7191,#7192);
#7191 = CARTESIAN_POINT('',(-79.,-20.));
#7192 = VECTOR('',#7193,1.);
#7193 = DIRECTION('',(0.,1.));
#7194 = ( GEOMETRIC_REPRESENTATION_CONTEXT(2) 
PARAMETRIC_REPRESENTATION_CONTEXT() REPRESENTATION_CONTEXT('2D SPACE',''
  ) );
#7195 = PCURVE('',#7093,#7196);
#7196 = DEFINITIONAL_REPRESENTATION('',(#7197),#7201);
#7197 = LINE('',#7198,#7199);
#7198 = CARTESIAN_POINT('',(3.,0.));
#7199 = VECTOR('',#7200,1.);
#7200 = DIRECTION('',(0.,-1.));
#7201 = ( GEOMETRIC_REPRESENTATION_CONTEXT(2) 
PARAMETRIC_REPRESENTATION_CONTEXT() REPRESENTATION_CONTEXT('2D SPACE',''
  ) );
#7202 = ORIENTED_EDGE('',*,*,#7203,.T.);
#7203 = EDGE_CURVE('',#7181,#7204,#7206,.T.);
#7204 = VERTEX_POINT('',#7205);
#7205 = CARTESIAN_POINT('',(151.,12.,939.));
#7206 = SURFACE_CURVE('',#7207,(#7211,#7218),.PCURVE_S1.);
#7207 = LINE('',#7208,#7209);
#7208 = CARTESIAN_POINT('',(137.,12.,939.));
#7209 = VECTOR('',#7210,1.);
#7210 = DIRECTION('',(1.,0.,-0.));
#7211 = PCURVE('',#7010,#7212);
#7212 = DEFINITIONAL_REPRESENTATION('',(#7213),#7217);
#7213 = LINE('',#7214,#7215);
#7214 = CARTESIAN_POINT('',(-79.,12.));
#7215 = VECTOR('',#7216,1.);
#7216 = DIRECTION('',(1.,0.));
#7217 = ( GEOMETRIC_REPRESENTATION_CONTEXT(2) 
PARAMETRIC_REPRESENTATION_CONTEXT() REPRESENTATION_CONTEXT('2D SPACE',''
  ) );
#7218 = PCURVE('',#7219,#7224);
#7219 = PLANE('',#7220);
#7220 = AXIS2_PLACEMENT_3D('',#7221,#7222,#7223);
#7221 = CARTESIAN_POINT('',(137.,12.,939.));
#7222 = DIRECTION('',(-0.,1.,0.));
#7223 = DIRECTION('',(0.,0.,1.));
#7224 = DEFINITIONAL_REPRESENTATION('',(#7225),#7229);
#7225 = LINE('',#7226,#7227);
#7226 = CARTESIAN_POINT('',(0.,0.));
#7227 = VECTOR('',#7228,1.);
#7228 = DIRECTION('',(0.,1.));
#7229 = ( GEOMETRIC_REPRESENTATION_CONTEXT(2) 
PARAMETRIC_REPRESENTATION_CONTEXT() REPRESENTATION_CONTEXT('2D SPACE',''
  ) );
#7230 = ORIENTED_EDGE('',*,*,#7231,.F.);
#7231 = EDGE_CURVE('',#7232,#7204,#7234,.T.);
#7232 = VERTEX_POINT('',#7233);
#7233 = CARTESIAN_POINT('',(151.,-12.,939.));
#7234 = SURFACE_CURVE('',#7235,(#7239,#7246),.PCURVE_S1.);
#7235 = LINE('',#7236,#7237);
#7236 = CARTESIAN_POINT('',(151.,-12.,939.));
#7237 = VECTOR('',#7238,1.);
#7238 = DIRECTION('',(-0.,1.,0.));
#7239 = PCURVE('',#7010,#7240);
#7240 = DEFINITIONAL_REPRESENTATION('',(#7241),#7245);
#7241 = LINE('',#7242,#7243);
#7242 = CARTESIAN_POINT('',(-65.,-12.));
#7243 = VECTOR('',#7244,1.);
#7244 = DIRECTION('',(0.,1.));
#7245 = ( GEOMETRIC_REPRESENTATION_CONTEXT(2) 
PARAMETRIC_REPRESENTATION_CONTEXT() REPRESENTATION_CONTEXT('2D SPACE',''
  ) );
#7246 = PCURVE('',#7247,#7252);
#7247 = PLANE('',#7248);
#7248 = AXIS2_PLACEMENT_3D('',#7249,#7250,#7251);
#7249 = CARTESIAN_POINT('',(151.,-12.,939.));
#7250 = DIRECTION('',(1.,0.,-0.));
#7251 = DIRECTION('',(0.,0.,1.));
#7252 = DEFINITIONAL_REPRESENTATION('',(#7253),#7257);
#7253 = LINE('',#7254,#7255);
#7254 = CARTESIAN_POINT('',(0.,0.));
#7255 = VECTOR('',#7256,1.);
#7256 = DIRECTION('',(0.,-1.));
#7257 = ( GEOMETRIC_REPRESENTATION_CONTEXT(2) 
PARAMETRIC_REPRESENTATION_CONTEXT() REPRESENTATION_CONTEXT('2D SPACE',''
  ) );
#7258 = ORIENTED_EDGE('',*,*,#7259,.F.);
#7259 = EDGE_CURVE('',#7260,#7232,#7262,.T.);
#7260 = VERTEX_POINT('',#7261);
#7261 = CARTESIAN_POINT('',(137.,-12.,939.));
#7262 = SURFACE_CURVE('',#7263,(#7267,#7274),.PCURVE_S1.);
#7263 = LINE('',#7264,#7265);
#7264 = CARTESIAN_POINT('',(137.,-12.,939.));
#7265 = VECTOR('',#7266,1.);
#7266 = DIRECTION('',(1.,0.,-0.));
#7267 = PCURVE('',#7010,#7268);
#7268 = DEFINITIONAL_REPRESENTATION('',(#7269),#7273);
#7269 = LINE('',#7270,#7271);
#7270 = CARTESIAN_POINT('',(-79.,-12.));
#7271 = VECTOR('',#7272,1.);
#7272 = DIRECTION('',(1.,0.));
#7273 = ( GEOMETRIC_REPRESENTATION_CONTEXT(2) 
PARAMETRIC_REPRESENTATION_CONTEXT() REPRESENTATION_CONTEXT('2D SPACE',''
  ) );
#7274 = PCURVE('',#7275,#7280);
#7275 = PLANE('',#7276);
#7276 = AXIS2_PLACEMENT_3D('',#7277,#7278,#7279);
#7277 = CARTESIAN_POINT('',(137.,-12.,939.));
#7278 = DIRECTION('',(-0.,1.,0.));
#7279 = DIRECTION('',(0.,0.,1.));
#7280 = DEFINITIONAL_REPRESENTATION('',(#7281),#7285);
#7281 = LINE('',#7282,#7283);
#7282 = CARTESIAN_POINT('',(0.,0.));
#7283 = VECTOR('',#7284,1.);
#7284 = DIRECTION('',(0.,1.));
#7285 = ( GEOMETRIC_REPRESENTATION_CONTEXT(2) 
PARAMETRIC_REPRESENTATION_CONTEXT() REPRESENTATION_CONTEXT('2D SPACE',''
  ) );
#7286 = ORIENTED_EDGE('',*,*,#7287,.F.);
#7287 = EDGE_CURVE('',#7288,#7260,#7290,.T.);
#7288 = VERTEX_POINT('',#7289);
#7289 = CARTESIAN_POINT('',(137.,-20.,939.));
#7290 = SURFACE_CURVE('',#7291,(#7295,#7302),.PCURVE_S1.);
#7291 = LINE('',#7292,#7293);
#7292 = CARTESIAN_POINT('',(137.,-20.,939.));
#7293 = VECTOR('',#7294,1.);
#7294 = DIRECTION('',(-0.,1.,0.));
#7295 = PCURVE('',#7010,#7296);
#7296 = DEFINITIONAL_REPRESENTATION('',(#7297),#7301);
#7297 = LINE('',#7298,#7299);
#7298 = CARTESIAN_POINT('',(-79.,-20.));
#7299 = VECTOR('',#7300,1.);
#7300 = DIRECTION('',(0.,1.));
#7301 = ( GEOMETRIC_REPRESENTATION_CONTEXT(2) 
PARAMETRIC_REPRESENTATION_CONTEXT() REPRESENTATION_CONTEXT('2D SPACE',''
  ) );
#7302 = PCURVE('',#7093,#7303);
#7303 = DEFINITIONAL_REPRESENTATION('',(#7304),#7308);
#7304 = LINE('',#7305,#7306);
#7305 = CARTESIAN_POINT('',(3.,0.));
#7306 = VECTOR('',#7307,1.);
#7307 = DIRECTION('',(0.,-1.));
#7308 = ( GEOMETRIC_REPRESENTATION_CONTEXT(2) 
PARAMETRIC_REPRESENTATION_CONTEXT() REPRESENTATION_CONTEXT('2D SPACE',''
  ) );
#7309 = ORIENTED_EDGE('',*,*,#7310,.T.);
#7310 = EDGE_CURVE('',#7288,#6994,#7311,.T.);
#7311 = SURFACE_CURVE('',#7312,(#7316,#7323),.PCURVE_S1.);
#7312 = LINE('',#7313,#7314);
#7313 = CARTESIAN_POINT('',(137.,-20.,939.));
#7314 = VECTOR('',#7315,1.);
#7315 = DIRECTION('',(1.,0.,-0.));
#7316 = PCURVE('',#7010,#7317);
#7317 = DEFINITIONAL_REPRESENTATION('',(#7318),#7322);
#7318 = LINE('',#7319,#7320);
#7319 = CARTESIAN_POINT('',(-79.,-20.));
#7320 = VECTOR('',#7321,1.);
#7321 = DIRECTION('',(1.,0.));
#7322 = ( GEOMETRIC_REPRESENTATION_CONTEXT(2) 
PARAMETRIC_REPRESENTATION_CONTEXT() REPRESENTATION_CONTEXT('2D SPACE',''
  ) );
#7323 = PCURVE('',#7039,#7324);
#7324 = DEFINITIONAL_REPRESENTATION('',(#7325),#7329);
#7325 = LINE('',#7326,#7327);
#7326 = CARTESIAN_POINT('',(3.,0.));
#7327 = VECTOR('',#7328,1.);
#7328 = DIRECTION('',(0.,1.));
#7329 = ( GEOMETRIC_REPRESENTATION_CONTEXT(2) 
PARAMETRIC_REPRESENTATION_CONTEXT() REPRESENTATION_CONTEXT('2D SPACE',''
  ) );
#7330 = FACE_BOUND('',#7331,.T.);
#7331 = EDGE_LOOP('',(#7332));
#7332 = ORIENTED_EDGE('',*,*,#7333,.F.);
#7333 = EDGE_CURVE('',#7334,#7334,#7336,.T.);
#7334 = VERTEX_POINT('',#7335);
#7335 = CARTESIAN_POINT('',(222.,-1.469576158977E-15,939.));
#7336 = SURFACE_CURVE('',#7337,(#7342,#7349),.PCURVE_S1.);
#7337 = CIRCLE('',#7338,6.);
#7338 = AXIS2_PLACEMENT_3D('',#7339,#7340,#7341);
#7339 = CARTESIAN_POINT('',(216.,0.,939.));
#7340 = DIRECTION('',(0.,0.,1.));
#7341 = DIRECTION('',(1.,0.,-0.));
#7342 = PCURVE('',#7010,#7343);
#7343 = DEFINITIONAL_REPRESENTATION('',(#7344),#7348);
#7344 = CIRCLE('',#7345,6.);
#7345 = AXIS2_PLACEMENT_2D('',#7346,#7347);
#7346 = CARTESIAN_POINT('',(0.,0.));
#7347 = DIRECTION('',(1.,0.));
#7348 = ( GEOMETRIC_REPRESENTATION_CONTEXT(2) 
PARAMETRIC_REPRESENTATION_CONTEXT() REPRESENTATION_CONTEXT('2D SPACE',''
  ) );
#7349 = PCURVE('',#7350,#7355);
#7350 = CYLINDRICAL_SURFACE('',#7351,6.);
#7351 = AXIS2_PLACEMENT_3D('',#7352,#7353,#7354);
#7352 = CARTESIAN_POINT('',(216.,0.,936.));
#7353 = DIRECTION('',(0.,0.,1.));
#7354 = DIRECTION('',(1.,0.,-0.));
#7355 = DEFINITIONAL_REPRESENTATION('',(#7356),#7360);
#7356 = LINE('',#7357,#7358);
#7357 = CARTESIAN_POINT('',(0.,3.));
#7358 = VECTOR('',#7359,1.);
#7359 = DIRECTION('',(1.,0.));
#7360 = ( GEOMETRIC_REPRESENTATION_CONTEXT(2) 
PARAMETRIC_REPRESENTATION_CONTEXT() REPRESENTATION_CONTEXT('2D SPACE',''
  ) );
#7361 = ADVANCED_FACE('',(#7362),#7039,.F.);
#7362 = FACE_BOUND('',#7363,.F.);
#7363 = EDGE_LOOP('',(#7364,#7365,#7386,#7387));
#7364 = ORIENTED_EDGE('',*,*,#7105,.F.);
#7365 = ORIENTED_EDGE('',*,*,#7366,.T.);
#7366 = EDGE_CURVE('',#7078,#7288,#7367,.T.);
#7367 = SURFACE_CURVE('',#7368,(#7372,#7379),.PCURVE_S1.);
#7368 = LINE('',#7369,#7370);
#7369 = CARTESIAN_POINT('',(137.,-20.,936.));
#7370 = VECTOR('',#7371,1.);
#7371 = DIRECTION('',(0.,0.,1.));
#7372 = PCURVE('',#7039,#7373);
#7373 = DEFINITIONAL_REPRESENTATION('',(#7374),#7378);
#7374 = LINE('',#7375,#7376);
#7375 = CARTESIAN_POINT('',(0.,0.));
#7376 = VECTOR('',#7377,1.);
#7377 = DIRECTION('',(1.,0.));
#7378 = ( GEOMETRIC_REPRESENTATION_CONTEXT(2) 
PARAMETRIC_REPRESENTATION_CONTEXT() REPRESENTATION_CONTEXT('2D SPACE',''
  ) );
#7379 = PCURVE('',#7093,#7380);
#7380 = DEFINITIONAL_REPRESENTATION('',(#7381),#7385);
#7381 = LINE('',#7382,#7383);
#7382 = CARTESIAN_POINT('',(0.,0.));
#7383 = VECTOR('',#7384,1.);
#7384 = DIRECTION('',(1.,0.));
#7385 = ( GEOMETRIC_REPRESENTATION_CONTEXT(2) 
PARAMETRIC_REPRESENTATION_CONTEXT() REPRESENTATION_CONTEXT('2D SPACE',''
  ) );
#7386 = ORIENTED_EDGE('',*,*,#7310,.T.);
#7387 = ORIENTED_EDGE('',*,*,#7026,.F.);
#7388 = ADVANCED_FACE('',(#7389,#7575),#7093,.F.);
#7389 = FACE_BOUND('',#7390,.F.);
#7390 = EDGE_LOOP('',(#7391,#7392,#7393,#7394,#7395,#7418,#7446,#7474,
    #7502,#7530,#7553,#7574));
#7391 = ORIENTED_EDGE('',*,*,#7366,.F.);
#7392 = ORIENTED_EDGE('',*,*,#7077,.T.);
#7393 = ORIENTED_EDGE('',*,*,#7130,.T.);
#7394 = ORIENTED_EDGE('',*,*,#7180,.F.);
#7395 = ORIENTED_EDGE('',*,*,#7396,.T.);
#7396 = EDGE_CURVE('',#7181,#7397,#7399,.T.);
#7397 = VERTEX_POINT('',#7398);
#7398 = CARTESIAN_POINT('',(137.,12.,961.));
#7399 = SURFACE_CURVE('',#7400,(#7404,#7411),.PCURVE_S1.);
#7400 = LINE('',#7401,#7402);
#7401 = CARTESIAN_POINT('',(137.,12.,939.));
#7402 = VECTOR('',#7403,1.);
#7403 = DIRECTION('',(0.,0.,1.));
#7404 = PCURVE('',#7093,#7405);
#7405 = DEFINITIONAL_REPRESENTATION('',(#7406),#7410);
#7406 = LINE('',#7407,#7408);
#7407 = CARTESIAN_POINT('',(3.,-32.));
#7408 = VECTOR('',#7409,1.);
#7409 = DIRECTION('',(1.,0.));
#7410 = ( GEOMETRIC_REPRESENTATION_CONTEXT(2) 
PARAMETRIC_REPRESENTATION_CONTEXT() REPRESENTATION_CONTEXT('2D SPACE',''
  ) );
#7411 = PCURVE('',#7219,#7412);
#7412 = DEFINITIONAL_REPRESENTATION('',(#7413),#7417);
#7413 = LINE('',#7414,#7415);
#7414 = CARTESIAN_POINT('',(0.,0.));
#7415 = VECTOR('',#7416,1.);
#7416 = DIRECTION('',(1.,0.));
#7417 = ( GEOMETRIC_REPRESENTATION_CONTEXT(2) 
PARAMETRIC_REPRESENTATION_CONTEXT() REPRESENTATION_CONTEXT('2D SPACE',''
  ) );
#7418 = ORIENTED_EDGE('',*,*,#7419,.T.);
#7419 = EDGE_CURVE('',#7397,#7420,#7422,.T.);
#7420 = VERTEX_POINT('',#7421);
#7421 = CARTESIAN_POINT('',(137.,20.,961.));
#7422 = SURFACE_CURVE('',#7423,(#7427,#7434),.PCURVE_S1.);
#7423 = LINE('',#7424,#7425);
#7424 = CARTESIAN_POINT('',(137.,-20.,961.));
#7425 = VECTOR('',#7426,1.);
#7426 = DIRECTION('',(-0.,1.,0.));
#7427 = PCURVE('',#7093,#7428);
#7428 = DEFINITIONAL_REPRESENTATION('',(#7429),#7433);
#7429 = LINE('',#7430,#7431);
#7430 = CARTESIAN_POINT('',(25.,0.));
#7431 = VECTOR('',#7432,1.);
#7432 = DIRECTION('',(0.,-1.));
#7433 = ( GEOMETRIC_REPRESENTATION_CONTEXT(2) 
PARAMETRIC_REPRESENTATION_CONTEXT() REPRESENTATION_CONTEXT('2D SPACE',''
  ) );
#7434 = PCURVE('',#7435,#7440);
#7435 = PLANE('',#7436);
#7436 = AXIS2_PLACEMENT_3D('',#7437,#7438,#7439);
#7437 = CARTESIAN_POINT('',(216.,0.,961.));
#7438 = DIRECTION('',(0.,0.,1.));
#7439 = DIRECTION('',(1.,0.,-0.));
#7440 = DEFINITIONAL_REPRESENTATION('',(#7441),#7445);
#7441 = LINE('',#7442,#7443);
#7442 = CARTESIAN_POINT('',(-79.,-20.));
#7443 = VECTOR('',#7444,1.);
#7444 = DIRECTION('',(0.,1.));
#7445 = ( GEOMETRIC_REPRESENTATION_CONTEXT(2) 
PARAMETRIC_REPRESENTATION_CONTEXT() REPRESENTATION_CONTEXT('2D SPACE',''
  ) );
#7446 = ORIENTED_EDGE('',*,*,#7447,.T.);
#7447 = EDGE_CURVE('',#7420,#7448,#7450,.T.);
#7448 = VERTEX_POINT('',#7449);
#7449 = CARTESIAN_POINT('',(137.,20.,964.));
#7450 = SURFACE_CURVE('',#7451,(#7455,#7462),.PCURVE_S1.);
#7451 = LINE('',#7452,#7453);
#7452 = CARTESIAN_POINT('',(137.,20.,961.));
#7453 = VECTOR('',#7454,1.);
#7454 = DIRECTION('',(0.,0.,1.));
#7455 = PCURVE('',#7093,#7456);
#7456 = DEFINITIONAL_REPRESENTATION('',(#7457),#7461);
#7457 = LINE('',#7458,#7459);
#7458 = CARTESIAN_POINT('',(25.,-40.));
#7459 = VECTOR('',#7460,1.);
#7460 = DIRECTION('',(1.,0.));
#7461 = ( GEOMETRIC_REPRESENTATION_CONTEXT(2) 
PARAMETRIC_REPRESENTATION_CONTEXT() REPRESENTATION_CONTEXT('2D SPACE',''
  ) );
#7462 = PCURVE('',#7463,#7468);
#7463 = PLANE('',#7464);
#7464 = AXIS2_PLACEMENT_3D('',#7465,#7466,#7467);
#7465 = CARTESIAN_POINT('',(137.,20.,961.));
#7466 = DIRECTION('',(-0.,1.,0.));
#7467 = DIRECTION('',(0.,0.,1.));
#7468 = DEFINITIONAL_REPRESENTATION('',(#7469),#7473);
#7469 = LINE('',#7470,#7471);
#7470 = CARTESIAN_POINT('',(0.,0.));
#7471 = VECTOR('',#7472,1.);
#7472 = DIRECTION('',(1.,0.));
#7473 = ( GEOMETRIC_REPRESENTATION_CONTEXT(2) 
PARAMETRIC_REPRESENTATION_CONTEXT() REPRESENTATION_CONTEXT('2D SPACE',''
  ) );
#7474 = ORIENTED_EDGE('',*,*,#7475,.F.);
#7475 = EDGE_CURVE('',#7476,#7448,#7478,.T.);
#7476 = VERTEX_POINT('',#7477);
#7477 = CARTESIAN_POINT('',(137.,-20.,964.));
#7478 = SURFACE_CURVE('',#7479,(#7483,#7490),.PCURVE_S1.);
#7479 = LINE('',#7480,#7481);
#7480 = CARTESIAN_POINT('',(137.,-20.,964.));
#7481 = VECTOR('',#7482,1.);
#7482 = DIRECTION('',(-0.,1.,0.));
#7483 = PCURVE('',#7093,#7484);
#7484 = DEFINITIONAL_REPRESENTATION('',(#7485),#7489);
#7485 = LINE('',#7486,#7487);
#7486 = CARTESIAN_POINT('',(28.,0.));
#7487 = VECTOR('',#7488,1.);
#7488 = DIRECTION('',(0.,-1.));
#7489 = ( GEOMETRIC_REPRESENTATION_CONTEXT(2) 
PARAMETRIC_REPRESENTATION_CONTEXT() REPRESENTATION_CONTEXT('2D SPACE',''
  ) );
#7490 = PCURVE('',#7491,#7496);
#7491 = PLANE('',#7492);
#7492 = AXIS2_PLACEMENT_3D('',#7493,#7494,#7495);
#7493 = CARTESIAN_POINT('',(216.,0.,964.));
#7494 = DIRECTION('',(0.,0.,1.));
#7495 = DIRECTION('',(1.,0.,-0.));
#7496 = DEFINITIONAL_REPRESENTATION('',(#7497),#7501);
#7497 = LINE('',#7498,#7499);
#7498 = CARTESIAN_POINT('',(-79.,-20.));
#7499 = VECTOR('',#7500,1.);
#7500 = DIRECTION('',(0.,1.));
#7501 = ( GEOMETRIC_REPRESENTATION_CONTEXT(2) 
PARAMETRIC_REPRESENTATION_CONTEXT() REPRESENTATION_CONTEXT('2D SPACE',''
  ) );
#7502 = ORIENTED_EDGE('',*,*,#7503,.F.);
#7503 = EDGE_CURVE('',#7504,#7476,#7506,.T.);
#7504 = VERTEX_POINT('',#7505);
#7505 = CARTESIAN_POINT('',(137.,-20.,961.));
#7506 = SURFACE_CURVE('',#7507,(#7511,#7518),.PCURVE_S1.);
#7507 = LINE('',#7508,#7509);
#7508 = CARTESIAN_POINT('',(137.,-20.,961.));
#7509 = VECTOR('',#7510,1.);
#7510 = DIRECTION('',(0.,0.,1.));
#7511 = PCURVE('',#7093,#7512);
#7512 = DEFINITIONAL_REPRESENTATION('',(#7513),#7517);
#7513 = LINE('',#7514,#7515);
#7514 = CARTESIAN_POINT('',(25.,0.));
#7515 = VECTOR('',#7516,1.);
#7516 = DIRECTION('',(1.,0.));
#7517 = ( GEOMETRIC_REPRESENTATION_CONTEXT(2) 
PARAMETRIC_REPRESENTATION_CONTEXT() REPRESENTATION_CONTEXT('2D SPACE',''
  ) );
#7518 = PCURVE('',#7519,#7524);
#7519 = PLANE('',#7520);
#7520 = AXIS2_PLACEMENT_3D('',#7521,#7522,#7523);
#7521 = CARTESIAN_POINT('',(137.,-20.,961.));
#7522 = DIRECTION('',(-0.,1.,0.));
#7523 = DIRECTION('',(0.,0.,1.));
#7524 = DEFINITIONAL_REPRESENTATION('',(#7525),#7529);
#7525 = LINE('',#7526,#7527);
#7526 = CARTESIAN_POINT('',(0.,0.));
#7527 = VECTOR('',#7528,1.);
#7528 = DIRECTION('',(1.,0.));
#7529 = ( GEOMETRIC_REPRESENTATION_CONTEXT(2) 
PARAMETRIC_REPRESENTATION_CONTEXT() REPRESENTATION_CONTEXT('2D SPACE',''
  ) );
#7530 = ORIENTED_EDGE('',*,*,#7531,.T.);
#7531 = EDGE_CURVE('',#7504,#7532,#7534,.T.);
#7532 = VERTEX_POINT('',#7533);
#7533 = CARTESIAN_POINT('',(137.,-12.,961.));
#7534 = SURFACE_CURVE('',#7535,(#7539,#7546),.PCURVE_S1.);
#7535 = LINE('',#7536,#7537);
#7536 = CARTESIAN_POINT('',(137.,-20.,961.));
#7537 = VECTOR('',#7538,1.);
#7538 = DIRECTION('',(-0.,1.,0.));
#7539 = PCURVE('',#7093,#7540);
#7540 = DEFINITIONAL_REPRESENTATION('',(#7541),#7545);
#7541 = LINE('',#7542,#7543);
#7542 = CARTESIAN_POINT('',(25.,0.));
#7543 = VECTOR('',#7544,1.);
#7544 = DIRECTION('',(0.,-1.));
#7545 = ( GEOMETRIC_REPRESENTATION_CONTEXT(2) 
PARAMETRIC_REPRESENTATION_CONTEXT() REPRESENTATION_CONTEXT('2D SPACE',''
  ) );
#7546 = PCURVE('',#7435,#7547);
#7547 = DEFINITIONAL_REPRESENTATION('',(#7548),#7552);
#7548 = LINE('',#7549,#7550);
#7549 = CARTESIAN_POINT('',(-79.,-20.));
#7550 = VECTOR('',#7551,1.);
#7551 = DIRECTION('',(0.,1.));
#7552 = ( GEOMETRIC_REPRESENTATION_CONTEXT(2) 
PARAMETRIC_REPRESENTATION_CONTEXT() REPRESENTATION_CONTEXT('2D SPACE',''
  ) );
#7553 = ORIENTED_EDGE('',*,*,#7554,.F.);
#7554 = EDGE_CURVE('',#7260,#7532,#7555,.T.);
#7555 = SURFACE_CURVE('',#7556,(#7560,#7567),.PCURVE_S1.);
#7556 = LINE('',#7557,#7558);
#7557 = CARTESIAN_POINT('',(137.,-12.,939.));
#7558 = VECTOR('',#7559,1.);
#7559 = DIRECTION('',(0.,0.,1.));
#7560 = PCURVE('',#7093,#7561);
#7561 = DEFINITIONAL_REPRESENTATION('',(#7562),#7566);
#7562 = LINE('',#7563,#7564);
#7563 = CARTESIAN_POINT('',(3.,-8.));
#7564 = VECTOR('',#7565,1.);
#7565 = DIRECTION('',(1.,0.));
#7566 = ( GEOMETRIC_REPRESENTATION_CONTEXT(2) 
PARAMETRIC_REPRESENTATION_CONTEXT() REPRESENTATION_CONTEXT('2D SPACE',''
  ) );
#7567 = PCURVE('',#7275,#7568);
#7568 = DEFINITIONAL_REPRESENTATION('',(#7569),#7573);
#7569 = LINE('',#7570,#7571);
#7570 = CARTESIAN_POINT('',(0.,0.));
#7571 = VECTOR('',#7572,1.);
#7572 = DIRECTION('',(1.,0.));
#7573 = ( GEOMETRIC_REPRESENTATION_CONTEXT(2) 
PARAMETRIC_REPRESENTATION_CONTEXT() REPRESENTATION_CONTEXT('2D SPACE',''
  ) );
#7574 = ORIENTED_EDGE('',*,*,#7287,.F.);
#7575 = FACE_BOUND('',#7576,.F.);
#7576 = EDGE_LOOP('',(#7577));
#7577 = ORIENTED_EDGE('',*,*,#7578,.F.);
#7578 = EDGE_CURVE('',#7579,#7579,#7581,.T.);
#7579 = VERTEX_POINT('',#7580);
#7580 = CARTESIAN_POINT('',(137.,-1.469576158977E-15,944.));
#7581 = SURFACE_CURVE('',#7582,(#7587,#7594),.PCURVE_S1.);
#7582 = CIRCLE('',#7583,6.);
#7583 = AXIS2_PLACEMENT_3D('',#7584,#7585,#7586);
#7584 = CARTESIAN_POINT('',(137.,0.,950.));
#7585 = DIRECTION('',(1.,-0.,2.22044604925E-16));
#7586 = DIRECTION('',(2.22044604925E-16,0.,-1.));
#7587 = PCURVE('',#7093,#7588);
#7588 = DEFINITIONAL_REPRESENTATION('',(#7589),#7593);
#7589 = CIRCLE('',#7590,6.);
#7590 = AXIS2_PLACEMENT_2D('',#7591,#7592);
#7591 = CARTESIAN_POINT('',(14.,-20.));
#7592 = DIRECTION('',(-1.,0.));
#7593 = ( GEOMETRIC_REPRESENTATION_CONTEXT(2) 
PARAMETRIC_REPRESENTATION_CONTEXT() REPRESENTATION_CONTEXT('2D SPACE',''
  ) );
#7594 = PCURVE('',#7595,#7600);
#7595 = CYLINDRICAL_SURFACE('',#7596,6.);
#7596 = AXIS2_PLACEMENT_3D('',#7597,#7598,#7599);
#7597 = CARTESIAN_POINT('',(129.,0.,950.));
#7598 = DIRECTION('',(1.,0.,2.22044604925E-16));
#7599 = DIRECTION('',(2.22044604925E-16,0.,-1.));
#7600 = DEFINITIONAL_REPRESENTATION('',(#7601),#7605);
#7601 = LINE('',#7602,#7603);
#7602 = CARTESIAN_POINT('',(0.,8.));
#7603 = VECTOR('',#7604,1.);
#7604 = DIRECTION('',(1.,0.));
#7605 = ( GEOMETRIC_REPRESENTATION_CONTEXT(2) 
PARAMETRIC_REPRESENTATION_CONTEXT() REPRESENTATION_CONTEXT('2D SPACE',''
  ) );
#7606 = ADVANCED_FACE('',(#7607),#7219,.T.);
#7607 = FACE_BOUND('',#7608,.T.);
#7608 = EDGE_LOOP('',(#7609,#7610,#7611,#7634));
#7609 = ORIENTED_EDGE('',*,*,#7203,.F.);
#7610 = ORIENTED_EDGE('',*,*,#7396,.T.);
#7611 = ORIENTED_EDGE('',*,*,#7612,.T.);
#7612 = EDGE_CURVE('',#7397,#7613,#7615,.T.);
#7613 = VERTEX_POINT('',#7614);
#7614 = CARTESIAN_POINT('',(151.,12.,961.));
#7615 = SURFACE_CURVE('',#7616,(#7620,#7627),.PCURVE_S1.);
#7616 = LINE('',#7617,#7618);
#7617 = CARTESIAN_POINT('',(137.,12.,961.));
#7618 = VECTOR('',#7619,1.);
#7619 = DIRECTION('',(1.,0.,-0.));
#7620 = PCURVE('',#7219,#7621);
#7621 = DEFINITIONAL_REPRESENTATION('',(#7622),#7626);
#7622 = LINE('',#7623,#7624);
#7623 = CARTESIAN_POINT('',(22.,0.));
#7624 = VECTOR('',#7625,1.);
#7625 = DIRECTION('',(0.,1.));
#7626 = ( GEOMETRIC_REPRESENTATION_CONTEXT(2) 
PARAMETRIC_REPRESENTATION_CONTEXT() REPRESENTATION_CONTEXT('2D SPACE',''
  ) );
#7627 = PCURVE('',#7435,#7628);
#7628 = DEFINITIONAL_REPRESENTATION('',(#7629),#7633);
#7629 = LINE('',#7630,#7631);
#7630 = CARTESIAN_POINT('',(-79.,12.));
#7631 = VECTOR('',#7632,1.);
#7632 = DIRECTION('',(1.,0.));
#7633 = ( GEOMETRIC_REPRESENTATION_CONTEXT(2) 
PARAMETRIC_REPRESENTATION_CONTEXT() REPRESENTATION_CONTEXT('2D SPACE',''
  ) );
#7634 = ORIENTED_EDGE('',*,*,#7635,.F.);
#7635 = EDGE_CURVE('',#7204,#7613,#7636,.T.);
#7636 = SURFACE_CURVE('',#7637,(#7641,#7648),.PCURVE_S1.);
#7637 = LINE('',#7638,#7639);
#7638 = CARTESIAN_POINT('',(151.,12.,939.));
#7639 = VECTOR('',#7640,1.);
#7640 = DIRECTION('',(0.,0.,1.));
#7641 = PCURVE('',#7219,#7642);
#7642 = DEFINITIONAL_REPRESENTATION('',(#7643),#7647);
#7643 = LINE('',#7644,#7645);
#7644 = CARTESIAN_POINT('',(0.,14.));
#7645 = VECTOR('',#7646,1.);
#7646 = DIRECTION('',(1.,0.));
#7647 = ( GEOMETRIC_REPRESENTATION_CONTEXT(2) 
PARAMETRIC_REPRESENTATION_CONTEXT() REPRESENTATION_CONTEXT('2D SPACE',''
  ) );
#7648 = PCURVE('',#7247,#7649);
#7649 = DEFINITIONAL_REPRESENTATION('',(#7650),#7654);
#7650 = LINE('',#7651,#7652);
#7651 = CARTESIAN_POINT('',(0.,-24.));
#7652 = VECTOR('',#7653,1.);
#7653 = DIRECTION('',(1.,0.));
#7654 = ( GEOMETRIC_REPRESENTATION_CONTEXT(2) 
PARAMETRIC_REPRESENTATION_CONTEXT() REPRESENTATION_CONTEXT('2D SPACE',''
  ) );
#7655 = ADVANCED_FACE('',(#7656),#7275,.F.);
#7656 = FACE_BOUND('',#7657,.F.);
#7657 = EDGE_LOOP('',(#7658,#7659,#7660,#7683));
#7658 = ORIENTED_EDGE('',*,*,#7259,.F.);
#7659 = ORIENTED_EDGE('',*,*,#7554,.T.);
#7660 = ORIENTED_EDGE('',*,*,#7661,.T.);
#7661 = EDGE_CURVE('',#7532,#7662,#7664,.T.);
#7662 = VERTEX_POINT('',#7663);
#7663 = CARTESIAN_POINT('',(151.,-12.,961.));
#7664 = SURFACE_CURVE('',#7665,(#7669,#7676),.PCURVE_S1.);
#7665 = LINE('',#7666,#7667);
#7666 = CARTESIAN_POINT('',(137.,-12.,961.));
#7667 = VECTOR('',#7668,1.);
#7668 = DIRECTION('',(1.,0.,-0.));
#7669 = PCURVE('',#7275,#7670);
#7670 = DEFINITIONAL_REPRESENTATION('',(#7671),#7675);
#7671 = LINE('',#7672,#7673);
#7672 = CARTESIAN_POINT('',(22.,0.));
#7673 = VECTOR('',#7674,1.);
#7674 = DIRECTION('',(0.,1.));
#7675 = ( GEOMETRIC_REPRESENTATION_CONTEXT(2) 
PARAMETRIC_REPRESENTATION_CONTEXT() REPRESENTATION_CONTEXT('2D SPACE',''
  ) );
#7676 = PCURVE('',#7435,#7677);
#7677 = DEFINITIONAL_REPRESENTATION('',(#7678),#7682);
#7678 = LINE('',#7679,#7680);
#7679 = CARTESIAN_POINT('',(-79.,-12.));
#7680 = VECTOR('',#7681,1.);
#7681 = DIRECTION('',(1.,0.));
#7682 = ( GEOMETRIC_REPRESENTATION_CONTEXT(2) 
PARAMETRIC_REPRESENTATION_CONTEXT() REPRESENTATION_CONTEXT('2D SPACE',''
  ) );
#7683 = ORIENTED_EDGE('',*,*,#7684,.F.);
#7684 = EDGE_CURVE('',#7232,#7662,#7685,.T.);
#7685 = SURFACE_CURVE('',#7686,(#7690,#7697),.PCURVE_S1.);
#7686 = LINE('',#7687,#7688);
#7687 = CARTESIAN_POINT('',(151.,-12.,939.));
#7688 = VECTOR('',#7689,1.);
#7689 = DIRECTION('',(0.,0.,1.));
#7690 = PCURVE('',#7275,#7691);
#7691 = DEFINITIONAL_REPRESENTATION('',(#7692),#7696);
#7692 = LINE('',#7693,#7694);
#7693 = CARTESIAN_POINT('',(0.,14.));
#7694 = VECTOR('',#7695,1.);
#7695 = DIRECTION('',(1.,0.));
#7696 = ( GEOMETRIC_REPRESENTATION_CONTEXT(2) 
PARAMETRIC_REPRESENTATION_CONTEXT() REPRESENTATION_CONTEXT('2D SPACE',''
  ) );
#7697 = PCURVE('',#7247,#7698);
#7698 = DEFINITIONAL_REPRESENTATION('',(#7699),#7703);
#7699 = LINE('',#7700,#7701);
#7700 = CARTESIAN_POINT('',(0.,0.));
#7701 = VECTOR('',#7702,1.);
#7702 = DIRECTION('',(1.,0.));
#7703 = ( GEOMETRIC_REPRESENTATION_CONTEXT(2) 
PARAMETRIC_REPRESENTATION_CONTEXT() REPRESENTATION_CONTEXT('2D SPACE',''
  ) );
#7704 = ADVANCED_FACE('',(#7705),#7247,.T.);
#7705 = FACE_BOUND('',#7706,.T.);
#7706 = EDGE_LOOP('',(#7707,#7708,#7709,#7710));
#7707 = ORIENTED_EDGE('',*,*,#7684,.F.);
#7708 = ORIENTED_EDGE('',*,*,#7231,.T.);
#7709 = ORIENTED_EDGE('',*,*,#7635,.T.);
#7710 = ORIENTED_EDGE('',*,*,#7711,.F.);
#7711 = EDGE_CURVE('',#7662,#7613,#7712,.T.);
#7712 = SURFACE_CURVE('',#7713,(#7717,#7724),.PCURVE_S1.);
#7713 = LINE('',#7714,#7715);
#7714 = CARTESIAN_POINT('',(151.,-12.,961.));
#7715 = VECTOR('',#7716,1.);
#7716 = DIRECTION('',(-0.,1.,0.));
#7717 = PCURVE('',#7247,#7718);
#7718 = DEFINITIONAL_REPRESENTATION('',(#7719),#7723);
#7719 = LINE('',#7720,#7721);
#7720 = CARTESIAN_POINT('',(22.,0.));
#7721 = VECTOR('',#7722,1.);
#7722 = DIRECTION('',(0.,-1.));
#7723 = ( GEOMETRIC_REPRESENTATION_CONTEXT(2) 
PARAMETRIC_REPRESENTATION_CONTEXT() REPRESENTATION_CONTEXT('2D SPACE',''
  ) );
#7724 = PCURVE('',#7435,#7725);
#7725 = DEFINITIONAL_REPRESENTATION('',(#7726),#7730);
#7726 = LINE('',#7727,#7728);
#7727 = CARTESIAN_POINT('',(-65.,-12.));
#7728 = VECTOR('',#7729,1.);
#7729 = DIRECTION('',(0.,1.));
#7730 = ( GEOMETRIC_REPRESENTATION_CONTEXT(2) 
PARAMETRIC_REPRESENTATION_CONTEXT() REPRESENTATION_CONTEXT('2D SPACE',''
  ) );
#7731 = ADVANCED_FACE('',(#7732),#7350,.T.);
#7732 = FACE_BOUND('',#7733,.T.);
#7733 = EDGE_LOOP('',(#7734,#7758,#7779,#7780));
#7734 = ORIENTED_EDGE('',*,*,#7735,.F.);
#7735 = EDGE_CURVE('',#7736,#7736,#7738,.T.);
#7736 = VERTEX_POINT('',#7737);
#7737 = CARTESIAN_POINT('',(222.,-1.469576158977E-15,961.));
#7738 = SURFACE_CURVE('',#7739,(#7744,#7751),.PCURVE_S1.);
#7739 = CIRCLE('',#7740,6.);
#7740 = AXIS2_PLACEMENT_3D('',#7741,#7742,#7743);
#7741 = CARTESIAN_POINT('',(216.,0.,961.));
#7742 = DIRECTION('',(0.,0.,1.));
#7743 = DIRECTION('',(1.,0.,-0.));
#7744 = PCURVE('',#7350,#7745);
#7745 = DEFINITIONAL_REPRESENTATION('',(#7746),#7750);
#7746 = LINE('',#7747,#7748);
#7747 = CARTESIAN_POINT('',(0.,25.));
#7748 = VECTOR('',#7749,1.);
#7749 = DIRECTION('',(1.,0.));
#7750 = ( GEOMETRIC_REPRESENTATION_CONTEXT(2) 
PARAMETRIC_REPRESENTATION_CONTEXT() REPRESENTATION_CONTEXT('2D SPACE',''
  ) );
#7751 = PCURVE('',#7435,#7752);
#7752 = DEFINITIONAL_REPRESENTATION('',(#7753),#7757);
#7753 = CIRCLE('',#7754,6.);
#7754 = AXIS2_PLACEMENT_2D('',#7755,#7756);
#7755 = CARTESIAN_POINT('',(0.,0.));
#7756 = DIRECTION('',(1.,0.));
#7757 = ( GEOMETRIC_REPRESENTATION_CONTEXT(2) 
PARAMETRIC_REPRESENTATION_CONTEXT() REPRESENTATION_CONTEXT('2D SPACE',''
  ) );
#7758 = ORIENTED_EDGE('',*,*,#7759,.F.);
#7759 = EDGE_CURVE('',#7334,#7736,#7760,.T.);
#7760 = SEAM_CURVE('',#7761,(#7765,#7772),.PCURVE_S1.);
#7761 = LINE('',#7762,#7763);
#7762 = CARTESIAN_POINT('',(222.,-1.469576158977E-15,936.));
#7763 = VECTOR('',#7764,1.);
#7764 = DIRECTION('',(0.,0.,1.));
#7765 = PCURVE('',#7350,#7766);
#7766 = DEFINITIONAL_REPRESENTATION('',(#7767),#7771);
#7767 = LINE('',#7768,#7769);
#7768 = CARTESIAN_POINT('',(6.28318530718,-0.));
#7769 = VECTOR('',#7770,1.);
#7770 = DIRECTION('',(0.,1.));
#7771 = ( GEOMETRIC_REPRESENTATION_CONTEXT(2) 
PARAMETRIC_REPRESENTATION_CONTEXT() REPRESENTATION_CONTEXT('2D SPACE',''
  ) );
#7772 = PCURVE('',#7350,#7773);
#7773 = DEFINITIONAL_REPRESENTATION('',(#7774),#7778);
#7774 = LINE('',#7775,#7776);
#7775 = CARTESIAN_POINT('',(0.,-0.));
#7776 = VECTOR('',#7777,1.);
#7777 = DIRECTION('',(0.,1.));
#7778 = ( GEOMETRIC_REPRESENTATION_CONTEXT(2) 
PARAMETRIC_REPRESENTATION_CONTEXT() REPRESENTATION_CONTEXT('2D SPACE',''
  ) );
#7779 = ORIENTED_EDGE('',*,*,#7333,.T.);
#7780 = ORIENTED_EDGE('',*,*,#7759,.T.);
#7781 = ADVANCED_FACE('',(#7782,#7862),#7435,.F.);
#7782 = FACE_BOUND('',#7783,.F.);
#7783 = EDGE_LOOP('',(#7784,#7807,#7836,#7857,#7858,#7859,#7860,#7861));
#7784 = ORIENTED_EDGE('',*,*,#7785,.T.);
#7785 = EDGE_CURVE('',#7504,#7786,#7788,.T.);
#7786 = VERTEX_POINT('',#7787);
#7787 = CARTESIAN_POINT('',(154.15341561573,-20.,961.));
#7788 = SURFACE_CURVE('',#7789,(#7793,#7800),.PCURVE_S1.);
#7789 = LINE('',#7790,#7791);
#7790 = CARTESIAN_POINT('',(137.,-20.,961.));
#7791 = VECTOR('',#7792,1.);
#7792 = DIRECTION('',(1.,0.,-0.));
#7793 = PCURVE('',#7435,#7794);
#7794 = DEFINITIONAL_REPRESENTATION('',(#7795),#7799);
#7795 = LINE('',#7796,#7797);
#7796 = CARTESIAN_POINT('',(-79.,-20.));
#7797 = VECTOR('',#7798,1.);
#7798 = DIRECTION('',(1.,0.));
#7799 = ( GEOMETRIC_REPRESENTATION_CONTEXT(2) 
PARAMETRIC_REPRESENTATION_CONTEXT() REPRESENTATION_CONTEXT('2D SPACE',''
  ) );
#7800 = PCURVE('',#7519,#7801);
#7801 = DEFINITIONAL_REPRESENTATION('',(#7802),#7806);
#7802 = LINE('',#7803,#7804);
#7803 = CARTESIAN_POINT('',(0.,0.));
#7804 = VECTOR('',#7805,1.);
#7805 = DIRECTION('',(0.,1.));
#7806 = ( GEOMETRIC_REPRESENTATION_CONTEXT(2) 
PARAMETRIC_REPRESENTATION_CONTEXT() REPRESENTATION_CONTEXT('2D SPACE',''
  ) );
#7807 = ORIENTED_EDGE('',*,*,#7808,.T.);
#7808 = EDGE_CURVE('',#7786,#7809,#7811,.T.);
#7809 = VERTEX_POINT('',#7810);
#7810 = CARTESIAN_POINT('',(154.15341561573,20.,961.));
#7811 = SURFACE_CURVE('',#7812,(#7817,#7824),.PCURVE_S1.);
#7812 = CIRCLE('',#7813,65.);
#7813 = AXIS2_PLACEMENT_3D('',#7814,#7815,#7816);
#7814 = CARTESIAN_POINT('',(216.,0.,961.));
#7815 = DIRECTION('',(0.,0.,1.));
#7816 = DIRECTION('',(-0.951485913604,-0.307692307692,0.));
#7817 = PCURVE('',#7435,#7818);
#7818 = DEFINITIONAL_REPRESENTATION('',(#7819),#7823);
#7819 = CIRCLE('',#7820,65.);
#7820 = AXIS2_PLACEMENT_2D('',#7821,#7822);
#7821 = CARTESIAN_POINT('',(0.,0.));
#7822 = DIRECTION('',(-0.951485913604,-0.307692307692));
#7823 = ( GEOMETRIC_REPRESENTATION_CONTEXT(2) 
PARAMETRIC_REPRESENTATION_CONTEXT() REPRESENTATION_CONTEXT('2D SPACE',''
  ) );
#7824 = PCURVE('',#7825,#7830);
#7825 = CYLINDRICAL_SURFACE('',#7826,65.);
#7826 = AXIS2_PLACEMENT_3D('',#7827,#7828,#7829);
#7827 = CARTESIAN_POINT('',(216.,0.,961.));
#7828 = DIRECTION('',(0.,0.,1.));
#7829 = DIRECTION('',(1.,0.,-0.));
#7830 = DEFINITIONAL_REPRESENTATION('',(#7831),#7835);
#7831 = LINE('',#7832,#7833);
#7832 = CARTESIAN_POINT('',(3.454359375531,0.));
#7833 = VECTOR('',#7834,1.);
#7834 = DIRECTION('',(1.,0.));
#7835 = ( GEOMETRIC_REPRESENTATION_CONTEXT(2) 
PARAMETRIC_REPRESENTATION_CONTEXT() REPRESENTATION_CONTEXT('2D SPACE',''
  ) );
#7836 = ORIENTED_EDGE('',*,*,#7837,.F.);
#7837 = EDGE_CURVE('',#7420,#7809,#7838,.T.);
#7838 = SURFACE_CURVE('',#7839,(#7843,#7850),.PCURVE_S1.);
#7839 = LINE('',#7840,#7841);
#7840 = CARTESIAN_POINT('',(137.,20.,961.));
#7841 = VECTOR('',#7842,1.);
#7842 = DIRECTION('',(1.,0.,-0.));
#7843 = PCURVE('',#7435,#7844);
#7844 = DEFINITIONAL_REPRESENTATION('',(#7845),#7849);
#7845 = LINE('',#7846,#7847);
#7846 = CARTESIAN_POINT('',(-79.,20.));
#7847 = VECTOR('',#7848,1.);
#7848 = DIRECTION('',(1.,0.));
#7849 = ( GEOMETRIC_REPRESENTATION_CONTEXT(2) 
PARAMETRIC_REPRESENTATION_CONTEXT() REPRESENTATION_CONTEXT('2D SPACE',''
  ) );
#7850 = PCURVE('',#7463,#7851);
#7851 = DEFINITIONAL_REPRESENTATION('',(#7852),#7856);
#7852 = LINE('',#7853,#7854);
#7853 = CARTESIAN_POINT('',(0.,0.));
#7854 = VECTOR('',#7855,1.);
#7855 = DIRECTION('',(0.,1.));
#7856 = ( GEOMETRIC_REPRESENTATION_CONTEXT(2) 
PARAMETRIC_REPRESENTATION_CONTEXT() REPRESENTATION_CONTEXT('2D SPACE',''
  ) );
#7857 = ORIENTED_EDGE('',*,*,#7419,.F.);
#7858 = ORIENTED_EDGE('',*,*,#7612,.T.);
#7859 = ORIENTED_EDGE('',*,*,#7711,.F.);
#7860 = ORIENTED_EDGE('',*,*,#7661,.F.);
#7861 = ORIENTED_EDGE('',*,*,#7531,.F.);
#7862 = FACE_BOUND('',#7863,.F.);
#7863 = EDGE_LOOP('',(#7864));
#7864 = ORIENTED_EDGE('',*,*,#7735,.F.);
#7865 = ADVANCED_FACE('',(#7866),#7519,.F.);
#7866 = FACE_BOUND('',#7867,.F.);
#7867 = EDGE_LOOP('',(#7868,#7869,#7870,#7893));
#7868 = ORIENTED_EDGE('',*,*,#7785,.F.);
#7869 = ORIENTED_EDGE('',*,*,#7503,.T.);
#7870 = ORIENTED_EDGE('',*,*,#7871,.T.);
#7871 = EDGE_CURVE('',#7476,#7872,#7874,.T.);
#7872 = VERTEX_POINT('',#7873);
#7873 = CARTESIAN_POINT('',(154.15341561573,-20.,964.));
#7874 = SURFACE_CURVE('',#7875,(#7879,#7886),.PCURVE_S1.);
#7875 = LINE('',#7876,#7877);
#7876 = CARTESIAN_POINT('',(137.,-20.,964.));
#7877 = VECTOR('',#7878,1.);
#7878 = DIRECTION('',(1.,0.,-0.));
#7879 = PCURVE('',#7519,#7880);
#7880 = DEFINITIONAL_REPRESENTATION('',(#7881),#7885);
#7881 = LINE('',#7882,#7883);
#7882 = CARTESIAN_POINT('',(3.,0.));
#7883 = VECTOR('',#7884,1.);
#7884 = DIRECTION('',(0.,1.));
#7885 = ( GEOMETRIC_REPRESENTATION_CONTEXT(2) 
PARAMETRIC_REPRESENTATION_CONTEXT() REPRESENTATION_CONTEXT('2D SPACE',''
  ) );
#7886 = PCURVE('',#7491,#7887);
#7887 = DEFINITIONAL_REPRESENTATION('',(#7888),#7892);
#7888 = LINE('',#7889,#7890);
#7889 = CARTESIAN_POINT('',(-79.,-20.));
#7890 = VECTOR('',#7891,1.);
#7891 = DIRECTION('',(1.,0.));
#7892 = ( GEOMETRIC_REPRESENTATION_CONTEXT(2) 
PARAMETRIC_REPRESENTATION_CONTEXT() REPRESENTATION_CONTEXT('2D SPACE',''
  ) );
#7893 = ORIENTED_EDGE('',*,*,#7894,.F.);
#7894 = EDGE_CURVE('',#7786,#7872,#7895,.T.);
#7895 = SURFACE_CURVE('',#7896,(#7900,#7906),.PCURVE_S1.);
#7896 = LINE('',#7897,#7898);
#7897 = CARTESIAN_POINT('',(154.15341561573,-20.,961.));
#7898 = VECTOR('',#7899,1.);
#7899 = DIRECTION('',(0.,0.,1.));
#7900 = PCURVE('',#7519,#7901);
#7901 = DEFINITIONAL_REPRESENTATION('',(#7902),#7905);
#7902 = B_SPLINE_CURVE_WITH_KNOTS('',1,(#7903,#7904),.UNSPECIFIED.,.F.,
  .F.,(2,2),(-2.399999971203E-06,3.0000024),.PIECEWISE_BEZIER_KNOTS.);
#7903 = CARTESIAN_POINT('',(-2.399999971203E-06,17.153415615735));
#7904 = CARTESIAN_POINT('',(3.0000024,17.153415615735));
#7905 = ( GEOMETRIC_REPRESENTATION_CONTEXT(2) 
PARAMETRIC_REPRESENTATION_CONTEXT() REPRESENTATION_CONTEXT('2D SPACE',''
  ) );
#7906 = PCURVE('',#7825,#7907);
#7907 = DEFINITIONAL_REPRESENTATION('',(#7908),#7911);
#7908 = B_SPLINE_CURVE_WITH_KNOTS('',1,(#7909,#7910),.UNSPECIFIED.,.F.,
  .F.,(2,2),(0.,3.),.PIECEWISE_BEZIER_KNOTS.);
#7909 = CARTESIAN_POINT('',(3.454359375531,0.));
#7910 = CARTESIAN_POINT('',(3.454359375531,3.));
#7911 = ( GEOMETRIC_REPRESENTATION_CONTEXT(2) 
PARAMETRIC_REPRESENTATION_CONTEXT() REPRESENTATION_CONTEXT('2D SPACE',''
  ) );
#7912 = ADVANCED_FACE('',(#7913),#7491,.T.);
#7913 = FACE_BOUND('',#7914,.T.);
#7914 = EDGE_LOOP('',(#7915,#7943,#7964,#7965));
#7915 = ORIENTED_EDGE('',*,*,#7916,.F.);
#7916 = EDGE_CURVE('',#7917,#7872,#7919,.T.);
#7917 = VERTEX_POINT('',#7918);
#7918 = CARTESIAN_POINT('',(154.15341561573,20.,964.));
#7919 = SURFACE_CURVE('',#7920,(#7925,#7936),.PCURVE_S1.);
#7920 = CIRCLE('',#7921,65.);
#7921 = AXIS2_PLACEMENT_3D('',#7922,#7923,#7924);
#7922 = CARTESIAN_POINT('',(216.,0.,964.));
#7923 = DIRECTION('',(0.,0.,-1.));
#7924 = DIRECTION('',(-0.951485913604,0.307692307692,0.));
#7925 = PCURVE('',#7491,#7926);
#7926 = DEFINITIONAL_REPRESENTATION('',(#7927),#7935);
#7927 = ( BOUNDED_CURVE() B_SPLINE_CURVE(2,(#7928,#7929,#7930,#7931,
#7932,#7933,#7934),.UNSPECIFIED.,.T.,.F.) B_SPLINE_CURVE_WITH_KNOTS((1,2
    ,2,2,2,1),(-2.094395102393,0.,2.094395102393,4.188790204786,
6.28318530718,8.377580409573),.UNSPECIFIED.) CURVE() 
GEOMETRIC_REPRESENTATION_ITEM() RATIONAL_B_SPLINE_CURVE((1.,0.5,1.,0.5,
1.,0.5,1.)) REPRESENTATION_ITEM('') );
#7928 = CARTESIAN_POINT('',(-61.84658438426,20.));
#7929 = CARTESIAN_POINT('',(-27.20556823288,127.12142642814));
#7930 = CARTESIAN_POINT('',(48.243800267821,43.560713214071));
#7931 = CARTESIAN_POINT('',(123.69316876853,-40.));
#7932 = CARTESIAN_POINT('',(13.602784116444,-63.56071321407));
#7933 = CARTESIAN_POINT('',(-96.48760053564,-87.12142642814));
#7934 = CARTESIAN_POINT('',(-61.84658438426,20.));
#7935 = ( GEOMETRIC_REPRESENTATION_CONTEXT(2) 
PARAMETRIC_REPRESENTATION_CONTEXT() REPRESENTATION_CONTEXT('2D SPACE',''
  ) );
#7936 = PCURVE('',#7825,#7937);
#7937 = DEFINITIONAL_REPRESENTATION('',(#7938),#7942);
#7938 = LINE('',#7939,#7940);
#7939 = CARTESIAN_POINT('',(9.112011238828,3.));
#7940 = VECTOR('',#7941,1.);
#7941 = DIRECTION('',(-1.,-0.));
#7942 = ( GEOMETRIC_REPRESENTATION_CONTEXT(2) 
PARAMETRIC_REPRESENTATION_CONTEXT() REPRESENTATION_CONTEXT('2D SPACE',''
  ) );
#7943 = ORIENTED_EDGE('',*,*,#7944,.F.);
#7944 = EDGE_CURVE('',#7448,#7917,#7945,.T.);
#7945 = SURFACE_CURVE('',#7946,(#7950,#7957),.PCURVE_S1.);
#7946 = LINE('',#7947,#7948);
#7947 = CARTESIAN_POINT('',(137.,20.,964.));
#7948 = VECTOR('',#7949,1.);
#7949 = DIRECTION('',(1.,0.,-0.));
#7950 = PCURVE('',#7491,#7951);
#7951 = DEFINITIONAL_REPRESENTATION('',(#7952),#7956);
#7952 = LINE('',#7953,#7954);
#7953 = CARTESIAN_POINT('',(-79.,20.));
#7954 = VECTOR('',#7955,1.);
#7955 = DIRECTION('',(1.,0.));
#7956 = ( GEOMETRIC_REPRESENTATION_CONTEXT(2) 
PARAMETRIC_REPRESENTATION_CONTEXT() REPRESENTATION_CONTEXT('2D SPACE',''
  ) );
#7957 = PCURVE('',#7463,#7958);
#7958 = DEFINITIONAL_REPRESENTATION('',(#7959),#7963);
#7959 = LINE('',#7960,#7961);
#7960 = CARTESIAN_POINT('',(3.,0.));
#7961 = VECTOR('',#7962,1.);
#7962 = DIRECTION('',(0.,1.));
#7963 = ( GEOMETRIC_REPRESENTATION_CONTEXT(2) 
PARAMETRIC_REPRESENTATION_CONTEXT() REPRESENTATION_CONTEXT('2D SPACE',''
  ) );
#7964 = ORIENTED_EDGE('',*,*,#7475,.F.);
#7965 = ORIENTED_EDGE('',*,*,#7871,.T.);
#7966 = ADVANCED_FACE('',(#7967),#7463,.T.);
#7967 = FACE_BOUND('',#7968,.T.);
#7968 = EDGE_LOOP('',(#7969,#7970,#7971,#7972));
#7969 = ORIENTED_EDGE('',*,*,#7837,.F.);
#7970 = ORIENTED_EDGE('',*,*,#7447,.T.);
#7971 = ORIENTED_EDGE('',*,*,#7944,.T.);
#7972 = ORIENTED_EDGE('',*,*,#7973,.F.);
#7973 = EDGE_CURVE('',#7809,#7917,#7974,.T.);
#7974 = SURFACE_CURVE('',#7975,(#7979,#7985),.PCURVE_S1.);
#7975 = LINE('',#7976,#7977);
#7976 = CARTESIAN_POINT('',(154.15341561573,20.,961.));
#7977 = VECTOR('',#7978,1.);
#7978 = DIRECTION('',(0.,0.,1.));
#7979 = PCURVE('',#7463,#7980);
#7980 = DEFINITIONAL_REPRESENTATION('',(#7981),#7984);
#7981 = B_SPLINE_CURVE_WITH_KNOTS('',1,(#7982,#7983),.UNSPECIFIED.,.F.,
  .F.,(2,2),(-2.399999971203E-06,3.0000024),.PIECEWISE_BEZIER_KNOTS.);
#7982 = CARTESIAN_POINT('',(-2.399999971203E-06,17.153415615735));
#7983 = CARTESIAN_POINT('',(3.0000024,17.153415615735));
#7984 = ( GEOMETRIC_REPRESENTATION_CONTEXT(2) 
PARAMETRIC_REPRESENTATION_CONTEXT() REPRESENTATION_CONTEXT('2D SPACE',''
  ) );
#7985 = PCURVE('',#7825,#7986);
#7986 = DEFINITIONAL_REPRESENTATION('',(#7987),#7990);
#7987 = B_SPLINE_CURVE_WITH_KNOTS('',1,(#7988,#7989),.UNSPECIFIED.,.F.,
  .F.,(2,2),(0.,3.),.PIECEWISE_BEZIER_KNOTS.);
#7988 = CARTESIAN_POINT('',(9.112011238828,0.));
#7989 = CARTESIAN_POINT('',(9.112011238828,3.));
#7990 = ( GEOMETRIC_REPRESENTATION_CONTEXT(2) 
PARAMETRIC_REPRESENTATION_CONTEXT() REPRESENTATION_CONTEXT('2D SPACE',''
  ) );
#7991 = ADVANCED_FACE('',(#7992),#7595,.T.);
#7992 = FACE_BOUND('',#7993,.T.);
#7993 = EDGE_LOOP('',(#7994,#7995,#8018,#8045));
#7994 = ORIENTED_EDGE('',*,*,#7578,.F.);
#7995 = ORIENTED_EDGE('',*,*,#7996,.F.);
#7996 = EDGE_CURVE('',#7997,#7579,#7999,.T.);
#7997 = VERTEX_POINT('',#7998);
#7998 = CARTESIAN_POINT('',(129.,-1.469576158977E-15,944.));
#7999 = SEAM_CURVE('',#8000,(#8004,#8011),.PCURVE_S1.);
#8000 = LINE('',#8001,#8002);
#8001 = CARTESIAN_POINT('',(129.,-1.469576158977E-15,944.));
#8002 = VECTOR('',#8003,1.);
#8003 = DIRECTION('',(1.,0.,2.22044604925E-16));
#8004 = PCURVE('',#7595,#8005);
#8005 = DEFINITIONAL_REPRESENTATION('',(#8006),#8010);
#8006 = LINE('',#8007,#8008);
#8007 = CARTESIAN_POINT('',(6.28318530718,-0.));
#8008 = VECTOR('',#8009,1.);
#8009 = DIRECTION('',(0.,1.));
#8010 = ( GEOMETRIC_REPRESENTATION_CONTEXT(2) 
PARAMETRIC_REPRESENTATION_CONTEXT() REPRESENTATION_CONTEXT('2D SPACE',''
  ) );
#8011 = PCURVE('',#7595,#8012);
#8012 = DEFINITIONAL_REPRESENTATION('',(#8013),#8017);
#8013 = LINE('',#8014,#8015);
#8014 = CARTESIAN_POINT('',(0.,-0.));
#8015 = VECTOR('',#8016,1.);
#8016 = DIRECTION('',(0.,1.));
#8017 = ( GEOMETRIC_REPRESENTATION_CONTEXT(2) 
PARAMETRIC_REPRESENTATION_CONTEXT() REPRESENTATION_CONTEXT('2D SPACE',''
  ) );
#8018 = ORIENTED_EDGE('',*,*,#8019,.T.);
#8019 = EDGE_CURVE('',#7997,#7997,#8020,.T.);
#8020 = SURFACE_CURVE('',#8021,(#8026,#8033),.PCURVE_S1.);
#8021 = CIRCLE('',#8022,6.);
#8022 = AXIS2_PLACEMENT_3D('',#8023,#8024,#8025);
#8023 = CARTESIAN_POINT('',(129.,0.,950.));
#8024 = DIRECTION('',(1.,-0.,2.22044604925E-16));
#8025 = DIRECTION('',(2.22044604925E-16,0.,-1.));
#8026 = PCURVE('',#7595,#8027);
#8027 = DEFINITIONAL_REPRESENTATION('',(#8028),#8032);
#8028 = LINE('',#8029,#8030);
#8029 = CARTESIAN_POINT('',(0.,0.));
#8030 = VECTOR('',#8031,1.);
#8031 = DIRECTION('',(1.,0.));
#8032 = ( GEOMETRIC_REPRESENTATION_CONTEXT(2) 
PARAMETRIC_REPRESENTATION_CONTEXT() REPRESENTATION_CONTEXT('2D SPACE',''
  ) );
#8033 = PCURVE('',#8034,#8039);
#8034 = PLANE('',#8035);
#8035 = AXIS2_PLACEMENT_3D('',#8036,#8037,#8038);
#8036 = CARTESIAN_POINT('',(129.,0.,950.));
#8037 = DIRECTION('',(1.,0.,2.22044604925E-16));
#8038 = DIRECTION('',(2.22044604925E-16,0.,-1.));
#8039 = DEFINITIONAL_REPRESENTATION('',(#8040),#8044);
#8040 = CIRCLE('',#8041,6.);
#8041 = AXIS2_PLACEMENT_2D('',#8042,#8043);
#8042 = CARTESIAN_POINT('',(0.,0.));
#8043 = DIRECTION('',(1.,0.));
#8044 = ( GEOMETRIC_REPRESENTATION_CONTEXT(2) 
PARAMETRIC_REPRESENTATION_CONTEXT() REPRESENTATION_CONTEXT('2D SPACE',''
  ) );
#8045 = ORIENTED_EDGE('',*,*,#7996,.T.);
#8046 = ADVANCED_FACE('',(#8047),#7825,.T.);
#8047 = FACE_BOUND('',#8048,.T.);
#8048 = EDGE_LOOP('',(#8049,#8050,#8051,#8052));
#8049 = ORIENTED_EDGE('',*,*,#7808,.T.);
#8050 = ORIENTED_EDGE('',*,*,#7973,.T.);
#8051 = ORIENTED_EDGE('',*,*,#7916,.T.);
#8052 = ORIENTED_EDGE('',*,*,#7894,.F.);
#8053 = ADVANCED_FACE('',(#8054),#8034,.F.);
#8054 = FACE_BOUND('',#8055,.F.);
#8055 = EDGE_LOOP('',(#8056));
#8056 = ORIENTED_EDGE('',*,*,#8019,.T.);
#8057 = MANIFOLD_SOLID_BREP('',#8058);
#8058 = CLOSED_SHELL('',(#8059,#8147,#8182,#8212));
#8059 = ADVANCED_FACE('',(#8060),#8073,.T.);
#8060 = FACE_BOUND('',#8061,.T.);
#8061 = EDGE_LOOP('',(#8062,#8096,#8119,#8146));
#8062 = ORIENTED_EDGE('',*,*,#8063,.F.);
#8063 = EDGE_CURVE('',#8064,#8064,#8066,.T.);
#8064 = VERTEX_POINT('',#8065);
#8065 = CARTESIAN_POINT('',(129.,-3.,950.));
#8066 = SURFACE_CURVE('',#8067,(#8072,#8084),.PCURVE_S1.);
#8067 = CIRCLE('',#8068,14.);
#8068 = AXIS2_PLACEMENT_3D('',#8069,#8070,#8071);
#8069 = CARTESIAN_POINT('',(115.,-3.,950.));
#8070 = DIRECTION('',(0.,-1.,2.22044604925E-16));
#8071 = DIRECTION('',(1.,0.,0.));
#8072 = PCURVE('',#8073,#8078);
#8073 = CYLINDRICAL_SURFACE('',#8074,14.);
#8074 = AXIS2_PLACEMENT_3D('',#8075,#8076,#8077);
#8075 = CARTESIAN_POINT('',(115.,3.,950.));
#8076 = DIRECTION('',(0.,-1.,2.22044604925E-16));
#8077 = DIRECTION('',(1.,0.,0.));
#8078 = DEFINITIONAL_REPRESENTATION('',(#8079),#8083);
#8079 = LINE('',#8080,#8081);
#8080 = CARTESIAN_POINT('',(0.,6.));
#8081 = VECTOR('',#8082,1.);
#8082 = DIRECTION('',(1.,0.));
#8083 = ( GEOMETRIC_REPRESENTATION_CONTEXT(2) 
PARAMETRIC_REPRESENTATION_CONTEXT() REPRESENTATION_CONTEXT('2D SPACE',''
  ) );
#8084 = PCURVE('',#8085,#8090);
#8085 = PLANE('',#8086);
#8086 = AXIS2_PLACEMENT_3D('',#8087,#8088,#8089);
#8087 = CARTESIAN_POINT('',(115.,-3.,950.));
#8088 = DIRECTION('',(0.,-1.,2.22044604925E-16));
#8089 = DIRECTION('',(1.,0.,0.));
#8090 = DEFINITIONAL_REPRESENTATION('',(#8091),#8095);
#8091 = CIRCLE('',#8092,14.);
#8092 = AXIS2_PLACEMENT_2D('',#8093,#8094);
#8093 = CARTESIAN_POINT('',(0.,0.));
#8094 = DIRECTION('',(1.,0.));
#8095 = ( GEOMETRIC_REPRESENTATION_CONTEXT(2) 
PARAMETRIC_REPRESENTATION_CONTEXT() REPRESENTATION_CONTEXT('2D SPACE',''
  ) );
#8096 = ORIENTED_EDGE('',*,*,#8097,.F.);
#8097 = EDGE_CURVE('',#8098,#8064,#8100,.T.);
#8098 = VERTEX_POINT('',#8099);
#8099 = CARTESIAN_POINT('',(129.,3.,950.));
#8100 = SEAM_CURVE('',#8101,(#8105,#8112),.PCURVE_S1.);
#8101 = LINE('',#8102,#8103);
#8102 = CARTESIAN_POINT('',(129.,3.,950.));
#8103 = VECTOR('',#8104,1.);
#8104 = DIRECTION('',(0.,-1.,2.22044604925E-16));
#8105 = PCURVE('',#8073,#8106);
#8106 = DEFINITIONAL_REPRESENTATION('',(#8107),#8111);
#8107 = LINE('',#8108,#8109);
#8108 = CARTESIAN_POINT('',(6.28318530718,-0.));
#8109 = VECTOR('',#8110,1.);
#8110 = DIRECTION('',(0.,1.));
#8111 = ( GEOMETRIC_REPRESENTATION_CONTEXT(2) 
PARAMETRIC_REPRESENTATION_CONTEXT() REPRESENTATION_CONTEXT('2D SPACE',''
  ) );
#8112 = PCURVE('',#8073,#8113);
#8113 = DEFINITIONAL_REPRESENTATION('',(#8114),#8118);
#8114 = LINE('',#8115,#8116);
#8115 = CARTESIAN_POINT('',(0.,-0.));
#8116 = VECTOR('',#8117,1.);
#8117 = DIRECTION('',(0.,1.));
#8118 = ( GEOMETRIC_REPRESENTATION_CONTEXT(2) 
PARAMETRIC_REPRESENTATION_CONTEXT() REPRESENTATION_CONTEXT('2D SPACE',''
  ) );
#8119 = ORIENTED_EDGE('',*,*,#8120,.T.);
#8120 = EDGE_CURVE('',#8098,#8098,#8121,.T.);
#8121 = SURFACE_CURVE('',#8122,(#8127,#8134),.PCURVE_S1.);
#8122 = CIRCLE('',#8123,14.);
#8123 = AXIS2_PLACEMENT_3D('',#8124,#8125,#8126);
#8124 = CARTESIAN_POINT('',(115.,3.,950.));
#8125 = DIRECTION('',(0.,-1.,2.22044604925E-16));
#8126 = DIRECTION('',(1.,0.,0.));
#8127 = PCURVE('',#8073,#8128);
#8128 = DEFINITIONAL_REPRESENTATION('',(#8129),#8133);
#8129 = LINE('',#8130,#8131);
#8130 = CARTESIAN_POINT('',(0.,0.));
#8131 = VECTOR('',#8132,1.);
#8132 = DIRECTION('',(1.,0.));
#8133 = ( GEOMETRIC_REPRESENTATION_CONTEXT(2) 
PARAMETRIC_REPRESENTATION_CONTEXT() REPRESENTATION_CONTEXT('2D SPACE',''
  ) );
#8134 = PCURVE('',#8135,#8140);
#8135 = PLANE('',#8136);
#8136 = AXIS2_PLACEMENT_3D('',#8137,#8138,#8139);
#8137 = CARTESIAN_POINT('',(115.,3.,950.));
#8138 = DIRECTION('',(0.,-1.,2.22044604925E-16));
#8139 = DIRECTION('',(1.,0.,0.));
#8140 = DEFINITIONAL_REPRESENTATION('',(#8141),#8145);
#8141 = CIRCLE('',#8142,14.);
#8142 = AXIS2_PLACEMENT_2D('',#8143,#8144);
#8143 = CARTESIAN_POINT('',(0.,0.));
#8144 = DIRECTION('',(1.,0.));
#8145 = ( GEOMETRIC_REPRESENTATION_CONTEXT(2) 
PARAMETRIC_REPRESENTATION_CONTEXT() REPRESENTATION_CONTEXT('2D SPACE',''
  ) );
#8146 = ORIENTED_EDGE('',*,*,#8097,.T.);
#8147 = ADVANCED_FACE('',(#8148,#8151),#8085,.T.);
#8148 = FACE_BOUND('',#8149,.T.);
#8149 = EDGE_LOOP('',(#8150));
#8150 = ORIENTED_EDGE('',*,*,#8063,.T.);
#8151 = FACE_BOUND('',#8152,.T.);
#8152 = EDGE_LOOP('',(#8153));
#8153 = ORIENTED_EDGE('',*,*,#8154,.F.);
#8154 = EDGE_CURVE('',#8155,#8155,#8157,.T.);
#8155 = VERTEX_POINT('',#8156);
#8156 = CARTESIAN_POINT('',(123.,-3.,950.));
#8157 = SURFACE_CURVE('',#8158,(#8163,#8170),.PCURVE_S1.);
#8158 = CIRCLE('',#8159,8.);
#8159 = AXIS2_PLACEMENT_3D('',#8160,#8161,#8162);
#8160 = CARTESIAN_POINT('',(115.,-3.,950.));
#8161 = DIRECTION('',(0.,-1.,2.22044604925E-16));
#8162 = DIRECTION('',(1.,0.,0.));
#8163 = PCURVE('',#8085,#8164);
#8164 = DEFINITIONAL_REPRESENTATION('',(#8165),#8169);
#8165 = CIRCLE('',#8166,8.);
#8166 = AXIS2_PLACEMENT_2D('',#8167,#8168);
#8167 = CARTESIAN_POINT('',(0.,0.));
#8168 = DIRECTION('',(1.,0.));
#8169 = ( GEOMETRIC_REPRESENTATION_CONTEXT(2) 
PARAMETRIC_REPRESENTATION_CONTEXT() REPRESENTATION_CONTEXT('2D SPACE',''
  ) );
#8170 = PCURVE('',#8171,#8176);
#8171 = CYLINDRICAL_SURFACE('',#8172,8.);
#8172 = AXIS2_PLACEMENT_3D('',#8173,#8174,#8175);
#8173 = CARTESIAN_POINT('',(115.,6.,950.));
#8174 = DIRECTION('',(0.,-1.,2.22044604925E-16));
#8175 = DIRECTION('',(1.,0.,0.));
#8176 = DEFINITIONAL_REPRESENTATION('',(#8177),#8181);
#8177 = LINE('',#8178,#8179);
#8178 = CARTESIAN_POINT('',(0.,9.));
#8179 = VECTOR('',#8180,1.);
#8180 = DIRECTION('',(1.,0.));
#8181 = ( GEOMETRIC_REPRESENTATION_CONTEXT(2) 
PARAMETRIC_REPRESENTATION_CONTEXT() REPRESENTATION_CONTEXT('2D SPACE',''
  ) );
#8182 = ADVANCED_FACE('',(#8183,#8186),#8135,.F.);
#8183 = FACE_BOUND('',#8184,.F.);
#8184 = EDGE_LOOP('',(#8185));
#8185 = ORIENTED_EDGE('',*,*,#8120,.T.);
#8186 = FACE_BOUND('',#8187,.F.);
#8187 = EDGE_LOOP('',(#8188));
#8188 = ORIENTED_EDGE('',*,*,#8189,.F.);
#8189 = EDGE_CURVE('',#8190,#8190,#8192,.T.);
#8190 = VERTEX_POINT('',#8191);
#8191 = CARTESIAN_POINT('',(123.,3.,950.));
#8192 = SURFACE_CURVE('',#8193,(#8198,#8205),.PCURVE_S1.);
#8193 = CIRCLE('',#8194,8.);
#8194 = AXIS2_PLACEMENT_3D('',#8195,#8196,#8197);
#8195 = CARTESIAN_POINT('',(115.,3.,950.));
#8196 = DIRECTION('',(0.,-1.,2.22044604925E-16));
#8197 = DIRECTION('',(1.,0.,0.));
#8198 = PCURVE('',#8135,#8199);
#8199 = DEFINITIONAL_REPRESENTATION('',(#8200),#8204);
#8200 = CIRCLE('',#8201,8.);
#8201 = AXIS2_PLACEMENT_2D('',#8202,#8203);
#8202 = CARTESIAN_POINT('',(0.,9.860761315263E-32));
#8203 = DIRECTION('',(1.,0.));
#8204 = ( GEOMETRIC_REPRESENTATION_CONTEXT(2) 
PARAMETRIC_REPRESENTATION_CONTEXT() REPRESENTATION_CONTEXT('2D SPACE',''
  ) );
#8205 = PCURVE('',#8171,#8206);
#8206 = DEFINITIONAL_REPRESENTATION('',(#8207),#8211);
#8207 = LINE('',#8208,#8209);
#8208 = CARTESIAN_POINT('',(0.,3.));
#8209 = VECTOR('',#8210,1.);
#8210 = DIRECTION('',(1.,0.));
#8211 = ( GEOMETRIC_REPRESENTATION_CONTEXT(2) 
PARAMETRIC_REPRESENTATION_CONTEXT() REPRESENTATION_CONTEXT('2D SPACE',''
  ) );
#8212 = ADVANCED_FACE('',(#8213),#8171,.F.);
#8213 = FACE_BOUND('',#8214,.F.);
#8214 = EDGE_LOOP('',(#8215,#8216,#8237,#8238));
#8215 = ORIENTED_EDGE('',*,*,#8154,.F.);
#8216 = ORIENTED_EDGE('',*,*,#8217,.F.);
#8217 = EDGE_CURVE('',#8190,#8155,#8218,.T.);
#8218 = SEAM_CURVE('',#8219,(#8223,#8230),.PCURVE_S1.);
#8219 = LINE('',#8220,#8221);
#8220 = CARTESIAN_POINT('',(123.,6.,950.));
#8221 = VECTOR('',#8222,1.);
#8222 = DIRECTION('',(0.,-1.,2.22044604925E-16));
#8223 = PCURVE('',#8171,#8224);
#8224 = DEFINITIONAL_REPRESENTATION('',(#8225),#8229);
#8225 = LINE('',#8226,#8227);
#8226 = CARTESIAN_POINT('',(6.28318530718,-0.));
#8227 = VECTOR('',#8228,1.);
#8228 = DIRECTION('',(0.,1.));
#8229 = ( GEOMETRIC_REPRESENTATION_CONTEXT(2) 
PARAMETRIC_REPRESENTATION_CONTEXT() REPRESENTATION_CONTEXT('2D SPACE',''
  ) );
#8230 = PCURVE('',#8171,#8231);
#8231 = DEFINITIONAL_REPRESENTATION('',(#8232),#8236);
#8232 = LINE('',#8233,#8234);
#8233 = CARTESIAN_POINT('',(0.,-0.));
#8234 = VECTOR('',#8235,1.);
#8235 = DIRECTION('',(0.,1.));
#8236 = ( GEOMETRIC_REPRESENTATION_CONTEXT(2) 
PARAMETRIC_REPRESENTATION_CONTEXT() REPRESENTATION_CONTEXT('2D SPACE',''
  ) );
#8237 = ORIENTED_EDGE('',*,*,#8189,.T.);
#8238 = ORIENTED_EDGE('',*,*,#8217,.T.);
#8239 = MANIFOLD_SOLID_BREP('',#8240);
#8240 = CLOSED_SHELL('',(#8241,#8329,#8385,#8420,#8475,#8525));
#8241 = ADVANCED_FACE('',(#8242),#8256,.T.);
#8242 = FACE_BOUND('',#8243,.T.);
#8243 = EDGE_LOOP('',(#8244,#8274,#8301,#8302));
#8244 = ORIENTED_EDGE('',*,*,#8245,.T.);
#8245 = EDGE_CURVE('',#8246,#8248,#8250,.T.);
#8246 = VERTEX_POINT('',#8247);
#8247 = CARTESIAN_POINT('',(266.,-1.224646799147E-14,951.92093727122));
#8248 = VERTEX_POINT('',#8249);
#8249 = CARTESIAN_POINT('',(266.,-1.224646799147E-14,958.));
#8250 = SEAM_CURVE('',#8251,(#8255,#8267),.PCURVE_S1.);
#8251 = LINE('',#8252,#8253);
#8252 = CARTESIAN_POINT('',(266.,-1.224646799147E-14,942.));
#8253 = VECTOR('',#8254,1.);
#8254 = DIRECTION('',(0.,0.,1.));
#8255 = PCURVE('',#8256,#8261);
#8256 = CYLINDRICAL_SURFACE('',#8257,50.);
#8257 = AXIS2_PLACEMENT_3D('',#8258,#8259,#8260);
#8258 = CARTESIAN_POINT('',(216.,0.,942.));
#8259 = DIRECTION('',(0.,0.,1.));
#8260 = DIRECTION('',(1.,0.,-0.));
#8261 = DEFINITIONAL_REPRESENTATION('',(#8262),#8266);
#8262 = LINE('',#8263,#8264);
#8263 = CARTESIAN_POINT('',(6.28318530718,-0.));
#8264 = VECTOR('',#8265,1.);
#8265 = DIRECTION('',(0.,1.));
#8266 = ( GEOMETRIC_REPRESENTATION_CONTEXT(2) 
PARAMETRIC_REPRESENTATION_CONTEXT() REPRESENTATION_CONTEXT('2D SPACE',''
  ) );
#8267 = PCURVE('',#8256,#8268);
#8268 = DEFINITIONAL_REPRESENTATION('',(#8269),#8273);
#8269 = LINE('',#8270,#8271);
#8270 = CARTESIAN_POINT('',(0.,-0.));
#8271 = VECTOR('',#8272,1.);
#8272 = DIRECTION('',(0.,1.));
#8273 = ( GEOMETRIC_REPRESENTATION_CONTEXT(2) 
PARAMETRIC_REPRESENTATION_CONTEXT() REPRESENTATION_CONTEXT('2D SPACE',''
  ) );
#8274 = ORIENTED_EDGE('',*,*,#8275,.F.);
#8275 = EDGE_CURVE('',#8248,#8248,#8276,.T.);
#8276 = SURFACE_CURVE('',#8277,(#8282,#8289),.PCURVE_S1.);
#8277 = CIRCLE('',#8278,50.);
#8278 = AXIS2_PLACEMENT_3D('',#8279,#8280,#8281);
#8279 = CARTESIAN_POINT('',(216.,0.,958.));
#8280 = DIRECTION('',(0.,0.,1.));
#8281 = DIRECTION('',(1.,0.,-0.));
#8282 = PCURVE('',#8256,#8283);
#8283 = DEFINITIONAL_REPRESENTATION('',(#8284),#8288);
#8284 = LINE('',#8285,#8286);
#8285 = CARTESIAN_POINT('',(0.,16.));
#8286 = VECTOR('',#8287,1.);
#8287 = DIRECTION('',(1.,0.));
#8288 = ( GEOMETRIC_REPRESENTATION_CONTEXT(2) 
PARAMETRIC_REPRESENTATION_CONTEXT() REPRESENTATION_CONTEXT('2D SPACE',''
  ) );
#8289 = PCURVE('',#8290,#8295);
#8290 = PLANE('',#8291);
#8291 = AXIS2_PLACEMENT_3D('',#8292,#8293,#8294);
#8292 = CARTESIAN_POINT('',(216.,0.,958.));
#8293 = DIRECTION('',(0.,0.,1.));
#8294 = DIRECTION('',(1.,0.,-0.));
#8295 = DEFINITIONAL_REPRESENTATION('',(#8296),#8300);
#8296 = CIRCLE('',#8297,50.);
#8297 = AXIS2_PLACEMENT_2D('',#8298,#8299);
#8298 = CARTESIAN_POINT('',(0.,0.));
#8299 = DIRECTION('',(1.,0.));
#8300 = ( GEOMETRIC_REPRESENTATION_CONTEXT(2) 
PARAMETRIC_REPRESENTATION_CONTEXT() REPRESENTATION_CONTEXT('2D SPACE',''
  ) );
#8301 = ORIENTED_EDGE('',*,*,#8245,.F.);
#8302 = ORIENTED_EDGE('',*,*,#8303,.T.);
#8303 = EDGE_CURVE('',#8246,#8246,#8304,.T.);
#8304 = SURFACE_CURVE('',#8305,(#8310,#8317),.PCURVE_S1.);
#8305 = CIRCLE('',#8306,50.);
#8306 = AXIS2_PLACEMENT_3D('',#8307,#8308,#8309);
#8307 = CARTESIAN_POINT('',(216.,0.,951.92093727123));
#8308 = DIRECTION('',(0.,0.,1.));
#8309 = DIRECTION('',(0.,-1.,0.));
#8310 = PCURVE('',#8256,#8311);
#8311 = DEFINITIONAL_REPRESENTATION('',(#8312),#8316);
#8312 = LINE('',#8313,#8314);
#8313 = CARTESIAN_POINT('',(-1.570796326795,9.92093727123));
#8314 = VECTOR('',#8315,1.);
#8315 = DIRECTION('',(1.,0.));
#8316 = ( GEOMETRIC_REPRESENTATION_CONTEXT(2) 
PARAMETRIC_REPRESENTATION_CONTEXT() REPRESENTATION_CONTEXT('2D SPACE',''
  ) );
#8317 = PCURVE('',#8318,#8323);
#8318 = TOROIDAL_SURFACE('',#8319,56.,6.3);
#8319 = AXIS2_PLACEMENT_3D('',#8320,#8321,#8322);
#8320 = CARTESIAN_POINT('',(216.,0.,950.));
#8321 = DIRECTION('',(0.,0.,1.));
#8322 = DIRECTION('',(1.,0.,-0.));
#8323 = DEFINITIONAL_REPRESENTATION('',(#8324),#8328);
#8324 = LINE('',#8325,#8326);
#8325 = CARTESIAN_POINT('',(-1.570796326795,2.831748013848));
#8326 = VECTOR('',#8327,1.);
#8327 = DIRECTION('',(1.,0.));
#8328 = ( GEOMETRIC_REPRESENTATION_CONTEXT(2) 
PARAMETRIC_REPRESENTATION_CONTEXT() REPRESENTATION_CONTEXT('2D SPACE',''
  ) );
#8329 = ADVANCED_FACE('',(#8330),#8318,.F.);
#8330 = FACE_BOUND('',#8331,.F.);
#8331 = EDGE_LOOP('',(#8332,#8333,#8357,#8384));
#8332 = ORIENTED_EDGE('',*,*,#8303,.T.);
#8333 = ORIENTED_EDGE('',*,*,#8334,.T.);
#8334 = EDGE_CURVE('',#8246,#8335,#8337,.T.);
#8335 = VERTEX_POINT('',#8336);
#8336 = CARTESIAN_POINT('',(266.,-1.224646799147E-14,948.07906272877));
#8337 = SEAM_CURVE('',#8338,(#8343,#8350),.PCURVE_S1.);
#8338 = CIRCLE('',#8339,6.3);
#8339 = AXIS2_PLACEMENT_3D('',#8340,#8341,#8342);
#8340 = CARTESIAN_POINT('',(272.,-1.371604415045E-14,950.));
#8341 = DIRECTION('',(-2.449293598295E-16,-1.,0.));
#8342 = DIRECTION('',(1.,-2.449293598295E-16,0.));
#8343 = PCURVE('',#8318,#8344);
#8344 = DEFINITIONAL_REPRESENTATION('',(#8345),#8349);
#8345 = LINE('',#8346,#8347);
#8346 = CARTESIAN_POINT('',(0.,-0.));
#8347 = VECTOR('',#8348,1.);
#8348 = DIRECTION('',(0.,1.));
#8349 = ( GEOMETRIC_REPRESENTATION_CONTEXT(2) 
PARAMETRIC_REPRESENTATION_CONTEXT() REPRESENTATION_CONTEXT('2D SPACE',''
  ) );
#8350 = PCURVE('',#8318,#8351);
#8351 = DEFINITIONAL_REPRESENTATION('',(#8352),#8356);
#8352 = LINE('',#8353,#8354);
#8353 = CARTESIAN_POINT('',(6.28318530718,-0.));
#8354 = VECTOR('',#8355,1.);
#8355 = DIRECTION('',(0.,1.));
#8356 = ( GEOMETRIC_REPRESENTATION_CONTEXT(2) 
PARAMETRIC_REPRESENTATION_CONTEXT() REPRESENTATION_CONTEXT('2D SPACE',''
  ) );
#8357 = ORIENTED_EDGE('',*,*,#8358,.F.);
#8358 = EDGE_CURVE('',#8335,#8335,#8359,.T.);
#8359 = SURFACE_CURVE('',#8360,(#8365,#8372),.PCURVE_S1.);
#8360 = CIRCLE('',#8361,50.);
#8361 = AXIS2_PLACEMENT_3D('',#8362,#8363,#8364);
#8362 = CARTESIAN_POINT('',(216.,0.,948.07906272877));
#8363 = DIRECTION('',(0.,0.,1.));
#8364 = DIRECTION('',(0.,-1.,0.));
#8365 = PCURVE('',#8318,#8366);
#8366 = DEFINITIONAL_REPRESENTATION('',(#8367),#8371);
#8367 = LINE('',#8368,#8369);
#8368 = CARTESIAN_POINT('',(-1.570796326795,3.451437293331));
#8369 = VECTOR('',#8370,1.);
#8370 = DIRECTION('',(1.,0.));
#8371 = ( GEOMETRIC_REPRESENTATION_CONTEXT(2) 
PARAMETRIC_REPRESENTATION_CONTEXT() REPRESENTATION_CONTEXT('2D SPACE',''
  ) );
#8372 = PCURVE('',#8373,#8378);
#8373 = CYLINDRICAL_SURFACE('',#8374,50.);
#8374 = AXIS2_PLACEMENT_3D('',#8375,#8376,#8377);
#8375 = CARTESIAN_POINT('',(216.,0.,942.));
#8376 = DIRECTION('',(0.,0.,1.));
#8377 = DIRECTION('',(1.,0.,-0.));
#8378 = DEFINITIONAL_REPRESENTATION('',(#8379),#8383);
#8379 = LINE('',#8380,#8381);
#8380 = CARTESIAN_POINT('',(-1.570796326795,6.07906272877));
#8381 = VECTOR('',#8382,1.);
#8382 = DIRECTION('',(1.,0.));
#8383 = ( GEOMETRIC_REPRESENTATION_CONTEXT(2) 
PARAMETRIC_REPRESENTATION_CONTEXT() REPRESENTATION_CONTEXT('2D SPACE',''
  ) );
#8384 = ORIENTED_EDGE('',*,*,#8334,.F.);
#8385 = ADVANCED_FACE('',(#8386,#8389),#8290,.T.);
#8386 = FACE_BOUND('',#8387,.T.);
#8387 = EDGE_LOOP('',(#8388));
#8388 = ORIENTED_EDGE('',*,*,#8275,.T.);
#8389 = FACE_BOUND('',#8390,.T.);
#8390 = EDGE_LOOP('',(#8391));
#8391 = ORIENTED_EDGE('',*,*,#8392,.F.);
#8392 = EDGE_CURVE('',#8393,#8393,#8395,.T.);
#8393 = VERTEX_POINT('',#8394);
#8394 = CARTESIAN_POINT('',(222.5,-1.592040838892E-15,958.));
#8395 = SURFACE_CURVE('',#8396,(#8401,#8408),.PCURVE_S1.);
#8396 = CIRCLE('',#8397,6.5);
#8397 = AXIS2_PLACEMENT_3D('',#8398,#8399,#8400);
#8398 = CARTESIAN_POINT('',(216.,0.,958.));
#8399 = DIRECTION('',(0.,0.,1.));
#8400 = DIRECTION('',(1.,0.,-0.));
#8401 = PCURVE('',#8290,#8402);
#8402 = DEFINITIONAL_REPRESENTATION('',(#8403),#8407);
#8403 = CIRCLE('',#8404,6.5);
#8404 = AXIS2_PLACEMENT_2D('',#8405,#8406);
#8405 = CARTESIAN_POINT('',(0.,0.));
#8406 = DIRECTION('',(1.,0.));
#8407 = ( GEOMETRIC_REPRESENTATION_CONTEXT(2) 
PARAMETRIC_REPRESENTATION_CONTEXT() REPRESENTATION_CONTEXT('2D SPACE',''
  ) );
#8408 = PCURVE('',#8409,#8414);
#8409 = CYLINDRICAL_SURFACE('',#8410,6.5);
#8410 = AXIS2_PLACEMENT_3D('',#8411,#8412,#8413);
#8411 = CARTESIAN_POINT('',(216.,0.,934.));
#8412 = DIRECTION('',(0.,0.,1.));
#8413 = DIRECTION('',(1.,0.,-0.));
#8414 = DEFINITIONAL_REPRESENTATION('',(#8415),#8419);
#8415 = LINE('',#8416,#8417);
#8416 = CARTESIAN_POINT('',(0.,24.));
#8417 = VECTOR('',#8418,1.);
#8418 = DIRECTION('',(1.,0.));
#8419 = ( GEOMETRIC_REPRESENTATION_CONTEXT(2) 
PARAMETRIC_REPRESENTATION_CONTEXT() REPRESENTATION_CONTEXT('2D SPACE',''
  ) );
#8420 = ADVANCED_FACE('',(#8421),#8373,.T.);
#8421 = FACE_BOUND('',#8422,.T.);
#8422 = EDGE_LOOP('',(#8423,#8424,#8447,#8474));
#8423 = ORIENTED_EDGE('',*,*,#8358,.F.);
#8424 = ORIENTED_EDGE('',*,*,#8425,.F.);
#8425 = EDGE_CURVE('',#8426,#8335,#8428,.T.);
#8426 = VERTEX_POINT('',#8427);
#8427 = CARTESIAN_POINT('',(266.,-1.224646799147E-14,942.));
#8428 = SEAM_CURVE('',#8429,(#8433,#8440),.PCURVE_S1.);
#8429 = LINE('',#8430,#8431);
#8430 = CARTESIAN_POINT('',(266.,-1.224646799147E-14,942.));
#8431 = VECTOR('',#8432,1.);
#8432 = DIRECTION('',(0.,0.,1.));
#8433 = PCURVE('',#8373,#8434);
#8434 = DEFINITIONAL_REPRESENTATION('',(#8435),#8439);
#8435 = LINE('',#8436,#8437);
#8436 = CARTESIAN_POINT('',(6.28318530718,-0.));
#8437 = VECTOR('',#8438,1.);
#8438 = DIRECTION('',(0.,1.));
#8439 = ( GEOMETRIC_REPRESENTATION_CONTEXT(2) 
PARAMETRIC_REPRESENTATION_CONTEXT() REPRESENTATION_CONTEXT('2D SPACE',''
  ) );
#8440 = PCURVE('',#8373,#8441);
#8441 = DEFINITIONAL_REPRESENTATION('',(#8442),#8446);
#8442 = LINE('',#8443,#8444);
#8443 = CARTESIAN_POINT('',(0.,-0.));
#8444 = VECTOR('',#8445,1.);
#8445 = DIRECTION('',(0.,1.));
#8446 = ( GEOMETRIC_REPRESENTATION_CONTEXT(2) 
PARAMETRIC_REPRESENTATION_CONTEXT() REPRESENTATION_CONTEXT('2D SPACE',''
  ) );
#8447 = ORIENTED_EDGE('',*,*,#8448,.T.);
#8448 = EDGE_CURVE('',#8426,#8426,#8449,.T.);
#8449 = SURFACE_CURVE('',#8450,(#8455,#8462),.PCURVE_S1.);
#8450 = CIRCLE('',#8451,50.);
#8451 = AXIS2_PLACEMENT_3D('',#8452,#8453,#8454);
#8452 = CARTESIAN_POINT('',(216.,0.,942.));
#8453 = DIRECTION('',(0.,0.,1.));
#8454 = DIRECTION('',(1.,0.,-0.));
#8455 = PCURVE('',#8373,#8456);
#8456 = DEFINITIONAL_REPRESENTATION('',(#8457),#8461);
#8457 = LINE('',#8458,#8459);
#8458 = CARTESIAN_POINT('',(0.,0.));
#8459 = VECTOR('',#8460,1.);
#8460 = DIRECTION('',(1.,0.));
#8461 = ( GEOMETRIC_REPRESENTATION_CONTEXT(2) 
PARAMETRIC_REPRESENTATION_CONTEXT() REPRESENTATION_CONTEXT('2D SPACE',''
  ) );
#8462 = PCURVE('',#8463,#8468);
#8463 = PLANE('',#8464);
#8464 = AXIS2_PLACEMENT_3D('',#8465,#8466,#8467);
#8465 = CARTESIAN_POINT('',(216.,0.,942.));
#8466 = DIRECTION('',(0.,0.,1.));
#8467 = DIRECTION('',(1.,0.,-0.));
#8468 = DEFINITIONAL_REPRESENTATION('',(#8469),#8473);
#8469 = CIRCLE('',#8470,50.);
#8470 = AXIS2_PLACEMENT_2D('',#8471,#8472);
#8471 = CARTESIAN_POINT('',(0.,0.));
#8472 = DIRECTION('',(1.,0.));
#8473 = ( GEOMETRIC_REPRESENTATION_CONTEXT(2) 
PARAMETRIC_REPRESENTATION_CONTEXT() REPRESENTATION_CONTEXT('2D SPACE',''
  ) );
#8474 = ORIENTED_EDGE('',*,*,#8425,.T.);
#8475 = ADVANCED_FACE('',(#8476),#8409,.F.);
#8476 = FACE_BOUND('',#8477,.F.);
#8477 = EDGE_LOOP('',(#8478,#8479,#8502,#8524));
#8478 = ORIENTED_EDGE('',*,*,#8392,.F.);
#8479 = ORIENTED_EDGE('',*,*,#8480,.F.);
#8480 = EDGE_CURVE('',#8481,#8393,#8483,.T.);
#8481 = VERTEX_POINT('',#8482);
#8482 = CARTESIAN_POINT('',(222.5,-1.592040838892E-15,942.));
#8483 = SEAM_CURVE('',#8484,(#8488,#8495),.PCURVE_S1.);
#8484 = LINE('',#8485,#8486);
#8485 = CARTESIAN_POINT('',(222.5,-1.592040838892E-15,934.));
#8486 = VECTOR('',#8487,1.);
#8487 = DIRECTION('',(0.,0.,1.));
#8488 = PCURVE('',#8409,#8489);
#8489 = DEFINITIONAL_REPRESENTATION('',(#8490),#8494);
#8490 = LINE('',#8491,#8492);
#8491 = CARTESIAN_POINT('',(6.28318530718,-0.));
#8492 = VECTOR('',#8493,1.);
#8493 = DIRECTION('',(0.,1.));
#8494 = ( GEOMETRIC_REPRESENTATION_CONTEXT(2) 
PARAMETRIC_REPRESENTATION_CONTEXT() REPRESENTATION_CONTEXT('2D SPACE',''
  ) );
#8495 = PCURVE('',#8409,#8496);
#8496 = DEFINITIONAL_REPRESENTATION('',(#8497),#8501);
#8497 = LINE('',#8498,#8499);
#8498 = CARTESIAN_POINT('',(0.,-0.));
#8499 = VECTOR('',#8500,1.);
#8500 = DIRECTION('',(0.,1.));
#8501 = ( GEOMETRIC_REPRESENTATION_CONTEXT(2) 
PARAMETRIC_REPRESENTATION_CONTEXT() REPRESENTATION_CONTEXT('2D SPACE',''
  ) );
#8502 = ORIENTED_EDGE('',*,*,#8503,.T.);
#8503 = EDGE_CURVE('',#8481,#8481,#8504,.T.);
#8504 = SURFACE_CURVE('',#8505,(#8510,#8517),.PCURVE_S1.);
#8505 = CIRCLE('',#8506,6.5);
#8506 = AXIS2_PLACEMENT_3D('',#8507,#8508,#8509);
#8507 = CARTESIAN_POINT('',(216.,0.,942.));
#8508 = DIRECTION('',(0.,0.,1.));
#8509 = DIRECTION('',(1.,0.,-0.));
#8510 = PCURVE('',#8409,#8511);
#8511 = DEFINITIONAL_REPRESENTATION('',(#8512),#8516);
#8512 = LINE('',#8513,#8514);
#8513 = CARTESIAN_POINT('',(0.,8.));
#8514 = VECTOR('',#8515,1.);
#8515 = DIRECTION('',(1.,0.));
#8516 = ( GEOMETRIC_REPRESENTATION_CONTEXT(2) 
PARAMETRIC_REPRESENTATION_CONTEXT() REPRESENTATION_CONTEXT('2D SPACE',''
  ) );
#8517 = PCURVE('',#8463,#8518);
#8518 = DEFINITIONAL_REPRESENTATION('',(#8519),#8523);
#8519 = CIRCLE('',#8520,6.5);
#8520 = AXIS2_PLACEMENT_2D('',#8521,#8522);
#8521 = CARTESIAN_POINT('',(0.,0.));
#8522 = DIRECTION('',(1.,0.));
#8523 = ( GEOMETRIC_REPRESENTATION_CONTEXT(2) 
PARAMETRIC_REPRESENTATION_CONTEXT() REPRESENTATION_CONTEXT('2D SPACE',''
  ) );
#8524 = ORIENTED_EDGE('',*,*,#8480,.T.);
#8525 = ADVANCED_FACE('',(#8526,#8529),#8463,.F.);
#8526 = FACE_BOUND('',#8527,.F.);
#8527 = EDGE_LOOP('',(#8528));
#8528 = ORIENTED_EDGE('',*,*,#8448,.T.);
#8529 = FACE_BOUND('',#8530,.F.);
#8530 = EDGE_LOOP('',(#8531));
#8531 = ORIENTED_EDGE('',*,*,#8503,.F.);
#8532 = MANIFOLD_SOLID_BREP('',#8533);
#8533 = CLOSED_SHELL('',(#8534,#8912,#8982,#9534,#10126,#10151,#10156,
    #10180,#10361,#10366,#10392,#10397,#10402,#10408,#10434,#10439));
#8534 = ADVANCED_FACE('',(#8535),#8550,.T.);
#8535 = FACE_BOUND('',#8536,.T.);
#8536 = EDGE_LOOP('',(#8537,#8573,#8612,#8648,#8671,#8712,#8746,#8775,
    #8809,#8843,#8844,#8880));
#8537 = ORIENTED_EDGE('',*,*,#8538,.F.);
#8538 = EDGE_CURVE('',#8539,#8541,#8543,.T.);
#8539 = VERTEX_POINT('',#8540);
#8540 = CARTESIAN_POINT('',(68.,-16.,953.));
#8541 = VERTEX_POINT('',#8542);
#8542 = CARTESIAN_POINT('',(68.,-16.,947.));
#8543 = SURFACE_CURVE('',#8544,(#8549,#8561),.PCURVE_S1.);
#8544 = CIRCLE('',#8545,5.);
#8545 = AXIS2_PLACEMENT_3D('',#8546,#8547,#8548);
#8546 = CARTESIAN_POINT('',(64.,-16.,950.));
#8547 = DIRECTION('',(0.,-1.,2.22044604925E-16));
#8548 = DIRECTION('',(1.,0.,0.));
#8549 = PCURVE('',#8550,#8555);
#8550 = CYLINDRICAL_SURFACE('',#8551,5.);
#8551 = AXIS2_PLACEMENT_3D('',#8552,#8553,#8554);
#8552 = CARTESIAN_POINT('',(64.,16.,950.));
#8553 = DIRECTION('',(0.,-1.,2.22044604925E-16));
#8554 = DIRECTION('',(1.,0.,0.));
#8555 = DEFINITIONAL_REPRESENTATION('',(#8556),#8560);
#8556 = LINE('',#8557,#8558);
#8557 = CARTESIAN_POINT('',(0.,32.));
#8558 = VECTOR('',#8559,1.);
#8559 = DIRECTION('',(1.,0.));
#8560 = ( GEOMETRIC_REPRESENTATION_CONTEXT(2) 
PARAMETRIC_REPRESENTATION_CONTEXT() REPRESENTATION_CONTEXT('2D SPACE',''
  ) );
#8561 = PCURVE('',#8562,#8567);
#8562 = PLANE('',#8563);
#8563 = AXIS2_PLACEMENT_3D('',#8564,#8565,#8566);
#8564 = CARTESIAN_POINT('',(64.,-16.,950.));
#8565 = DIRECTION('',(0.,-1.,2.22044604925E-16));
#8566 = DIRECTION('',(1.,0.,0.));
#8567 = DEFINITIONAL_REPRESENTATION('',(#8568),#8572);
#8568 = CIRCLE('',#8569,5.);
#8569 = AXIS2_PLACEMENT_2D('',#8570,#8571);
#8570 = CARTESIAN_POINT('',(0.,0.));
#8571 = DIRECTION('',(1.,0.));
#8572 = ( GEOMETRIC_REPRESENTATION_CONTEXT(2) 
PARAMETRIC_REPRESENTATION_CONTEXT() REPRESENTATION_CONTEXT('2D SPACE',''
  ) );
#8573 = ORIENTED_EDGE('',*,*,#8574,.T.);
#8574 = EDGE_CURVE('',#8539,#8575,#8577,.T.);
#8575 = VERTEX_POINT('',#8576);
#8576 = CARTESIAN_POINT('',(64.,-12.,955.));
#8577 = SURFACE_CURVE('',#8578,(#8583,#8595),.PCURVE_S1.);
#8578 = ELLIPSE('',#8579,7.071067811865,5.);
#8579 = AXIS2_PLACEMENT_3D('',#8580,#8581,#8582);
#8580 = CARTESIAN_POINT('',(64.,-12.,950.));
#8581 = DIRECTION('',(-0.707106781187,-0.707106781187,0.));
#8582 = DIRECTION('',(0.707106781187,-0.707106781187,3.140184917368E-16)
  );
#8583 = PCURVE('',#8550,#8584);
#8584 = DEFINITIONAL_REPRESENTATION('',(#8585),#8594);
#8585 = B_SPLINE_CURVE_WITH_KNOTS('',7,(#8586,#8587,#8588,#8589,#8590,
    #8591,#8592,#8593),.UNSPECIFIED.,.F.,.F.,(8,8),(0.643500908792,
    1.570796326795),.PIECEWISE_BEZIER_KNOTS.);
#8586 = CARTESIAN_POINT('',(0.643500908792,32.000000600004));
#8587 = CARTESIAN_POINT('',(0.775971682792,31.60258838398));
#8588 = CARTESIAN_POINT('',(0.908442456793,31.123283078687));
#8589 = CARTESIAN_POINT('',(1.040913230794,30.573475945148));
#8590 = CARTESIAN_POINT('',(1.173384004794,29.968077063226));
#8591 = CARTESIAN_POINT('',(1.305854778794,29.324707697333));
#8592 = CARTESIAN_POINT('',(1.438325552794,28.662353870002));
#8593 = CARTESIAN_POINT('',(1.570796326795,28.));
#8594 = ( GEOMETRIC_REPRESENTATION_CONTEXT(2) 
PARAMETRIC_REPRESENTATION_CONTEXT() REPRESENTATION_CONTEXT('2D SPACE',''
  ) );
#8595 = PCURVE('',#8596,#8601);
#8596 = CYLINDRICAL_SURFACE('',#8597,5.);
#8597 = AXIS2_PLACEMENT_3D('',#8598,#8599,#8600);
#8598 = CARTESIAN_POINT('',(64.,-12.,950.));
#8599 = DIRECTION('',(1.,0.,2.22044604925E-16));
#8600 = DIRECTION('',(2.22044604925E-16,0.,-1.));
#8601 = DEFINITIONAL_REPRESENTATION('',(#8602),#8611);
#8602 = B_SPLINE_CURVE_WITH_KNOTS('',7,(#8603,#8604,#8605,#8606,#8607,
    #8608,#8609,#8610),.UNSPECIFIED.,.F.,.F.,(8,8),(0.643500908792,
    1.570796326795),.PIECEWISE_BEZIER_KNOTS.);
#8603 = CARTESIAN_POINT('',(4.068888071593,4.000000600004));
#8604 = CARTESIAN_POINT('',(3.936417297592,3.60258838398));
#8605 = CARTESIAN_POINT('',(3.803946523592,3.123283078686));
#8606 = CARTESIAN_POINT('',(3.671475749592,2.573475945143));
#8607 = CARTESIAN_POINT('',(3.539004975591,1.968077063221));
#8608 = CARTESIAN_POINT('',(3.406534201591,1.324707697335));
#8609 = CARTESIAN_POINT('',(3.27406342759,0.662353870002));
#8610 = CARTESIAN_POINT('',(3.14159265359,0.));
#8611 = ( GEOMETRIC_REPRESENTATION_CONTEXT(2) 
PARAMETRIC_REPRESENTATION_CONTEXT() REPRESENTATION_CONTEXT('2D SPACE',''
  ) );
#8612 = ORIENTED_EDGE('',*,*,#8613,.F.);
#8613 = EDGE_CURVE('',#8614,#8575,#8616,.T.);
#8614 = VERTEX_POINT('',#8615);
#8615 = CARTESIAN_POINT('',(69.,-7.,950.));
#8616 = SURFACE_CURVE('',#8617,(#8622,#8635),.PCURVE_S1.);
#8617 = ELLIPSE('',#8618,7.071067811865,5.);
#8618 = AXIS2_PLACEMENT_3D('',#8619,#8620,#8621);
#8619 = CARTESIAN_POINT('',(64.,-12.,950.));
#8620 = DIRECTION('',(0.707106781187,-0.707106781187,3.140184917368E-16)
  );
#8621 = DIRECTION('',(-0.707106781187,-0.707106781187,0.));
#8622 = PCURVE('',#8550,#8623);
#8623 = DEFINITIONAL_REPRESENTATION('',(#8624),#8634);
#8624 = B_SPLINE_CURVE_WITH_KNOTS('',8,(#8625,#8626,#8627,#8628,#8629,
    #8630,#8631,#8632,#8633),.UNSPECIFIED.,.F.,.F.,(9,9),(3.14159265359,
    4.712388980385),.PIECEWISE_BEZIER_KNOTS.);
#8625 = CARTESIAN_POINT('',(0.,23.));
#8626 = CARTESIAN_POINT('',(0.196349540849,23.));
#8627 = CARTESIAN_POINT('',(0.392699081698,23.220303879945));
#8628 = CARTESIAN_POINT('',(0.58904862255,23.660909768223));
#8629 = CARTESIAN_POINT('',(0.785398163393,24.303706247127));
#8630 = CARTESIAN_POINT('',(0.981747704249,25.112433693968));
#8631 = CARTESIAN_POINT('',(1.178097245095,26.036504358417));
#8632 = CARTESIAN_POINT('',(1.374446785946,27.018252295753));
#8633 = CARTESIAN_POINT('',(1.570796326795,28.));
#8634 = ( GEOMETRIC_REPRESENTATION_CONTEXT(2) 
PARAMETRIC_REPRESENTATION_CONTEXT() REPRESENTATION_CONTEXT('2D SPACE',''
  ) );
#8635 = PCURVE('',#8596,#8636);
#8636 = DEFINITIONAL_REPRESENTATION('',(#8637),#8647);
#8637 = B_SPLINE_CURVE_WITH_KNOTS('',8,(#8638,#8639,#8640,#8641,#8642,
    #8643,#8644,#8645,#8646),.UNSPECIFIED.,.F.,.F.,(9,9),(3.14159265359,
    4.712388980385),.PIECEWISE_BEZIER_KNOTS.);
#8638 = CARTESIAN_POINT('',(1.570796326795,5.));
#8639 = CARTESIAN_POINT('',(1.767145867644,5.));
#8640 = CARTESIAN_POINT('',(1.963495408492,4.779696120063));
#8641 = CARTESIAN_POINT('',(2.159844949339,4.339090231713));
#8642 = CARTESIAN_POINT('',(2.356194490198,3.696293752861));
#8643 = CARTESIAN_POINT('',(2.552544031041,2.88756630607));
#8644 = CARTESIAN_POINT('',(2.74889357189,1.963495641587));
#8645 = CARTESIAN_POINT('',(2.94524311274,0.981747704247));
#8646 = CARTESIAN_POINT('',(3.14159265359,0.));
#8647 = ( GEOMETRIC_REPRESENTATION_CONTEXT(2) 
PARAMETRIC_REPRESENTATION_CONTEXT() REPRESENTATION_CONTEXT('2D SPACE',''
  ) );
#8648 = ORIENTED_EDGE('',*,*,#8649,.F.);
#8649 = EDGE_CURVE('',#8650,#8614,#8652,.T.);
#8650 = VERTEX_POINT('',#8651);
#8651 = CARTESIAN_POINT('',(69.,7.,950.));
#8652 = SEAM_CURVE('',#8653,(#8657,#8664),.PCURVE_S1.);
#8653 = LINE('',#8654,#8655);
#8654 = CARTESIAN_POINT('',(69.,16.,950.));
#8655 = VECTOR('',#8656,1.);
#8656 = DIRECTION('',(0.,-1.,2.22044604925E-16));
#8657 = PCURVE('',#8550,#8658);
#8658 = DEFINITIONAL_REPRESENTATION('',(#8659),#8663);
#8659 = LINE('',#8660,#8661);
#8660 = CARTESIAN_POINT('',(6.28318530718,-0.));
#8661 = VECTOR('',#8662,1.);
#8662 = DIRECTION('',(0.,1.));
#8663 = ( GEOMETRIC_REPRESENTATION_CONTEXT(2) 
PARAMETRIC_REPRESENTATION_CONTEXT() REPRESENTATION_CONTEXT('2D SPACE',''
  ) );
#8664 = PCURVE('',#8550,#8665);
#8665 = DEFINITIONAL_REPRESENTATION('',(#8666),#8670);
#8666 = LINE('',#8667,#8668);
#8667 = CARTESIAN_POINT('',(0.,-0.));
#8668 = VECTOR('',#8669,1.);
#8669 = DIRECTION('',(0.,1.));
#8670 = ( GEOMETRIC_REPRESENTATION_CONTEXT(2) 
PARAMETRIC_REPRESENTATION_CONTEXT() REPRESENTATION_CONTEXT('2D SPACE',''
  ) );
#8671 = ORIENTED_EDGE('',*,*,#8672,.T.);
#8672 = EDGE_CURVE('',#8650,#8673,#8675,.T.);
#8673 = VERTEX_POINT('',#8674);
#8674 = CARTESIAN_POINT('',(64.,12.,955.));
#8675 = SURFACE_CURVE('',#8676,(#8681,#8694),.PCURVE_S1.);
#8676 = ELLIPSE('',#8677,7.071067811865,5.);
#8677 = AXIS2_PLACEMENT_3D('',#8678,#8679,#8680);
#8678 = CARTESIAN_POINT('',(64.,12.,950.));
#8679 = DIRECTION('',(-0.707106781187,-0.707106781187,0.));
#8680 = DIRECTION('',(0.707106781187,-0.707106781187,3.140184917368E-16)
  );
#8681 = PCURVE('',#8550,#8682);
#8682 = DEFINITIONAL_REPRESENTATION('',(#8683),#8693);
#8683 = B_SPLINE_CURVE_WITH_KNOTS('',8,(#8684,#8685,#8686,#8687,#8688,
    #8689,#8690,#8691,#8692),.UNSPECIFIED.,.F.,.F.,(9,9),(0.,
    1.570796326795),.PIECEWISE_BEZIER_KNOTS.);
#8684 = CARTESIAN_POINT('',(0.,9.));
#8685 = CARTESIAN_POINT('',(0.196349540849,9.));
#8686 = CARTESIAN_POINT('',(0.392699081698,8.779696120071));
#8687 = CARTESIAN_POINT('',(0.58904862255,8.339090231697));
#8688 = CARTESIAN_POINT('',(0.785398163393,7.696293752902));
#8689 = CARTESIAN_POINT('',(0.981747704249,6.887566306053));
#8690 = CARTESIAN_POINT('',(1.178097245095,5.963495641599));
#8691 = CARTESIAN_POINT('',(1.374446785946,4.981747704247));
#8692 = CARTESIAN_POINT('',(1.570796326795,4.));
#8693 = ( GEOMETRIC_REPRESENTATION_CONTEXT(2) 
PARAMETRIC_REPRESENTATION_CONTEXT() REPRESENTATION_CONTEXT('2D SPACE',''
  ) );
#8694 = PCURVE('',#8695,#8700);
#8695 = CYLINDRICAL_SURFACE('',#8696,5.);
#8696 = AXIS2_PLACEMENT_3D('',#8697,#8698,#8699);
#8697 = CARTESIAN_POINT('',(64.,12.,950.));
#8698 = DIRECTION('',(1.,0.,2.22044604925E-16));
#8699 = DIRECTION('',(2.22044604925E-16,0.,-1.));
#8700 = DEFINITIONAL_REPRESENTATION('',(#8701),#8711);
#8701 = B_SPLINE_CURVE_WITH_KNOTS('',8,(#8702,#8703,#8704,#8705,#8706,
    #8707,#8708,#8709,#8710),.UNSPECIFIED.,.F.,.F.,(9,9),(0.,
    1.570796326795),.PIECEWISE_BEZIER_KNOTS.);
#8702 = CARTESIAN_POINT('',(4.712388980385,5.));
#8703 = CARTESIAN_POINT('',(4.516039439535,5.));
#8704 = CARTESIAN_POINT('',(4.319689898689,4.779696120063));
#8705 = CARTESIAN_POINT('',(4.123340357835,4.339090231713));
#8706 = CARTESIAN_POINT('',(3.926990816999,3.696293752861));
#8707 = CARTESIAN_POINT('',(3.73064127613,2.88756630607));
#8708 = CARTESIAN_POINT('',(3.53429173529,1.963495641587));
#8709 = CARTESIAN_POINT('',(3.337942194439,0.981747704247));
#8710 = CARTESIAN_POINT('',(3.14159265359,0.));
#8711 = ( GEOMETRIC_REPRESENTATION_CONTEXT(2) 
PARAMETRIC_REPRESENTATION_CONTEXT() REPRESENTATION_CONTEXT('2D SPACE',''
  ) );
#8712 = ORIENTED_EDGE('',*,*,#8713,.F.);
#8713 = EDGE_CURVE('',#8714,#8673,#8716,.T.);
#8714 = VERTEX_POINT('',#8715);
#8715 = CARTESIAN_POINT('',(68.,16.,953.));
#8716 = SURFACE_CURVE('',#8717,(#8722,#8734),.PCURVE_S1.);
#8717 = ELLIPSE('',#8718,7.071067811865,5.);
#8718 = AXIS2_PLACEMENT_3D('',#8719,#8720,#8721);
#8719 = CARTESIAN_POINT('',(64.,12.,950.));
#8720 = DIRECTION('',(0.707106781187,-0.707106781187,3.140184917368E-16)
  );
#8721 = DIRECTION('',(-0.707106781187,-0.707106781187,0.));
#8722 = PCURVE('',#8550,#8723);
#8723 = DEFINITIONAL_REPRESENTATION('',(#8724),#8733);
#8724 = B_SPLINE_CURVE_WITH_KNOTS('',7,(#8725,#8726,#8727,#8728,#8729,
    #8730,#8731,#8732),.UNSPECIFIED.,.F.,.F.,(8,8),(3.785093562382,
    4.712388980385),.PIECEWISE_BEZIER_KNOTS.);
#8725 = CARTESIAN_POINT('',(0.643500908792,-6.00003707163E-07));
#8726 = CARTESIAN_POINT('',(0.775971682792,0.39741161602));
#8727 = CARTESIAN_POINT('',(0.908442456793,0.876716921314));
#8728 = CARTESIAN_POINT('',(1.040913230794,1.426524054856));
#8729 = CARTESIAN_POINT('',(1.173384004793,2.031922936781));
#8730 = CARTESIAN_POINT('',(1.305854778794,2.675292302664));
#8731 = CARTESIAN_POINT('',(1.438325552794,3.337646129998));
#8732 = CARTESIAN_POINT('',(1.570796326795,4.));
#8733 = ( GEOMETRIC_REPRESENTATION_CONTEXT(2) 
PARAMETRIC_REPRESENTATION_CONTEXT() REPRESENTATION_CONTEXT('2D SPACE',''
  ) );
#8734 = PCURVE('',#8695,#8735);
#8735 = DEFINITIONAL_REPRESENTATION('',(#8736),#8745);
#8736 = B_SPLINE_CURVE_WITH_KNOTS('',7,(#8737,#8738,#8739,#8740,#8741,
    #8742,#8743,#8744),.UNSPECIFIED.,.F.,.F.,(8,8),(3.785093562382,
    4.712388980385),.PIECEWISE_BEZIER_KNOTS.);
#8737 = CARTESIAN_POINT('',(2.214297235587,4.000000600004));
#8738 = CARTESIAN_POINT('',(2.346768009587,3.60258838398));
#8739 = CARTESIAN_POINT('',(2.479238783588,3.123283078686));
#8740 = CARTESIAN_POINT('',(2.611709557589,2.573475945143));
#8741 = CARTESIAN_POINT('',(2.744180331588,1.968077063219));
#8742 = CARTESIAN_POINT('',(2.876651105589,1.324707697335));
#8743 = CARTESIAN_POINT('',(3.009121879589,0.662353870002));
#8744 = CARTESIAN_POINT('',(3.14159265359,0.));
#8745 = ( GEOMETRIC_REPRESENTATION_CONTEXT(2) 
PARAMETRIC_REPRESENTATION_CONTEXT() REPRESENTATION_CONTEXT('2D SPACE',''
  ) );
#8746 = ORIENTED_EDGE('',*,*,#8747,.T.);
#8747 = EDGE_CURVE('',#8714,#8748,#8750,.T.);
#8748 = VERTEX_POINT('',#8749);
#8749 = CARTESIAN_POINT('',(68.,16.,947.));
#8750 = SURFACE_CURVE('',#8751,(#8756,#8763),.PCURVE_S1.);
#8751 = CIRCLE('',#8752,5.);
#8752 = AXIS2_PLACEMENT_3D('',#8753,#8754,#8755);
#8753 = CARTESIAN_POINT('',(64.,16.,950.));
#8754 = DIRECTION('',(0.,-1.,2.22044604925E-16));
#8755 = DIRECTION('',(1.,0.,0.));
#8756 = PCURVE('',#8550,#8757);
#8757 = DEFINITIONAL_REPRESENTATION('',(#8758),#8762);
#8758 = LINE('',#8759,#8760);
#8759 = CARTESIAN_POINT('',(0.,0.));
#8760 = VECTOR('',#8761,1.);
#8761 = DIRECTION('',(1.,0.));
#8762 = ( GEOMETRIC_REPRESENTATION_CONTEXT(2) 
PARAMETRIC_REPRESENTATION_CONTEXT() REPRESENTATION_CONTEXT('2D SPACE',''
  ) );
#8763 = PCURVE('',#8764,#8769);
#8764 = PLANE('',#8765);
#8765 = AXIS2_PLACEMENT_3D('',#8766,#8767,#8768);
#8766 = CARTESIAN_POINT('',(64.,16.,950.));
#8767 = DIRECTION('',(0.,-1.,2.22044604925E-16));
#8768 = DIRECTION('',(1.,0.,0.));
#8769 = DEFINITIONAL_REPRESENTATION('',(#8770),#8774);
#8770 = CIRCLE('',#8771,5.);
#8771 = AXIS2_PLACEMENT_2D('',#8772,#8773);
#8772 = CARTESIAN_POINT('',(0.,0.));
#8773 = DIRECTION('',(1.,0.));
#8774 = ( GEOMETRIC_REPRESENTATION_CONTEXT(2) 
PARAMETRIC_REPRESENTATION_CONTEXT() REPRESENTATION_CONTEXT('2D SPACE',''
  ) );
#8775 = ORIENTED_EDGE('',*,*,#8776,.F.);
#8776 = EDGE_CURVE('',#8777,#8748,#8779,.T.);
#8777 = VERTEX_POINT('',#8778);
#8778 = CARTESIAN_POINT('',(64.,12.,945.));
#8779 = SURFACE_CURVE('',#8780,(#8785,#8797),.PCURVE_S1.);
#8780 = ELLIPSE('',#8781,7.071067811865,5.);
#8781 = AXIS2_PLACEMENT_3D('',#8782,#8783,#8784);
#8782 = CARTESIAN_POINT('',(64.,12.,950.));
#8783 = DIRECTION('',(0.707106781187,-0.707106781187,3.140184917368E-16)
  );
#8784 = DIRECTION('',(-0.707106781187,-0.707106781187,0.));
#8785 = PCURVE('',#8550,#8786);
#8786 = DEFINITIONAL_REPRESENTATION('',(#8787),#8796);
#8787 = B_SPLINE_CURVE_WITH_KNOTS('',7,(#8788,#8789,#8790,#8791,#8792,
    #8793,#8794,#8795),.UNSPECIFIED.,.F.,.F.,(8,8),(1.570796326795,
    2.498091744798),.PIECEWISE_BEZIER_KNOTS.);
#8788 = CARTESIAN_POINT('',(4.712388980385,4.));
#8789 = CARTESIAN_POINT('',(4.844859754385,3.337646129998));
#8790 = CARTESIAN_POINT('',(4.977330528385,2.675292302664));
#8791 = CARTESIAN_POINT('',(5.109801302389,2.031922936782));
#8792 = CARTESIAN_POINT('',(5.242272076384,1.426524054855));
#8793 = CARTESIAN_POINT('',(5.374742850388,0.876716921314));
#8794 = CARTESIAN_POINT('',(5.507213624387,0.39741161602));
#8795 = CARTESIAN_POINT('',(5.639684398388,-6.000037142684E-07));
#8796 = ( GEOMETRIC_REPRESENTATION_CONTEXT(2) 
PARAMETRIC_REPRESENTATION_CONTEXT() REPRESENTATION_CONTEXT('2D SPACE',''
  ) );
#8797 = PCURVE('',#8695,#8798);
#8798 = DEFINITIONAL_REPRESENTATION('',(#8799),#8808);
#8799 = B_SPLINE_CURVE_WITH_KNOTS('',7,(#8800,#8801,#8802,#8803,#8804,
    #8805,#8806,#8807),.UNSPECIFIED.,.F.,.F.,(8,8),(1.570796326795,
    2.498091744798),.PIECEWISE_BEZIER_KNOTS.);
#8800 = CARTESIAN_POINT('',(0.,0.));
#8801 = CARTESIAN_POINT('',(0.132470774,0.662353870002));
#8802 = CARTESIAN_POINT('',(0.264941548001,1.324707697336));
#8803 = CARTESIAN_POINT('',(0.397412322002,1.968077063219));
#8804 = CARTESIAN_POINT('',(0.529883096001,2.573475945144));
#8805 = CARTESIAN_POINT('',(0.662353870002,3.123283078686));
#8806 = CARTESIAN_POINT('',(0.794824644002,3.60258838398));
#8807 = CARTESIAN_POINT('',(0.927295418003,4.000000600004));
#8808 = ( GEOMETRIC_REPRESENTATION_CONTEXT(2) 
PARAMETRIC_REPRESENTATION_CONTEXT() REPRESENTATION_CONTEXT('2D SPACE',''
  ) );
#8809 = ORIENTED_EDGE('',*,*,#8810,.T.);
#8810 = EDGE_CURVE('',#8777,#8650,#8811,.T.);
#8811 = SURFACE_CURVE('',#8812,(#8817,#8830),.PCURVE_S1.);
#8812 = ELLIPSE('',#8813,7.071067811865,5.);
#8813 = AXIS2_PLACEMENT_3D('',#8814,#8815,#8816);
#8814 = CARTESIAN_POINT('',(64.,12.,950.));
#8815 = DIRECTION('',(-0.707106781187,-0.707106781187,0.));
#8816 = DIRECTION('',(0.707106781187,-0.707106781187,3.140184917368E-16)
  );
#8817 = PCURVE('',#8550,#8818);
#8818 = DEFINITIONAL_REPRESENTATION('',(#8819),#8829);
#8819 = B_SPLINE_CURVE_WITH_KNOTS('',8,(#8820,#8821,#8822,#8823,#8824,
    #8825,#8826,#8827,#8828),.UNSPECIFIED.,.F.,.F.,(9,9),(4.712388980385
    ,6.28318530718),.PIECEWISE_BEZIER_KNOTS.);
#8820 = CARTESIAN_POINT('',(4.712388980385,4.));
#8821 = CARTESIAN_POINT('',(4.908738521234,4.981747704247));
#8822 = CARTESIAN_POINT('',(5.105088062083,5.963495641585));
#8823 = CARTESIAN_POINT('',(5.301437602933,6.88756630605));
#8824 = CARTESIAN_POINT('',(5.497787143781,7.696293752888));
#8825 = CARTESIAN_POINT('',(5.694136684633,8.339090231704));
#8826 = CARTESIAN_POINT('',(5.890486225481,8.779696120065));
#8827 = CARTESIAN_POINT('',(6.08683576633,9.));
#8828 = CARTESIAN_POINT('',(6.28318530718,9.));
#8829 = ( GEOMETRIC_REPRESENTATION_CONTEXT(2) 
PARAMETRIC_REPRESENTATION_CONTEXT() REPRESENTATION_CONTEXT('2D SPACE',''
  ) );
#8830 = PCURVE('',#8695,#8831);
#8831 = DEFINITIONAL_REPRESENTATION('',(#8832),#8842);
#8832 = B_SPLINE_CURVE_WITH_KNOTS('',8,(#8833,#8834,#8835,#8836,#8837,
    #8838,#8839,#8840,#8841),.UNSPECIFIED.,.F.,.F.,(9,9),(4.712388980385
    ,6.28318530718),.PIECEWISE_BEZIER_KNOTS.);
#8833 = CARTESIAN_POINT('',(6.28318530718,0.));
#8834 = CARTESIAN_POINT('',(6.08683576633,0.981747704247));
#8835 = CARTESIAN_POINT('',(5.890486225483,1.963495641587));
#8836 = CARTESIAN_POINT('',(5.694136684624,2.887566306048));
#8837 = CARTESIAN_POINT('',(5.49778714379,3.69629375287));
#8838 = CARTESIAN_POINT('',(5.301437602927,4.339090231691));
#8839 = CARTESIAN_POINT('',(5.105088062085,4.779696120066));
#8840 = CARTESIAN_POINT('',(4.908738521234,5.));
#8841 = CARTESIAN_POINT('',(4.712388980385,5.));
#8842 = ( GEOMETRIC_REPRESENTATION_CONTEXT(2) 
PARAMETRIC_REPRESENTATION_CONTEXT() REPRESENTATION_CONTEXT('2D SPACE',''
  ) );
#8843 = ORIENTED_EDGE('',*,*,#8649,.T.);
#8844 = ORIENTED_EDGE('',*,*,#8845,.F.);
#8845 = EDGE_CURVE('',#8846,#8614,#8848,.T.);
#8846 = VERTEX_POINT('',#8847);
#8847 = CARTESIAN_POINT('',(64.,-12.,945.));
#8848 = SURFACE_CURVE('',#8849,(#8854,#8867),.PCURVE_S1.);
#8849 = ELLIPSE('',#8850,7.071067811865,5.);
#8850 = AXIS2_PLACEMENT_3D('',#8851,#8852,#8853);
#8851 = CARTESIAN_POINT('',(64.,-12.,950.));
#8852 = DIRECTION('',(0.707106781187,-0.707106781187,3.140184917368E-16)
  );
#8853 = DIRECTION('',(-0.707106781187,-0.707106781187,0.));
#8854 = PCURVE('',#8550,#8855);
#8855 = DEFINITIONAL_REPRESENTATION('',(#8856),#8866);
#8856 = B_SPLINE_CURVE_WITH_KNOTS('',8,(#8857,#8858,#8859,#8860,#8861,
    #8862,#8863,#8864,#8865),.UNSPECIFIED.,.F.,.F.,(9,9),(1.570796326795
    ,3.14159265359),.PIECEWISE_BEZIER_KNOTS.);
#8857 = CARTESIAN_POINT('',(4.712388980385,28.));
#8858 = CARTESIAN_POINT('',(4.908738521234,27.018252295753));
#8859 = CARTESIAN_POINT('',(5.105088062084,26.036504358395));
#8860 = CARTESIAN_POINT('',(5.301437602933,25.112433693925));
#8861 = CARTESIAN_POINT('',(5.497787143783,24.303706247098));
#8862 = CARTESIAN_POINT('',(5.694136684632,23.660909768223));
#8863 = CARTESIAN_POINT('',(5.890486225481,23.220303879905));
#8864 = CARTESIAN_POINT('',(6.08683576633,23.));
#8865 = CARTESIAN_POINT('',(6.28318530718,23.));
#8866 = ( GEOMETRIC_REPRESENTATION_CONTEXT(2) 
PARAMETRIC_REPRESENTATION_CONTEXT() REPRESENTATION_CONTEXT('2D SPACE',''
  ) );
#8867 = PCURVE('',#8596,#8868);
#8868 = DEFINITIONAL_REPRESENTATION('',(#8869),#8879);
#8869 = B_SPLINE_CURVE_WITH_KNOTS('',8,(#8870,#8871,#8872,#8873,#8874,
    #8875,#8876,#8877,#8878),.UNSPECIFIED.,.F.,.F.,(9,9),(1.570796326795
    ,3.14159265359),.PIECEWISE_BEZIER_KNOTS.);
#8870 = CARTESIAN_POINT('',(0.,0.));
#8871 = CARTESIAN_POINT('',(0.196349540849,0.981747704247));
#8872 = CARTESIAN_POINT('',(0.392699081698,1.96349564159));
#8873 = CARTESIAN_POINT('',(0.58904862255,2.887566306059));
#8874 = CARTESIAN_POINT('',(0.785398163394,3.696293752877));
#8875 = CARTESIAN_POINT('',(0.981747704248,4.339090231695));
#8876 = CARTESIAN_POINT('',(1.178097245095,4.779696120067));
#8877 = CARTESIAN_POINT('',(1.374446785946,5.));
#8878 = CARTESIAN_POINT('',(1.570796326795,5.));
#8879 = ( GEOMETRIC_REPRESENTATION_CONTEXT(2) 
PARAMETRIC_REPRESENTATION_CONTEXT() REPRESENTATION_CONTEXT('2D SPACE',''
  ) );
#8880 = ORIENTED_EDGE('',*,*,#8881,.T.);
#8881 = EDGE_CURVE('',#8846,#8541,#8882,.T.);
#8882 = SURFACE_CURVE('',#8883,(#8888,#8900),.PCURVE_S1.);
#8883 = ELLIPSE('',#8884,7.071067811865,5.);
#8884 = AXIS2_PLACEMENT_3D('',#8885,#8886,#8887);
#8885 = CARTESIAN_POINT('',(64.,-12.,950.));
#8886 = DIRECTION('',(-0.707106781187,-0.707106781187,0.));
#8887 = DIRECTION('',(0.707106781187,-0.707106781187,3.140184917368E-16)
  );
#8888 = PCURVE('',#8550,#8889);
#8889 = DEFINITIONAL_REPRESENTATION('',(#8890),#8899);
#8890 = B_SPLINE_CURVE_WITH_KNOTS('',7,(#8891,#8892,#8893,#8894,#8895,
    #8896,#8897,#8898),.UNSPECIFIED.,.F.,.F.,(8,8),(4.712388980385,
    5.639684398388),.PIECEWISE_BEZIER_KNOTS.);
#8891 = CARTESIAN_POINT('',(4.712388980385,28.));
#8892 = CARTESIAN_POINT('',(4.844859754385,28.662353870002));
#8893 = CARTESIAN_POINT('',(4.977330528385,29.32470769733));
#8894 = CARTESIAN_POINT('',(5.109801302387,29.968077063248));
#8895 = CARTESIAN_POINT('',(5.242272076386,30.57347594513));
#8896 = CARTESIAN_POINT('',(5.374742850386,31.123283078694));
#8897 = CARTESIAN_POINT('',(5.507213624387,31.60258838398));
#8898 = CARTESIAN_POINT('',(5.639684398388,32.000000600004));
#8899 = ( GEOMETRIC_REPRESENTATION_CONTEXT(2) 
PARAMETRIC_REPRESENTATION_CONTEXT() REPRESENTATION_CONTEXT('2D SPACE',''
  ) );
#8900 = PCURVE('',#8596,#8901);
#8901 = DEFINITIONAL_REPRESENTATION('',(#8902),#8911);
#8902 = B_SPLINE_CURVE_WITH_KNOTS('',7,(#8903,#8904,#8905,#8906,#8907,
    #8908,#8909,#8910),.UNSPECIFIED.,.F.,.F.,(8,8),(4.712388980385,
    5.639684398388),.PIECEWISE_BEZIER_KNOTS.);
#8903 = CARTESIAN_POINT('',(6.28318530718,0.));
#8904 = CARTESIAN_POINT('',(6.150714533179,0.662353870002));
#8905 = CARTESIAN_POINT('',(6.018243759179,1.324707697335));
#8906 = CARTESIAN_POINT('',(5.885772985178,1.968077063219));
#8907 = CARTESIAN_POINT('',(5.753302211178,2.573475945144));
#8908 = CARTESIAN_POINT('',(5.620831437177,3.123283078686));
#8909 = CARTESIAN_POINT('',(5.488360663177,3.60258838398));
#8910 = CARTESIAN_POINT('',(5.355889889177,4.000000600004));
#8911 = ( GEOMETRIC_REPRESENTATION_CONTEXT(2) 
PARAMETRIC_REPRESENTATION_CONTEXT() REPRESENTATION_CONTEXT('2D SPACE',''
  ) );
#8912 = ADVANCED_FACE('',(#8913),#8562,.T.);
#8913 = FACE_BOUND('',#8914,.T.);
#8914 = EDGE_LOOP('',(#8915,#8936,#8937,#8958));
#8915 = ORIENTED_EDGE('',*,*,#8916,.T.);
#8916 = EDGE_CURVE('',#8917,#8539,#8919,.T.);
#8917 = VERTEX_POINT('',#8918);
#8918 = CARTESIAN_POINT('',(64.,-16.,953.));
#8919 = SURFACE_CURVE('',#8920,(#8924,#8930),.PCURVE_S1.);
#8920 = LINE('',#8921,#8922);
#8921 = CARTESIAN_POINT('',(64.,-16.,953.));
#8922 = VECTOR('',#8923,1.);
#8923 = DIRECTION('',(1.,0.,2.22044604925E-16));
#8924 = PCURVE('',#8562,#8925);
#8925 = DEFINITIONAL_REPRESENTATION('',(#8926),#8929);
#8926 = B_SPLINE_CURVE_WITH_KNOTS('',1,(#8927,#8928),.UNSPECIFIED.,.F.,
  .F.,(2,2),(-5.999999999062E-07,6.),.PIECEWISE_BEZIER_KNOTS.);
#8927 = CARTESIAN_POINT('',(-5.999999999062E-07,3.));
#8928 = CARTESIAN_POINT('',(6.,3.));
#8929 = ( GEOMETRIC_REPRESENTATION_CONTEXT(2) 
PARAMETRIC_REPRESENTATION_CONTEXT() REPRESENTATION_CONTEXT('2D SPACE',''
  ) );
#8930 = PCURVE('',#8596,#8931);
#8931 = DEFINITIONAL_REPRESENTATION('',(#8932),#8935);
#8932 = B_SPLINE_CURVE_WITH_KNOTS('',1,(#8933,#8934),.UNSPECIFIED.,.F.,
  .F.,(2,2),(-5.999999999062E-07,6.),.PIECEWISE_BEZIER_KNOTS.);
#8933 = CARTESIAN_POINT('',(4.068887871591,-5.999999992401E-07));
#8934 = CARTESIAN_POINT('',(4.068887871591,6.));
#8935 = ( GEOMETRIC_REPRESENTATION_CONTEXT(2) 
PARAMETRIC_REPRESENTATION_CONTEXT() REPRESENTATION_CONTEXT('2D SPACE',''
  ) );
#8936 = ORIENTED_EDGE('',*,*,#8538,.T.);
#8937 = ORIENTED_EDGE('',*,*,#8938,.F.);
#8938 = EDGE_CURVE('',#8939,#8541,#8941,.T.);
#8939 = VERTEX_POINT('',#8940);
#8940 = CARTESIAN_POINT('',(64.,-16.,947.));
#8941 = SURFACE_CURVE('',#8942,(#8946,#8952),.PCURVE_S1.);
#8942 = LINE('',#8943,#8944);
#8943 = CARTESIAN_POINT('',(64.,-16.,947.));
#8944 = VECTOR('',#8945,1.);
#8945 = DIRECTION('',(1.,0.,2.22044604925E-16));
#8946 = PCURVE('',#8562,#8947);
#8947 = DEFINITIONAL_REPRESENTATION('',(#8948),#8951);
#8948 = B_SPLINE_CURVE_WITH_KNOTS('',1,(#8949,#8950),.UNSPECIFIED.,.F.,
  .F.,(2,2),(-5.999999999062E-07,6.),.PIECEWISE_BEZIER_KNOTS.);
#8949 = CARTESIAN_POINT('',(-5.999999999062E-07,-3.));
#8950 = CARTESIAN_POINT('',(6.,-3.));
#8951 = ( GEOMETRIC_REPRESENTATION_CONTEXT(2) 
PARAMETRIC_REPRESENTATION_CONTEXT() REPRESENTATION_CONTEXT('2D SPACE',''
  ) );
#8952 = PCURVE('',#8596,#8953);
#8953 = DEFINITIONAL_REPRESENTATION('',(#8954),#8957);
#8954 = B_SPLINE_CURVE_WITH_KNOTS('',1,(#8955,#8956),.UNSPECIFIED.,.F.,
  .F.,(2,2),(-5.999999999062E-07,6.),.PIECEWISE_BEZIER_KNOTS.);
#8955 = CARTESIAN_POINT('',(5.355890089178,-6.000000005724E-07));
#8956 = CARTESIAN_POINT('',(5.355890089178,6.));
#8957 = ( GEOMETRIC_REPRESENTATION_CONTEXT(2) 
PARAMETRIC_REPRESENTATION_CONTEXT() REPRESENTATION_CONTEXT('2D SPACE',''
  ) );
#8958 = ORIENTED_EDGE('',*,*,#8959,.T.);
#8959 = EDGE_CURVE('',#8939,#8917,#8960,.T.);
#8960 = SURFACE_CURVE('',#8961,(#8965,#8971),.PCURVE_S1.);
#8961 = LINE('',#8962,#8963);
#8962 = CARTESIAN_POINT('',(64.,-16.,950.));
#8963 = VECTOR('',#8964,1.);
#8964 = DIRECTION('',(-2.22044604925E-16,2.22044604925E-16,1.));
#8965 = PCURVE('',#8562,#8966);
#8966 = DEFINITIONAL_REPRESENTATION('',(#8967),#8970);
#8967 = B_SPLINE_CURVE_WITH_KNOTS('',1,(#8968,#8969),.UNSPECIFIED.,.F.,
  .F.,(2,2),(-5.,5.),.PIECEWISE_BEZIER_KNOTS.);
#8968 = CARTESIAN_POINT('',(1.110223024625E-15,-5.));
#8969 = CARTESIAN_POINT('',(-1.110223024625E-15,5.));
#8970 = ( GEOMETRIC_REPRESENTATION_CONTEXT(2) 
PARAMETRIC_REPRESENTATION_CONTEXT() REPRESENTATION_CONTEXT('2D SPACE',''
  ) );
#8971 = PCURVE('',#8972,#8977);
#8972 = PLANE('',#8973);
#8973 = AXIS2_PLACEMENT_3D('',#8974,#8975,#8976);
#8974 = CARTESIAN_POINT('',(64.,-12.,950.));
#8975 = DIRECTION('',(1.,0.,2.22044604925E-16));
#8976 = DIRECTION('',(2.22044604925E-16,0.,-1.));
#8977 = DEFINITIONAL_REPRESENTATION('',(#8978),#8981);
#8978 = B_SPLINE_CURVE_WITH_KNOTS('',1,(#8979,#8980),.UNSPECIFIED.,.F.,
  .F.,(2,2),(-5.,5.),.PIECEWISE_BEZIER_KNOTS.);
#8979 = CARTESIAN_POINT('',(5.,-4.));
#8980 = CARTESIAN_POINT('',(-5.,-4.));
#8981 = ( GEOMETRIC_REPRESENTATION_CONTEXT(2) 
PARAMETRIC_REPRESENTATION_CONTEXT() REPRESENTATION_CONTEXT('2D SPACE',''
  ) );
#8982 = ADVANCED_FACE('',(#8983),#8596,.T.);
#8983 = FACE_BOUND('',#8984,.T.);
#8984 = EDGE_LOOP('',(#8985,#9008,#9037,#9104,#9130,#9159,#9180,#9245,
    #9274,#9483,#9505,#9506,#9507,#9508,#9509,#9510,#9532,#9533));
#8985 = ORIENTED_EDGE('',*,*,#8986,.T.);
#8986 = EDGE_CURVE('',#8846,#8987,#8989,.T.);
#8987 = VERTEX_POINT('',#8988);
#8988 = CARTESIAN_POINT('',(115.,-12.,945.));
#8989 = SEAM_CURVE('',#8990,(#8994,#9001),.PCURVE_S1.);
#8990 = LINE('',#8991,#8992);
#8991 = CARTESIAN_POINT('',(64.,-12.,945.));
#8992 = VECTOR('',#8993,1.);
#8993 = DIRECTION('',(1.,0.,2.22044604925E-16));
#8994 = PCURVE('',#8596,#8995);
#8995 = DEFINITIONAL_REPRESENTATION('',(#8996),#9000);
#8996 = LINE('',#8997,#8998);
#8997 = CARTESIAN_POINT('',(6.28318530718,-0.));
#8998 = VECTOR('',#8999,1.);
#8999 = DIRECTION('',(0.,1.));
#9000 = ( GEOMETRIC_REPRESENTATION_CONTEXT(2) 
PARAMETRIC_REPRESENTATION_CONTEXT() REPRESENTATION_CONTEXT('2D SPACE',''
  ) );
#9001 = PCURVE('',#8596,#9002);
#9002 = DEFINITIONAL_REPRESENTATION('',(#9003),#9007);
#9003 = LINE('',#9004,#9005);
#9004 = CARTESIAN_POINT('',(0.,-0.));
#9005 = VECTOR('',#9006,1.);
#9006 = DIRECTION('',(0.,1.));
#9007 = ( GEOMETRIC_REPRESENTATION_CONTEXT(2) 
PARAMETRIC_REPRESENTATION_CONTEXT() REPRESENTATION_CONTEXT('2D SPACE',''
  ) );
#9008 = ORIENTED_EDGE('',*,*,#9009,.F.);
#9009 = EDGE_CURVE('',#9010,#8987,#9012,.T.);
#9010 = VERTEX_POINT('',#9011);
#9011 = CARTESIAN_POINT('',(115.,-15.,946.));
#9012 = SURFACE_CURVE('',#9013,(#9018,#9025),.PCURVE_S1.);
#9013 = CIRCLE('',#9014,5.);
#9014 = AXIS2_PLACEMENT_3D('',#9015,#9016,#9017);
#9015 = CARTESIAN_POINT('',(115.,-12.,950.));
#9016 = DIRECTION('',(1.,-0.,2.22044604925E-16));
#9017 = DIRECTION('',(2.22044604925E-16,0.,-1.));
#9018 = PCURVE('',#8596,#9019);
#9019 = DEFINITIONAL_REPRESENTATION('',(#9020),#9024);
#9020 = LINE('',#9021,#9022);
#9021 = CARTESIAN_POINT('',(0.,51.));
#9022 = VECTOR('',#9023,1.);
#9023 = DIRECTION('',(1.,0.));
#9024 = ( GEOMETRIC_REPRESENTATION_CONTEXT(2) 
PARAMETRIC_REPRESENTATION_CONTEXT() REPRESENTATION_CONTEXT('2D SPACE',''
  ) );
#9025 = PCURVE('',#9026,#9031);
#9026 = PLANE('',#9027);
#9027 = AXIS2_PLACEMENT_3D('',#9028,#9029,#9030);
#9028 = CARTESIAN_POINT('',(115.,-12.,950.));
#9029 = DIRECTION('',(1.,0.,2.22044604925E-16));
#9030 = DIRECTION('',(2.22044604925E-16,0.,-1.));
#9031 = DEFINITIONAL_REPRESENTATION('',(#9032),#9036);
#9032 = CIRCLE('',#9033,5.);
#9033 = AXIS2_PLACEMENT_2D('',#9034,#9035);
#9034 = CARTESIAN_POINT('',(0.,0.));
#9035 = DIRECTION('',(1.,0.));
#9036 = ( GEOMETRIC_REPRESENTATION_CONTEXT(2) 
PARAMETRIC_REPRESENTATION_CONTEXT() REPRESENTATION_CONTEXT('2D SPACE',''
  ) );
#9037 = ORIENTED_EDGE('',*,*,#9038,.F.);
#9038 = EDGE_CURVE('',#9039,#9010,#9041,.T.);
#9039 = VERTEX_POINT('',#9040);
#9040 = CARTESIAN_POINT('',(112.35424868893,-16.,947.));
#9041 = SURFACE_CURVE('',#9042,(#9059,#9079),.PCURVE_S1.);
#9042 = B_SPLINE_CURVE_WITH_KNOTS('',8,(#9043,#9044,#9045,#9046,#9047,
    #9048,#9049,#9050,#9051,#9052,#9053,#9054,#9055,#9056,#9057,#9058),
  .UNSPECIFIED.,.F.,.F.,(9,7,9),(0.,0.159179433016,1.),.UNSPECIFIED.);
#9043 = CARTESIAN_POINT('',(112.35424778237,-16.00000059981,
    947.0000007995));
#9044 = CARTESIAN_POINT('',(112.39745427658,-15.97142218463,
    946.96189623006));
#9045 = CARTESIAN_POINT('',(112.44108968245,-15.94286008741,
    946.92467767279));
#9046 = CARTESIAN_POINT('',(112.48514663069,-15.91433819637,
    946.88833136171));
#9047 = CARTESIAN_POINT('',(112.52961896607,-15.88588040906,
    946.85284463592));
#9048 = CARTESIAN_POINT('',(112.574501787,-15.85751074518,
    946.81820588176));
#9049 = CARTESIAN_POINT('',(112.61979148521,-15.82925345943,
    946.78440447504));
#9050 = CARTESIAN_POINT('',(112.66548578536,-15.80113315435,
    946.75143072325));
#9051 = CARTESIAN_POINT('',(112.95508349587,-15.62549324488,
    946.54942651387));
#9052 = CARTESIAN_POINT('',(113.21499086948,-15.47921345726,
    946.39883696248));
#9053 = CARTESIAN_POINT('',(113.48857494177,-15.3404462397,
    946.27029239654));
#9054 = CARTESIAN_POINT('',(113.77316791942,-15.21606679893,
    946.16541838663));
#9055 = CARTESIAN_POINT('',(114.06668029228,-15.11332876957,
    946.08499884032));
#9056 = CARTESIAN_POINT('',(114.36831399101,-15.03928395516,
    946.02946256562));
#9057 = CARTESIAN_POINT('',(114.6788772208,-14.99999993577,
    945.99999995183));
#9058 = CARTESIAN_POINT('',(115.0000006,-15.,946.));
#9059 = PCURVE('',#8596,#9060);
#9060 = DEFINITIONAL_REPRESENTATION('',(#9061),#9078);
#9061 = B_SPLINE_CURVE_WITH_KNOTS('',8,(#9062,#9063,#9064,#9065,#9066,
    #9067,#9068,#9069,#9070,#9071,#9072,#9073,#9074,#9075,#9076,#9077),
  .UNSPECIFIED.,.F.,.F.,(9,7,9),(0.,0.159179433016,1.),.UNSPECIFIED.);
#9062 = CARTESIAN_POINT('',(5.355889889301,48.354247782379));
#9063 = CARTESIAN_POINT('',(5.365416030234,48.397454276588));
#9064 = CARTESIAN_POINT('',(5.374798451534,48.441089682451));
#9065 = CARTESIAN_POINT('',(5.384037804817,48.485146630697));
#9066 = CARTESIAN_POINT('',(5.393134399889,48.529618966075));
#9067 = CARTESIAN_POINT('',(5.402088209158,48.574501787005));
#9068 = CARTESIAN_POINT('',(5.41089887205,48.619791485211));
#9069 = CARTESIAN_POINT('',(5.41956569942,48.665485785365));
#9070 = CARTESIAN_POINT('',(5.473102631871,48.955083495879));
#9071 = CARTESIAN_POINT('',(5.515026768262,49.21499086949));
#9072 = CARTESIAN_POINT('',(5.552777124064,49.488574941761));
#9073 = CARTESIAN_POINT('',(5.585263663623,49.773167919439));
#9074 = CARTESIAN_POINT('',(5.611351584107,50.06668029227));
#9075 = CARTESIAN_POINT('',(5.629863289649,50.368313991024));
#9076 = CARTESIAN_POINT('',(5.639684214442,50.678877220807));
#9077 = CARTESIAN_POINT('',(5.639684198386,51.0000006));
#9078 = ( GEOMETRIC_REPRESENTATION_CONTEXT(2) 
PARAMETRIC_REPRESENTATION_CONTEXT() REPRESENTATION_CONTEXT('2D SPACE',''
  ) );
#9079 = PCURVE('',#9080,#9085);
#9080 = CYLINDRICAL_SURFACE('',#9081,4.);
#9081 = AXIS2_PLACEMENT_3D('',#9082,#9083,#9084);
#9082 = CARTESIAN_POINT('',(115.,16.,950.));
#9083 = DIRECTION('',(0.,-1.,2.22044604925E-16));
#9084 = DIRECTION('',(1.,0.,0.));
#9085 = DEFINITIONAL_REPRESENTATION('',(#9086),#9103);
#9086 = B_SPLINE_CURVE_WITH_KNOTS('',8,(#9087,#9088,#9089,#9090,#9091,
    #9092,#9093,#9094,#9095,#9096,#9097,#9098,#9099,#9100,#9101,#9102),
  .UNSPECIFIED.,.F.,.F.,(9,7,9),(0.,0.159179433016,1.),.UNSPECIFIED.);
#9087 = CARTESIAN_POINT('',(3.989654430386,32.0000006));
#9088 = CARTESIAN_POINT('',(4.00405659896,31.971422184817));
#9089 = CARTESIAN_POINT('',(4.018392678258,31.942860087367));
#9090 = CARTESIAN_POINT('',(4.032668113776,31.914338196227));
#9091 = CARTESIAN_POINT('',(4.046888222933,31.885880408989));
#9092 = CARTESIAN_POINT('',(4.061058245054,31.857510745237));
#9093 = CARTESIAN_POINT('',(4.075183391348,31.829253459527));
#9094 = CARTESIAN_POINT('',(4.089268894896,31.801133154358));
#9095 = CARTESIAN_POINT('',(4.177541390097,31.625493244888));
#9096 = CARTESIAN_POINT('',(4.252372430143,31.47921345726));
#9097 = CARTESIAN_POINT('',(4.327477587265,31.340446239702));
#9098 = CARTESIAN_POINT('',(4.402744386531,31.216066798929));
#9099 = CARTESIAN_POINT('',(4.478270791998,31.113328769575));
#9100 = CARTESIAN_POINT('',(4.55446745142,31.03928395516));
#9101 = CARTESIAN_POINT('',(4.632108285587,30.999999935775));
#9102 = CARTESIAN_POINT('',(4.712389130385,31.));
#9103 = ( GEOMETRIC_REPRESENTATION_CONTEXT(2) 
PARAMETRIC_REPRESENTATION_CONTEXT() REPRESENTATION_CONTEXT('2D SPACE',''
  ) );
#9104 = ORIENTED_EDGE('',*,*,#9105,.T.);
#9105 = EDGE_CURVE('',#9039,#9106,#9108,.T.);
#9106 = VERTEX_POINT('',#9107);
#9107 = CARTESIAN_POINT('',(115.,-16.,947.));
#9108 = SURFACE_CURVE('',#9109,(#9113,#9119),.PCURVE_S1.);
#9109 = LINE('',#9110,#9111);
#9110 = CARTESIAN_POINT('',(64.,-16.,947.));
#9111 = VECTOR('',#9112,1.);
#9112 = DIRECTION('',(1.,0.,2.22044604925E-16));
#9113 = PCURVE('',#8596,#9114);
#9114 = DEFINITIONAL_REPRESENTATION('',(#9115),#9118);
#9115 = B_SPLINE_CURVE_WITH_KNOTS('',1,(#9116,#9117),.UNSPECIFIED.,.F.,
  .F.,(2,2),(46.2,51.0000006),.PIECEWISE_BEZIER_KNOTS.);
#9116 = CARTESIAN_POINT('',(5.355890089178,46.2));
#9117 = CARTESIAN_POINT('',(5.355890089178,51.0000006));
#9118 = ( GEOMETRIC_REPRESENTATION_CONTEXT(2) 
PARAMETRIC_REPRESENTATION_CONTEXT() REPRESENTATION_CONTEXT('2D SPACE',''
  ) );
#9119 = PCURVE('',#9120,#9125);
#9120 = PLANE('',#9121);
#9121 = AXIS2_PLACEMENT_3D('',#9122,#9123,#9124);
#9122 = CARTESIAN_POINT('',(115.,-16.,950.));
#9123 = DIRECTION('',(0.,-1.,2.22044604925E-16));
#9124 = DIRECTION('',(1.,0.,0.));
#9125 = DEFINITIONAL_REPRESENTATION('',(#9126),#9129);
#9126 = B_SPLINE_CURVE_WITH_KNOTS('',1,(#9127,#9128),.UNSPECIFIED.,.F.,
  .F.,(2,2),(46.2,51.0000006),.PIECEWISE_BEZIER_KNOTS.);
#9127 = CARTESIAN_POINT('',(-4.8,-3.));
#9128 = CARTESIAN_POINT('',(5.999999928008E-07,-3.));
#9129 = ( GEOMETRIC_REPRESENTATION_CONTEXT(2) 
PARAMETRIC_REPRESENTATION_CONTEXT() REPRESENTATION_CONTEXT('2D SPACE',''
  ) );
#9130 = ORIENTED_EDGE('',*,*,#9131,.F.);
#9131 = EDGE_CURVE('',#9132,#9106,#9134,.T.);
#9132 = VERTEX_POINT('',#9133);
#9133 = CARTESIAN_POINT('',(115.,-16.,953.));
#9134 = SURFACE_CURVE('',#9135,(#9140,#9147),.PCURVE_S1.);
#9135 = CIRCLE('',#9136,5.);
#9136 = AXIS2_PLACEMENT_3D('',#9137,#9138,#9139);
#9137 = CARTESIAN_POINT('',(115.,-12.,950.));
#9138 = DIRECTION('',(1.,-0.,2.22044604925E-16));
#9139 = DIRECTION('',(2.22044604925E-16,0.,-1.));
#9140 = PCURVE('',#8596,#9141);
#9141 = DEFINITIONAL_REPRESENTATION('',(#9142),#9146);
#9142 = LINE('',#9143,#9144);
#9143 = CARTESIAN_POINT('',(0.,51.));
#9144 = VECTOR('',#9145,1.);
#9145 = DIRECTION('',(1.,0.));
#9146 = ( GEOMETRIC_REPRESENTATION_CONTEXT(2) 
PARAMETRIC_REPRESENTATION_CONTEXT() REPRESENTATION_CONTEXT('2D SPACE',''
  ) );
#9147 = PCURVE('',#9148,#9153);
#9148 = PLANE('',#9149);
#9149 = AXIS2_PLACEMENT_3D('',#9150,#9151,#9152);
#9150 = CARTESIAN_POINT('',(115.,-12.,950.));
#9151 = DIRECTION('',(1.,0.,2.22044604925E-16));
#9152 = DIRECTION('',(2.22044604925E-16,0.,-1.));
#9153 = DEFINITIONAL_REPRESENTATION('',(#9154),#9158);
#9154 = CIRCLE('',#9155,5.);
#9155 = AXIS2_PLACEMENT_2D('',#9156,#9157);
#9156 = CARTESIAN_POINT('',(0.,0.));
#9157 = DIRECTION('',(1.,0.));
#9158 = ( GEOMETRIC_REPRESENTATION_CONTEXT(2) 
PARAMETRIC_REPRESENTATION_CONTEXT() REPRESENTATION_CONTEXT('2D SPACE',''
  ) );
#9159 = ORIENTED_EDGE('',*,*,#9160,.F.);
#9160 = EDGE_CURVE('',#9161,#9132,#9163,.T.);
#9161 = VERTEX_POINT('',#9162);
#9162 = CARTESIAN_POINT('',(112.35424868893,-16.,953.));
#9163 = SURFACE_CURVE('',#9164,(#9168,#9174),.PCURVE_S1.);
#9164 = LINE('',#9165,#9166);
#9165 = CARTESIAN_POINT('',(64.,-16.,953.));
#9166 = VECTOR('',#9167,1.);
#9167 = DIRECTION('',(1.,0.,2.22044604925E-16));
#9168 = PCURVE('',#8596,#9169);
#9169 = DEFINITIONAL_REPRESENTATION('',(#9170),#9173);
#9170 = B_SPLINE_CURVE_WITH_KNOTS('',1,(#9171,#9172),.UNSPECIFIED.,.F.,
  .F.,(2,2),(46.2,51.0000006),.PIECEWISE_BEZIER_KNOTS.);
#9171 = CARTESIAN_POINT('',(4.068887871591,46.2));
#9172 = CARTESIAN_POINT('',(4.068887871591,51.0000006));
#9173 = ( GEOMETRIC_REPRESENTATION_CONTEXT(2) 
PARAMETRIC_REPRESENTATION_CONTEXT() REPRESENTATION_CONTEXT('2D SPACE',''
  ) );
#9174 = PCURVE('',#9120,#9175);
#9175 = DEFINITIONAL_REPRESENTATION('',(#9176),#9179);
#9176 = B_SPLINE_CURVE_WITH_KNOTS('',1,(#9177,#9178),.UNSPECIFIED.,.F.,
  .F.,(2,2),(46.2,51.0000006),.PIECEWISE_BEZIER_KNOTS.);
#9177 = CARTESIAN_POINT('',(-4.8,3.));
#9178 = CARTESIAN_POINT('',(5.999999928008E-07,3.));
#9179 = ( GEOMETRIC_REPRESENTATION_CONTEXT(2) 
PARAMETRIC_REPRESENTATION_CONTEXT() REPRESENTATION_CONTEXT('2D SPACE',''
  ) );
#9180 = ORIENTED_EDGE('',*,*,#9181,.F.);
#9181 = EDGE_CURVE('',#9182,#9161,#9184,.T.);
#9182 = VERTEX_POINT('',#9183);
#9183 = CARTESIAN_POINT('',(115.,-15.,954.));
#9184 = SURFACE_CURVE('',#9185,(#9203,#9224),.PCURVE_S1.);
#9185 = B_SPLINE_CURVE_WITH_KNOTS('',6,(#9186,#9187,#9188,#9189,#9190,
    #9191,#9192,#9193,#9194,#9195,#9196,#9197,#9198,#9199,#9200,#9201,
    #9202),.UNSPECIFIED.,.F.,.F.,(7,5,5,7),(0.,0.355572451513,
    0.842306276644,1.),.UNSPECIFIED.);
#9186 = CARTESIAN_POINT('',(115.00000060004,-15.,954.));
#9187 = CARTESIAN_POINT('',(114.82214022148,-14.99999996442,
    954.00000002668));
#9188 = CARTESIAN_POINT('',(114.64508358983,-15.01265327197,
    953.99050988469));
#9189 = CARTESIAN_POINT('',(114.4694604082,-15.03774805559,
    953.97168954038));
#9190 = CARTESIAN_POINT('',(114.29601387817,-15.07436421875,
    953.94375662526));
#9191 = CARTESIAN_POINT('',(114.12579698291,-15.12086402986,
    953.90706103401));
#9192 = CARTESIAN_POINT('',(113.73386724709,-15.24919969793,
    953.80156772311));
#9193 = CARTESIAN_POINT('',(113.51502648176,-15.33816621934,
    953.72557436048));
#9194 = CARTESIAN_POINT('',(113.303442355,-15.43805292336,
    953.63538702483));
#9195 = CARTESIAN_POINT('',(113.09908053943,-15.54543664607,
    953.53134134791));
#9196 = CARTESIAN_POINT('',(112.90188290305,-15.6577712714,
    953.4134316362));
#9197 = CARTESIAN_POINT('',(112.65043166483,-15.8102595268,
    953.23807904804));
#9198 = CARTESIAN_POINT('',(112.58965574725,-15.84787734756,
    953.19363809991));
#9199 = CARTESIAN_POINT('',(112.5296374534,-15.88572816319,
    953.14764085816));
#9200 = CARTESIAN_POINT('',(112.4703857384,-15.92374372953,
    953.10005847847));
#9201 = CARTESIAN_POINT('',(112.41191561513,-15.96185690628,
    953.05085747953));
#9202 = CARTESIAN_POINT('',(112.35424778194,-16.00000059995,
    952.99999920011));
#9203 = PCURVE('',#8596,#9204);
#9204 = DEFINITIONAL_REPRESENTATION('',(#9205),#9223);
#9205 = B_SPLINE_CURVE_WITH_KNOTS('',6,(#9206,#9207,#9208,#9209,#9210,
    #9211,#9212,#9213,#9214,#9215,#9216,#9217,#9218,#9219,#9220,#9221,
    #9222),.UNSPECIFIED.,.F.,.F.,(7,5,5,7),(0.,0.355572451513,
    0.842306276644,1.),.UNSPECIFIED.);
#9206 = CARTESIAN_POINT('',(3.785093762383,51.0000006));
#9207 = CARTESIAN_POINT('',(3.785093753489,50.822140221434));
#9208 = CARTESIAN_POINT('',(3.788257053977,50.645083590034));
#9209 = CARTESIAN_POINT('',(3.794530877453,50.469460407994));
#9210 = CARTESIAN_POINT('',(3.803740871643,50.29601387826));
#9211 = CARTESIAN_POINT('',(3.815585489771,50.125796982913));
#9212 = CARTESIAN_POINT('',(3.848811312466,49.733867247096));
#9213 = CARTESIAN_POINT('',(3.872208135583,49.515026481762));
#9214 = CARTESIAN_POINT('',(3.89910684681,49.303442355006));
#9215 = CARTESIAN_POINT('',(3.928979270986,49.099080539432));
#9216 = CARTESIAN_POINT('',(3.961516848736,48.901882903059));
#9217 = CARTESIAN_POINT('',(4.007993164514,48.650431664839));
#9218 = CARTESIAN_POINT('',(4.019637039265,48.589655747258));
#9219 = CARTESIAN_POINT('',(4.031549016028,48.529637453405));
#9220 = CARTESIAN_POINT('',(4.043727761653,48.4703857384));
#9221 = CARTESIAN_POINT('',(4.056173503616,48.411915615138));
#9222 = CARTESIAN_POINT('',(4.068888071563,48.354247781949));
#9223 = ( GEOMETRIC_REPRESENTATION_CONTEXT(2) 
PARAMETRIC_REPRESENTATION_CONTEXT() REPRESENTATION_CONTEXT('2D SPACE',''
  ) );
#9224 = PCURVE('',#9080,#9225);
#9225 = DEFINITIONAL_REPRESENTATION('',(#9226),#9244);
#9226 = B_SPLINE_CURVE_WITH_KNOTS('',6,(#9227,#9228,#9229,#9230,#9231,
    #9232,#9233,#9234,#9235,#9236,#9237,#9238,#9239,#9240,#9241,#9242,
    #9243),.UNSPECIFIED.,.F.,.F.,(7,5,5,7),(0.,0.355572451513,
    0.842306276644,1.),.UNSPECIFIED.);
#9227 = CARTESIAN_POINT('',(1.57079617677,31.));
#9228 = CARTESIAN_POINT('',(1.615261271412,30.999999964425));
#9229 = CARTESIAN_POINT('',(1.659525353014,31.012653271971));
#9230 = CARTESIAN_POINT('',(1.703589763332,31.03774805559));
#9231 = CARTESIAN_POINT('',(1.747417987272,31.07436421875));
#9232 = CARTESIAN_POINT('',(1.790894053757,31.12086402986));
#9233 = CARTESIAN_POINT('',(1.892363801854,31.249199697934));
#9234 = CARTESIAN_POINT('',(1.950131850311,31.338166219346));
#9235 = CARTESIAN_POINT('',(2.007431927581,31.438052923367));
#9236 = CARTESIAN_POINT('',(2.064565374923,31.545436646072));
#9237 = CARTESIAN_POINT('',(2.121864696917,31.657771271409));
#9238 = CARTESIAN_POINT('',(2.198503564087,31.810259526808));
#9239 = CARTESIAN_POINT('',(2.217321540185,31.847877347604));
#9240 = CARTESIAN_POINT('',(2.236218585744,31.885728163168));
#9241 = CARTESIAN_POINT('',(2.255209261645,31.923743729478));
#9242 = CARTESIAN_POINT('',(2.274308260749,31.961856906328));
#9243 = CARTESIAN_POINT('',(2.293530876937,32.0000006));
#9244 = ( GEOMETRIC_REPRESENTATION_CONTEXT(2) 
PARAMETRIC_REPRESENTATION_CONTEXT() REPRESENTATION_CONTEXT('2D SPACE',''
  ) );
#9245 = ORIENTED_EDGE('',*,*,#9246,.F.);
#9246 = EDGE_CURVE('',#9247,#9182,#9249,.T.);
#9247 = VERTEX_POINT('',#9248);
#9248 = CARTESIAN_POINT('',(115.,-9.,954.));
#9249 = SURFACE_CURVE('',#9250,(#9255,#9262),.PCURVE_S1.);
#9250 = CIRCLE('',#9251,5.);
#9251 = AXIS2_PLACEMENT_3D('',#9252,#9253,#9254);
#9252 = CARTESIAN_POINT('',(115.,-12.,950.));
#9253 = DIRECTION('',(1.,-0.,2.22044604925E-16));
#9254 = DIRECTION('',(2.22044604925E-16,0.,-1.));
#9255 = PCURVE('',#8596,#9256);
#9256 = DEFINITIONAL_REPRESENTATION('',(#9257),#9261);
#9257 = LINE('',#9258,#9259);
#9258 = CARTESIAN_POINT('',(0.,51.));
#9259 = VECTOR('',#9260,1.);
#9260 = DIRECTION('',(1.,0.));
#9261 = ( GEOMETRIC_REPRESENTATION_CONTEXT(2) 
PARAMETRIC_REPRESENTATION_CONTEXT() REPRESENTATION_CONTEXT('2D SPACE',''
  ) );
#9262 = PCURVE('',#9263,#9268);
#9263 = PLANE('',#9264);
#9264 = AXIS2_PLACEMENT_3D('',#9265,#9266,#9267);
#9265 = CARTESIAN_POINT('',(115.,-12.,950.));
#9266 = DIRECTION('',(1.,0.,2.22044604925E-16));
#9267 = DIRECTION('',(2.22044604925E-16,0.,-1.));
#9268 = DEFINITIONAL_REPRESENTATION('',(#9269),#9273);
#9269 = CIRCLE('',#9270,5.);
#9270 = AXIS2_PLACEMENT_2D('',#9271,#9272);
#9271 = CARTESIAN_POINT('',(0.,0.));
#9272 = DIRECTION('',(1.,0.));
#9273 = ( GEOMETRIC_REPRESENTATION_CONTEXT(2) 
PARAMETRIC_REPRESENTATION_CONTEXT() REPRESENTATION_CONTEXT('2D SPACE',''
  ) );
#9274 = ORIENTED_EDGE('',*,*,#9275,.T.);
#9275 = EDGE_CURVE('',#9247,#9276,#9278,.T.);
#9276 = VERTEX_POINT('',#9277);
#9277 = CARTESIAN_POINT('',(115.,-9.,946.));
#9278 = SURFACE_CURVE('',#9279,(#9345,#9414),.PCURVE_S1.);
#9279 = B_SPLINE_CURVE_WITH_KNOTS('',8,(#9280,#9281,#9282,#9283,#9284,
    #9285,#9286,#9287,#9288,#9289,#9290,#9291,#9292,#9293,#9294,#9295,
    #9296,#9297,#9298,#9299,#9300,#9301,#9302,#9303,#9304,#9305,#9306,
    #9307,#9308,#9309,#9310,#9311,#9312,#9313,#9314,#9315,#9316,#9317,
    #9318,#9319,#9320,#9321,#9322,#9323,#9324,#9325,#9326,#9327,#9328,
    #9329,#9330,#9331,#9332,#9333,#9334,#9335,#9336,#9337,#9338,#9339,
    #9340,#9341,#9342,#9343,#9344),.UNSPECIFIED.,.F.,.F.,(9,7,7,7,7,7,7,
    7,7,9),(0.,9.029663771528E-02,0.213901342422,0.346720789794,
    0.397533088204,0.462494527833,0.565754789202,0.603305220086,
    0.787300330485,1.),.UNSPECIFIED.);
#9280 = CARTESIAN_POINT('',(115.00000060004,-9.,954.));
#9281 = CARTESIAN_POINT('',(114.86660531612,-9.000000026681,
    954.00000002001));
#9282 = CARTESIAN_POINT('',(114.7336406109,-8.993221476691,
    953.99491602109));
#9283 = CARTESIAN_POINT('',(114.60133137835,-8.979740016831,
    953.98480513408));
#9284 = CARTESIAN_POINT('',(114.46992683354,-8.959783077366,
    953.96973684664));
#9285 = CARTESIAN_POINT('',(114.33972154297,-8.933730859759,
    953.94980099589));
#9286 = CARTESIAN_POINT('',(114.21107568344,-8.902111732737,
    953.92512891838));
#9287 = CARTESIAN_POINT('',(114.08443452935,-8.865592016658,
    953.89592775737));
#9288 = CARTESIAN_POINT('',(113.79048722749,-8.769340265603,
    953.8168077742));
#9289 = CARTESIAN_POINT('',(113.62471969143,-8.705788231815,
    953.76303414329));
#9290 = CARTESIAN_POINT('',(113.46290794706,-8.635692085083,
    953.70150674375));
#9291 = CARTESIAN_POINT('',(113.30498999311,-8.560340572629,
    953.63241738027));
#9292 = CARTESIAN_POINT('',(113.15093858395,-8.480878830751,
    953.55586733484));
#9293 = CARTESIAN_POINT('',(113.0007416289,-8.398294640931,
    953.4718674395));
#9294 = CARTESIAN_POINT('',(112.85440284758,-8.313435269957,
    953.38032084035));
#9295 = CARTESIAN_POINT('',(112.55890358656,-8.1342348528,953.1742508262
    ));
#9296 = CARTESIAN_POINT('',(112.41046225017,-8.039728940722,
    953.05860503107));
#9297 = CARTESIAN_POINT('',(112.26651303718,-7.944374703151,
    952.9336642538));
#9298 = CARTESIAN_POINT('',(112.12714809103,-7.848953983572,
    952.79890859738));
#9299 = CARTESIAN_POINT('',(111.99269417606,-7.754290773741,
    952.65371982599));
#9300 = CARTESIAN_POINT('',(111.86373819115,-7.661331644114,
    952.49742237935));
#9301 = CARTESIAN_POINT('',(111.74116135422,-7.571208754575,
    952.32933065688));
#9302 = CARTESIAN_POINT('',(111.58219480681,-7.452414048193,
    952.07973853659));
#9303 = CARTESIAN_POINT('',(111.53929821988,-7.420141443927,
    952.00882106442));
#9304 = CARTESIAN_POINT('',(111.49756579918,-7.388547572361,
    951.93601634355));
#9305 = CARTESIAN_POINT('',(111.45707845062,-7.357717829041,
    951.86129322079));
#9306 = CARTESIAN_POINT('',(111.41792448568,-7.327743083329,
    951.78462326571));
#9307 = CARTESIAN_POINT('',(111.38019962354,-7.298719696338,
    951.70598083532));
#9308 = CARTESIAN_POINT('',(111.3440069932,-7.270749538883,
    951.62534313866));
#9309 = CARTESIAN_POINT('',(111.26528655959,-7.2096651255,
    951.43702203865));
#9310 = CARTESIAN_POINT('',(111.22373519459,-7.177236053983,
    951.32790236801));
#9311 = CARTESIAN_POINT('',(111.18513607172,-7.146955556884,
    951.21548255708));
#9312 = CARTESIAN_POINT('',(111.14980317171,-7.11911291068,
    951.09992714641));
#9313 = CARTESIAN_POINT('',(111.1180323972,-7.093982603851,
    950.98141381049));
#9314 = CARTESIAN_POINT('',(111.09010254501,-7.071823034422,
    950.86013321861));
#9315 = CARTESIAN_POINT('',(111.06627627839,-7.052875207503,
    950.73628889581));
#9316 = CARTESIAN_POINT('',(111.01584408707,-7.01270132005,
    950.40950732519));
#9317 = CARTESIAN_POINT('',(110.99599596649,-6.996809844073,
    950.20373096775));
#9318 = CARTESIAN_POINT('',(110.98831456719,-6.990632452712,
    949.9950579749));
#9319 = CARTESIAN_POINT('',(110.9932816965,-6.994615537294,
    949.78582903146));
#9320 = CARTESIAN_POINT('',(111.01081913816,-7.008688807506,
    949.57839802259));
#9321 = CARTESIAN_POINT('',(111.04029136033,-7.032264219316,
    949.37509713056));
#9322 = CARTESIAN_POINT('',(111.08049493268,-7.064251455943,
    949.17820454918));
#9323 = CARTESIAN_POINT('',(111.14750423429,-7.117213523223,
    948.92144355216));
#9324 = CARTESIAN_POINT('',(111.16659578952,-7.132275028429,
    948.85395570961));
#9325 = CARTESIAN_POINT('',(111.18685631317,-7.148225360307,
    948.78747459141));
#9326 = CARTESIAN_POINT('',(111.20823242339,-7.165014942445,
    948.72202206088));
#9327 = CARTESIAN_POINT('',(111.23067036173,-7.182593739234,
    948.65761854172));
#9328 = CARTESIAN_POINT('',(111.2541159931,-7.200911255865,
    948.59428301802));
#9329 = CARTESIAN_POINT('',(111.27851480585,-7.219916538333,
    948.53203303419));
#9330 = CARTESIAN_POINT('',(111.4277663823,-7.335801138779,
    948.17126109159));
#9331 = CARTESIAN_POINT('',(111.57329645256,-7.447332002353,
    947.89806495175));
#9332 = CARTESIAN_POINT('',(111.73520244497,-7.569098213366,
    947.65015070177));
#9333 = CARTESIAN_POINT('',(111.90976762058,-7.697155887719,
    947.42577665708));
#9334 = CARTESIAN_POINT('',(112.09451960419,-7.828475811027,
    947.22298782112));
#9335 = CARTESIAN_POINT('',(112.28810518222,-7.960775736004,
    947.03985074853));
#9336 = CARTESIAN_POINT('',(112.49022479877,-8.092209722469,
    946.87466570669));
#9337 = CARTESIAN_POINT('',(112.94589320179,-8.369333282666,
    946.55474800932));
#9338 = CARTESIAN_POINT('',(113.20676061399,-8.516610229613,
    946.40270784421));
#9339 = CARTESIAN_POINT('',(113.48143681449,-8.6564261244,
    946.27293511969));
#9340 = CARTESIAN_POINT('',(113.76724142481,-8.781844638375,
    946.16705597736));
#9341 = CARTESIAN_POINT('',(114.0620659727,-8.885524356717,
    946.08585905571));
#9342 = CARTESIAN_POINT('',(114.36510554078,-8.960302831009,
    946.02977246603));
#9343 = CARTESIAN_POINT('',(114.67719270392,-9.000000064562,
    945.99999995157));
#9344 = CARTESIAN_POINT('',(115.0000006,-9.,946.));
#9345 = PCURVE('',#8596,#9346);
#9346 = DEFINITIONAL_REPRESENTATION('',(#9347),#9413);
#9347 = B_SPLINE_CURVE_WITH_KNOTS('',8,(#9348,#9349,#9350,#9351,#9352,
    #9353,#9354,#9355,#9356,#9357,#9358,#9359,#9360,#9361,#9362,#9363,
    #9364,#9365,#9366,#9367,#9368,#9369,#9370,#9371,#9372,#9373,#9374,
    #9375,#9376,#9377,#9378,#9379,#9380,#9381,#9382,#9383,#9384,#9385,
    #9386,#9387,#9388,#9389,#9390,#9391,#9392,#9393,#9394,#9395,#9396,
    #9397,#9398,#9399,#9400,#9401,#9402,#9403,#9404,#9405,#9406,#9407,
    #9408,#9409,#9410,#9411,#9412),.UNSPECIFIED.,.F.,.F.,(9,7,7,7,7,7,7,
    7,7,9),(0.,9.029663771528E-02,0.213901342422,0.346720789794,
    0.397533088204,0.462494527833,0.565754789202,0.603305220086,
    0.787300330485,1.),.UNSPECIFIED.);
#9348 = CARTESIAN_POINT('',(2.498091544796,51.0000006));
#9349 = CARTESIAN_POINT('',(2.498091551467,50.866605316075));
#9350 = CARTESIAN_POINT('',(2.496396928111,50.73364061099));
#9351 = CARTESIAN_POINT('',(2.493026527013,50.601331378384));
#9352 = CARTESIAN_POINT('',(2.488025250288,50.469926833488));
#9353 = CARTESIAN_POINT('',(2.481464652948,50.339721542949));
#9354 = CARTESIAN_POINT('',(2.473444220003,50.211075683485));
#9355 = CARTESIAN_POINT('',(2.464093317589,50.084434529359));
#9356 = CARTESIAN_POINT('',(2.439173950567,49.790487227498));
#9357 = CARTESIAN_POINT('',(2.422525690308,49.624719691438));
#9358 = CARTESIAN_POINT('',(2.403877291492,49.462907947063));
#9359 = CARTESIAN_POINT('',(2.383441236166,49.304989993116));
#9360 = CARTESIAN_POINT('',(2.361388590069,49.150938583955));
#9361 = CARTESIAN_POINT('',(2.337845610979,49.000741628906));
#9362 = CARTESIAN_POINT('',(2.312892609627,48.854402847581));
#9363 = CARTESIAN_POINT('',(2.258274795594,48.558903586565));
#9364 = CARTESIAN_POINT('',(2.228418866514,48.410462250171));
#9365 = CARTESIAN_POINT('',(2.197014351263,48.266513037186));
#9366 = CARTESIAN_POINT('',(2.164034793363,48.127148091031));
#9367 = CARTESIAN_POINT('',(2.129425136041,47.99269417606));
#9368 = CARTESIAN_POINT('',(2.093112164526,47.863738191159));
#9369 = CARTESIAN_POINT('',(2.055010459116,47.741161354229));
#9370 = CARTESIAN_POINT('',(1.999726317167,47.582194806819));
#9371 = CARTESIAN_POINT('',(1.984145535977,47.539298219882));
#9372 = CARTESIAN_POINT('',(1.968276816867,47.497565799184));
#9373 = CARTESIAN_POINT('',(1.952115576397,47.457078450624));
#9374 = CARTESIAN_POINT('',(1.935657244306,47.417924485684));
#9375 = CARTESIAN_POINT('',(1.918897161555,47.380199623543));
#9376 = CARTESIAN_POINT('',(1.901830478356,47.344006993201));
#9377 = CARTESIAN_POINT('',(1.862234447106,47.265286559592));
#9378 = CARTESIAN_POINT('',(1.83947412313,47.223735194594));
#9379 = CARTESIAN_POINT('',(1.81620188056,47.185136071721));
#9380 = CARTESIAN_POINT('',(1.792446686836,47.149803171713));
#9381 = CARTESIAN_POINT('',(1.768235836849,47.118032397208));
#9382 = CARTESIAN_POINT('',(1.743595113241,47.090102545016));
#9383 = CARTESIAN_POINT('',(1.718548946691,47.066276278394));
#9384 = CARTESIAN_POINT('',(1.652700594812,47.015844087078));
#9385 = CARTESIAN_POINT('',(1.611464894567,46.995995966493));
#9386 = CARTESIAN_POINT('',(1.569791122403,46.988314567197));
#9387 = CARTESIAN_POINT('',(1.528036075188,46.993281696503));
#9388 = CARTESIAN_POINT('',(1.48654985106,47.010819138166));
#9389 = CARTESIAN_POINT('',(1.445689198853,47.040291360335));
#9390 = CARTESIAN_POINT('',(1.405830065628,47.080494932686));
#9391 = CARTESIAN_POINT('',(1.353396797501,47.147504234297));
#9392 = CARTESIAN_POINT('',(1.339568982943,47.166595789524));
#9393 = CARTESIAN_POINT('',(1.325898286893,47.186856313176));
#9394 = CARTESIAN_POINT('',(1.312387217111,47.208232423399));
#9395 = CARTESIAN_POINT('',(1.299038400841,47.230670361732));
#9396 = CARTESIAN_POINT('',(1.285854584809,47.254115993109));
#9397 = CARTESIAN_POINT('',(1.272838635223,47.278514805856));
#9398 = CARTESIAN_POINT('',(1.197053244763,47.4277663823));
#9399 = CARTESIAN_POINT('',(1.138210060642,47.573296452561));
#9400 = CARTESIAN_POINT('',(1.083175364004,47.735202444974));
#9401 = CARTESIAN_POINT('',(1.03168541361,47.909767620583));
#9402 = CARTESIAN_POINT('',(0.983499534729,48.094519604193));
#9403 = CARTESIAN_POINT('',(0.938397807863,48.288105182223));
#9404 = CARTESIAN_POINT('',(0.896215666378,48.49022479877));
#9405 = CARTESIAN_POINT('',(0.811564665036,48.945893201791));
#9406 = CARTESIAN_POINT('',(0.769295034302,49.206760613997));
#9407 = CARTESIAN_POINT('',(0.731225812413,49.481436814481));
#9408 = CARTESIAN_POINT('',(0.69845228356,49.767241424829));
#9409 = CARTESIAN_POINT('',(0.672120464282,50.062065972686));
#9410 = CARTESIAN_POINT('',(0.653425316642,50.36510554079));
#9411 = CARTESIAN_POINT('',(0.643501092653,50.677192703928));
#9412 = CARTESIAN_POINT('',(0.643501108793,51.0000006));
#9413 = ( GEOMETRIC_REPRESENTATION_CONTEXT(2) 
PARAMETRIC_REPRESENTATION_CONTEXT() REPRESENTATION_CONTEXT('2D SPACE',''
  ) );
#9414 = PCURVE('',#9080,#9415);
#9415 = DEFINITIONAL_REPRESENTATION('',(#9416),#9482);
#9416 = B_SPLINE_CURVE_WITH_KNOTS('',8,(#9417,#9418,#9419,#9420,#9421,
    #9422,#9423,#9424,#9425,#9426,#9427,#9428,#9429,#9430,#9431,#9432,
    #9433,#9434,#9435,#9436,#9437,#9438,#9439,#9440,#9441,#9442,#9443,
    #9444,#9445,#9446,#9447,#9448,#9449,#9450,#9451,#9452,#9453,#9454,
    #9455,#9456,#9457,#9458,#9459,#9460,#9461,#9462,#9463,#9464,#9465,
    #9466,#9467,#9468,#9469,#9470,#9471,#9472,#9473,#9474,#9475,#9476,
    #9477,#9478,#9479,#9480,#9481),.UNSPECIFIED.,.F.,.F.,(9,7,7,7,7,7,7,
    7,7,9),(0.,9.029663771528E-02,0.213901342422,0.346720789794,
    0.397533088204,0.462494527833,0.565754789202,0.603305220086,
    0.787300330485,1.),.UNSPECIFIED.);
#9417 = CARTESIAN_POINT('',(1.57079617677,25.));
#9418 = CARTESIAN_POINT('',(1.604144997751,25.000000026681));
#9419 = CARTESIAN_POINT('',(1.637386133176,24.993221476691));
#9420 = CARTESIAN_POINT('',(1.670520062242,24.979740016831));
#9421 = CARTESIAN_POINT('',(1.703539151965,24.959783077365));
#9422 = CARTESIAN_POINT('',(1.736423200131,24.933730859759));
#9423 = CARTESIAN_POINT('',(1.76913311077,24.902111732737));
#9424 = CARTESIAN_POINT('',(1.801602702169,24.865592016658));
#9425 = CARTESIAN_POINT('',(1.877705013241,24.769340265603));
#9426 = CARTESIAN_POINT('',(1.921216858011,24.705788231815));
#9427 = CARTESIAN_POINT('',(1.964406729859,24.635692085083));
#9428 = CARTESIAN_POINT('',(2.007396221168,24.560340572629));
#9429 = CARTESIAN_POINT('',(2.050299785371,24.480878830751));
#9430 = CARTESIAN_POINT('',(2.093235955226,24.398294640931));
#9431 = CARTESIAN_POINT('',(2.136335962562,24.313435269957));
#9432 = CARTESIAN_POINT('',(2.226400059179,24.1342348528));
#9433 = CARTESIAN_POINT('',(2.27337740558,24.039728940722));
#9434 = CARTESIAN_POINT('',(2.320917172279,23.944374703151));
#9435 = CARTESIAN_POINT('',(2.369239362188,23.848953983572));
#9436 = CARTESIAN_POINT('',(2.418553409548,23.754290773741));
#9437 = CARTESIAN_POINT('',(2.469062790285,23.661331644114));
#9438 = CARTESIAN_POINT('',(2.520969440711,23.571208754575));
#9439 = CARTESIAN_POINT('',(2.594948571935,23.452414048193));
#9440 = CARTESIAN_POINT('',(2.615663499532,23.420141443927));
#9441 = CARTESIAN_POINT('',(2.636633115122,23.388547572361));
#9442 = CARTESIAN_POINT('',(2.657867492459,23.357717829041));
#9443 = CARTESIAN_POINT('',(2.679376636045,23.327743083329));
#9444 = CARTESIAN_POINT('',(2.701170685881,23.298719696338));
#9445 = CARTESIAN_POINT('',(2.723260122214,23.270749538883));
#9446 = CARTESIAN_POINT('',(2.774288143546,23.2096651255));
#9447 = CARTESIAN_POINT('',(2.803463861844,23.177236053983));
#9448 = CARTESIAN_POINT('',(2.833151935663,23.146955556884));
#9449 = CARTESIAN_POINT('',(2.863325577424,23.11911291068));
#9450 = CARTESIAN_POINT('',(2.893961983375,23.093982603851));
#9451 = CARTESIAN_POINT('',(2.92504191548,23.071823034422));
#9452 = CARTESIAN_POINT('',(2.956549283319,23.052875207503));
#9453 = CARTESIAN_POINT('',(3.039211850731,23.01270132005));
#9454 = CARTESIAN_POINT('',(3.090810873467,22.996809844073));
#9455 = CARTESIAN_POINT('',(3.14286068855,22.990632452712));
#9456 = CARTESIAN_POINT('',(3.19499199895,22.994615537294));
#9457 = CARTESIAN_POINT('',(3.24684868351,23.008688807506));
#9458 = CARTESIAN_POINT('',(3.298062723127,23.032264219316));
#9459 = CARTESIAN_POINT('',(3.348228685858,23.064251455943));
#9460 = CARTESIAN_POINT('',(3.414568933867,23.117213523223));
#9461 = CARTESIAN_POINT('',(3.432099359233,23.132275028429));
#9462 = CARTESIAN_POINT('',(3.449468487434,23.148225360307));
#9463 = CARTESIAN_POINT('',(3.466675455258,23.165014942445));
#9464 = CARTESIAN_POINT('',(3.483719095891,23.182593739234));
#9465 = CARTESIAN_POINT('',(3.500597938918,23.200911255865));
#9466 = CARTESIAN_POINT('',(3.517310210319,23.219916538333));
#9467 = CARTESIAN_POINT('',(3.614916699484,23.335801138779));
#9468 = CARTESIAN_POINT('',(3.691936560982,23.447332002352));
#9469 = CARTESIAN_POINT('',(3.765492313942,23.569098213366));
#9470 = CARTESIAN_POINT('',(3.836104416463,23.697155887719));
#9471 = CARTESIAN_POINT('',(3.904294949469,23.828475811027));
#9472 = CARTESIAN_POINT('',(3.970622106775,23.960775736004));
#9473 = CARTESIAN_POINT('',(4.035706345637,24.092209722469));
#9474 = CARTESIAN_POINT('',(4.174896194989,24.369333282666));
#9475 = CARTESIAN_POINT('',(4.250112470191,24.516610229613));
#9476 = CARTESIAN_POINT('',(4.325588510437,24.6564261244));
#9477 = CARTESIAN_POINT('',(4.401218482656,24.781844638375));
#9478 = CARTESIAN_POINT('',(4.477104744798,24.885524356717));
#9479 = CARTESIAN_POINT('',(4.553665338195,24.960302831009));
#9480 = CARTESIAN_POINT('',(4.631687156367,25.000000064562));
#9481 = CARTESIAN_POINT('',(4.712389130385,25.));
#9482 = ( GEOMETRIC_REPRESENTATION_CONTEXT(2) 
PARAMETRIC_REPRESENTATION_CONTEXT() REPRESENTATION_CONTEXT('2D SPACE',''
  ) );
#9483 = ORIENTED_EDGE('',*,*,#9484,.F.);
#9484 = EDGE_CURVE('',#8987,#9276,#9485,.T.);
#9485 = SURFACE_CURVE('',#9486,(#9491,#9498),.PCURVE_S1.);
#9486 = CIRCLE('',#9487,5.);
#9487 = AXIS2_PLACEMENT_3D('',#9488,#9489,#9490);
#9488 = CARTESIAN_POINT('',(115.,-12.,950.));
#9489 = DIRECTION('',(1.,-0.,2.22044604925E-16));
#9490 = DIRECTION('',(2.22044604925E-16,0.,-1.));
#9491 = PCURVE('',#8596,#9492);
#9492 = DEFINITIONAL_REPRESENTATION('',(#9493),#9497);
#9493 = LINE('',#9494,#9495);
#9494 = CARTESIAN_POINT('',(0.,51.));
#9495 = VECTOR('',#9496,1.);
#9496 = DIRECTION('',(1.,0.));
#9497 = ( GEOMETRIC_REPRESENTATION_CONTEXT(2) 
PARAMETRIC_REPRESENTATION_CONTEXT() REPRESENTATION_CONTEXT('2D SPACE',''
  ) );
#9498 = PCURVE('',#9026,#9499);
#9499 = DEFINITIONAL_REPRESENTATION('',(#9500),#9504);
#9500 = CIRCLE('',#9501,5.);
#9501 = AXIS2_PLACEMENT_2D('',#9502,#9503);
#9502 = CARTESIAN_POINT('',(0.,0.));
#9503 = DIRECTION('',(1.,0.));
#9504 = ( GEOMETRIC_REPRESENTATION_CONTEXT(2) 
PARAMETRIC_REPRESENTATION_CONTEXT() REPRESENTATION_CONTEXT('2D SPACE',''
  ) );
#9505 = ORIENTED_EDGE('',*,*,#8986,.F.);
#9506 = ORIENTED_EDGE('',*,*,#8845,.T.);
#9507 = ORIENTED_EDGE('',*,*,#8613,.T.);
#9508 = ORIENTED_EDGE('',*,*,#8574,.F.);
#9509 = ORIENTED_EDGE('',*,*,#8916,.F.);
#9510 = ORIENTED_EDGE('',*,*,#9511,.T.);
#9511 = EDGE_CURVE('',#8917,#8939,#9512,.T.);
#9512 = SURFACE_CURVE('',#9513,(#9518,#9525),.PCURVE_S1.);
#9513 = CIRCLE('',#9514,5.);
#9514 = AXIS2_PLACEMENT_3D('',#9515,#9516,#9517);
#9515 = CARTESIAN_POINT('',(64.,-12.,950.));
#9516 = DIRECTION('',(1.,-0.,2.22044604925E-16));
#9517 = DIRECTION('',(2.22044604925E-16,0.,-1.));
#9518 = PCURVE('',#8596,#9519);
#9519 = DEFINITIONAL_REPRESENTATION('',(#9520),#9524);
#9520 = LINE('',#9521,#9522);
#9521 = CARTESIAN_POINT('',(0.,0.));
#9522 = VECTOR('',#9523,1.);
#9523 = DIRECTION('',(1.,0.));
#9524 = ( GEOMETRIC_REPRESENTATION_CONTEXT(2) 
PARAMETRIC_REPRESENTATION_CONTEXT() REPRESENTATION_CONTEXT('2D SPACE',''
  ) );
#9525 = PCURVE('',#8972,#9526);
#9526 = DEFINITIONAL_REPRESENTATION('',(#9527),#9531);
#9527 = CIRCLE('',#9528,5.);
#9528 = AXIS2_PLACEMENT_2D('',#9529,#9530);
#9529 = CARTESIAN_POINT('',(0.,0.));
#9530 = DIRECTION('',(1.,0.));
#9531 = ( GEOMETRIC_REPRESENTATION_CONTEXT(2) 
PARAMETRIC_REPRESENTATION_CONTEXT() REPRESENTATION_CONTEXT('2D SPACE',''
  ) );
#9532 = ORIENTED_EDGE('',*,*,#8938,.T.);
#9533 = ORIENTED_EDGE('',*,*,#8881,.F.);
#9534 = ADVANCED_FACE('',(#9535),#8695,.T.);
#9535 = FACE_BOUND('',#9536,.T.);
#9536 = EDGE_LOOP('',(#9537,#9560,#9589,#9798,#9827,#9892,#9918,#9947,
    #9968,#10030,#10052,#10053,#10054,#10075,#10104,#10123,#10124,#10125
    ));
#9537 = ORIENTED_EDGE('',*,*,#9538,.T.);
#9538 = EDGE_CURVE('',#8777,#9539,#9541,.T.);
#9539 = VERTEX_POINT('',#9540);
#9540 = CARTESIAN_POINT('',(115.,12.,945.));
#9541 = SEAM_CURVE('',#9542,(#9546,#9553),.PCURVE_S1.);
#9542 = LINE('',#9543,#9544);
#9543 = CARTESIAN_POINT('',(64.,12.,945.));
#9544 = VECTOR('',#9545,1.);
#9545 = DIRECTION('',(1.,0.,2.22044604925E-16));
#9546 = PCURVE('',#8695,#9547);
#9547 = DEFINITIONAL_REPRESENTATION('',(#9548),#9552);
#9548 = LINE('',#9549,#9550);
#9549 = CARTESIAN_POINT('',(6.28318530718,-0.));
#9550 = VECTOR('',#9551,1.);
#9551 = DIRECTION('',(0.,1.));
#9552 = ( GEOMETRIC_REPRESENTATION_CONTEXT(2) 
PARAMETRIC_REPRESENTATION_CONTEXT() REPRESENTATION_CONTEXT('2D SPACE',''
  ) );
#9553 = PCURVE('',#8695,#9554);
#9554 = DEFINITIONAL_REPRESENTATION('',(#9555),#9559);
#9555 = LINE('',#9556,#9557);
#9556 = CARTESIAN_POINT('',(0.,-0.));
#9557 = VECTOR('',#9558,1.);
#9558 = DIRECTION('',(0.,1.));
#9559 = ( GEOMETRIC_REPRESENTATION_CONTEXT(2) 
PARAMETRIC_REPRESENTATION_CONTEXT() REPRESENTATION_CONTEXT('2D SPACE',''
  ) );
#9560 = ORIENTED_EDGE('',*,*,#9561,.F.);
#9561 = EDGE_CURVE('',#9562,#9539,#9564,.T.);
#9562 = VERTEX_POINT('',#9563);
#9563 = CARTESIAN_POINT('',(115.,9.,946.));
#9564 = SURFACE_CURVE('',#9565,(#9570,#9577),.PCURVE_S1.);
#9565 = CIRCLE('',#9566,5.);
#9566 = AXIS2_PLACEMENT_3D('',#9567,#9568,#9569);
#9567 = CARTESIAN_POINT('',(115.,12.,950.));
#9568 = DIRECTION('',(1.,-0.,2.22044604925E-16));
#9569 = DIRECTION('',(2.22044604925E-16,0.,-1.));
#9570 = PCURVE('',#8695,#9571);
#9571 = DEFINITIONAL_REPRESENTATION('',(#9572),#9576);
#9572 = LINE('',#9573,#9574);
#9573 = CARTESIAN_POINT('',(0.,51.));
#9574 = VECTOR('',#9575,1.);
#9575 = DIRECTION('',(1.,0.));
#9576 = ( GEOMETRIC_REPRESENTATION_CONTEXT(2) 
PARAMETRIC_REPRESENTATION_CONTEXT() REPRESENTATION_CONTEXT('2D SPACE',''
  ) );
#9577 = PCURVE('',#9578,#9583);
#9578 = PLANE('',#9579);
#9579 = AXIS2_PLACEMENT_3D('',#9580,#9581,#9582);
#9580 = CARTESIAN_POINT('',(115.,12.,950.));
#9581 = DIRECTION('',(1.,0.,2.22044604925E-16));
#9582 = DIRECTION('',(2.22044604925E-16,0.,-1.));
#9583 = DEFINITIONAL_REPRESENTATION('',(#9584),#9588);
#9584 = CIRCLE('',#9585,5.);
#9585 = AXIS2_PLACEMENT_2D('',#9586,#9587);
#9586 = CARTESIAN_POINT('',(0.,0.));
#9587 = DIRECTION('',(1.,0.));
#9588 = ( GEOMETRIC_REPRESENTATION_CONTEXT(2) 
PARAMETRIC_REPRESENTATION_CONTEXT() REPRESENTATION_CONTEXT('2D SPACE',''
  ) );
#9589 = ORIENTED_EDGE('',*,*,#9590,.F.);
#9590 = EDGE_CURVE('',#9591,#9562,#9593,.T.);
#9591 = VERTEX_POINT('',#9592);
#9592 = CARTESIAN_POINT('',(115.,9.,954.));
#9593 = SURFACE_CURVE('',#9594,(#9660,#9729),.PCURVE_S1.);
#9594 = B_SPLINE_CURVE_WITH_KNOTS('',8,(#9595,#9596,#9597,#9598,#9599,
    #9600,#9601,#9602,#9603,#9604,#9605,#9606,#9607,#9608,#9609,#9610,
    #9611,#9612,#9613,#9614,#9615,#9616,#9617,#9618,#9619,#9620,#9621,
    #9622,#9623,#9624,#9625,#9626,#9627,#9628,#9629,#9630,#9631,#9632,
    #9633,#9634,#9635,#9636,#9637,#9638,#9639,#9640,#9641,#9642,#9643,
    #9644,#9645,#9646,#9647,#9648,#9649,#9650,#9651,#9652,#9653,#9654,
    #9655,#9656,#9657,#9658,#9659),.UNSPECIFIED.,.F.,.F.,(9,7,7,7,7,7,7,
    7,7,9),(0.,9.029661274562E-02,0.213901283273,0.346720693916,
    0.397532978267,0.462494399983,0.565754633036,0.603305066698,
    0.787300248242,1.),.UNSPECIFIED.);
#9595 = CARTESIAN_POINT('',(115.00000060004,9.,954.));
#9596 = CARTESIAN_POINT('',(114.86660531612,9.000000026681,
    954.00000002001));
#9597 = CARTESIAN_POINT('',(114.7336406109,8.993221476691,
    953.99491602109));
#9598 = CARTESIAN_POINT('',(114.60133137835,8.979740016831,
    953.98480513408));
#9599 = CARTESIAN_POINT('',(114.46992683354,8.959783077366,
    953.96973684664));
#9600 = CARTESIAN_POINT('',(114.33972154297,8.933730859759,
    953.94980099589));
#9601 = CARTESIAN_POINT('',(114.21107568344,8.902111732737,
    953.92512891838));
#9602 = CARTESIAN_POINT('',(114.08443452935,8.865592016658,
    953.89592775737));
#9603 = CARTESIAN_POINT('',(113.79048722749,8.769340265603,
    953.81680777419));
#9604 = CARTESIAN_POINT('',(113.62471969143,8.705788231815,
    953.76303414329));
#9605 = CARTESIAN_POINT('',(113.46290794706,8.635692085083,
    953.70150674375));
#9606 = CARTESIAN_POINT('',(113.30498999311,8.560340572629,
    953.63241738027));
#9607 = CARTESIAN_POINT('',(113.15093858395,8.480878830751,
    953.55586733484));
#9608 = CARTESIAN_POINT('',(113.0007416289,8.398294640931,953.4718674395
    ));
#9609 = CARTESIAN_POINT('',(112.85440284758,8.313435269958,
    953.38032084035));
#9610 = CARTESIAN_POINT('',(112.55890358656,8.134234852799,
    953.1742508262));
#9611 = CARTESIAN_POINT('',(112.41046225017,8.039728940722,
    953.05860503107));
#9612 = CARTESIAN_POINT('',(112.26651303718,7.944374703151,
    952.9336642538));
#9613 = CARTESIAN_POINT('',(112.12714809103,7.848953983572,
    952.79890859738));
#9614 = CARTESIAN_POINT('',(111.99269417606,7.754290773741,
    952.65371982599));
#9615 = CARTESIAN_POINT('',(111.86373819115,7.661331644114,
    952.49742237935));
#9616 = CARTESIAN_POINT('',(111.74116135422,7.571208754575,
    952.32933065688));
#9617 = CARTESIAN_POINT('',(111.58219480682,7.452414048199,
    952.0797385366));
#9618 = CARTESIAN_POINT('',(111.53929821988,7.420141443929,
    952.00882106442));
#9619 = CARTESIAN_POINT('',(111.49756579918,7.388547572358,
    951.93601634355));
#9620 = CARTESIAN_POINT('',(111.45707845061,7.357717829037,
    951.86129322077));
#9621 = CARTESIAN_POINT('',(111.41792448568,7.327743083326,
    951.7846232657));
#9622 = CARTESIAN_POINT('',(111.38019962354,7.29871969634,
    951.70598083533));
#9623 = CARTESIAN_POINT('',(111.3440069932,7.270749538888,
    951.62534313868));
#9624 = CARTESIAN_POINT('',(111.26528655954,7.209665125462,
    951.43702203853));
#9625 = CARTESIAN_POINT('',(111.22373519458,7.17723605398,
    951.32790236798));
#9626 = CARTESIAN_POINT('',(111.18513607175,7.146955556912,
    951.21548255716));
#9627 = CARTESIAN_POINT('',(111.14980317174,7.119112910708,
    951.09992714655));
#9628 = CARTESIAN_POINT('',(111.11803239721,7.093982603855,
    950.98141381056));
#9629 = CARTESIAN_POINT('',(111.09010254499,7.071823034402,
    950.86013321852));
#9630 = CARTESIAN_POINT('',(111.06627627836,7.05287520748,
    950.73628889561));
#9631 = CARTESIAN_POINT('',(111.01584408707,7.01270132005,
    950.40950732519));
#9632 = CARTESIAN_POINT('',(110.99599596649,6.996809844073,
    950.20373096775));
#9633 = CARTESIAN_POINT('',(110.98831456719,6.990632452712,
    949.9950579749));
#9634 = CARTESIAN_POINT('',(110.9932816965,6.994615537294,
    949.78582903146));
#9635 = CARTESIAN_POINT('',(111.01081913816,7.008688807506,
    949.57839802259));
#9636 = CARTESIAN_POINT('',(111.04029136033,7.032264219316,
    949.37509713056));
#9637 = CARTESIAN_POINT('',(111.08049493268,7.064251455943,
    949.17820454918));
#9638 = CARTESIAN_POINT('',(111.14750424051,7.11721352814,
    948.92144352832));
#9639 = CARTESIAN_POINT('',(111.16659579121,7.132275029808,
    948.85395569867));
#9640 = CARTESIAN_POINT('',(111.18685630879,7.148225356917,
    948.78747460084));
#9641 = CARTESIAN_POINT('',(111.20823241685,7.165014937322,
    948.72202208036));
#9642 = CARTESIAN_POINT('',(111.23067035856,7.182593736718,
    948.65761855453));
#9643 = CARTESIAN_POINT('',(111.25411599672,7.200911258644,
    948.59428301246));
#9644 = CARTESIAN_POINT('',(111.27851481376,7.219916544475,
    948.53203301506));
#9645 = CARTESIAN_POINT('',(111.4277663823,7.335801138779,
    948.17126109159));
#9646 = CARTESIAN_POINT('',(111.57329645256,7.447332002352,
    947.89806495175));
#9647 = CARTESIAN_POINT('',(111.73520244497,7.569098213366,
    947.65015070177));
#9648 = CARTESIAN_POINT('',(111.90976762058,7.697155887719,
    947.42577665708));
#9649 = CARTESIAN_POINT('',(112.09451960419,7.828475811027,
    947.22298782112));
#9650 = CARTESIAN_POINT('',(112.28810518222,7.960775736004,
    947.03985074853));
#9651 = CARTESIAN_POINT('',(112.49022479877,8.092209722469,
    946.87466570669));
#9652 = CARTESIAN_POINT('',(112.94589320178,8.369333282664,
    946.55474800932));
#9653 = CARTESIAN_POINT('',(113.206760614,8.516610229618,946.40270784421
    ));
#9654 = CARTESIAN_POINT('',(113.48143681448,8.656426124392,
    946.27293511971));
#9655 = CARTESIAN_POINT('',(113.76724142481,8.781844638381,
    946.16705597735));
#9656 = CARTESIAN_POINT('',(114.06206597271,8.885524356715,
    946.08585905571));
#9657 = CARTESIAN_POINT('',(114.36510554077,8.960302831009,
    946.02977246603));
#9658 = CARTESIAN_POINT('',(114.67719270393,9.000000064562,
    945.99999995157));
#9659 = CARTESIAN_POINT('',(115.0000006,9.,946.));
#9660 = PCURVE('',#8695,#9661);
#9661 = DEFINITIONAL_REPRESENTATION('',(#9662),#9728);
#9662 = B_SPLINE_CURVE_WITH_KNOTS('',8,(#9663,#9664,#9665,#9666,#9667,
    #9668,#9669,#9670,#9671,#9672,#9673,#9674,#9675,#9676,#9677,#9678,
    #9679,#9680,#9681,#9682,#9683,#9684,#9685,#9686,#9687,#9688,#9689,
    #9690,#9691,#9692,#9693,#9694,#9695,#9696,#9697,#9698,#9699,#9700,
    #9701,#9702,#9703,#9704,#9705,#9706,#9707,#9708,#9709,#9710,#9711,
    #9712,#9713,#9714,#9715,#9716,#9717,#9718,#9719,#9720,#9721,#9722,
    #9723,#9724,#9725,#9726,#9727),.UNSPECIFIED.,.F.,.F.,(9,7,7,7,7,7,7,
    7,7,9),(0.,9.029661274562E-02,0.213901283273,0.346720693916,
    0.397532978267,0.462494399983,0.565754633036,0.603305066698,
    0.787300248242,1.),.UNSPECIFIED.);
#9663 = CARTESIAN_POINT('',(3.785093762383,51.0000006));
#9664 = CARTESIAN_POINT('',(3.785093755713,50.866605316075));
#9665 = CARTESIAN_POINT('',(3.786788379068,50.73364061099));
#9666 = CARTESIAN_POINT('',(3.790158780166,50.601331378384));
#9667 = CARTESIAN_POINT('',(3.795160056892,50.469926833488));
#9668 = CARTESIAN_POINT('',(3.801720654232,50.339721542949));
#9669 = CARTESIAN_POINT('',(3.809741087176,50.211075683484));
#9670 = CARTESIAN_POINT('',(3.819091989591,50.084434529359));
#9671 = CARTESIAN_POINT('',(3.844011356612,49.790487227496));
#9672 = CARTESIAN_POINT('',(3.860659616871,49.624719691439));
#9673 = CARTESIAN_POINT('',(3.879308015687,49.462907947064));
#9674 = CARTESIAN_POINT('',(3.899744071013,49.304989993117));
#9675 = CARTESIAN_POINT('',(3.92179671711,49.150938583954));
#9676 = CARTESIAN_POINT('',(3.945339696201,49.000741628905));
#9677 = CARTESIAN_POINT('',(3.970292697553,48.854402847582));
#9678 = CARTESIAN_POINT('',(4.024910511585,48.558903586565));
#9679 = CARTESIAN_POINT('',(4.054766440666,48.410462250171));
#9680 = CARTESIAN_POINT('',(4.086170955917,48.266513037186));
#9681 = CARTESIAN_POINT('',(4.119150513817,48.127148091031));
#9682 = CARTESIAN_POINT('',(4.153760171139,47.99269417606));
#9683 = CARTESIAN_POINT('',(4.190073142654,47.863738191159));
#9684 = CARTESIAN_POINT('',(4.228174848063,47.741161354229));
#9685 = CARTESIAN_POINT('',(4.28345899001,47.582194806826));
#9686 = CARTESIAN_POINT('',(4.299039771202,47.539298219885));
#9687 = CARTESIAN_POINT('',(4.314908490314,47.49756579918));
#9688 = CARTESIAN_POINT('',(4.331069730786,47.457078450618));
#9689 = CARTESIAN_POINT('',(4.347528062875,47.417924485681));
#9690 = CARTESIAN_POINT('',(4.364288145624,47.380199623546));
#9691 = CARTESIAN_POINT('',(4.38135482882,47.344006993207));
#9692 = CARTESIAN_POINT('',(4.420950860098,47.265286559542));
#9693 = CARTESIAN_POINT('',(4.443711184057,47.223735194589));
#9694 = CARTESIAN_POINT('',(4.466983426601,47.185136071756));
#9695 = CARTESIAN_POINT('',(4.490738620316,47.149803171749));
#9696 = CARTESIAN_POINT('',(4.514949470317,47.118032397214));
#9697 = CARTESIAN_POINT('',(4.539590193957,47.09010254499));
#9698 = CARTESIAN_POINT('',(4.564636360527,47.066276278364));
#9699 = CARTESIAN_POINT('',(4.630484712367,47.015844087078));
#9700 = CARTESIAN_POINT('',(4.671720412613,46.995995966493));
#9701 = CARTESIAN_POINT('',(4.713394184776,46.988314567197));
#9702 = CARTESIAN_POINT('',(4.755149231991,46.993281696503));
#9703 = CARTESIAN_POINT('',(4.79663545612,47.010819138166));
#9704 = CARTESIAN_POINT('',(4.837496108326,47.040291360335));
#9705 = CARTESIAN_POINT('',(4.877355241552,47.080494932686));
#9706 = CARTESIAN_POINT('',(4.929788514548,47.147504240519));
#9707 = CARTESIAN_POINT('',(4.943616326427,47.166595791214));
#9708 = CARTESIAN_POINT('',(4.957287018287,47.186856308798));
#9709 = CARTESIAN_POINT('',(4.970798086035,47.208232416851));
#9710 = CARTESIAN_POINT('',(4.984146903731,47.230670358561));
#9711 = CARTESIAN_POINT('',(4.997330723588,47.254115996729));
#9712 = CARTESIAN_POINT('',(5.010346675973,47.278514813766));
#9713 = CARTESIAN_POINT('',(5.086132062417,47.4277663823));
#9714 = CARTESIAN_POINT('',(5.144975246537,47.573296452561));
#9715 = CARTESIAN_POINT('',(5.200009943175,47.735202444974));
#9716 = CARTESIAN_POINT('',(5.25149989357,47.909767620583));
#9717 = CARTESIAN_POINT('',(5.299685772451,48.094519604193));
#9718 = CARTESIAN_POINT('',(5.344787499317,48.288105182223));
#9719 = CARTESIAN_POINT('',(5.386969640802,48.49022479877));
#9720 = CARTESIAN_POINT('',(5.471620642144,48.945893201788));
#9721 = CARTESIAN_POINT('',(5.51389027288,49.206760614007));
#9722 = CARTESIAN_POINT('',(5.551959494762,49.481436814467));
#9723 = CARTESIAN_POINT('',(5.584733023624,49.767241424835));
#9724 = CARTESIAN_POINT('',(5.611064842896,50.062065972691));
#9725 = CARTESIAN_POINT('',(5.629759990538,50.365105540782));
#9726 = CARTESIAN_POINT('',(5.639684214527,50.677192703931));
#9727 = CARTESIAN_POINT('',(5.639684198386,51.0000006));
#9728 = ( GEOMETRIC_REPRESENTATION_CONTEXT(2) 
PARAMETRIC_REPRESENTATION_CONTEXT() REPRESENTATION_CONTEXT('2D SPACE',''
  ) );
#9729 = PCURVE('',#9080,#9730);
#9730 = DEFINITIONAL_REPRESENTATION('',(#9731),#9797);
#9731 = B_SPLINE_CURVE_WITH_KNOTS('',8,(#9732,#9733,#9734,#9735,#9736,
    #9737,#9738,#9739,#9740,#9741,#9742,#9743,#9744,#9745,#9746,#9747,
    #9748,#9749,#9750,#9751,#9752,#9753,#9754,#9755,#9756,#9757,#9758,
    #9759,#9760,#9761,#9762,#9763,#9764,#9765,#9766,#9767,#9768,#9769,
    #9770,#9771,#9772,#9773,#9774,#9775,#9776,#9777,#9778,#9779,#9780,
    #9781,#9782,#9783,#9784,#9785,#9786,#9787,#9788,#9789,#9790,#9791,
    #9792,#9793,#9794,#9795,#9796),.UNSPECIFIED.,.F.,.F.,(9,7,7,7,7,7,7,
    7,7,9),(0.,9.029661274562E-02,0.213901283273,0.346720693916,
    0.397532978267,0.462494399983,0.565754633036,0.603305066698,
    0.787300248242,1.),.UNSPECIFIED.);
#9732 = CARTESIAN_POINT('',(1.57079617677,7.));
#9733 = CARTESIAN_POINT('',(1.604144997751,6.999999973319));
#9734 = CARTESIAN_POINT('',(1.637386133176,7.006778523309));
#9735 = CARTESIAN_POINT('',(1.670520062242,7.020259983169));
#9736 = CARTESIAN_POINT('',(1.703539151965,7.040216922634));
#9737 = CARTESIAN_POINT('',(1.736423200131,7.066269140241));
#9738 = CARTESIAN_POINT('',(1.76913311077,7.097888267263));
#9739 = CARTESIAN_POINT('',(1.801602702169,7.134407983342));
#9740 = CARTESIAN_POINT('',(1.877705013241,7.230659734397));
#9741 = CARTESIAN_POINT('',(1.921216858011,7.294211768185));
#9742 = CARTESIAN_POINT('',(1.964406729859,7.364307914917));
#9743 = CARTESIAN_POINT('',(2.007396221168,7.439659427371));
#9744 = CARTESIAN_POINT('',(2.050299785372,7.519121169249));
#9745 = CARTESIAN_POINT('',(2.093235955227,7.601705359069));
#9746 = CARTESIAN_POINT('',(2.136335962562,7.686564730042));
#9747 = CARTESIAN_POINT('',(2.226400059179,7.865765147201));
#9748 = CARTESIAN_POINT('',(2.27337740558,7.960271059278));
#9749 = CARTESIAN_POINT('',(2.320917172279,8.055625296849));
#9750 = CARTESIAN_POINT('',(2.369239362188,8.151046016428));
#9751 = CARTESIAN_POINT('',(2.418553409548,8.245709226259));
#9752 = CARTESIAN_POINT('',(2.469062790285,8.338668355886));
#9753 = CARTESIAN_POINT('',(2.520969440711,8.428791245425));
#9754 = CARTESIAN_POINT('',(2.594948571932,8.547585951801));
#9755 = CARTESIAN_POINT('',(2.61566349953,8.579858556071));
#9756 = CARTESIAN_POINT('',(2.636633115124,8.611452427642));
#9757 = CARTESIAN_POINT('',(2.657867492463,8.642282170963));
#9758 = CARTESIAN_POINT('',(2.679376636047,8.672256916674));
#9759 = CARTESIAN_POINT('',(2.701170685879,8.70128030366));
#9760 = CARTESIAN_POINT('',(2.72326012221,8.729250461112));
#9761 = CARTESIAN_POINT('',(2.774288143579,8.790334874538));
#9762 = CARTESIAN_POINT('',(2.803463861853,8.82276394602));
#9763 = CARTESIAN_POINT('',(2.83315193564,8.853044443088));
#9764 = CARTESIAN_POINT('',(2.863325577389,8.880887089292));
#9765 = CARTESIAN_POINT('',(2.893961983358,8.906017396145));
#9766 = CARTESIAN_POINT('',(2.925041915503,8.928176965598));
#9767 = CARTESIAN_POINT('',(2.956549283368,8.94712479252));
#9768 = CARTESIAN_POINT('',(3.039211850731,8.98729867995));
#9769 = CARTESIAN_POINT('',(3.090810873467,9.003190155927));
#9770 = CARTESIAN_POINT('',(3.14286068855,9.009367547288));
#9771 = CARTESIAN_POINT('',(3.19499199895,9.005384462706));
#9772 = CARTESIAN_POINT('',(3.24684868351,8.991311192494));
#9773 = CARTESIAN_POINT('',(3.298062723127,8.967735780684));
#9774 = CARTESIAN_POINT('',(3.348228685858,8.935748544057));
#9775 = CARTESIAN_POINT('',(3.414568940027,8.88278647186));
#9776 = CARTESIAN_POINT('',(3.432099361969,8.867724970192));
#9777 = CARTESIAN_POINT('',(3.449468484845,8.851774643083));
#9778 = CARTESIAN_POINT('',(3.466675450109,8.834985062678));
#9779 = CARTESIAN_POINT('',(3.483719092598,8.817406263282));
#9780 = CARTESIAN_POINT('',(3.500597940526,8.799088741356));
#9781 = CARTESIAN_POINT('',(3.517310215492,8.780083455525));
#9782 = CARTESIAN_POINT('',(3.614916699484,8.664198861221));
#9783 = CARTESIAN_POINT('',(3.691936560983,8.552667997648));
#9784 = CARTESIAN_POINT('',(3.765492313942,8.430901786634));
#9785 = CARTESIAN_POINT('',(3.836104416463,8.302844112281));
#9786 = CARTESIAN_POINT('',(3.904294949469,8.171524188973));
#9787 = CARTESIAN_POINT('',(3.970622106775,8.039224263996));
#9788 = CARTESIAN_POINT('',(4.035706345637,7.907790277531));
#9789 = CARTESIAN_POINT('',(4.174896194988,7.630666717336));
#9790 = CARTESIAN_POINT('',(4.250112470195,7.483389770382));
#9791 = CARTESIAN_POINT('',(4.325588510431,7.34357387561));
#9792 = CARTESIAN_POINT('',(4.40121848266,7.218155361617));
#9793 = CARTESIAN_POINT('',(4.477104744798,7.114475643286));
#9794 = CARTESIAN_POINT('',(4.553665338193,7.039697168991));
#9795 = CARTESIAN_POINT('',(4.631687156368,6.999999935438));
#9796 = CARTESIAN_POINT('',(4.712389130385,7.));
#9797 = ( GEOMETRIC_REPRESENTATION_CONTEXT(2) 
PARAMETRIC_REPRESENTATION_CONTEXT() REPRESENTATION_CONTEXT('2D SPACE',''
  ) );
#9798 = ORIENTED_EDGE('',*,*,#9799,.F.);
#9799 = EDGE_CURVE('',#9800,#9591,#9802,.T.);
#9800 = VERTEX_POINT('',#9801);
#9801 = CARTESIAN_POINT('',(115.,15.,954.));
#9802 = SURFACE_CURVE('',#9803,(#9808,#9815),.PCURVE_S1.);
#9803 = CIRCLE('',#9804,5.);
#9804 = AXIS2_PLACEMENT_3D('',#9805,#9806,#9807);
#9805 = CARTESIAN_POINT('',(115.,12.,950.));
#9806 = DIRECTION('',(1.,-0.,2.22044604925E-16));
#9807 = DIRECTION('',(2.22044604925E-16,0.,-1.));
#9808 = PCURVE('',#8695,#9809);
#9809 = DEFINITIONAL_REPRESENTATION('',(#9810),#9814);
#9810 = LINE('',#9811,#9812);
#9811 = CARTESIAN_POINT('',(0.,51.));
#9812 = VECTOR('',#9813,1.);
#9813 = DIRECTION('',(1.,0.));
#9814 = ( GEOMETRIC_REPRESENTATION_CONTEXT(2) 
PARAMETRIC_REPRESENTATION_CONTEXT() REPRESENTATION_CONTEXT('2D SPACE',''
  ) );
#9815 = PCURVE('',#9816,#9821);
#9816 = PLANE('',#9817);
#9817 = AXIS2_PLACEMENT_3D('',#9818,#9819,#9820);
#9818 = CARTESIAN_POINT('',(115.,12.,950.));
#9819 = DIRECTION('',(1.,0.,2.22044604925E-16));
#9820 = DIRECTION('',(2.22044604925E-16,0.,-1.));
#9821 = DEFINITIONAL_REPRESENTATION('',(#9822),#9826);
#9822 = CIRCLE('',#9823,5.);
#9823 = AXIS2_PLACEMENT_2D('',#9824,#9825);
#9824 = CARTESIAN_POINT('',(0.,0.));
#9825 = DIRECTION('',(1.,0.));
#9826 = ( GEOMETRIC_REPRESENTATION_CONTEXT(2) 
PARAMETRIC_REPRESENTATION_CONTEXT() REPRESENTATION_CONTEXT('2D SPACE',''
  ) );
#9827 = ORIENTED_EDGE('',*,*,#9828,.T.);
#9828 = EDGE_CURVE('',#9800,#9829,#9831,.T.);
#9829 = VERTEX_POINT('',#9830);
#9830 = CARTESIAN_POINT('',(112.35424868893,16.,953.));
#9831 = SURFACE_CURVE('',#9832,(#9850,#9871),.PCURVE_S1.);
#9832 = B_SPLINE_CURVE_WITH_KNOTS('',6,(#9833,#9834,#9835,#9836,#9837,
    #9838,#9839,#9840,#9841,#9842,#9843,#9844,#9845,#9846,#9847,#9848,
    #9849),.UNSPECIFIED.,.F.,.F.,(7,5,5,7),(0.,0.355572451514,
    0.842306276644,1.),.UNSPECIFIED.);
#9833 = CARTESIAN_POINT('',(115.00000060004,15.,954.));
#9834 = CARTESIAN_POINT('',(114.82214022148,14.999999964425,
    954.00000002668));
#9835 = CARTESIAN_POINT('',(114.64508358983,15.012653271971,
    953.99050988469));
#9836 = CARTESIAN_POINT('',(114.4694604082,15.03774805559,
    953.97168954038));
#9837 = CARTESIAN_POINT('',(114.29601387817,15.07436421875,
    953.94375662526));
#9838 = CARTESIAN_POINT('',(114.12579698291,15.12086402986,
    953.90706103401));
#9839 = CARTESIAN_POINT('',(113.73386724709,15.249199697934,
    953.80156772311));
#9840 = CARTESIAN_POINT('',(113.51502648176,15.338166219347,
    953.72557436048));
#9841 = CARTESIAN_POINT('',(113.303442355,15.438052923367,
    953.63538702483));
#9842 = CARTESIAN_POINT('',(113.09908053943,15.545436646072,
    953.53134134791));
#9843 = CARTESIAN_POINT('',(112.90188290305,15.657771271409,
    953.4134316362));
#9844 = CARTESIAN_POINT('',(112.65043166483,15.810259526808,
    953.23807904804));
#9845 = CARTESIAN_POINT('',(112.58965574725,15.847877347564,
    953.19363809991));
#9846 = CARTESIAN_POINT('',(112.5296374534,15.885728163191,
    953.14764085816));
#9847 = CARTESIAN_POINT('',(112.4703857384,15.923743729535,
    953.10005847847));
#9848 = CARTESIAN_POINT('',(112.41191561513,15.961856906286,
    953.05085747953));
#9849 = CARTESIAN_POINT('',(112.35424778194,16.000000599958,
    952.99999920011));
#9850 = PCURVE('',#8695,#9851);
#9851 = DEFINITIONAL_REPRESENTATION('',(#9852),#9870);
#9852 = B_SPLINE_CURVE_WITH_KNOTS('',6,(#9853,#9854,#9855,#9856,#9857,
    #9858,#9859,#9860,#9861,#9862,#9863,#9864,#9865,#9866,#9867,#9868,
    #9869),.UNSPECIFIED.,.F.,.F.,(7,5,5,7),(0.,0.355572451514,
    0.842306276644,1.),.UNSPECIFIED.);
#9853 = CARTESIAN_POINT('',(2.498091544796,51.0000006));
#9854 = CARTESIAN_POINT('',(2.49809155369,50.822140221433));
#9855 = CARTESIAN_POINT('',(2.494928253203,50.645083590035));
#9856 = CARTESIAN_POINT('',(2.488654429726,50.469460407994));
#9857 = CARTESIAN_POINT('',(2.479444435537,50.29601387826));
#9858 = CARTESIAN_POINT('',(2.467599817409,50.125796982913));
#9859 = CARTESIAN_POINT('',(2.434373994713,49.733867247097));
#9860 = CARTESIAN_POINT('',(2.410977171596,49.515026481761));
#9861 = CARTESIAN_POINT('',(2.38407846037,49.303442355007));
#9862 = CARTESIAN_POINT('',(2.354206036194,49.099080539432));
#9863 = CARTESIAN_POINT('',(2.321668458444,48.901882903059));
#9864 = CARTESIAN_POINT('',(2.275192142666,48.650431664839));
#9865 = CARTESIAN_POINT('',(2.263548267915,48.589655747258));
#9866 = CARTESIAN_POINT('',(2.251636291152,48.529637453406));
#9867 = CARTESIAN_POINT('',(2.239457545527,48.4703857384));
#9868 = CARTESIAN_POINT('',(2.227011803564,48.411915615138));
#9869 = CARTESIAN_POINT('',(2.214297235616,48.354247781949));
#9870 = ( GEOMETRIC_REPRESENTATION_CONTEXT(2) 
PARAMETRIC_REPRESENTATION_CONTEXT() REPRESENTATION_CONTEXT('2D SPACE',''
  ) );
#9871 = PCURVE('',#9080,#9872);
#9872 = DEFINITIONAL_REPRESENTATION('',(#9873),#9891);
#9873 = B_SPLINE_CURVE_WITH_KNOTS('',6,(#9874,#9875,#9876,#9877,#9878,
    #9879,#9880,#9881,#9882,#9883,#9884,#9885,#9886,#9887,#9888,#9889,
    #9890),.UNSPECIFIED.,.F.,.F.,(7,5,5,7),(0.,0.355572451514,
    0.842306276644,1.),.UNSPECIFIED.);
#9874 = CARTESIAN_POINT('',(1.57079617677,1.));
#9875 = CARTESIAN_POINT('',(1.615261271412,1.000000035575));
#9876 = CARTESIAN_POINT('',(1.659525353014,0.987346728029));
#9877 = CARTESIAN_POINT('',(1.703589763332,0.96225194441));
#9878 = CARTESIAN_POINT('',(1.747417987272,0.92563578125));
#9879 = CARTESIAN_POINT('',(1.790894053757,0.87913597014));
#9880 = CARTESIAN_POINT('',(1.892363801854,0.750800302066));
#9881 = CARTESIAN_POINT('',(1.950131850311,0.661833780653));
#9882 = CARTESIAN_POINT('',(2.007431927581,0.561947076633));
#9883 = CARTESIAN_POINT('',(2.064565374923,0.454563353928));
#9884 = CARTESIAN_POINT('',(2.121864696917,0.342228728591));
#9885 = CARTESIAN_POINT('',(2.198503564087,0.189740473192));
#9886 = CARTESIAN_POINT('',(2.217321540185,0.152122652396));
#9887 = CARTESIAN_POINT('',(2.236218585743,0.114271836833));
#9888 = CARTESIAN_POINT('',(2.255209261645,7.625627052251E-02));
#9889 = CARTESIAN_POINT('',(2.274308260749,3.814309367188E-02));
#9890 = CARTESIAN_POINT('',(2.293530876937,-6.E-07));
#9891 = ( GEOMETRIC_REPRESENTATION_CONTEXT(2) 
PARAMETRIC_REPRESENTATION_CONTEXT() REPRESENTATION_CONTEXT('2D SPACE',''
  ) );
#9892 = ORIENTED_EDGE('',*,*,#9893,.T.);
#9893 = EDGE_CURVE('',#9829,#9894,#9896,.T.);
#9894 = VERTEX_POINT('',#9895);
#9895 = CARTESIAN_POINT('',(115.,16.,953.));
#9896 = SURFACE_CURVE('',#9897,(#9901,#9907),.PCURVE_S1.);
#9897 = LINE('',#9898,#9899);
#9898 = CARTESIAN_POINT('',(64.,16.,953.));
#9899 = VECTOR('',#9900,1.);
#9900 = DIRECTION('',(1.,0.,2.22044604925E-16));
#9901 = PCURVE('',#8695,#9902);
#9902 = DEFINITIONAL_REPRESENTATION('',(#9903),#9906);
#9903 = B_SPLINE_CURVE_WITH_KNOTS('',1,(#9904,#9905),.UNSPECIFIED.,.F.,
  .F.,(2,2),(46.2,51.0000006),.PIECEWISE_BEZIER_KNOTS.);
#9904 = CARTESIAN_POINT('',(2.214297435588,46.2));
#9905 = CARTESIAN_POINT('',(2.214297435588,51.0000006));
#9906 = ( GEOMETRIC_REPRESENTATION_CONTEXT(2) 
PARAMETRIC_REPRESENTATION_CONTEXT() REPRESENTATION_CONTEXT('2D SPACE',''
  ) );
#9907 = PCURVE('',#9908,#9913);
#9908 = PLANE('',#9909);
#9909 = AXIS2_PLACEMENT_3D('',#9910,#9911,#9912);
#9910 = CARTESIAN_POINT('',(115.,16.,950.));
#9911 = DIRECTION('',(0.,-1.,2.22044604925E-16));
#9912 = DIRECTION('',(1.,0.,0.));
#9913 = DEFINITIONAL_REPRESENTATION('',(#9914),#9917);
#9914 = B_SPLINE_CURVE_WITH_KNOTS('',1,(#9915,#9916),.UNSPECIFIED.,.F.,
  .F.,(2,2),(46.2,51.0000006),.PIECEWISE_BEZIER_KNOTS.);
#9915 = CARTESIAN_POINT('',(-4.8,3.));
#9916 = CARTESIAN_POINT('',(5.999999928008E-07,3.));
#9917 = ( GEOMETRIC_REPRESENTATION_CONTEXT(2) 
PARAMETRIC_REPRESENTATION_CONTEXT() REPRESENTATION_CONTEXT('2D SPACE',''
  ) );
#9918 = ORIENTED_EDGE('',*,*,#9919,.F.);
#9919 = EDGE_CURVE('',#9920,#9894,#9922,.T.);
#9920 = VERTEX_POINT('',#9921);
#9921 = CARTESIAN_POINT('',(115.,16.,947.));
#9922 = SURFACE_CURVE('',#9923,(#9928,#9935),.PCURVE_S1.);
#9923 = CIRCLE('',#9924,5.);
#9924 = AXIS2_PLACEMENT_3D('',#9925,#9926,#9927);
#9925 = CARTESIAN_POINT('',(115.,12.,950.));
#9926 = DIRECTION('',(1.,-0.,2.22044604925E-16));
#9927 = DIRECTION('',(2.22044604925E-16,0.,-1.));
#9928 = PCURVE('',#8695,#9929);
#9929 = DEFINITIONAL_REPRESENTATION('',(#9930),#9934);
#9930 = LINE('',#9931,#9932);
#9931 = CARTESIAN_POINT('',(0.,51.));
#9932 = VECTOR('',#9933,1.);
#9933 = DIRECTION('',(1.,0.));
#9934 = ( GEOMETRIC_REPRESENTATION_CONTEXT(2) 
PARAMETRIC_REPRESENTATION_CONTEXT() REPRESENTATION_CONTEXT('2D SPACE',''
  ) );
#9935 = PCURVE('',#9936,#9941);
#9936 = PLANE('',#9937);
#9937 = AXIS2_PLACEMENT_3D('',#9938,#9939,#9940);
#9938 = CARTESIAN_POINT('',(115.,12.,950.));
#9939 = DIRECTION('',(1.,0.,2.22044604925E-16));
#9940 = DIRECTION('',(2.22044604925E-16,0.,-1.));
#9941 = DEFINITIONAL_REPRESENTATION('',(#9942),#9946);
#9942 = CIRCLE('',#9943,5.);
#9943 = AXIS2_PLACEMENT_2D('',#9944,#9945);
#9944 = CARTESIAN_POINT('',(0.,0.));
#9945 = DIRECTION('',(1.,0.));
#9946 = ( GEOMETRIC_REPRESENTATION_CONTEXT(2) 
PARAMETRIC_REPRESENTATION_CONTEXT() REPRESENTATION_CONTEXT('2D SPACE',''
  ) );
#9947 = ORIENTED_EDGE('',*,*,#9948,.F.);
#9948 = EDGE_CURVE('',#9949,#9920,#9951,.T.);
#9949 = VERTEX_POINT('',#9950);
#9950 = CARTESIAN_POINT('',(112.35424868893,16.,947.));
#9951 = SURFACE_CURVE('',#9952,(#9956,#9962),.PCURVE_S1.);
#9952 = LINE('',#9953,#9954);
#9953 = CARTESIAN_POINT('',(64.,16.,947.));
#9954 = VECTOR('',#9955,1.);
#9955 = DIRECTION('',(1.,0.,2.22044604925E-16));
#9956 = PCURVE('',#8695,#9957);
#9957 = DEFINITIONAL_REPRESENTATION('',(#9958),#9961);
#9958 = B_SPLINE_CURVE_WITH_KNOTS('',1,(#9959,#9960),.UNSPECIFIED.,.F.,
  .F.,(2,2),(46.2,51.0000006),.PIECEWISE_BEZIER_KNOTS.);
#9959 = CARTESIAN_POINT('',(0.927295218002,46.2));
#9960 = CARTESIAN_POINT('',(0.927295218002,51.0000006));
#9961 = ( GEOMETRIC_REPRESENTATION_CONTEXT(2) 
PARAMETRIC_REPRESENTATION_CONTEXT() REPRESENTATION_CONTEXT('2D SPACE',''
  ) );
#9962 = PCURVE('',#9908,#9963);
#9963 = DEFINITIONAL_REPRESENTATION('',(#9964),#9967);
#9964 = B_SPLINE_CURVE_WITH_KNOTS('',1,(#9965,#9966),.UNSPECIFIED.,.F.,
  .F.,(2,2),(46.2,51.0000006),.PIECEWISE_BEZIER_KNOTS.);
#9965 = CARTESIAN_POINT('',(-4.8,-3.));
#9966 = CARTESIAN_POINT('',(5.999999928008E-07,-3.));
#9967 = ( GEOMETRIC_REPRESENTATION_CONTEXT(2) 
PARAMETRIC_REPRESENTATION_CONTEXT() REPRESENTATION_CONTEXT('2D SPACE',''
  ) );
#9968 = ORIENTED_EDGE('',*,*,#9969,.T.);
#9969 = EDGE_CURVE('',#9949,#9970,#9972,.T.);
#9970 = VERTEX_POINT('',#9971);
#9971 = CARTESIAN_POINT('',(115.,15.,946.));
#9972 = SURFACE_CURVE('',#9973,(#9990,#10010),.PCURVE_S1.);
#9973 = B_SPLINE_CURVE_WITH_KNOTS('',8,(#9974,#9975,#9976,#9977,#9978,
    #9979,#9980,#9981,#9982,#9983,#9984,#9985,#9986,#9987,#9988,#9989),
  .UNSPECIFIED.,.F.,.F.,(9,7,9),(0.,0.159179433013,1.),.UNSPECIFIED.);
#9974 = CARTESIAN_POINT('',(112.35424778237,16.000000599816,
    947.0000007995));
#9975 = CARTESIAN_POINT('',(112.39745427658,15.971422184632,
    946.96189623006));
#9976 = CARTESIAN_POINT('',(112.44108968245,15.942860087412,
    946.92467767279));
#9977 = CARTESIAN_POINT('',(112.48514663069,15.914338196374,
    946.88833136171));
#9978 = CARTESIAN_POINT('',(112.52961896607,15.885880409062,
    946.85284463592));
#9979 = CARTESIAN_POINT('',(112.574501787,15.857510745181,
    946.81820588176));
#9980 = CARTESIAN_POINT('',(112.61979148521,15.829253459435,
    946.78440447504));
#9981 = CARTESIAN_POINT('',(112.66548578536,15.801133154358,
    946.75143072325));
#9982 = CARTESIAN_POINT('',(112.95508349588,15.625493244885,
    946.54942651387));
#9983 = CARTESIAN_POINT('',(113.21499086947,15.479213457269,
    946.39883696249));
#9984 = CARTESIAN_POINT('',(113.48857494178,15.340446239692,
    946.27029239653));
#9985 = CARTESIAN_POINT('',(113.77316791942,15.216066798933,
    946.16541838664));
#9986 = CARTESIAN_POINT('',(114.06668029227,15.113328769575,
    946.08499884032));
#9987 = CARTESIAN_POINT('',(114.36831399101,15.039283955159,
    946.02946256562));
#9988 = CARTESIAN_POINT('',(114.6788772208,14.999999935775,
    945.99999995183));
#9989 = CARTESIAN_POINT('',(115.0000006,15.,946.));
#9990 = PCURVE('',#8695,#9991);
#9991 = DEFINITIONAL_REPRESENTATION('',(#9992),#10009);
#9992 = B_SPLINE_CURVE_WITH_KNOTS('',8,(#9993,#9994,#9995,#9996,#9997,
    #9998,#9999,#10000,#10001,#10002,#10003,#10004,#10005,#10006,#10007,
    #10008),.UNSPECIFIED.,.F.,.F.,(9,7,9),(0.,0.159179433013,1.),
  .UNSPECIFIED.);
#9993 = CARTESIAN_POINT('',(0.927295417879,48.354247782379));
#9994 = CARTESIAN_POINT('',(0.917769276945,48.397454276588));
#9995 = CARTESIAN_POINT('',(0.908386855646,48.441089682451));
#9996 = CARTESIAN_POINT('',(0.899147502363,48.485146630696));
#9997 = CARTESIAN_POINT('',(0.890050907291,48.529618966075));
#9998 = CARTESIAN_POINT('',(0.881097098022,48.574501787005));
#9999 = CARTESIAN_POINT('',(0.87228643513,48.619791485211));
#10000 = CARTESIAN_POINT('',(0.863619607759,48.665485785365));
#10001 = CARTESIAN_POINT('',(0.810082675308,48.955083495885));
#10002 = CARTESIAN_POINT('',(0.76815853892,49.214990869477));
#10003 = CARTESIAN_POINT('',(0.730408183113,49.488574941771));
#10004 = CARTESIAN_POINT('',(0.697921643557,49.773167919444));
#10005 = CARTESIAN_POINT('',(0.671833723072,50.06668029226));
#10006 = CARTESIAN_POINT('',(0.65332201753,50.368313991028));
#10007 = CARTESIAN_POINT('',(0.643501092737,50.678877220807));
#10008 = CARTESIAN_POINT('',(0.643501108793,51.0000006));
#10009 = ( GEOMETRIC_REPRESENTATION_CONTEXT(2) 
PARAMETRIC_REPRESENTATION_CONTEXT() REPRESENTATION_CONTEXT('2D SPACE',''
  ) );
#10010 = PCURVE('',#9080,#10011);
#10011 = DEFINITIONAL_REPRESENTATION('',(#10012),#10029);
#10012 = B_SPLINE_CURVE_WITH_KNOTS('',8,(#10013,#10014,#10015,#10016,
    #10017,#10018,#10019,#10020,#10021,#10022,#10023,#10024,#10025,
    #10026,#10027,#10028),.UNSPECIFIED.,.F.,.F.,(9,7,9),(0.,
    0.159179433013,1.),.UNSPECIFIED.);
#10013 = CARTESIAN_POINT('',(3.989654430386,-6.E-07));
#10014 = CARTESIAN_POINT('',(4.00405659896,2.857781518334E-02));
#10015 = CARTESIAN_POINT('',(4.018392678258,5.713991263329E-02));
#10016 = CARTESIAN_POINT('',(4.032668113776,8.566180377339E-02));
#10017 = CARTESIAN_POINT('',(4.046888222933,0.114119591011));
#10018 = CARTESIAN_POINT('',(4.061058245054,0.142489254763));
#10019 = CARTESIAN_POINT('',(4.075183391348,0.170746540473));
#10020 = CARTESIAN_POINT('',(4.089268894896,0.198866845642));
#10021 = CARTESIAN_POINT('',(4.177541390098,0.374506755115));
#10022 = CARTESIAN_POINT('',(4.252372430139,0.520786542731));
#10023 = CARTESIAN_POINT('',(4.327477587269,0.659553760308));
#10024 = CARTESIAN_POINT('',(4.40274438653,0.783933201067));
#10025 = CARTESIAN_POINT('',(4.478270791997,0.886671230425));
#10026 = CARTESIAN_POINT('',(4.554467451421,0.960716044841));
#10027 = CARTESIAN_POINT('',(4.632108285587,1.000000064225));
#10028 = CARTESIAN_POINT('',(4.712389130385,1.));
#10029 = ( GEOMETRIC_REPRESENTATION_CONTEXT(2) 
PARAMETRIC_REPRESENTATION_CONTEXT() REPRESENTATION_CONTEXT('2D SPACE',''
  ) );
#10030 = ORIENTED_EDGE('',*,*,#10031,.F.);
#10031 = EDGE_CURVE('',#9539,#9970,#10032,.T.);
#10032 = SURFACE_CURVE('',#10033,(#10038,#10045),.PCURVE_S1.);
#10033 = CIRCLE('',#10034,5.);
#10034 = AXIS2_PLACEMENT_3D('',#10035,#10036,#10037);
#10035 = CARTESIAN_POINT('',(115.,12.,950.));
#10036 = DIRECTION('',(1.,-0.,2.22044604925E-16));
#10037 = DIRECTION('',(2.22044604925E-16,0.,-1.));
#10038 = PCURVE('',#8695,#10039);
#10039 = DEFINITIONAL_REPRESENTATION('',(#10040),#10044);
#10040 = LINE('',#10041,#10042);
#10041 = CARTESIAN_POINT('',(0.,51.));
#10042 = VECTOR('',#10043,1.);
#10043 = DIRECTION('',(1.,0.));
#10044 = ( GEOMETRIC_REPRESENTATION_CONTEXT(2) 
PARAMETRIC_REPRESENTATION_CONTEXT() REPRESENTATION_CONTEXT('2D SPACE',''
  ) );
#10045 = PCURVE('',#9578,#10046);
#10046 = DEFINITIONAL_REPRESENTATION('',(#10047),#10051);
#10047 = CIRCLE('',#10048,5.);
#10048 = AXIS2_PLACEMENT_2D('',#10049,#10050);
#10049 = CARTESIAN_POINT('',(0.,0.));
#10050 = DIRECTION('',(1.,0.));
#10051 = ( GEOMETRIC_REPRESENTATION_CONTEXT(2) 
PARAMETRIC_REPRESENTATION_CONTEXT() REPRESENTATION_CONTEXT('2D SPACE',''
  ) );
#10052 = ORIENTED_EDGE('',*,*,#9538,.F.);
#10053 = ORIENTED_EDGE('',*,*,#8776,.T.);
#10054 = ORIENTED_EDGE('',*,*,#10055,.F.);
#10055 = EDGE_CURVE('',#10056,#8748,#10058,.T.);
#10056 = VERTEX_POINT('',#10057);
#10057 = CARTESIAN_POINT('',(64.,16.,947.));
#10058 = SURFACE_CURVE('',#10059,(#10063,#10069),.PCURVE_S1.);
#10059 = LINE('',#10060,#10061);
#10060 = CARTESIAN_POINT('',(64.,16.,947.));
#10061 = VECTOR('',#10062,1.);
#10062 = DIRECTION('',(1.,0.,2.22044604925E-16));
#10063 = PCURVE('',#8695,#10064);
#10064 = DEFINITIONAL_REPRESENTATION('',(#10065),#10068);
#10065 = B_SPLINE_CURVE_WITH_KNOTS('',1,(#10066,#10067),.UNSPECIFIED.,
  .F.,.F.,(2,2),(-5.999999999062E-07,6.),.PIECEWISE_BEZIER_KNOTS.);
#10066 = CARTESIAN_POINT('',(0.927295218002,-6.000000005724E-07));
#10067 = CARTESIAN_POINT('',(0.927295218002,6.));
#10068 = ( GEOMETRIC_REPRESENTATION_CONTEXT(2) 
PARAMETRIC_REPRESENTATION_CONTEXT() REPRESENTATION_CONTEXT('2D SPACE',''
  ) );
#10069 = PCURVE('',#8764,#10070);
#10070 = DEFINITIONAL_REPRESENTATION('',(#10071),#10074);
#10071 = B_SPLINE_CURVE_WITH_KNOTS('',1,(#10072,#10073),.UNSPECIFIED.,
  .F.,.F.,(2,2),(-5.999999999062E-07,6.),.PIECEWISE_BEZIER_KNOTS.);
#10072 = CARTESIAN_POINT('',(-5.999999999062E-07,-3.));
#10073 = CARTESIAN_POINT('',(6.,-3.));
#10074 = ( GEOMETRIC_REPRESENTATION_CONTEXT(2) 
PARAMETRIC_REPRESENTATION_CONTEXT() REPRESENTATION_CONTEXT('2D SPACE',''
  ) );
#10075 = ORIENTED_EDGE('',*,*,#10076,.T.);
#10076 = EDGE_CURVE('',#10056,#10077,#10079,.T.);
#10077 = VERTEX_POINT('',#10078);
#10078 = CARTESIAN_POINT('',(64.,16.,953.));
#10079 = SURFACE_CURVE('',#10080,(#10085,#10092),.PCURVE_S1.);
#10080 = CIRCLE('',#10081,5.);
#10081 = AXIS2_PLACEMENT_3D('',#10082,#10083,#10084);
#10082 = CARTESIAN_POINT('',(64.,12.,950.));
#10083 = DIRECTION('',(1.,-0.,2.22044604925E-16));
#10084 = DIRECTION('',(2.22044604925E-16,0.,-1.));
#10085 = PCURVE('',#8695,#10086);
#10086 = DEFINITIONAL_REPRESENTATION('',(#10087),#10091);
#10087 = LINE('',#10088,#10089);
#10088 = CARTESIAN_POINT('',(0.,0.));
#10089 = VECTOR('',#10090,1.);
#10090 = DIRECTION('',(1.,0.));
#10091 = ( GEOMETRIC_REPRESENTATION_CONTEXT(2) 
PARAMETRIC_REPRESENTATION_CONTEXT() REPRESENTATION_CONTEXT('2D SPACE',''
  ) );
#10092 = PCURVE('',#10093,#10098);
#10093 = PLANE('',#10094);
#10094 = AXIS2_PLACEMENT_3D('',#10095,#10096,#10097);
#10095 = CARTESIAN_POINT('',(64.,12.,950.));
#10096 = DIRECTION('',(1.,0.,2.22044604925E-16));
#10097 = DIRECTION('',(2.22044604925E-16,0.,-1.));
#10098 = DEFINITIONAL_REPRESENTATION('',(#10099),#10103);
#10099 = CIRCLE('',#10100,5.);
#10100 = AXIS2_PLACEMENT_2D('',#10101,#10102);
#10101 = CARTESIAN_POINT('',(0.,0.));
#10102 = DIRECTION('',(1.,0.));
#10103 = ( GEOMETRIC_REPRESENTATION_CONTEXT(2) 
PARAMETRIC_REPRESENTATION_CONTEXT() REPRESENTATION_CONTEXT('2D SPACE',''
  ) );
#10104 = ORIENTED_EDGE('',*,*,#10105,.T.);
#10105 = EDGE_CURVE('',#10077,#8714,#10106,.T.);
#10106 = SURFACE_CURVE('',#10107,(#10111,#10117),.PCURVE_S1.);
#10107 = LINE('',#10108,#10109);
#10108 = CARTESIAN_POINT('',(64.,16.,953.));
#10109 = VECTOR('',#10110,1.);
#10110 = DIRECTION('',(1.,0.,2.22044604925E-16));
#10111 = PCURVE('',#8695,#10112);
#10112 = DEFINITIONAL_REPRESENTATION('',(#10113),#10116);
#10113 = B_SPLINE_CURVE_WITH_KNOTS('',1,(#10114,#10115),.UNSPECIFIED.,
  .F.,.F.,(2,2),(-5.999999999062E-07,6.),.PIECEWISE_BEZIER_KNOTS.);
#10114 = CARTESIAN_POINT('',(2.214297435588,-5.999999992401E-07));
#10115 = CARTESIAN_POINT('',(2.214297435588,6.));
#10116 = ( GEOMETRIC_REPRESENTATION_CONTEXT(2) 
PARAMETRIC_REPRESENTATION_CONTEXT() REPRESENTATION_CONTEXT('2D SPACE',''
  ) );
#10117 = PCURVE('',#8764,#10118);
#10118 = DEFINITIONAL_REPRESENTATION('',(#10119),#10122);
#10119 = B_SPLINE_CURVE_WITH_KNOTS('',1,(#10120,#10121),.UNSPECIFIED.,
  .F.,.F.,(2,2),(-5.999999999062E-07,6.),.PIECEWISE_BEZIER_KNOTS.);
#10120 = CARTESIAN_POINT('',(-5.999999999062E-07,3.));
#10121 = CARTESIAN_POINT('',(6.,3.));
#10122 = ( GEOMETRIC_REPRESENTATION_CONTEXT(2) 
PARAMETRIC_REPRESENTATION_CONTEXT() REPRESENTATION_CONTEXT('2D SPACE',''
  ) );
#10123 = ORIENTED_EDGE('',*,*,#8713,.T.);
#10124 = ORIENTED_EDGE('',*,*,#8672,.F.);
#10125 = ORIENTED_EDGE('',*,*,#8810,.F.);
#10126 = ADVANCED_FACE('',(#10127),#8764,.F.);
#10127 = FACE_BOUND('',#10128,.F.);
#10128 = EDGE_LOOP('',(#10129,#10130,#10131,#10132));
#10129 = ORIENTED_EDGE('',*,*,#10105,.T.);
#10130 = ORIENTED_EDGE('',*,*,#8747,.T.);
#10131 = ORIENTED_EDGE('',*,*,#10055,.F.);
#10132 = ORIENTED_EDGE('',*,*,#10133,.T.);
#10133 = EDGE_CURVE('',#10056,#10077,#10134,.T.);
#10134 = SURFACE_CURVE('',#10135,(#10139,#10145),.PCURVE_S1.);
#10135 = LINE('',#10136,#10137);
#10136 = CARTESIAN_POINT('',(64.,16.,950.));
#10137 = VECTOR('',#10138,1.);
#10138 = DIRECTION('',(-2.22044604925E-16,2.22044604925E-16,1.));
#10139 = PCURVE('',#8764,#10140);
#10140 = DEFINITIONAL_REPRESENTATION('',(#10141),#10144);
#10141 = B_SPLINE_CURVE_WITH_KNOTS('',1,(#10142,#10143),.UNSPECIFIED.,
  .F.,.F.,(2,2),(-5.,5.),.PIECEWISE_BEZIER_KNOTS.);
#10142 = CARTESIAN_POINT('',(1.110223024625E-15,-5.));
#10143 = CARTESIAN_POINT('',(-1.110223024625E-15,5.));
#10144 = ( GEOMETRIC_REPRESENTATION_CONTEXT(2) 
PARAMETRIC_REPRESENTATION_CONTEXT() REPRESENTATION_CONTEXT('2D SPACE',''
  ) );
#10145 = PCURVE('',#10093,#10146);
#10146 = DEFINITIONAL_REPRESENTATION('',(#10147),#10150);
#10147 = B_SPLINE_CURVE_WITH_KNOTS('',1,(#10148,#10149),.UNSPECIFIED.,
  .F.,.F.,(2,2),(-5.,5.),.PIECEWISE_BEZIER_KNOTS.);
#10148 = CARTESIAN_POINT('',(5.,4.));
#10149 = CARTESIAN_POINT('',(-5.,4.));
#10150 = ( GEOMETRIC_REPRESENTATION_CONTEXT(2) 
PARAMETRIC_REPRESENTATION_CONTEXT() REPRESENTATION_CONTEXT('2D SPACE',''
  ) );
#10151 = ADVANCED_FACE('',(#10152),#8972,.F.);
#10152 = FACE_BOUND('',#10153,.F.);
#10153 = EDGE_LOOP('',(#10154,#10155));
#10154 = ORIENTED_EDGE('',*,*,#9511,.T.);
#10155 = ORIENTED_EDGE('',*,*,#8959,.T.);
#10156 = ADVANCED_FACE('',(#10157),#9026,.T.);
#10157 = FACE_BOUND('',#10158,.T.);
#10158 = EDGE_LOOP('',(#10159,#10160,#10161));
#10159 = ORIENTED_EDGE('',*,*,#9009,.T.);
#10160 = ORIENTED_EDGE('',*,*,#9484,.T.);
#10161 = ORIENTED_EDGE('',*,*,#10162,.T.);
#10162 = EDGE_CURVE('',#9276,#9010,#10163,.T.);
#10163 = SURFACE_CURVE('',#10164,(#10168,#10174),.PCURVE_S1.);
#10164 = LINE('',#10165,#10166);
#10165 = CARTESIAN_POINT('',(115.,16.,946.));
#10166 = VECTOR('',#10167,1.);
#10167 = DIRECTION('',(0.,-1.,2.22044604925E-16));
#10168 = PCURVE('',#9026,#10169);
#10169 = DEFINITIONAL_REPRESENTATION('',(#10170),#10173);
#10170 = B_SPLINE_CURVE_WITH_KNOTS('',1,(#10171,#10172),.UNSPECIFIED.,
  .F.,.F.,(2,2),(22.,32.0000006),.PIECEWISE_BEZIER_KNOTS.);
#10171 = CARTESIAN_POINT('',(4.,6.));
#10172 = CARTESIAN_POINT('',(4.,-4.0000006));
#10173 = ( GEOMETRIC_REPRESENTATION_CONTEXT(2) 
PARAMETRIC_REPRESENTATION_CONTEXT() REPRESENTATION_CONTEXT('2D SPACE',''
  ) );
#10174 = PCURVE('',#9080,#10175);
#10175 = DEFINITIONAL_REPRESENTATION('',(#10176),#10179);
#10176 = B_SPLINE_CURVE_WITH_KNOTS('',1,(#10177,#10178),.UNSPECIFIED.,
  .F.,.F.,(2,2),(22.,32.0000006),.PIECEWISE_BEZIER_KNOTS.);
#10177 = CARTESIAN_POINT('',(4.712388980385,22.));
#10178 = CARTESIAN_POINT('',(4.712388980385,32.0000006));
#10179 = ( GEOMETRIC_REPRESENTATION_CONTEXT(2) 
PARAMETRIC_REPRESENTATION_CONTEXT() REPRESENTATION_CONTEXT('2D SPACE',''
  ) );
#10180 = ADVANCED_FACE('',(#10181),#9080,.T.);
#10181 = FACE_BOUND('',#10182,.T.);
#10182 = EDGE_LOOP('',(#10183,#10207,#10230,#10252,#10253,#10272,#10273,
    #10292,#10293,#10315,#10316,#10338,#10339,#10340,#10341,#10360));
#10183 = ORIENTED_EDGE('',*,*,#10184,.F.);
#10184 = EDGE_CURVE('',#10185,#9161,#10187,.T.);
#10185 = VERTEX_POINT('',#10186);
#10186 = CARTESIAN_POINT('',(119.,-16.,950.));
#10187 = SURFACE_CURVE('',#10188,(#10193,#10200),.PCURVE_S1.);
#10188 = CIRCLE('',#10189,4.);
#10189 = AXIS2_PLACEMENT_3D('',#10190,#10191,#10192);
#10190 = CARTESIAN_POINT('',(115.,-16.,950.));
#10191 = DIRECTION('',(0.,-1.,2.22044604925E-16));
#10192 = DIRECTION('',(1.,0.,0.));
#10193 = PCURVE('',#9080,#10194);
#10194 = DEFINITIONAL_REPRESENTATION('',(#10195),#10199);
#10195 = LINE('',#10196,#10197);
#10196 = CARTESIAN_POINT('',(0.,32.));
#10197 = VECTOR('',#10198,1.);
#10198 = DIRECTION('',(1.,0.));
#10199 = ( GEOMETRIC_REPRESENTATION_CONTEXT(2) 
PARAMETRIC_REPRESENTATION_CONTEXT() REPRESENTATION_CONTEXT('2D SPACE',''
  ) );
#10200 = PCURVE('',#9120,#10201);
#10201 = DEFINITIONAL_REPRESENTATION('',(#10202),#10206);
#10202 = CIRCLE('',#10203,4.);
#10203 = AXIS2_PLACEMENT_2D('',#10204,#10205);
#10204 = CARTESIAN_POINT('',(0.,0.));
#10205 = DIRECTION('',(1.,0.));
#10206 = ( GEOMETRIC_REPRESENTATION_CONTEXT(2) 
PARAMETRIC_REPRESENTATION_CONTEXT() REPRESENTATION_CONTEXT('2D SPACE',''
  ) );
#10207 = ORIENTED_EDGE('',*,*,#10208,.F.);
#10208 = EDGE_CURVE('',#10209,#10185,#10211,.T.);
#10209 = VERTEX_POINT('',#10210);
#10210 = CARTESIAN_POINT('',(119.,16.,950.));
#10211 = SEAM_CURVE('',#10212,(#10216,#10223),.PCURVE_S1.);
#10212 = LINE('',#10213,#10214);
#10213 = CARTESIAN_POINT('',(119.,16.,950.));
#10214 = VECTOR('',#10215,1.);
#10215 = DIRECTION('',(0.,-1.,2.22044604925E-16));
#10216 = PCURVE('',#9080,#10217);
#10217 = DEFINITIONAL_REPRESENTATION('',(#10218),#10222);
#10218 = LINE('',#10219,#10220);
#10219 = CARTESIAN_POINT('',(6.28318530718,-0.));
#10220 = VECTOR('',#10221,1.);
#10221 = DIRECTION('',(0.,1.));
#10222 = ( GEOMETRIC_REPRESENTATION_CONTEXT(2) 
PARAMETRIC_REPRESENTATION_CONTEXT() REPRESENTATION_CONTEXT('2D SPACE',''
  ) );
#10223 = PCURVE('',#9080,#10224);
#10224 = DEFINITIONAL_REPRESENTATION('',(#10225),#10229);
#10225 = LINE('',#10226,#10227);
#10226 = CARTESIAN_POINT('',(0.,-0.));
#10227 = VECTOR('',#10228,1.);
#10228 = DIRECTION('',(0.,1.));
#10229 = ( GEOMETRIC_REPRESENTATION_CONTEXT(2) 
PARAMETRIC_REPRESENTATION_CONTEXT() REPRESENTATION_CONTEXT('2D SPACE',''
  ) );
#10230 = ORIENTED_EDGE('',*,*,#10231,.T.);
#10231 = EDGE_CURVE('',#10209,#9829,#10232,.T.);
#10232 = SURFACE_CURVE('',#10233,(#10238,#10245),.PCURVE_S1.);
#10233 = CIRCLE('',#10234,4.);
#10234 = AXIS2_PLACEMENT_3D('',#10235,#10236,#10237);
#10235 = CARTESIAN_POINT('',(115.,16.,950.));
#10236 = DIRECTION('',(0.,-1.,2.22044604925E-16));
#10237 = DIRECTION('',(1.,0.,0.));
#10238 = PCURVE('',#9080,#10239);
#10239 = DEFINITIONAL_REPRESENTATION('',(#10240),#10244);
#10240 = LINE('',#10241,#10242);
#10241 = CARTESIAN_POINT('',(0.,0.));
#10242 = VECTOR('',#10243,1.);
#10243 = DIRECTION('',(1.,0.));
#10244 = ( GEOMETRIC_REPRESENTATION_CONTEXT(2) 
PARAMETRIC_REPRESENTATION_CONTEXT() REPRESENTATION_CONTEXT('2D SPACE',''
  ) );
#10245 = PCURVE('',#9908,#10246);
#10246 = DEFINITIONAL_REPRESENTATION('',(#10247),#10251);
#10247 = CIRCLE('',#10248,4.);
#10248 = AXIS2_PLACEMENT_2D('',#10249,#10250);
#10249 = CARTESIAN_POINT('',(0.,0.));
#10250 = DIRECTION('',(1.,0.));
#10251 = ( GEOMETRIC_REPRESENTATION_CONTEXT(2) 
PARAMETRIC_REPRESENTATION_CONTEXT() REPRESENTATION_CONTEXT('2D SPACE',''
  ) );
#10252 = ORIENTED_EDGE('',*,*,#9828,.F.);
#10253 = ORIENTED_EDGE('',*,*,#10254,.T.);
#10254 = EDGE_CURVE('',#9800,#9591,#10255,.T.);
#10255 = SURFACE_CURVE('',#10256,(#10260,#10266),.PCURVE_S1.);
#10256 = LINE('',#10257,#10258);
#10257 = CARTESIAN_POINT('',(115.,16.,954.));
#10258 = VECTOR('',#10259,1.);
#10259 = DIRECTION('',(0.,-1.,2.22044604925E-16));
#10260 = PCURVE('',#9080,#10261);
#10261 = DEFINITIONAL_REPRESENTATION('',(#10262),#10265);
#10262 = B_SPLINE_CURVE_WITH_KNOTS('',1,(#10263,#10264),.UNSPECIFIED.,
  .F.,.F.,(2,2),(-5.999999999062E-07,10.),.PIECEWISE_BEZIER_KNOTS.);
#10263 = CARTESIAN_POINT('',(1.570796326795,-5.999999990181E-07));
#10264 = CARTESIAN_POINT('',(1.570796326795,10.));
#10265 = ( GEOMETRIC_REPRESENTATION_CONTEXT(2) 
PARAMETRIC_REPRESENTATION_CONTEXT() REPRESENTATION_CONTEXT('2D SPACE',''
  ) );
#10266 = PCURVE('',#9816,#10267);
#10267 = DEFINITIONAL_REPRESENTATION('',(#10268),#10271);
#10268 = B_SPLINE_CURVE_WITH_KNOTS('',1,(#10269,#10270),.UNSPECIFIED.,
  .F.,.F.,(2,2),(-5.999999999062E-07,10.),.PIECEWISE_BEZIER_KNOTS.);
#10269 = CARTESIAN_POINT('',(-4.,4.0000006));
#10270 = CARTESIAN_POINT('',(-4.,-6.));
#10271 = ( GEOMETRIC_REPRESENTATION_CONTEXT(2) 
PARAMETRIC_REPRESENTATION_CONTEXT() REPRESENTATION_CONTEXT('2D SPACE',''
  ) );
#10272 = ORIENTED_EDGE('',*,*,#9590,.T.);
#10273 = ORIENTED_EDGE('',*,*,#10274,.F.);
#10274 = EDGE_CURVE('',#9970,#9562,#10275,.T.);
#10275 = SURFACE_CURVE('',#10276,(#10280,#10286),.PCURVE_S1.);
#10276 = LINE('',#10277,#10278);
#10277 = CARTESIAN_POINT('',(115.,16.,946.));
#10278 = VECTOR('',#10279,1.);
#10279 = DIRECTION('',(0.,-1.,2.22044604925E-16));
#10280 = PCURVE('',#9080,#10281);
#10281 = DEFINITIONAL_REPRESENTATION('',(#10282),#10285);
#10282 = B_SPLINE_CURVE_WITH_KNOTS('',1,(#10283,#10284),.UNSPECIFIED.,
  .F.,.F.,(2,2),(-5.999999999062E-07,10.),.PIECEWISE_BEZIER_KNOTS.);
#10283 = CARTESIAN_POINT('',(4.712388980385,-6.000000007944E-07));
#10284 = CARTESIAN_POINT('',(4.712388980385,10.));
#10285 = ( GEOMETRIC_REPRESENTATION_CONTEXT(2) 
PARAMETRIC_REPRESENTATION_CONTEXT() REPRESENTATION_CONTEXT('2D SPACE',''
  ) );
#10286 = PCURVE('',#9578,#10287);
#10287 = DEFINITIONAL_REPRESENTATION('',(#10288),#10291);
#10288 = B_SPLINE_CURVE_WITH_KNOTS('',1,(#10289,#10290),.UNSPECIFIED.,
  .F.,.F.,(2,2),(-5.999999999062E-07,10.),.PIECEWISE_BEZIER_KNOTS.);
#10289 = CARTESIAN_POINT('',(4.,4.0000006));
#10290 = CARTESIAN_POINT('',(4.,-6.));
#10291 = ( GEOMETRIC_REPRESENTATION_CONTEXT(2) 
PARAMETRIC_REPRESENTATION_CONTEXT() REPRESENTATION_CONTEXT('2D SPACE',''
  ) );
#10292 = ORIENTED_EDGE('',*,*,#9969,.F.);
#10293 = ORIENTED_EDGE('',*,*,#10294,.T.);
#10294 = EDGE_CURVE('',#9949,#10209,#10295,.T.);
#10295 = SURFACE_CURVE('',#10296,(#10301,#10308),.PCURVE_S1.);
#10296 = CIRCLE('',#10297,4.);
#10297 = AXIS2_PLACEMENT_3D('',#10298,#10299,#10300);
#10298 = CARTESIAN_POINT('',(115.,16.,950.));
#10299 = DIRECTION('',(0.,-1.,2.22044604925E-16));
#10300 = DIRECTION('',(1.,0.,0.));
#10301 = PCURVE('',#9080,#10302);
#10302 = DEFINITIONAL_REPRESENTATION('',(#10303),#10307);
#10303 = LINE('',#10304,#10305);
#10304 = CARTESIAN_POINT('',(0.,0.));
#10305 = VECTOR('',#10306,1.);
#10306 = DIRECTION('',(1.,0.));
#10307 = ( GEOMETRIC_REPRESENTATION_CONTEXT(2) 
PARAMETRIC_REPRESENTATION_CONTEXT() REPRESENTATION_CONTEXT('2D SPACE',''
  ) );
#10308 = PCURVE('',#9908,#10309);
#10309 = DEFINITIONAL_REPRESENTATION('',(#10310),#10314);
#10310 = CIRCLE('',#10311,4.);
#10311 = AXIS2_PLACEMENT_2D('',#10312,#10313);
#10312 = CARTESIAN_POINT('',(0.,0.));
#10313 = DIRECTION('',(1.,0.));
#10314 = ( GEOMETRIC_REPRESENTATION_CONTEXT(2) 
PARAMETRIC_REPRESENTATION_CONTEXT() REPRESENTATION_CONTEXT('2D SPACE',''
  ) );
#10315 = ORIENTED_EDGE('',*,*,#10208,.T.);
#10316 = ORIENTED_EDGE('',*,*,#10317,.F.);
#10317 = EDGE_CURVE('',#9039,#10185,#10318,.T.);
#10318 = SURFACE_CURVE('',#10319,(#10324,#10331),.PCURVE_S1.);
#10319 = CIRCLE('',#10320,4.);
#10320 = AXIS2_PLACEMENT_3D('',#10321,#10322,#10323);
#10321 = CARTESIAN_POINT('',(115.,-16.,950.));
#10322 = DIRECTION('',(0.,-1.,2.22044604925E-16));
#10323 = DIRECTION('',(1.,0.,0.));
#10324 = PCURVE('',#9080,#10325);
#10325 = DEFINITIONAL_REPRESENTATION('',(#10326),#10330);
#10326 = LINE('',#10327,#10328);
#10327 = CARTESIAN_POINT('',(0.,32.));
#10328 = VECTOR('',#10329,1.);
#10329 = DIRECTION('',(1.,0.));
#10330 = ( GEOMETRIC_REPRESENTATION_CONTEXT(2) 
PARAMETRIC_REPRESENTATION_CONTEXT() REPRESENTATION_CONTEXT('2D SPACE',''
  ) );
#10331 = PCURVE('',#9120,#10332);
#10332 = DEFINITIONAL_REPRESENTATION('',(#10333),#10337);
#10333 = CIRCLE('',#10334,4.);
#10334 = AXIS2_PLACEMENT_2D('',#10335,#10336);
#10335 = CARTESIAN_POINT('',(0.,0.));
#10336 = DIRECTION('',(1.,0.));
#10337 = ( GEOMETRIC_REPRESENTATION_CONTEXT(2) 
PARAMETRIC_REPRESENTATION_CONTEXT() REPRESENTATION_CONTEXT('2D SPACE',''
  ) );
#10338 = ORIENTED_EDGE('',*,*,#9038,.T.);
#10339 = ORIENTED_EDGE('',*,*,#10162,.F.);
#10340 = ORIENTED_EDGE('',*,*,#9275,.F.);
#10341 = ORIENTED_EDGE('',*,*,#10342,.T.);
#10342 = EDGE_CURVE('',#9247,#9182,#10343,.T.);
#10343 = SURFACE_CURVE('',#10344,(#10348,#10354),.PCURVE_S1.);
#10344 = LINE('',#10345,#10346);
#10345 = CARTESIAN_POINT('',(115.,16.,954.));
#10346 = VECTOR('',#10347,1.);
#10347 = DIRECTION('',(0.,-1.,2.22044604925E-16));
#10348 = PCURVE('',#9080,#10349);
#10349 = DEFINITIONAL_REPRESENTATION('',(#10350),#10353);
#10350 = B_SPLINE_CURVE_WITH_KNOTS('',1,(#10351,#10352),.UNSPECIFIED.,
  .F.,.F.,(2,2),(22.,32.0000006),.PIECEWISE_BEZIER_KNOTS.);
#10351 = CARTESIAN_POINT('',(1.570796326795,22.));
#10352 = CARTESIAN_POINT('',(1.570796326795,32.0000006));
#10353 = ( GEOMETRIC_REPRESENTATION_CONTEXT(2) 
PARAMETRIC_REPRESENTATION_CONTEXT() REPRESENTATION_CONTEXT('2D SPACE',''
  ) );
#10354 = PCURVE('',#9263,#10355);
#10355 = DEFINITIONAL_REPRESENTATION('',(#10356),#10359);
#10356 = B_SPLINE_CURVE_WITH_KNOTS('',1,(#10357,#10358),.UNSPECIFIED.,
  .F.,.F.,(2,2),(22.,32.0000006),.PIECEWISE_BEZIER_KNOTS.);
#10357 = CARTESIAN_POINT('',(-4.,6.));
#10358 = CARTESIAN_POINT('',(-4.,-4.0000006));
#10359 = ( GEOMETRIC_REPRESENTATION_CONTEXT(2) 
PARAMETRIC_REPRESENTATION_CONTEXT() REPRESENTATION_CONTEXT('2D SPACE',''
  ) );
#10360 = ORIENTED_EDGE('',*,*,#9181,.T.);
#10361 = ADVANCED_FACE('',(#10362),#9263,.T.);
#10362 = FACE_BOUND('',#10363,.T.);
#10363 = EDGE_LOOP('',(#10364,#10365));
#10364 = ORIENTED_EDGE('',*,*,#10342,.F.);
#10365 = ORIENTED_EDGE('',*,*,#9246,.T.);
#10366 = ADVANCED_FACE('',(#10367),#9120,.T.);
#10367 = FACE_BOUND('',#10368,.T.);
#10368 = EDGE_LOOP('',(#10369,#10370,#10371,#10372,#10391));
#10369 = ORIENTED_EDGE('',*,*,#10317,.T.);
#10370 = ORIENTED_EDGE('',*,*,#10184,.T.);
#10371 = ORIENTED_EDGE('',*,*,#9160,.T.);
#10372 = ORIENTED_EDGE('',*,*,#10373,.F.);
#10373 = EDGE_CURVE('',#9106,#9132,#10374,.T.);
#10374 = SURFACE_CURVE('',#10375,(#10379,#10385),.PCURVE_S1.);
#10375 = LINE('',#10376,#10377);
#10376 = CARTESIAN_POINT('',(115.,-16.,950.));
#10377 = VECTOR('',#10378,1.);
#10378 = DIRECTION('',(-2.22044604925E-16,2.22044604925E-16,1.));
#10379 = PCURVE('',#9120,#10380);
#10380 = DEFINITIONAL_REPRESENTATION('',(#10381),#10384);
#10381 = B_SPLINE_CURVE_WITH_KNOTS('',1,(#10382,#10383),.UNSPECIFIED.,
  .F.,.F.,(2,2),(-4.,4.),.PIECEWISE_BEZIER_KNOTS.);
#10382 = CARTESIAN_POINT('',(8.881784197001E-16,-4.));
#10383 = CARTESIAN_POINT('',(-8.881784197001E-16,4.));
#10384 = ( GEOMETRIC_REPRESENTATION_CONTEXT(2) 
PARAMETRIC_REPRESENTATION_CONTEXT() REPRESENTATION_CONTEXT('2D SPACE',''
  ) );
#10385 = PCURVE('',#9148,#10386);
#10386 = DEFINITIONAL_REPRESENTATION('',(#10387),#10390);
#10387 = B_SPLINE_CURVE_WITH_KNOTS('',1,(#10388,#10389),.UNSPECIFIED.,
  .F.,.F.,(2,2),(-4.,4.),.PIECEWISE_BEZIER_KNOTS.);
#10388 = CARTESIAN_POINT('',(4.,-4.));
#10389 = CARTESIAN_POINT('',(-4.,-4.));
#10390 = ( GEOMETRIC_REPRESENTATION_CONTEXT(2) 
PARAMETRIC_REPRESENTATION_CONTEXT() REPRESENTATION_CONTEXT('2D SPACE',''
  ) );
#10391 = ORIENTED_EDGE('',*,*,#9105,.F.);
#10392 = ADVANCED_FACE('',(#10393),#9148,.T.);
#10393 = FACE_BOUND('',#10394,.T.);
#10394 = EDGE_LOOP('',(#10395,#10396));
#10395 = ORIENTED_EDGE('',*,*,#9131,.T.);
#10396 = ORIENTED_EDGE('',*,*,#10373,.T.);
#10397 = ADVANCED_FACE('',(#10398),#10093,.F.);
#10398 = FACE_BOUND('',#10399,.F.);
#10399 = EDGE_LOOP('',(#10400,#10401));
#10400 = ORIENTED_EDGE('',*,*,#10133,.F.);
#10401 = ORIENTED_EDGE('',*,*,#10076,.T.);
#10402 = ADVANCED_FACE('',(#10403),#9578,.T.);
#10403 = FACE_BOUND('',#10404,.T.);
#10404 = EDGE_LOOP('',(#10405,#10406,#10407));
#10405 = ORIENTED_EDGE('',*,*,#9561,.T.);
#10406 = ORIENTED_EDGE('',*,*,#10031,.T.);
#10407 = ORIENTED_EDGE('',*,*,#10274,.T.);
#10408 = ADVANCED_FACE('',(#10409),#9908,.F.);
#10409 = FACE_BOUND('',#10410,.F.);
#10410 = EDGE_LOOP('',(#10411,#10412,#10413,#10414,#10433));
#10411 = ORIENTED_EDGE('',*,*,#10294,.T.);
#10412 = ORIENTED_EDGE('',*,*,#10231,.T.);
#10413 = ORIENTED_EDGE('',*,*,#9893,.T.);
#10414 = ORIENTED_EDGE('',*,*,#10415,.F.);
#10415 = EDGE_CURVE('',#9920,#9894,#10416,.T.);
#10416 = SURFACE_CURVE('',#10417,(#10421,#10427),.PCURVE_S1.);
#10417 = LINE('',#10418,#10419);
#10418 = CARTESIAN_POINT('',(115.,16.,950.));
#10419 = VECTOR('',#10420,1.);
#10420 = DIRECTION('',(-2.22044604925E-16,2.22044604925E-16,1.));
#10421 = PCURVE('',#9908,#10422);
#10422 = DEFINITIONAL_REPRESENTATION('',(#10423),#10426);
#10423 = B_SPLINE_CURVE_WITH_KNOTS('',1,(#10424,#10425),.UNSPECIFIED.,
  .F.,.F.,(2,2),(-4.,4.),.PIECEWISE_BEZIER_KNOTS.);
#10424 = CARTESIAN_POINT('',(8.881784197001E-16,-4.));
#10425 = CARTESIAN_POINT('',(-8.881784197001E-16,4.));
#10426 = ( GEOMETRIC_REPRESENTATION_CONTEXT(2) 
PARAMETRIC_REPRESENTATION_CONTEXT() REPRESENTATION_CONTEXT('2D SPACE',''
  ) );
#10427 = PCURVE('',#9936,#10428);
#10428 = DEFINITIONAL_REPRESENTATION('',(#10429),#10432);
#10429 = B_SPLINE_CURVE_WITH_KNOTS('',1,(#10430,#10431),.UNSPECIFIED.,
  .F.,.F.,(2,2),(-4.,4.),.PIECEWISE_BEZIER_KNOTS.);
#10430 = CARTESIAN_POINT('',(4.,4.));
#10431 = CARTESIAN_POINT('',(-4.,4.));
#10432 = ( GEOMETRIC_REPRESENTATION_CONTEXT(2) 
PARAMETRIC_REPRESENTATION_CONTEXT() REPRESENTATION_CONTEXT('2D SPACE',''
  ) );
#10433 = ORIENTED_EDGE('',*,*,#9948,.F.);
#10434 = ADVANCED_FACE('',(#10435),#9936,.T.);
#10435 = FACE_BOUND('',#10436,.T.);
#10436 = EDGE_LOOP('',(#10437,#10438));
#10437 = ORIENTED_EDGE('',*,*,#10415,.F.);
#10438 = ORIENTED_EDGE('',*,*,#9919,.T.);
#10439 = ADVANCED_FACE('',(#10440),#9816,.T.);
#10440 = FACE_BOUND('',#10441,.T.);
#10441 = EDGE_LOOP('',(#10442,#10443));
#10442 = ORIENTED_EDGE('',*,*,#9799,.T.);
#10443 = ORIENTED_EDGE('',*,*,#10254,.F.);
#10444 = MANIFOLD_SOLID_BREP('',#10445);
#10445 = CLOSED_SHELL('',(#10446,#10534,#10538));
#10446 = ADVANCED_FACE('',(#10447),#10460,.T.);
#10447 = FACE_BOUND('',#10448,.T.);
#10448 = EDGE_LOOP('',(#10449,#10483,#10506,#10533));
#10449 = ORIENTED_EDGE('',*,*,#10450,.F.);
#10450 = EDGE_CURVE('',#10451,#10451,#10453,.T.);
#10451 = VERTEX_POINT('',#10452);
#10452 = CARTESIAN_POINT('',(-87.24175741228,37.295454477663,
    927.96534853711));
#10453 = SURFACE_CURVE('',#10454,(#10459,#10471),.PCURVE_S1.);
#10454 = CIRCLE('',#10455,6.);
#10455 = AXIS2_PLACEMENT_3D('',#10456,#10457,#10458);
#10456 = CARTESIAN_POINT('',(-91.16666650095,37.295454477663,
    932.50352974169));
#10457 = DIRECTION('',(-0.722564301372,0.295594486925,-0.624919778598));
#10458 = DIRECTION('',(0.654151514779,8.326672684689E-17,-0.756363534097
    ));
#10459 = PCURVE('',#10460,#10465);
#10460 = CYLINDRICAL_SURFACE('',#10461,6.);
#10461 = AXIS2_PLACEMENT_3D('',#10462,#10463,#10464);
#10462 = CARTESIAN_POINT('',(-56.4835800351,23.106919105271,
    962.49967911439));
#10463 = DIRECTION('',(-0.722564301372,0.295594486925,-0.624919778598));
#10464 = DIRECTION('',(0.654151514779,2.775557561563E-17,-0.756363534097
    ));
#10465 = DEFINITIONAL_REPRESENTATION('',(#10466),#10470);
#10466 = LINE('',#10467,#10468);
#10467 = CARTESIAN_POINT('',(0.,48.));
#10468 = VECTOR('',#10469,1.);
#10469 = DIRECTION('',(1.,0.));
#10470 = ( GEOMETRIC_REPRESENTATION_CONTEXT(2) 
PARAMETRIC_REPRESENTATION_CONTEXT() REPRESENTATION_CONTEXT('2D SPACE',''
  ) );
#10471 = PCURVE('',#10472,#10477);
#10472 = PLANE('',#10473);
#10473 = AXIS2_PLACEMENT_3D('',#10474,#10475,#10476);
#10474 = CARTESIAN_POINT('',(-91.16666650095,37.295454477663,
    932.50352974169));
#10475 = DIRECTION('',(-0.722564301372,0.295594486925,-0.624919778598));
#10476 = DIRECTION('',(0.654151514779,2.775557561563E-17,-0.756363534097
    ));
#10477 = DEFINITIONAL_REPRESENTATION('',(#10478),#10482);
#10478 = CIRCLE('',#10479,6.);
#10479 = AXIS2_PLACEMENT_2D('',#10480,#10481);
#10480 = CARTESIAN_POINT('',(0.,0.));
#10481 = DIRECTION('',(1.,0.));
#10482 = ( GEOMETRIC_REPRESENTATION_CONTEXT(2) 
PARAMETRIC_REPRESENTATION_CONTEXT() REPRESENTATION_CONTEXT('2D SPACE',''
  ) );
#10483 = ORIENTED_EDGE('',*,*,#10484,.F.);
#10484 = EDGE_CURVE('',#10485,#10451,#10487,.T.);
#10485 = VERTEX_POINT('',#10486);
#10486 = CARTESIAN_POINT('',(-52.55867094643,23.106919105271,
    957.9614979098));
#10487 = SEAM_CURVE('',#10488,(#10492,#10499),.PCURVE_S1.);
#10488 = LINE('',#10489,#10490);
#10489 = CARTESIAN_POINT('',(-52.55867094643,23.106919105271,
    957.9614979098));
#10490 = VECTOR('',#10491,1.);
#10491 = DIRECTION('',(-0.722564301372,0.295594486925,-0.624919778598));
#10492 = PCURVE('',#10460,#10493);
#10493 = DEFINITIONAL_REPRESENTATION('',(#10494),#10498);
#10494 = LINE('',#10495,#10496);
#10495 = CARTESIAN_POINT('',(6.28318530718,-0.));
#10496 = VECTOR('',#10497,1.);
#10497 = DIRECTION('',(0.,1.));
#10498 = ( GEOMETRIC_REPRESENTATION_CONTEXT(2) 
PARAMETRIC_REPRESENTATION_CONTEXT() REPRESENTATION_CONTEXT('2D SPACE',''
  ) );
#10499 = PCURVE('',#10460,#10500);
#10500 = DEFINITIONAL_REPRESENTATION('',(#10501),#10505);
#10501 = LINE('',#10502,#10503);
#10502 = CARTESIAN_POINT('',(0.,-0.));
#10503 = VECTOR('',#10504,1.);
#10504 = DIRECTION('',(0.,1.));
#10505 = ( GEOMETRIC_REPRESENTATION_CONTEXT(2) 
PARAMETRIC_REPRESENTATION_CONTEXT() REPRESENTATION_CONTEXT('2D SPACE',''
  ) );
#10506 = ORIENTED_EDGE('',*,*,#10507,.T.);
#10507 = EDGE_CURVE('',#10485,#10485,#10508,.T.);
#10508 = SURFACE_CURVE('',#10509,(#10514,#10521),.PCURVE_S1.);
#10509 = CIRCLE('',#10510,6.);
#10510 = AXIS2_PLACEMENT_3D('',#10511,#10512,#10513);
#10511 = CARTESIAN_POINT('',(-56.4835800351,23.106919105271,
    962.49967911439));
#10512 = DIRECTION('',(-0.722564301372,0.295594486925,-0.624919778598));
#10513 = DIRECTION('',(0.654151514779,8.326672684689E-17,-0.756363534097
    ));
#10514 = PCURVE('',#10460,#10515);
#10515 = DEFINITIONAL_REPRESENTATION('',(#10516),#10520);
#10516 = LINE('',#10517,#10518);
#10517 = CARTESIAN_POINT('',(0.,0.));
#10518 = VECTOR('',#10519,1.);
#10519 = DIRECTION('',(1.,0.));
#10520 = ( GEOMETRIC_REPRESENTATION_CONTEXT(2) 
PARAMETRIC_REPRESENTATION_CONTEXT() REPRESENTATION_CONTEXT('2D SPACE',''
  ) );
#10521 = PCURVE('',#10522,#10527);
#10522 = PLANE('',#10523);
#10523 = AXIS2_PLACEMENT_3D('',#10524,#10525,#10526);
#10524 = CARTESIAN_POINT('',(-56.4835800351,23.106919105271,
    962.49967911439));
#10525 = DIRECTION('',(-0.722564301372,0.295594486925,-0.624919778598));
#10526 = DIRECTION('',(0.654151514779,2.775557561563E-17,-0.756363534097
    ));
#10527 = DEFINITIONAL_REPRESENTATION('',(#10528),#10532);
#10528 = CIRCLE('',#10529,6.);
#10529 = AXIS2_PLACEMENT_2D('',#10530,#10531);
#10530 = CARTESIAN_POINT('',(0.,0.));
#10531 = DIRECTION('',(1.,0.));
#10532 = ( GEOMETRIC_REPRESENTATION_CONTEXT(2) 
PARAMETRIC_REPRESENTATION_CONTEXT() REPRESENTATION_CONTEXT('2D SPACE',''
  ) );
#10533 = ORIENTED_EDGE('',*,*,#10484,.T.);
#10534 = ADVANCED_FACE('',(#10535),#10472,.T.);
#10535 = FACE_BOUND('',#10536,.T.);
#10536 = EDGE_LOOP('',(#10537));
#10537 = ORIENTED_EDGE('',*,*,#10450,.T.);
#10538 = ADVANCED_FACE('',(#10539),#10522,.F.);
#10539 = FACE_BOUND('',#10540,.T.);
#10540 = EDGE_LOOP('',(#10541));
#10541 = ORIENTED_EDGE('',*,*,#10507,.F.);
#10542 = MANIFOLD_SOLID_BREP('',#10543);
#10543 = CLOSED_SHELL('',(#10544,#10632,#10636));
#10544 = ADVANCED_FACE('',(#10545),#10558,.T.);
#10545 = FACE_BOUND('',#10546,.T.);
#10546 = EDGE_LOOP('',(#10547,#10581,#10604,#10631));
#10547 = ORIENTED_EDGE('',*,*,#10548,.F.);
#10548 = EDGE_CURVE('',#10549,#10549,#10551,.T.);
#10549 = VERTEX_POINT('',#10550);
#10550 = CARTESIAN_POINT('',(-87.24175741228,-37.29545447766,
    927.96534853711));
#10551 = SURFACE_CURVE('',#10552,(#10557,#10569),.PCURVE_S1.);
#10552 = CIRCLE('',#10553,6.);
#10553 = AXIS2_PLACEMENT_3D('',#10554,#10555,#10556);
#10554 = CARTESIAN_POINT('',(-91.16666650095,-37.29545447766,
    932.50352974169));
#10555 = DIRECTION('',(-0.722564301372,-0.295594486925,-0.624919778598)
  );
#10556 = DIRECTION('',(0.654151514779,-5.551115123126E-17,
    -0.756363534097));
#10557 = PCURVE('',#10558,#10563);
#10558 = CYLINDRICAL_SURFACE('',#10559,6.);
#10559 = AXIS2_PLACEMENT_3D('',#10560,#10561,#10562);
#10560 = CARTESIAN_POINT('',(-56.4835800351,-23.10691910527,
    962.49967911439));
#10561 = DIRECTION('',(-0.722564301372,-0.295594486925,-0.624919778598)
  );
#10562 = DIRECTION('',(0.654151514779,-5.551115123126E-17,
    -0.756363534097));
#10563 = DEFINITIONAL_REPRESENTATION('',(#10564),#10568);
#10564 = LINE('',#10565,#10566);
#10565 = CARTESIAN_POINT('',(0.,48.));
#10566 = VECTOR('',#10567,1.);
#10567 = DIRECTION('',(1.,0.));
#10568 = ( GEOMETRIC_REPRESENTATION_CONTEXT(2) 
PARAMETRIC_REPRESENTATION_CONTEXT() REPRESENTATION_CONTEXT('2D SPACE',''
  ) );
#10569 = PCURVE('',#10570,#10575);
#10570 = PLANE('',#10571);
#10571 = AXIS2_PLACEMENT_3D('',#10572,#10573,#10574);
#10572 = CARTESIAN_POINT('',(-91.16666650095,-37.29545447766,
    932.50352974169));
#10573 = DIRECTION('',(-0.722564301372,-0.295594486925,-0.624919778598)
  );
#10574 = DIRECTION('',(0.654151514779,-5.551115123126E-17,
    -0.756363534097));
#10575 = DEFINITIONAL_REPRESENTATION('',(#10576),#10580);
#10576 = CIRCLE('',#10577,6.);
#10577 = AXIS2_PLACEMENT_2D('',#10578,#10579);
#10578 = CARTESIAN_POINT('',(0.,0.));
#10579 = DIRECTION('',(1.,0.));
#10580 = ( GEOMETRIC_REPRESENTATION_CONTEXT(2) 
PARAMETRIC_REPRESENTATION_CONTEXT() REPRESENTATION_CONTEXT('2D SPACE',''
  ) );
#10581 = ORIENTED_EDGE('',*,*,#10582,.F.);
#10582 = EDGE_CURVE('',#10583,#10549,#10585,.T.);
#10583 = VERTEX_POINT('',#10584);
#10584 = CARTESIAN_POINT('',(-52.55867094643,-23.10691910527,
    957.9614979098));
#10585 = SEAM_CURVE('',#10586,(#10590,#10597),.PCURVE_S1.);
#10586 = LINE('',#10587,#10588);
#10587 = CARTESIAN_POINT('',(-52.55867094643,-23.10691910527,
    957.9614979098));
#10588 = VECTOR('',#10589,1.);
#10589 = DIRECTION('',(-0.722564301372,-0.295594486925,-0.624919778598)
  );
#10590 = PCURVE('',#10558,#10591);
#10591 = DEFINITIONAL_REPRESENTATION('',(#10592),#10596);
#10592 = LINE('',#10593,#10594);
#10593 = CARTESIAN_POINT('',(6.28318530718,-0.));
#10594 = VECTOR('',#10595,1.);
#10595 = DIRECTION('',(0.,1.));
#10596 = ( GEOMETRIC_REPRESENTATION_CONTEXT(2) 
PARAMETRIC_REPRESENTATION_CONTEXT() REPRESENTATION_CONTEXT('2D SPACE',''
  ) );
#10597 = PCURVE('',#10558,#10598);
#10598 = DEFINITIONAL_REPRESENTATION('',(#10599),#10603);
#10599 = LINE('',#10600,#10601);
#10600 = CARTESIAN_POINT('',(0.,-0.));
#10601 = VECTOR('',#10602,1.);
#10602 = DIRECTION('',(0.,1.));
#10603 = ( GEOMETRIC_REPRESENTATION_CONTEXT(2) 
PARAMETRIC_REPRESENTATION_CONTEXT() REPRESENTATION_CONTEXT('2D SPACE',''
  ) );
#10604 = ORIENTED_EDGE('',*,*,#10605,.T.);
#10605 = EDGE_CURVE('',#10583,#10583,#10606,.T.);
#10606 = SURFACE_CURVE('',#10607,(#10612,#10619),.PCURVE_S1.);
#10607 = CIRCLE('',#10608,6.);
#10608 = AXIS2_PLACEMENT_3D('',#10609,#10610,#10611);
#10609 = CARTESIAN_POINT('',(-56.4835800351,-23.10691910527,
    962.49967911439));
#10610 = DIRECTION('',(-0.722564301372,-0.295594486925,-0.624919778598)
  );
#10611 = DIRECTION('',(0.654151514779,-5.551115123126E-17,
    -0.756363534097));
#10612 = PCURVE('',#10558,#10613);
#10613 = DEFINITIONAL_REPRESENTATION('',(#10614),#10618);
#10614 = LINE('',#10615,#10616);
#10615 = CARTESIAN_POINT('',(0.,0.));
#10616 = VECTOR('',#10617,1.);
#10617 = DIRECTION('',(1.,0.));
#10618 = ( GEOMETRIC_REPRESENTATION_CONTEXT(2) 
PARAMETRIC_REPRESENTATION_CONTEXT() REPRESENTATION_CONTEXT('2D SPACE',''
  ) );
#10619 = PCURVE('',#10620,#10625);
#10620 = PLANE('',#10621);
#10621 = AXIS2_PLACEMENT_3D('',#10622,#10623,#10624);
#10622 = CARTESIAN_POINT('',(-56.4835800351,-23.10691910527,
    962.49967911439));
#10623 = DIRECTION('',(-0.722564301372,-0.295594486925,-0.624919778598)
  );
#10624 = DIRECTION('',(0.654151514779,-5.551115123126E-17,
    -0.756363534097));
#10625 = DEFINITIONAL_REPRESENTATION('',(#10626),#10630);
#10626 = CIRCLE('',#10627,6.);
#10627 = AXIS2_PLACEMENT_2D('',#10628,#10629);
#10628 = CARTESIAN_POINT('',(0.,0.));
#10629 = DIRECTION('',(1.,0.));
#10630 = ( GEOMETRIC_REPRESENTATION_CONTEXT(2) 
PARAMETRIC_REPRESENTATION_CONTEXT() REPRESENTATION_CONTEXT('2D SPACE',''
  ) );
#10631 = ORIENTED_EDGE('',*,*,#10582,.T.);
#10632 = ADVANCED_FACE('',(#10633),#10570,.T.);
#10633 = FACE_BOUND('',#10634,.T.);
#10634 = EDGE_LOOP('',(#10635));
#10635 = ORIENTED_EDGE('',*,*,#10548,.T.);
#10636 = ADVANCED_FACE('',(#10637),#10620,.F.);
#10637 = FACE_BOUND('',#10638,.T.);
#10638 = EDGE_LOOP('',(#10639));
#10639 = ORIENTED_EDGE('',*,*,#10605,.F.);
#10640 = ( GEOMETRIC_REPRESENTATION_CONTEXT(3) 
GLOBAL_UNCERTAINTY_ASSIGNED_CONTEXT((#10644)) 
GLOBAL_UNIT_ASSIGNED_CONTEXT((#10641,#10642,#10643)) 
REPRESENTATION_CONTEXT('Context #1',
  '3D Context with UNIT and UNCERTAINTY') );
#10641 = ( LENGTH_UNIT() NAMED_UNIT(*) SI_UNIT(.MILLI.,.METRE.) );
#10642 = ( NAMED_UNIT(*) PLANE_ANGLE_UNIT() SI_UNIT($,.RADIAN.) );
#10643 = ( NAMED_UNIT(*) SI_UNIT($,.STERADIAN.) SOLID_ANGLE_UNIT() );
#10644 = UNCERTAINTY_MEASURE_WITH_UNIT(LENGTH_MEASURE(1.E-07),#10641,
  'distance_accuracy_value','confusion accuracy');
#10645 = PRODUCT_RELATED_PRODUCT_CATEGORY('part',$,(#7));
ENDSEC;
END-ISO-10303-21;
